date,code,market,kind,prev_close,ref_price,value,factor,cash_div,stock_ratio,rights_ratio,rights_price
2024-07-31,1434,TWSE,息,22.7,22.2,0.5,1.02252252,0.5,0.0,0.0,0.0
2024-07-31,1809,TWSE,息,24.3,24.1,0.2,1.00829876,0.2,0.0,0.0,0.0
2024-07-31,2233,TWSE,息,131.5,126.2,5.3,1.04199683,5.3,0.0,0.0,0.0
2024-07-31,2345,TWSE,息,510.0,500.0,9.9956,1.01999102,9.9956,0.0,0.0,0.0
2024-07-31,2748,TWSE,息,64.9,62.9,2.0,1.0317965,2.0,0.0,0.0,0.0
2024-07-31,3141,TPEX,息,88.1,87.59,0.506859,1.00578651,0.50685875,0.0,0.0,0.0
2024-07-31,3287,TPEX,息,39.15,38.31,0.843929,1.02203121,0.843929,0.0,0.0,0.0
2024-07-31,4106,TWSE,息,28.0,27.2,0.8,1.02941176,0.8,0.0,0.0,0.0
2024-07-31,4942,TWSE,息,45.6,43.3,2.3,1.05311778,2.3,0.0,0.0,0.0
2024-07-31,6414,TWSE,息,306.5,295.14,11.35226,1.03846297,11.35226,0.0,0.0,0.0
2024-07-31,6877,TPEX,權,63.6,57.79,5.812823,1.10059018,0.0,0.10059017941,0.0,0.0
2024-08-01,00939,TWSE,息,14.39,14.32,0.063,1.00439729,0.063,0.0,0.0,0.0
2024-08-01,1210,TWSE,息,57.5,55.27,2.222353,1.04020347,2.222353,0.0,0.0,0.0
2024-08-01,1216,TWSE,息,83.9,80.9,3.0,1.03708282,3.0,0.0,0.0,0.0
2024-08-01,1531,TWSE,息,14.4,14.2,0.2,1.01408451,0.2,0.0,0.0,0.0
2024-08-01,1558,TWSE,息,101.5,97.7,3.8,1.03889458,3.8,0.0,0.0,0.0
2024-08-01,1720,TWSE,息,74.4,71.7,2.7,1.0376569,2.7,0.0,0.0,0.0
2024-08-01,1730,TWSE,息,56.7,53.9,2.8,1.05194805,2.8,0.0,0.0,0.0
2024-08-01,1813,TPEX,息,20.65,20.15,0.5,1.0248139,0.5,0.0,0.0,0.0
2024-08-01,2351,TWSE,息,119.0,116.4,2.6,1.02233677,2.6,0.0,0.0,0.0
2024-08-01,2369,TWSE,息,20.8,20.5,0.3,1.01463415,0.3,0.0,0.0,0.0
2024-08-01,2393,TWSE,息,78.0,74.8,3.2,1.04278075,3.2,0.0,0.0,0.0
2024-08-01,2912,TWSE,息,277.5,268.5,9.0,1.03351955,9.0,0.0,0.0,0.0
2024-08-01,3088,TPEX,息,93.5,89.21,4.292797,1.04812164,4.29279723,0.0,0.0,0.0
2024-08-01,3128,TPEX,息,32.9,32.1,0.8,1.02492212,0.8,0.0,0.0,0.0
2024-08-01,3209,TWSE,息,36.45,34.35,2.098284,1.06108236,2.098284,0.0,0.0,0.0
2024-08-01,3379,TPEX,息,43.3,43.1,0.2,1.00464037,0.2,0.0,0.0,0.0
2024-08-01,3426,TPEX,息,44.1,42.1,2.0,1.04750594,2.0,0.0,0.0,0.0
2024-08-01,3438,TPEX,息,78.7,78.2,0.5,1.00639386,0.5,0.0,0.0,0.0
2024-08-01,3527,TPEX,息,88.0,86.0,2.0,1.02325581,2.0,0.0,0.0,0.0
2024-08-01,3531,TPEX,息,32.9,31.2,1.7,1.05448718,1.7,0.0,0.0,0.0
2024-08-01,3689,TPEX,息,73.2,70.75,2.445829,1.03456798,2.4458291,0.0,0.0,0.0
2024-08-01,4303,TPEX,息,48.35,47.19,1.164417,1.02467738,1.16441658,0.0,0.0,0.0
2024-08-01,4933,TPEX,息,72.8,69.82,2.977099,1.04263786,2.977099,0.0,0.0,0.0
2024-08-01,5206,TPEX,息,55.3,54.0,1.3,1.02407407,1.3,0.0,0.0,0.0
2024-08-01,5269,TWSE,息,1665.0,1646.41,18.580614,1.01128547,18.580614,0.0,0.0,0.0
2024-08-01,5276,TPEX,息,19.35,18.75,0.6,1.032,0.6,0.0,0.0,0.0
2024-08-01,5410,TPEX,息,38.8,36.74,2.061464,1.05611176,2.06146392,0.0,0.0,0.0
2024-08-01,5457,TPEX,息,50.8,50.48,0.319445,1.00632808,0.31944492,0.0,0.0,0.0
2024-08-01,5903,TPEX,息,189.5,183.7,5.8,1.03157322,5.8,0.0,0.0,0.0
2024-08-01,6138,TPEX,息,179.5,173.53,5.969651,1.03440119,5.96965123,0.0,0.0,0.0
2024-08-01,6158,TPEX,息,30.1,29.1,1.000646,1.03438721,1.00064551,0.0,0.0,0.0
2024-08-01,6201,TWSE,息,64.5,60.6,3.9,1.06435644,3.9,0.0,0.0,0.0
2024-08-01,6239,TWSE,息,163.5,156.5,7.0,1.04472843,7.0,0.0,0.0,0.0
2024-08-01,6435,TPEX,息,99.8,97.0,2.8,1.02886598,2.8,0.0,0.0,0.0
2024-08-01,6516,TPEX,權息,78.3,70.31,7.990911,1.11365403,0.96,0.10000003537,0.0,0.0
2024-08-01,6569,TPEX,權息,269.0,229.59,39.412287,1.17166549,4.99672016,0.14990160503,0.0,0.0
2024-08-01,6577,TPEX,權息,180.0,114.01,65.987259,1.57877093,1.0,0.56999997647,0.0,0.0
2024-08-01,6855,TPEX,權息,132.5,117.27,15.227275,1.12984499,3.5,0.1000000236599999,0.0,0.0
2024-08-01,6873,TWSE,權,264.5,258.08,6.414955,1.0249,0.0,0.0249,0.0,0.0
2024-08-01,6929,TPEX,息,65.8,65.53,0.271,1.00413557,0.271,0.0,0.0,0.0
2024-08-01,8415,TPEX,息,35.3,33.8,1.5,1.0443787,1.5,0.0,0.0,0.0
2024-08-01,8437,TPEX,息,32.25,31.25,1.0,1.032,1.0,0.0,0.0,0.0
2024-08-02,2481,TWSE,息,56.9,55.7,1.2,1.02154399,1.2,0.0,0.0,0.0
2024-08-02,4123,TPEX,息,50.3,48.87,1.43061,1.02927415,1.43061008,0.0,0.0,0.0
2024-08-02,4401,TPEX,息,24.15,23.65,0.5,1.02114165,0.5,0.0,0.0,0.0
2024-08-02,6703,TPEX,權息,282.0,255.86,26.142813,1.10217736,12.27966529,0.05418314779,0.0,0.0
2024-08-02,9938,TWSE,息,67.2,66.2,1.0,1.01510574,1.0,0.0,0.0,0.0
2024-08-05,1231,TWSE,權息,117.5,105.36,12.136363,1.1151855,1.6,0.1,0.0,0.0
2024-08-05,1795,TWSE,息,260.0,255.35,4.647452,1.01820014,4.647452,0.0,0.0,0.0
2024-08-05,2027,TWSE,息,38.2,37.0,1.2,1.03243243,1.2,0.0,0.0,0.0
2024-08-05,2376,TWSE,息,262.5,256.14,6.357943,1.02482194,6.357943,0.0,0.0,0.0
2024-08-05,2409,TWSE,息,17.75,16.85,0.9,1.05341246,0.9,0.0,0.0,0.0
2024-08-05,3051,TWSE,息,31.45,30.45,1.0,1.03284072,1.0,0.0,0.0,0.0
2024-08-05,3289,TPEX,息,132.0,131.3,0.696914,1.00530767,0.69691391,0.0,0.0,0.0
2024-08-05,3306,TPEX,息,56.5,55.2,1.3,1.02355072,1.3,0.0,0.0,0.0
2024-08-05,3332,TPEX,息,42.55,40.95,1.6,1.03907204,1.6,0.0,0.0,0.0
2024-08-05,3694,TWSE,息,42.6,41.59,1.00028,1.02404535,1.00028,0.0,0.0,0.0
2024-08-05,6743,TWSE,息,63.5,63.0,0.5,1.00793651,0.5,0.0,0.0,0.0
2024-08-06,2375,TWSE,息,61.2,60.4,0.8,1.01324503,0.8,0.0,0.0,0.0
2024-08-06,2887,TWSE,權息,18.8,17.5,1.3,1.07428566,0.599999,0.04,0.0,0.0
2024-08-06,3537,TPEX,權息,61.5,56.67,4.833333,1.08529412,2.0,0.04999999813,0.0,0.0
2024-08-06,4430,TPEX,息,21.75,21.25,0.5,1.02352941,0.5,0.0,0.0,0.0
2024-08-06,6175,TPEX,息,37.45,36.4,1.045821,1.02872804,1.0458208,0.0,0.0,0.0
2024-08-06,6680,TPEX,權息,80.2,71.79,8.40963,1.11714148,1.2893584,0.09918143063,0.0,0.0
2024-08-07,00946,TWSE,息,9.4,9.33,0.067,1.00717883,0.067,0.0,0.0,0.0
2024-08-07,1439,TWSE,息,29.1,28.8,0.3,1.01041667,0.3,0.0,0.0,0.0
2024-08-07,2545,TWSE,息,54.0,51.7,2.3,1.04448743,2.3,0.0,0.0,0.0
2024-08-07,3483,TPEX,息,138.5,133.45,5.049759,1.03784002,5.04975935,0.0,0.0,0.0
2024-08-07,6715,TWSE,息,147.5,144.19,3.303018,1.02290629,3.303018,0.0,0.0,0.0
2024-08-07,8103,TWSE,息,56.1,54.86,1.231168,1.02243839,1.231168,0.0,0.0,0.0
2024-08-08,00940,TWSE,息,9.38,9.33,0.05,1.00535906,0.05,0.0,0.0,0.0
2024-08-08,1530,TWSE,息,31.25,29.75,1.5,1.05042017,1.5,0.0,0.0,0.0
2024-08-08,2834,TWSE,權息,17.95,15.91,2.030718,1.12756338,0.2,0.115,0.0,0.0
2024-08-08,2886,TWSE,權息,41.55,38.88,2.666505,1.06857678,1.5,0.03,0.0,0.0
2024-08-08,2892,TWSE,權息,28.25,26.6,1.648058,1.06195255,0.85,0.03,0.0,0.0
2024-08-08,2948,TPEX,權息,63.3,56.65,6.646667,1.11732172,2.6,0.07142857143,0.0,0.0
2024-08-08,3050,TWSE,息,22.3,21.8,0.5,1.02293578,0.5,0.0,0.0,0.0
2024-08-08,4754,TPEX,息,40.0,38.2,1.8,1.04712042,1.8,0.0,0.0,0.0
2024-08-08,6762,TPEX,權息,284.0,240.51,43.491529,1.18083159,0.2,0.180000017,0.0,0.0
2024-08-08,6830,TWSE,權,126.0,125.42,0.579362,1.00462446,0.0,0.0,0.08016044916,120.0
2024-08-08,6840,TPEX,權,73.3,72.2,1.09715,1.01523546,0.0,0.0,0.0719274396,60.0
2024-08-08,8050,TPEX,息,75.4,71.22,4.17967,1.05868648,4.17967028,0.0,0.0,0.0
2024-08-08,8466,TWSE,息,58.0,57.7,0.295119,1.00511428,0.295119,0.0,0.0,0.0
2024-08-08,8928,TPEX,息,31.8,31.1,0.7,1.02250804,0.7,0.0,0.0,0.0
2024-08-08,9914,TWSE,息,244.0,238.0,6.0,1.02521008,6.0,0.0,0.0,0.0
2024-08-08,9942,TWSE,息,126.0,119.0,7.0,1.05882353,7.0,0.0,0.0,0.0
2024-08-09,3152,TPEX,息,166.5,162.82,3.68,1.02260165,3.68,0.0,0.0,0.0
2024-08-09,4114,TPEX,權息,40.4,36.18,4.218182,1.11658292,0.6,0.1000000007799999,0.0,0.0
2024-08-09,5278,TPEX,權息,242.0,178.72,63.281556,1.3540852,1.01599701,0.34840029834,0.0,0.0
2024-08-09,6417,TPEX,息,96.0,94.0,2.0,1.0212766,2.0,0.0,0.0,0.0
2024-08-12,2515,TWSE,息,14.4,13.88,0.52,1.03746398,0.52,0.0,0.0,0.0
2024-08-12,2885,TWSE,權,32.6,31.96,0.639216,1.02,0.0,0.02,0.0,0.0
2024-08-12,4162,TPEX,息,85.4,83.9,1.5,1.01787843,1.5,0.0,0.0,0.0
2024-08-12,5203,TWSE,息,96.1,93.3,2.8,1.03001072,2.8,0.0,0.0,0.0
2024-08-12,6469,TPEX,權,222.0,189.77,32.234957,1.16986773,0.0,0.16986772959,0.0,0.0
2024-08-12,6472,TWSE,息,783.0,771.0,12.0,1.0155642,12.0,0.0,0.0,0.0
2024-08-13,1440,TWSE,息,16.3,15.95,0.35,1.02194357,0.35,0.0,0.0,0.0
2024-08-13,2476,TWSE,息,104.0,101.52,2.476659,1.02439497,2.476659,0.0,0.0,0.0
2024-08-13,2880,TWSE,權息,27.45,25.99,1.459901,1.05617143,1.2,0.01,0.0,0.0
2024-08-13,3207,TPEX,息,137.0,136.1,0.898654,1.00660283,0.89865405,0.0,0.0,0.0
2024-08-13,3516,TPEX,息,24.5,24.48,0.02,1.00081699,0.02,0.0,0.0,0.0
2024-08-13,4746,TWSE,息,95.7,93.7,2.0,1.02134472,2.0,0.0,0.0,0.0
2024-08-13,4977,TWSE,息,68.8,66.6,2.2,1.03303303,2.2,0.0,0.0,0.0
2024-08-13,6788,TPEX,權,219.5,210.26,9.24117,1.04394559,0.0,0.0,0.0863565738399999,130.0
2024-08-13,9960,TPEX,息,28.3,26.6,1.7,1.06390977,1.7,0.0,0.0,0.0
2024-08-14,2597,TWSE,權,202.0,144.28,57.714286,1.4,0.0,0.4,0.0,0.0
2024-08-14,2754,TPEX,息,104.0,102.5,1.5,1.01463415,1.5,0.0,0.0,0.0
2024-08-14,2836,TWSE,權息,12.55,11.89,0.656797,1.05522449,0.3,0.03,0.0,0.0
2024-08-14,4580,TPEX,息,105.0,100.2,4.798309,1.04788651,4.79830887,0.0,0.0,0.0
2024-08-14,5880,TWSE,權息,26.45,24.92,1.522464,1.06107558,0.65,0.035,0.0,0.0
2024-08-14,6156,TPEX,息,26.95,26.15,0.798693,1.03054122,0.79869278,0.0,0.0,0.0
2024-08-14,6202,TWSE,息,49.0,48.55,0.45,1.0092688,0.45,0.0,0.0,0.0
2024-08-14,6805,TWSE,息,743.0,737.5,5.5,1.00745763,5.5,0.0,0.0,0.0
2024-08-15,00936,TWSE,息,16.93,16.77,0.16,1.00954085,0.16,0.0,0.0,0.0
2024-08-15,1583,TWSE,息,69.3,65.3,4.0,1.06125574,4.0,0.0,0.0,0.0
2024-08-15,1714,TWSE,息,9.22,8.92,0.3,1.03363229,0.3,0.0,0.0,0.0
2024-08-15,2327,TWSE,權,745.0,623.51,121.483723,1.1948,0.0,0.1948,0.0,0.0
2024-08-15,2539,TWSE,權息,83.2,71.37,11.82069,1.16560386,0.4,0.16,0.0,0.0
2024-08-15,2547,TWSE,息,10.8,10.55,0.25,1.02369668,0.25,0.0,0.0,0.0
2024-08-15,2745,TPEX,息,95.1,91.6,3.5,1.03820961,3.5,0.0,0.0,0.0
2024-08-15,2801,TWSE,權息,18.45,17.34,1.105039,1.0637095,0.55,0.032,0.0,0.0
2024-08-15,3008,TWSE,息,2840.0,2800.0,40.0,1.01428571,40.0,0.0,0.0,0.0
2024-08-15,3017,TWSE,息,597.0,590.04,6.957345,1.01179126,6.957345,0.0,0.0,0.0
2024-08-15,3056,TWSE,權息,36.6,34.79,1.801923,1.05178226,0.41,0.04,0.0,0.0
2024-08-15,3628,TPEX,息,44.2,42.2,2.0,1.04739336,2.0,0.0,0.0,0.0
2024-08-15,4113,TPEX,權,52.7,50.9,1.79979,1.03536346,0.0,0.0,0.07577977256,31.9
2024-08-15,4137,TWSE,息,148.5,138.38,10.118146,1.07311758,10.118146,0.0,0.0,0.0
2024-08-15,4432,TPEX,息,24.0,23.31,0.69,1.02960103,0.69,0.0,0.0,0.0
2024-08-15,5014,TPEX,息,17.15,16.15,1.0,1.0619195,1.0,0.0,0.0,0.0
2024-08-15,5288,TWSE,息,214.0,206.26,7.737647,1.03751362,7.737647,0.0,0.0,0.0
2024-08-15,5450,TPEX,息,19.95,19.7,0.249978,1.0126892,0.24997755,0.0,0.0,0.0
2024-08-15,5489,TPEX,息,43.5,42.48,1.020287,1.02401821,1.02028666,0.0,0.0,0.0
2024-08-15,8049,TPEX,息,39.9,37.2,2.7,1.07258065,2.7,0.0,0.0,0.0
2024-08-15,8227,TPEX,權,201.0,198.16,2.837417,1.01433185,0.0,0.0,0.04418498782,150.0
2024-08-16,00679B,TPEX,息,31.7,31.36,0.345,1.01100303,0.345,0.0,0.0,0.0
2024-08-16,00690,TWSE,息,34.48,33.48,1.0,1.02986858,1.0,0.0,0.0,0.0
2024-08-16,00701,TWSE,息,28.92,28.62,0.3,1.01048218,0.3,0.0,0.0,0.0
2024-08-16,00718B,TPEX,息,21.15,20.78,0.371,1.01785456,0.371,0.0,0.0,0.0
2024-08-16,00721B,TPEX,息,48.1,47.64,0.46,1.00965575,0.46,0.0,0.0,0.0
2024-08-16,00740B,TPEX,息,41.84,41.61,0.229,1.00550335,0.229,0.0,0.0,0.0
2024-08-16,00741B,TPEX,息,39.2,38.92,0.277,1.00711661,0.277,0.0,0.0,0.0
2024-08-16,00761B,TPEX,息,38.6,38.12,0.48,1.01259182,0.48,0.0,0.0,0.0
2024-08-16,00771,TWSE,息,17.81,17.59,0.22,1.01250711,0.22,0.0,0.0,0.0
2024-08-16,00772B,TPEX,息,37.08,36.94,0.143,1.00387146,0.143,0.0,0.0,0.0
2024-08-16,00773B,TPEX,息,38.62,38.47,0.153,1.00397744,0.153,0.0,0.0,0.0
2024-08-16,00780B,TPEX,息,38.83,38.46,0.37,1.00962038,0.37,0.0,0.0,0.0
2024-08-16,00786B,TPEX,息,35.82,35.31,0.515,1.01458717,0.515,0.0,0.0,0.0
2024-08-16,00795B,TPEX,息,32.09,31.69,0.4,1.01262228,0.4,0.0,0.0,0.0
2024-08-16,00799B,TPEX,息,34.47,34.02,0.45,1.01322751,0.45,0.0,0.0,0.0
2024-08-16,00840B,TPEX,息,33.48,33.13,0.355,1.01071698,0.355,0.0,0.0,0.0
2024-08-16,00841B,TPEX,息,33.22,32.88,0.34,1.01034063,0.34,0.0,0.0,0.0
2024-08-16,00845B,TPEX,息,34.47,34.09,0.385,1.01129529,0.385,0.0,0.0,0.0
2024-08-16,00846B,TPEX,息,37.13,36.67,0.463,1.01262716,0.463,0.0,0.0,0.0
2024-08-16,00847B,TPEX,息,29.2,28.91,0.292,1.01010101,0.292,0.0,0.0,0.0
2024-08-16,00850,TWSE,息,44.11,43.49,0.62,1.01425615,0.62,0.0,0.0,0.0
2024-08-16,00878,TWSE,息,23.13,22.58,0.55,1.02435784,0.55,0.0,0.0,0.0
2024-08-16,00881,TWSE,息,23.92,22.92,1.0,1.04363002,1.0,0.0,0.0,0.0
2024-08-16,00883B,TPEX,息,33.72,33.55,0.175,1.00521687,0.175,0.0,0.0,0.0
2024-08-16,00890B,TPEX,息,35.8,35.35,0.455,1.01287311,0.455,0.0,0.0,0.0
2024-08-16,00891,TWSE,息,18.26,17.85,0.41,1.02296919,0.41,0.0,0.0,0.0
2024-08-16,00894,TWSE,息,20.56,19.86,0.7,1.03524673,0.7,0.0,0.0,0.0
2024-08-16,00900,TWSE,息,15.79,14.99,0.792,1.05280704,0.792,0.0,0.0,0.0
2024-08-16,00913,TWSE,息,21.22,20.56,0.66,1.03210117,0.66,0.0,0.0,0.0
2024-08-16,00932,TWSE,息,17.27,16.62,0.65,1.03910951,0.65,0.0,0.0,0.0
2024-08-16,00933B,TPEX,息,17.44,17.37,0.072,1.00414556,0.072,0.0,0.0,0.0
2024-08-16,00934,TWSE,息,19.49,19.35,0.14,1.00723514,0.14,0.0,0.0,0.0
2024-08-16,00942B,TPEX,息,16.09,16.02,0.07,1.00436954,0.07,0.0,0.0,0.0
2024-08-16,00944,TWSE,息,14.87,14.81,0.058,1.00391574,0.058,0.0,0.0,0.0
2024-08-16,00945B,TWSE,息,15.28,15.17,0.102,1.00672025,0.102,0.0,0.0,0.0
2024-08-16,00948B,TPEX,息,10.37,10.32,0.055,1.00533204,0.055,0.0,0.0,0.0
2024-08-16,1609,TWSE,權息,56.8,52.95,3.847619,1.07266187,1.2,0.05,0.0,0.0
2024-08-16,3023,TWSE,息,302.0,292.4,9.598566,1.03282667,9.598566,0.0,0.0,0.0
2024-08-16,4908,TPEX,息,82.5,80.1,2.4,1.02996255,2.4,0.0,0.0,0.0
2024-08-16,6799,TWSE,息,117.0,114.03,2.969445,1.02604078,2.969445,0.0,0.0,0.0
2024-08-16,8043,TPEX,息,45.1,44.9,0.2,1.00445434,0.2,0.0,0.0,0.0
2024-08-16,8048,TPEX,權息,64.1,59.32,4.779612,1.08057283,3.0,0.02999999893,0.0,0.0
2024-08-19,1442,TWSE,息,71.0,67.5,3.5,1.05185185,3.5,0.0,0.0,0.0
2024-08-19,1569,TPEX,息,27.15,26.15,1.0,1.03824092,1.0,0.0,0.0,0.0
2024-08-19,2301,TWSE,息,108.0,106.0,2.0,1.01886792,2.0,0.0,0.0,0.0
2024-08-19,3552,TPEX,權,92.7,84.27,8.427273,1.1,0.0,0.10000000117,0.0,0.0
2024-08-19,4569,TWSE,息,105.5,101.0,4.5,1.04455446,4.5,0.0,0.0,0.0
2024-08-19,6443,TWSE,息,24.4,24.0,0.4,1.01666667,0.4,0.0,0.0,0.0
2024-08-19,8454,TWSE,權,411.0,391.42,19.571425,1.05,0.0,0.05,0.0,0.0
2024-08-20,00731,TWSE,息,77.55,74.17,3.38,1.04557099,3.38,0.0,0.0,0.0
2024-08-20,00758B,TPEX,息,55.3,54.7,0.6,1.01096892,0.6,0.0,0.0,0.0
2024-08-20,00759B,TPEX,息,59.55,58.91,0.64,1.01086403,0.64,0.0,0.0,0.0
2024-08-20,00760B,TPEX,息,56.8,56.09,0.71,1.01265823,0.71,0.0,0.0,0.0
2024-08-20,00775B,TWSE,息,35.73,35.3,0.43,1.0121813,0.43,0.0,0.0,0.0
2024-08-20,00844B,TPEX,息,34.68,34.18,0.5,1.01462844,0.5,0.0,0.0,0.0
2024-08-20,00867B,TPEX,息,34.6,34.17,0.43,1.01258414,0.43,0.0,0.0,0.0
2024-08-20,00929,TWSE,息,19.82,19.64,0.18,1.00916497,0.18,0.0,0.0,0.0
2024-08-20,1737,TWSE,息,34.3,33.1,1.2,1.03625378,1.2,0.0,0.0,0.0
2024-08-20,2472,TWSE,息,82.3,79.5,2.8,1.03522013,2.8,0.0,0.0,0.0
2024-08-20,3147,TPEX,息,137.5,132.5,5.0,1.03773585,5.0,0.0,0.0,0.0
2024-08-20,3317,TPEX,權息,55.1,47.98,7.118107,1.14834985,0.4,0.14001337447,0.0,0.0
2024-08-20,3563,TWSE,息,355.0,354.0,1.0,1.00282486,1.0,0.0,0.0,0.0
2024-08-20,4513,TPEX,權息,80.8,75.42,5.379439,1.0713259,0.1,0.07,0.0,0.0
2024-08-20,4911,TPEX,權息,56.5,52.76,3.736496,1.07081592,0.570686,0.06,0.0,0.0
2024-08-20,6122,TPEX,權息,60.5,54.57,5.928571,1.10863874,3.2,0.04999999798,0.0,0.0
2024-08-20,6806,TWSE,息,136.5,135.05,1.443302,1.01068664,1.443302,0.0,0.0,0.0
2024-08-21,00754B,TPEX,息,38.17,37.72,0.454,1.01203733,0.454,0.0,0.0,0.0
2024-08-21,00755B,TPEX,息,35.95,35.48,0.468,1.01318979,0.468,0.0,0.0,0.0
2024-08-21,00756B,TPEX,息,34.39,33.89,0.505,1.01490335,0.505,0.0,0.0,0.0
2024-08-21,00794B,TPEX,息,41.7,41.32,0.38,1.00919652,0.38,0.0,0.0,0.0
2024-08-21,00860B,TPEX,息,38.98,38.48,0.505,1.01312541,0.505,0.0,0.0,0.0
2024-08-21,00923,TWSE,息,22.22,21.29,0.923,1.04333944,0.923,0.0,0.0,0.0
2024-08-21,00937B,TPEX,息,16.31,16.23,0.082,1.00505299,0.082,0.0,0.0,0.0
2024-08-21,1339,TWSE,息,62.4,59.4,3.0,1.05050505,3.0,0.0,0.0,0.0
2024-08-21,1537,TWSE,息,146.0,139.0,7.0,1.05035971,7.0,0.0,0.0,0.0
2024-08-21,3028,TWSE,息,34.25,32.28,1.967384,1.06094252,1.967384,0.0,0.0,0.0
2024-08-21,3226,TPEX,息,54.6,54.1,0.5,1.00924214,0.5,0.0,0.0,0.0
2024-08-21,4130,TPEX,權息,23.4,22.57,0.827185,1.03664517,0.15,0.0300000043,0.0,0.0
2024-08-21,5222,TWSE,權,167.0,151.81,15.181819,1.1,0.0,0.1,0.0,0.0
2024-08-21,6174,TPEX,息,19.75,19.61,0.14,1.00713921,0.14,0.0,0.0,0.0
2024-08-21,9951,TPEX,息,69.1,65.7,3.4,1.05175038,3.4,0.0,0.0,0.0
2024-08-22,1597,TWSE,息,101.0,100.2,0.8,1.00798403,0.8,0.0,0.0,0.0
2024-08-22,2201,TWSE,息,55.0,53.6,1.4,1.0261194,1.4,0.0,0.0,0.0
2024-08-22,2890,TWSE,權息,26.7,25.31,1.382927,1.05462428,0.75,0.025,0.0,0.0
2024-08-22,3036,TWSE,息,110.0,108.2,1.799247,1.01662878,1.799247,0.0,0.0,0.0
2024-08-22,3036A,TWSE,息,47.5,45.5,2.0,1.04395604,2.0,0.0,0.0,0.0
2024-08-22,3232,TPEX,息,28.85,28.35,0.5,1.01763668,0.5,0.0,0.0,0.0
2024-08-22,4543,TPEX,權息,53.4,49.9,3.495238,1.07003817,1.0,0.05,0.0,0.0
2024-08-22,4563,TPEX,息,78.3,77.77,0.534,1.00686675,0.534,0.0,0.0,0.0
2024-08-22,4966,TPEX,息,778.0,770.12,7.877115,1.01022839,7.87711514,0.0,0.0,0.0
2024-08-22,5386,TPEX,權息,84.1,76.79,7.31101,1.09520909,0.4,0.09000001013,0.0,0.0
2024-08-22,5514,TPEX,權,22.9,21.81,1.090476,1.05,0.0,0.05000000231,0.0,0.0
2024-08-22,5534,TWSE,息,126.0,120.5,5.5,1.04564315,5.5,0.0,0.0,0.0
2024-08-22,6227,TPEX,息,76.7,74.2,2.5,1.03369272,2.5,0.0,0.0,0.0
2024-08-22,6230,TWSE,息,234.5,233.44,1.053,1.00451066,1.053,0.0,0.0,0.0
2024-08-22,6742,TWSE,息,54.3,53.1,1.2,1.02259887,1.2,0.0,0.0,0.0
2024-08-22,8401,TPEX,權,28.35,25.77,2.577273,1.1,0.0,0.1,0.0,0.0
2024-08-22,9958,TWSE,息,209.0,206.08,2.911949,1.01412964,2.911949,0.0,0.0,0.0
2024-08-23,00907,TWSE,息,16.17,15.84,0.33,1.02083333,0.33,0.0,0.0,0.0
2024-08-23,1307,TWSE,息,32.65,31.15,1.5,1.04815409,1.5,0.0,0.0,0.0
2024-08-23,1321,TWSE,息,39.05,38.65,0.4,1.01034929,0.4,0.0,0.0,0.0
2024-08-23,2756,TPEX,息,78.4,77.2,1.2,1.01554404,1.2,0.0,0.0,0.0
2024-08-23,3052,TWSE,權息,13.35,12.69,0.653922,1.05150579,0.4,0.02,0.0,0.0
2024-08-23,3693,TPEX,權息,397.0,381.03,15.966408,1.04191271,10.0,0.0,0.09352910083,330.0
2024-08-23,4111,TPEX,息,27.3,26.3,1.0,1.03802281,1.0,0.0,0.0,0.0
2024-08-23,4584,TPEX,權,69.0,63.89,5.111111,1.08,0.0,0.08,0.0,0.0
2024-08-23,4907,TPEX,息,83.9,82.6,1.3,1.0157385,1.3,0.0,0.0,0.0
2024-08-23,4987,TPEX,息,69.2,65.7,3.5,1.05327245,3.5,0.0,0.0,0.0
2024-08-23,6113,TPEX,權息,30.3,28.38,1.919048,1.06761745,0.5,0.05,0.0,0.0
2024-08-23,6534,TWSE,息,77.4,76.9,0.5,1.00650195,0.5,0.0,0.0,0.0
2024-08-23,6916,TWSE,息,24.6,23.55,1.05,1.04458599,1.05,0.0,0.0,0.0
2024-08-23,9921,TWSE,息,239.0,234.0,5.0,1.02136752,5.0,0.0,0.0,0.0
2024-08-26,1324,TWSE,息,13.2,13.0,0.2,1.01538462,0.2,0.0,0.0,0.0
2024-08-26,1528,TWSE,息,13.55,13.45,0.1,1.00743494,0.1,0.0,0.0,0.0
2024-08-26,1539,TWSE,息,24.25,23.65,0.6,1.02536998,0.6,0.0,0.0,0.0
2024-08-26,1615,TWSE,權息,73.0,62.55,10.447552,1.16702068,1.44,0.144,0.0,0.0
2024-08-26,2377,TWSE,息,175.0,169.6,5.4,1.03183962,5.4,0.0,0.0,0.0
2024-08-26,2426,TWSE,息,19.05,18.85,0.2,1.01061008,0.2,0.0,0.0,0.0
2024-08-26,2428,TWSE,息,172.5,167.3,5.2,1.03108189,5.2,0.0,0.0,0.0
2024-08-26,2484,TWSE,息,30.5,29.0,1.5,1.05172414,1.5,0.0,0.0,0.0
2024-08-26,2527,TWSE,息,38.6,37.1,1.5,1.04043127,1.5,0.0,0.0,0.0
2024-08-26,2538,TWSE,息,20.6,19.9,0.7,1.03517588,0.7,0.0,0.0,0.0
2024-08-26,3002,TWSE,息,14.9,14.58,0.319519,1.02191416,0.319519,0.0,0.0,0.0
2024-08-26,3027,TWSE,息,37.7,37.33,0.369776,1.00990554,0.369776,0.0,0.0,0.0
2024-08-26,3284,TPEX,權息,58.8,56.35,2.453847,1.0435495,0.2,0.04000000765,0.0,0.0
2024-08-26,3434,TPEX,權息,30.5,29.32,1.176329,1.04011532,0.15,0.035,0.0,0.0
2024-08-26,4104,TWSE,權,91.6,87.23,4.361905,1.05,0.0,0.05,0.0,0.0
2024-08-26,4109,TPEX,息,31.95,31.45,0.5,1.01589825,0.5,0.0,0.0,0.0
2024-08-26,4138,TPEX,權,103.0,93.64,9.363636,1.1,0.0,0.1,0.0,0.0
2024-08-26,4768,TPEX,權息,229.5,215.24,14.261903,1.06626105,3.5,0.04999998955,0.0,0.0
2024-08-26,4909,TPEX,息,121.0,120.5,0.5,1.00414938,0.5,0.0,0.0,0.0
2024-08-26,6168,TWSE,息,22.0,21.5,0.5,1.02325581,0.5,0.0,0.0,0.0
2024-08-26,6432,TPEX,息,35.25,34.01,1.243116,1.03655485,1.24311639,0.0,0.0,0.0
2024-08-26,6753,TWSE,權息,137.5,129.9,7.595239,1.05846774,1.1,0.05,0.0,0.0
2024-08-27,1409,TWSE,息,16.9,16.35,0.55,1.03363914,0.55,0.0,0.0,0.0
2024-08-27,1454,TWSE,息,19.65,19.4,0.25,1.0128866,0.25,0.0,0.0,0.0
2024-08-27,1541,TWSE,息,31.8,31.3,0.5,1.01597444,0.5,0.0,0.0,0.0
2024-08-27,1565,TPEX,息,181.5,174.5,7.0,1.04011461,7.0,0.0,0.0,0.0
2024-08-27,1587,TWSE,權,55.6,52.94,2.656838,1.0502,0.0,0.0502,0.0,0.0
2024-08-27,1709,TWSE,息,24.0,23.4,0.6,1.02564103,0.6,0.0,0.0,0.0
2024-08-27,1722,TWSE,息,63.0,60.4,2.6,1.04304636,2.6,0.0,0.0,0.0
2024-08-27,2227,TWSE,息,122.5,119.02,3.48,1.02923878,3.48,0.0,0.0,0.0
2024-08-27,2413,TWSE,息,22.15,21.95,0.2,1.00911162,0.2,0.0,0.0,0.0
2024-08-27,2441,TWSE,息,62.8,60.3,2.5,1.04145937,2.5,0.0,0.0,0.0
2024-08-27,2845,TWSE,權息,15.95,14.7,1.249829,1.08502137,0.506,0.0506,0.0,0.0
2024-08-27,2905,TWSE,息,20.25,20.05,0.2,1.00997506,0.2,0.0,0.0,0.0
2024-08-27,3025,TWSE,息,66.9,63.7,3.2,1.05023548,3.2,0.0,0.0,0.0
2024-08-27,3236,TPEX,息,20.2,19.98,0.22,1.01101101,0.22,0.0,0.0,0.0
2024-08-27,3646,TPEX,息,30.7,29.2,1.5,1.05136986,1.5,0.0,0.0,0.0
2024-08-27,4127,TPEX,息,35.0,34.5,0.5,1.01449275,0.5,0.0,0.0,0.0
2024-08-27,4438,TWSE,息,113.0,107.8,5.2,1.04823748,5.2,0.0,0.0,0.0
2024-08-27,6183,TWSE,息,77.0,74.25,2.75,1.03703704,2.75,0.0,0.0,0.0
2024-08-27,6584,TPEX,息,186.0,185.0,1.000152,1.00540623,1.0001516,0.0,0.0,0.0
2024-08-27,6752,TPEX,權,124.0,114.81,9.189597,1.0800415,0.0,0.0800415042,0.0,0.0
2024-08-27,6870,TPEX,權,223.0,212.38,10.619048,1.05,0.0,0.05,0.0,0.0
2024-08-27,8086,TPEX,息,103.5,102.5,1.0,1.0097561,1.0,0.0,0.0,0.0
2024-08-27,8289,TPEX,息,29.3,28.3,1.0,1.03533569,1.0,0.0,0.0,0.0
2024-08-27,8403,TPEX,權息,32.15,30.53,1.621154,1.05310236,0.4,0.0400000015899999,0.0,0.0
2024-08-27,9941,TWSE,息,150.5,144.4,6.1,1.04224377,6.1,0.0,0.0,0.0
2024-08-27,9941A,TWSE,息,51.7,49.62,2.070664,1.04172258,2.070664,0.0,0.0,0.0
2024-08-28,1108,TWSE,息,16.25,15.25,1.0,1.06557377,1.0,0.0,0.0,0.0
2024-08-28,1225,TWSE,息,161.0,159.6,1.4,1.00877193,1.4,0.0,0.0,0.0
2024-08-28,1240,TPEX,權息,56.5,51.71,4.785714,1.09254144,2.2,0.05000000254,0.0,0.0
2024-08-28,1453,TWSE,權,21.3,20.67,0.620389,1.03,0.0,0.03,0.0,0.0
2024-08-28,1457,TWSE,權,21.4,20.38,1.019048,1.05,0.0,0.05,0.0,0.0
2024-08-28,1603,TWSE,息,41.6,40.3,1.3,1.03225806,1.3,0.0,0.0,0.0
2024-08-28,1616,TWSE,息,20.6,20.23,0.37,1.01828967,0.37,0.0,0.0,0.0
2024-08-28,1735,TWSE,息,18.6,18.1,0.5,1.02762431,0.5,0.0,0.0,0.0
2024-08-28,2023,TWSE,權,15.2,14.9,0.29804,1.02,0.0,0.02,0.0,0.0
2024-08-28,2070,TPEX,息,84.5,83.5,1.0,1.01197605,1.0,0.0,0.0,0.0
2024-08-28,2420,TWSE,息,67.4,64.4,3.0,1.04658385,3.0,0.0,0.0,0.0
2024-08-28,3492,TPEX,息,30.65,30.32,0.33,1.01088391,0.33,0.0,0.0,0.0
2024-08-28,3533,TWSE,息,1510.0,1484.24,25.754503,1.01735192,25.754503,0.0,0.0,0.0
2024-08-28,3622,TWSE,息,60.7,58.7,2.0,1.03407155,2.0,0.0,0.0,0.0
2024-08-28,4207,TPEX,權,18.05,17.03,1.021698,1.06,0.0,0.05999999744,0.0,0.0
2024-08-28,4556,TPEX,權息,34.55,33.96,0.589604,1.01736152,0.25,0.01,0.0,0.0
2024-08-28,4707,TPEX,權息,17.05,15.77,1.275352,1.08084821,0.25,0.0649999997,0.0,0.0
2024-08-28,5013,TPEX,息,34.0,33.1,0.9,1.02719033,0.9,0.0,0.0,0.0
2024-08-28,5464,TPEX,息,31.85,31.05,0.8,1.0257649,0.8,0.0,0.0,0.0
2024-08-28,5525,TWSE,權,41.2,38.86,2.332076,1.06,0.0,0.06,0.0,0.0
2024-08-28,6216,TWSE,息,44.85,43.19,1.654117,1.03829339,1.654117,0.0,0.0,0.0
2024-08-28,6261,TPEX,息,75.2,71.2,4.0,1.05617978,4.0,0.0,0.0,0.0
2024-08-28,6426,TWSE,息,59.5,59.0,0.5,1.00847458,0.5,0.0,0.0,0.0
2024-08-28,6579,TWSE,權息,173.0,158.63,14.361465,1.09057532,6.468265,0.0498,0.0,0.0
2024-08-28,8032,TPEX,息,28.5,27.7,0.8,1.02888087,0.8,0.0,0.0,0.0
2024-08-28,8941,TPEX,權息,80.0,66.96,13.043477,1.19480518,3.0,0.14999998191,0.0,0.0
2024-08-28,9105,TWSE,息,5.92,5.85,0.061859,1.01055949,0.061859,0.0,0.0,0.0
2024-08-29,1235,TWSE,權息,130.5,123.8,6.690476,1.05403846,0.5,0.05,0.0,0.0
2024-08-29,1315,TWSE,息,72.3,69.8,2.5,1.03581662,2.5,0.0,0.0,0.0
2024-08-29,1463,TWSE,息,26.0,25.5,0.5,1.01960784,0.5,0.0,0.0,0.0
2024-08-29,1532,TWSE,息,40.3,38.86,1.434131,1.0368995,1.434131,0.0,0.0,0.0
2024-08-29,2059,TWSE,息,1260.0,1245.81,14.19,1.01139018,14.19,0.0,0.0,0.0
2024-08-29,2364,TWSE,權,124.5,95.76,28.73077,1.3,0.0,0.3,0.0,0.0
2024-08-29,2383,TWSE,息,451.5,441.52,9.979206,1.02260189,9.979206,0.0,0.0,0.0
2024-08-29,2468,TWSE,息,25.05,24.25,0.8,1.03298969,0.8,0.0,0.0,0.0
2024-08-29,2505,TWSE,息,27.05,26.65,0.4,1.01500938,0.4,0.0,0.0,0.0
2024-08-29,2530,TWSE,息,47.25,46.69,0.56,1.011994,0.56,0.0,0.0,0.0
2024-08-29,2743,TPEX,息,117.5,114.5,3.0,1.02620087,3.0,0.0,0.0,0.0
2024-08-29,3078,TPEX,息,71.0,66.2,4.8,1.07250755,4.8,0.0,0.0,0.0
2024-08-29,3285,TPEX,息,29.05,28.05,1.0,1.03565062,1.0,0.0,0.0,0.0
2024-08-29,4128,TPEX,權,45.05,42.9,2.145238,1.05,0.0,0.04999999875,0.0,0.0
2024-08-29,4905,TPEX,息,93.0,91.5,1.5,1.01639344,1.5,0.0,0.0,0.0
2024-08-29,5202,TPEX,息,25.05,24.35,0.7,1.02874743,0.7,0.0,0.0,0.0
2024-08-29,5278,TPEX,息,231.5,231.28,0.217644,1.00094103,0.2176437,0.0,0.0,0.0
2024-08-29,5283,TWSE,息,108.5,104.5,4.0,1.03827751,4.0,0.0,0.0,0.0
2024-08-29,5287,TPEX,權息,200.0,181.44,18.559639,1.10229058,5.16,0.0738514791099999,0.0,0.0
2024-08-29,6108,TWSE,息,20.15,19.65,0.5,1.02544529,0.5,0.0,0.0,0.0
2024-08-29,6171,TPEX,息,49.25,47.75,1.5,1.03141361,1.5,0.0,0.0,0.0
2024-08-29,6209,TWSE,息,26.9,26.4,0.499875,1.01893457,0.499875,0.0,0.0,0.0
2024-08-29,6234,TPEX,息,27.15,26.5,0.65,1.0245283,0.65,0.0,0.0,0.0
2024-08-29,6245,TPEX,息,97.9,93.65,4.25,1.04538174,4.25,0.0,0.0,0.0
2024-08-29,8076,TPEX,息,35.05,34.25,0.8,1.02335766,0.8,0.0,0.0,0.0
2024-08-29,8410,TPEX,息,88.2,85.7,2.5,1.02917153,2.5,0.0,0.0,0.0
2024-08-30,2328,TWSE,息,36.15,34.85,1.3,1.03730273,1.3,0.0,0.0,0.0
2024-08-30,2439,TWSE,權息,136.5,131.61,4.885382,1.03715523,4.148651,0.0,0.01509091892,95.0
2024-08-30,3558,TPEX,息,162.5,158.5,4.0,1.02523659,4.0,0.0,0.0,0.0
2024-08-30,6016,TPEX,權息,15.4,14.05,1.352381,1.09627119,0.65,0.0499999995,0.0,0.0
2024-08-30,6708,TPEX,息,40.75,40.35,0.4,1.00991326,0.4,0.0,0.0,0.0
2024-09-02,2338,TWSE,息,64.6,63.1,1.5,1.02377179,1.5,0.0,0.0,0.0
2024-09-02,2442,TWSE,權息,34.5,33.63,0.864153,1.02567294,0.11009,0.0224,0.0,0.0
2024-09-02,5243,TWSE,息,60.7,59.1,1.6,1.02707276,1.6,0.0,0.0,0.0
2024-09-02,5548,TPEX,權息,39.5,37.32,2.182927,1.05849673,1.25,0.025,0.0,0.0
2024-09-02,6140,TPEX,權,29.6,27.53,2.065117,1.07500001,0.0,0.07500001185,0.0,0.0
2024-09-02,6282,TWSE,息,35.0,34.49,0.500341,1.01450278,0.500341,0.0,0.0,0.0
2024-09-02,6482,TPEX,權息,55.9,50.36,5.536362,1.10992777,0.5,0.0999999723399999,0.0,0.0
2024-09-02,6637,TPEX,息,104.5,101.85,2.647059,1.02598903,2.64705882,0.0,0.0,0.0
2024-09-02,9906,TWSE,息,202.0,196.64,5.356782,1.02724112,5.356782,0.0,0.0,0.0
2024-09-03,00939,TWSE,息,14.67,14.6,0.063,1.004313,0.063,0.0,0.0,0.0
2024-09-03,2230,TPEX,息,167.5,166.56,0.938611,1.00563522,0.93861079,0.0,0.0,0.0
2024-09-03,2949,TPEX,權,89.8,85.52,4.27619,1.05,0.0,0.05,0.0,0.0
2024-09-03,5314,TPEX,息,165.5,163.7,1.8,1.01099572,1.8,0.0,0.0,0.0
2024-09-03,6139,TWSE,息,242.0,233.01,8.982075,1.03854671,8.982075,0.0,0.0,0.0
2024-09-03,6259,TPEX,權息,22.9,20.66,2.242889,1.10857709,0.21587838,0.0981265336999999,0.0,0.0
2024-09-04,1734,TWSE,權息,37.2,33.51,3.681482,1.10983425,1.0,0.08,0.0,0.0
2024-09-04,2250,TWSE,息,101.0,97.81,3.187104,1.03258368,3.187104,0.0,0.0,0.0
2024-09-04,2323,TWSE,息,12.9,12.22,0.68,1.05564648,0.68,0.0,0.0,0.0
2024-09-04,2701,TWSE,息,13.1,12.82,0.28,1.02184087,0.28,0.0,0.0,0.0
2024-09-04,2732,TPEX,息,106.5,104.0,2.499781,1.0240363,2.4997807,0.0,0.0,0.0
2024-09-04,2901,TWSE,息,27.85,27.48,0.360531,1.01311524,0.360531,0.0,0.0,0.0
2024-09-04,3346,TWSE,息,40.1,38.6,1.497743,1.03879936,1.497743,0.0,0.0,0.0
2024-09-04,3594,TPEX,息,42.25,41.65,0.6,1.01440576,0.6,0.0,0.0,0.0
2024-09-04,4416,TPEX,權息,106.5,90.17,16.332108,1.18112997,0.1988057,0.17892512762,0.0,0.0
2024-09-04,5512,TPEX,權息,12.05,11.47,0.583981,1.05093141,0.24,0.03000000086,0.0,0.0
2024-09-04,6279,TPEX,權息,162.5,153.66,8.841463,1.05753968,5.0,0.02499999925,0.0,0.0
2024-09-04,6874,TPEX,息,104.0,100.2,3.8,1.03792415,3.8,0.0,0.0,0.0
2024-09-04,8442,TWSE,息,124.0,118.74,5.257006,1.04427214,5.257006,0.0,0.0,0.0
2024-09-05,00940,TWSE,息,9.49,9.44,0.05,1.00529661,0.05,0.0,0.0,0.0
2024-09-05,1203,TWSE,息,50.8,49.7,1.1,1.0221328,1.1,0.0,0.0,0.0
2024-09-05,2379,TWSE,息,510.0,494.5,15.5,1.03134479,15.5,0.0,0.0,0.0
2024-09-05,2718,TPEX,息,118.0,115.0,3.0,1.02608696,3.0,0.0,0.0,0.0
2024-09-05,3312,TWSE,息,77.4,76.2,1.2,1.01574803,1.2,0.0,0.0,0.0
2024-09-05,3484,TPEX,息,60.2,59.0,1.199895,1.02033716,1.1998946,0.0,0.0,0.0
2024-09-05,4155,TWSE,息,24.25,23.95,0.3,1.0125261,0.3,0.0,0.0,0.0
2024-09-05,5871,TWSE,權,143.0,142.69,0.305275,1.00217254,0.0,0.0,0.01293921048,125.0
2024-09-05,5871A,TWSE,權,95.1,94.87,0.228895,1.00242437,0.0,0.0,0.0,125.0
2024-09-05,5906,TWSE,權息,63.2,58.76,4.438096,1.07552674,1.5,0.05,0.0,0.0
2024-09-05,6163,TPEX,息,23.8,23.5,0.3,1.01276596,0.3,0.0,0.0,0.0
2024-09-05,6186,TPEX,權息,112.0,95.65,16.348132,1.17091284,2.0,0.1500036780099999,0.0,0.0
2024-09-05,8349,TPEX,權,72.4,65.9,6.50068,1.09864563,0.0,0.09864563283,0.0,0.0
2024-09-05,8354,TPEX,息,17.3,17.0,0.3,1.01764706,0.3,0.0,0.0,0.0
2024-09-05,8908,TPEX,權,53.8,49.81,3.985185,1.08,0.0,0.07999999873,0.0,0.0
2024-09-05,9946,TWSE,息,35.55,34.85,0.7,1.02008608,0.7,0.0,0.0,0.0
2024-09-06,00946,TWSE,息,9.84,9.78,0.054,1.00551809,0.054,0.0,0.0,0.0
2024-09-06,2923,TWSE,息,29.6,29.4,0.2,1.00680272,0.2,0.0,0.0,0.0
2024-09-06,4979,TPEX,息,106.0,104.57,1.430004,1.01367509,1.43000433,0.0,0.0,0.0
2024-09-06,6552,TWSE,息,48.0,47.7,0.3,1.00628931,0.3,0.0,0.0,0.0
2024-09-06,8927,TPEX,權息,64.5,56.47,8.030908,1.14221776,0.69912299,0.12983712866,0.0,0.0
2024-09-09,01010T,TWSE,息,10.19,10.0,0.184625,1.01845258,0.184625,0.0,0.0,0.0
2024-09-09,1268,TPEX,息,158.5,151.5,7.0,1.04620462,7.0,0.0,0.0,0.0
2024-09-09,1514,TWSE,權息,122.5,118.57,3.923361,1.03313027,1.580593,0.0198,0.0,0.0
2024-09-09,2881,TWSE,權,92.5,88.09,4.404762,1.05,0.0,0.05,0.0,0.0
2024-09-09,3322,TPEX,息,20.8,20.57,0.225548,1.01096252,0.22554785,0.0,0.0,0.0
2024-09-09,4736,TWSE,息,165.0,155.0,10.0,1.06451613,10.0,0.0,0.0,0.0
2024-09-09,5493,TPEX,權息,99.6,92.38,7.219046,1.07814431,2.6,0.04999998197,0.0,0.0
2024-09-09,6603,TPEX,息,19.75,19.6,0.145067,1.0073995,0.14506677,0.0,0.0,0.0
2024-09-09,6728,TPEX,息,117.5,112.52,4.983333,1.04428973,4.98333333,0.0,0.0,0.0
2024-09-09,8423,TPEX,權息,24.15,22.62,1.530953,1.06768422,0.4,0.05000001167,0.0,0.0
2024-09-10,1465,TWSE,息,15.35,14.85,0.5,1.03367003,0.5,0.0,0.0,0.0
2024-09-10,3516,TPEX,權,24.9,24.46,0.440275,1.018,0.0,0.01800000285,0.0,0.0
2024-09-10,5321,TPEX,權息,71.0,65.81,5.186046,1.07879857,0.25,0.07499998383,0.0,0.0
2024-09-10,9906,TWSE,權,187.0,183.19,3.806738,1.0208,0.0,0.0208,0.0,0.0
2024-09-12,01009T,TWSE,息,7.66,7.51,0.141706,1.01884816,0.141706,0.0,0.0,0.0
2024-09-12,1477,TWSE,權息,379.0,364.7,14.294118,1.03919355,7.0,0.02,0.0,0.0
2024-09-12,2330,TWSE,息,901.0,896.99,4.000138,1.00445946,4.000138,0.0,0.0,0.0
2024-09-12,2540,TWSE,權息,192.0,127.0,65.0,1.51181102,1.5,0.5,0.0,0.0
2024-09-12,3661,TWSE,息,2285.0,2262.57,22.420249,1.00990915,22.420249,0.0,0.0,0.0
2024-09-12,4763,TWSE,權息,959.0,828.42,130.573913,1.15763493,6.490555,0.1498,0.0,0.0
2024-09-12,5263,TPEX,息,170.0,169.5,0.5,1.00294985,0.5,0.0,0.0,0.0
2024-09-12,5392,TPEX,息,31.6,31.3,0.3,1.00958466,0.3,0.0,0.0,0.0
2024-09-12,6504,TWSE,息,69.0,67.9,1.1,1.01620029,1.1,0.0,0.0,0.0
2024-09-12,6629,TPEX,權,144.5,142.09,2.408905,1.01696108,0.0,0.0,0.0618767423099999,109.0
2024-09-13,1517,TWSE,息,15.35,15.15,0.2,1.01320132,0.2,0.0,0.0,0.0
2024-09-13,2461,TWSE,息,22.15,21.95,0.199636,1.00909488,0.199636,0.0,0.0,0.0
2024-09-13,5213,TPEX,權,37.45,37.45,0.0,1.0,0.0,0.0,0.07558154234,37.45
2024-09-13,9802,TWSE,息,117.0,114.0,3.0,1.02631579,3.0,0.0,0.0,0.0
2024-09-16,00936,TWSE,息,16.3,16.22,0.08,1.00493218,0.08,0.0,0.0,0.0
2024-09-16,2228,TWSE,權,115.5,114.2,1.296676,1.01138354,0.0,0.0,0.03711387662,88.0
2024-09-16,2464,TWSE,權,80.2,79.44,0.756853,1.00956697,0.0,0.0,0.03682276303,63.0
2024-09-16,4420,TPEX,息,69.1,53.1,16.0,1.30131827,16.0,0.0,0.0,0.0
2024-09-16,5306,TWSE,息,149.0,148.27,0.723035,1.00487625,0.723035,0.0,0.0,0.0
2024-09-16,5328,TPEX,息,15.6,15.25,0.35,1.02295082,0.35,0.0,0.0,0.0
2024-09-16,6126,TPEX,息,30.8,29.72,1.080978,1.03637326,1.08097786,0.0,0.0,0.0
2024-09-18,00687B,TPEX,息,33.43,33.01,0.42,1.01272342,0.42,0.0,0.0,0.0
2024-09-18,00697B,TPEX,息,37.52,37.3,0.22,1.00589812,0.22,0.0,0.0,0.0
2024-09-18,00713,TWSE,息,58.25,56.75,1.5,1.02643172,1.5,0.0,0.0,0.0
2024-09-18,00740B,TPEX,息,42.28,42.05,0.229,1.00544577,0.229,0.0,0.0,0.0
2024-09-18,00741B,TPEX,息,39.06,38.78,0.277,1.0071423,0.277,0.0,0.0,0.0
2024-09-18,00751B,TPEX,息,36.65,36.19,0.46,1.01271069,0.46,0.0,0.0,0.0
2024-09-18,00772B,TPEX,息,37.62,37.48,0.143,1.00381567,0.143,0.0,0.0,0.0
2024-09-18,00773B,TPEX,息,39.13,38.99,0.145,1.00371938,0.145,0.0,0.0,0.0
2024-09-18,00781B,TPEX,息,34.32,33.9,0.42,1.01238938,0.42,0.0,0.0,0.0
2024-09-18,00787B,TPEX,息,36.61,36.11,0.5,1.01384658,0.5,0.0,0.0,0.0
2024-09-18,00862B,TPEX,息,35.12,34.62,0.5,1.01444252,0.5,0.0,0.0,0.0
2024-09-18,00863B,TPEX,息,35.95,35.53,0.42,1.011821,0.42,0.0,0.0,0.0
2024-09-18,00883B,TPEX,息,34.15,34.0,0.15,1.00441176,0.15,0.0,0.0,0.0
2024-09-18,00896,TWSE,息,17.38,17.11,0.27,1.01578025,0.27,0.0,0.0,0.0
2024-09-18,00921,TWSE,息,18.81,18.21,0.6,1.03294893,0.6,0.0,0.0,0.0
2024-09-18,00933B,TPEX,息,17.62,17.55,0.075,1.00427472,0.075,0.0,0.0,0.0
2024-09-18,00934,TWSE,息,19.11,18.96,0.142,1.00748629,0.142,0.0,0.0,0.0
2024-09-18,00935,TWSE,息,21.47,20.87,0.6,1.0287494,0.6,0.0,0.0,0.0
2024-09-18,00942B,TPEX,息,16.33,16.26,0.07,1.00430504,0.07,0.0,0.0,0.0
2024-09-18,00943,TWSE,息,14.67,14.52,0.15,1.01033058,0.15,0.0,0.0,0.0
2024-09-18,00944,TWSE,息,14.94,14.88,0.058,1.00389733,0.058,0.0,0.0,0.0
2024-09-18,00948B,TPEX,息,10.49,10.44,0.053,1.00507809,0.053,0.0,0.0,0.0
2024-09-19,00710B,TWSE,息,19.69,19.45,0.24,1.01233933,0.24,0.0,0.0,0.0
2024-09-19,00711B,TWSE,息,17.42,17.22,0.2,1.0116144,0.2,0.0,0.0,0.0
2024-09-19,00712,TWSE,息,10.22,10.02,0.2,1.01996008,0.2,0.0,0.0,0.0
2024-09-19,00777B,TPEX,息,37.62,37.2,0.425,1.01142627,0.425,0.0,0.0,0.0
2024-09-19,00778B,TPEX,息,39.22,38.76,0.46,1.01186791,0.46,0.0,0.0,0.0
2024-09-19,00779B,TPEX,息,33.89,33.61,0.283,1.00842086,0.283,0.0,0.0,0.0
2024-09-19,00915,TWSE,息,27.23,26.41,0.82,1.03104885,0.82,0.0,0.0,0.0
2024-09-19,00918,TWSE,息,24.29,23.51,0.78,1.03317737,0.78,0.0,0.0,0.0
2024-09-19,00929,TWSE,息,18.95,18.79,0.16,1.00851517,0.16,0.0,0.0,0.0
2024-09-19,00945B,TWSE,息,15.2,15.09,0.102,1.00675586,0.102,0.0,0.0,0.0
2024-09-19,1449,TWSE,權息,19.4,18.84,0.553698,1.02933558,0.030826,0.0277,0.0,0.0
2024-09-19,1784,TPEX,權息,116.5,108.12,8.377681,1.07748336,0.70923784,0.07092377182,0.0,0.0
2024-09-19,2109,TWSE,息,19.55,18.85,0.7,1.03713528,0.7,0.0,0.0,0.0
2024-09-19,2706,TWSE,息,15.15,14.8,0.35,1.02364865,0.35,0.0,0.0,0.0
2024-09-19,3059,TWSE,息,35.2,34.5,0.7,1.02028986,0.7,0.0,0.0,0.0
2024-09-19,4160,TPEX,權息,102.5,97.08,5.41801,1.05580861,0.50596835,0.05059684293,0.0,0.0
2024-09-19,6548,TPEX,息,38.3,37.89,0.41,1.0108208,0.41,0.0,0.0,0.0
2024-09-19,910861,TWSE,息,6.48,6.45,0.02035,1.00315033,0.02035,0.0,0.0,0.0
2024-09-20,00836B,TPEX,息,32.83,32.45,0.38,1.01171032,0.38,0.0,0.0,0.0
2024-09-20,00853B,TPEX,息,31.28,30.95,0.33,1.01066236,0.33,0.0,0.0,0.0
2024-09-20,00856B,TPEX,息,38.96,38.53,0.43,1.01116013,0.43,0.0,0.0,0.0
2024-09-20,00857B,TPEX,息,27.57,27.27,0.3,1.0110011,0.3,0.0,0.0,0.0
2024-09-20,00930,TWSE,息,19.06,18.63,0.43,1.02308105,0.43,0.0,0.0,0.0
2024-09-20,6535,TPEX,權,255.0,254.29,0.710493,1.00279209,0.0,0.0,0.0194060740699999,225.0
2024-09-23,00764B,TPEX,息,33.11,32.75,0.362,1.01105411,0.362,0.0,0.0,0.0
2024-09-23,00792B,TPEX,息,36.15,35.71,0.437,1.01223644,0.437,0.0,0.0,0.0
2024-09-23,00793B,TPEX,息,35.15,34.71,0.436,1.01255977,0.436,0.0,0.0,0.0
2024-09-23,00859B,TPEX,息,42.2,41.83,0.369,1.00882121,0.369,0.0,0.0,0.0
2024-09-23,00919,TWSE,息,24.18,23.46,0.72,1.03069054,0.72,0.0,0.0,0.0
2024-09-23,00937B,TPEX,息,16.67,16.59,0.082,1.00494333,0.082,0.0,0.0,0.0
2024-09-24,2488,TWSE,息,51.5,48.7,2.8,1.05749487,2.8,0.0,0.0,0.0
2024-09-24,3086,TPEX,權息,289.0,262.27,26.727274,1.10190642,0.5,0.10000000424,0.0,0.0
2024-09-24,3178,TPEX,息,88.8,86.55,2.25,1.02599653,2.25,0.0,0.0,0.0
2024-09-24,3558,TPEX,權,180.0,170.69,9.312425,1.05454332,0.0,0.0,0.1630627057,125.0
2024-09-24,4912,TWSE,息,104.0,103.28,0.712,1.00689335,0.712,0.0,0.0,0.0
2024-09-24,5258,TWSE,權息,138.0,130.28,7.714285,1.05921053,1.2,0.05,0.0,0.0
2024-09-24,6182,TPEX,權,31.5,31.24,0.261916,1.00832266,0.0,0.0,0.0442230238599999,26.5
2024-09-24,6655,TWSE,息,145.0,136.0,9.0,1.06617647,9.0,0.0,0.0,0.0
2024-09-24,8105,TWSE,息,17.75,17.65,0.1,1.00566572,0.1,0.0,0.0,0.0
2024-09-25,2236,TWSE,權息,109.5,106.72,2.770097,1.02595649,0.486313,0.0214,0.0,0.0
2024-09-25,2458,TWSE,息,148.0,143.93,4.06989,1.02827685,4.06989,0.0,0.0,0.0
2024-09-25,8234,TPEX,息,52.8,51.6,1.2,1.02325581,1.2,0.0,0.0,0.0
2024-09-26,1590,TWSE,息,874.0,856.31,17.68314,1.02065023,17.68314,0.0,0.0,0.0
2024-09-26,1808,TWSE,權息,119.5,52.95,66.545455,2.25665236,3.0,1.2,0.0,0.0
2024-09-26,2542,TWSE,權息,50.3,45.27,5.027273,1.11104418,0.5,0.1,0.0,0.0
2024-09-26,5516,TPEX,權息,20.1,19.32,0.779612,1.04035176,0.2,0.0299999964,0.0,0.0
2024-09-26,9927,TWSE,息,76.8,71.65,5.15,1.07187718,5.15,0.0,0.0,0.0
2024-10-01,01004T,TWSE,息,12.19,11.99,0.195709,1.01631685,0.195709,0.0,0.0,0.0
2024-10-01,1589,TWSE,權,44.8,44.25,0.540801,1.01242938,0.0,0.0,0.11427512987,40.0
2024-10-01,5347,TPEX,權,103.5,101.81,1.685715,1.01659955,0.0,0.0,0.09152020923,88.0
2024-10-02,00939,TWSE,息,14.77,14.7,0.063,1.00428367,0.063,0.0,0.0,0.0
2024-10-02,2722,TWSE,權,43.05,41.04,2.005313,1.04897661,0.0,0.0,0.13617266152,30.0
2024-10-02,4967,TWSE,息,106.0,104.34,1.65127,1.01582453,1.65127,0.0,0.0,0.0
2024-10-02,6021,TPEX,息,26.0,25.4,0.6,1.02362205,0.6,0.0,0.0,0.0
2024-10-03,020035,TPEX,息,7.56,7.28,0.285,1.03917526,0.285,0.0,0.0,0.0
2024-10-03,2066,TPEX,息,107.0,103.22,3.777512,1.03659583,3.77751226,0.0,0.0,0.0
2024-10-03,6523,TPEX,息,153.5,151.5,2.0,1.01320132,2.0,0.0,0.0,0.0
2024-10-04,6248,TPEX,權,32.05,30.53,1.515665,1.04978709,0.0,0.0,0.32163005428,27.0
2024-10-07,2538,TWSE,權,17.4,17.14,0.257143,1.015,0.0,0.015,0.0,0.0
2024-10-07,5864,TPEX,權,19.8,18.64,1.161992,1.06223176,0.0,0.0,0.18013478909,13.8
2024-10-07,6203,TPEX,息,78.8,73.8,4.99708,1.06770843,4.99707959,0.0,0.0,0.0
2024-10-07,9939,TWSE,權,162.5,161.7,0.797875,1.00494743,0.0,0.0,0.02223875619,133.0
2024-10-08,00946,TWSE,息,9.66,9.6,0.054,1.00562149,0.054,0.0,0.0,0.0
2024-10-08,2947,TPEX,息,87.2,86.2,1.0,1.01160093,1.0,0.0,0.0,0.0
2024-10-08,3516,TPEX,權,26.3,25.77,0.533908,1.02056655,0.0,0.0,0.08401655283,21.0
2024-10-09,00940,TWSE,息,9.58,9.53,0.05,1.00524659,0.05,0.0,0.0,0.0
2024-10-11,4927,TWSE,權,56.9,55.46,1.432222,1.02596466,0.0,0.0,0.14215165846,46.4
2024-10-14,2034,TWSE,權,23.5,23.06,0.432505,1.01908066,0.0,0.0,0.07974894894,19.0
2024-10-15,4174,TPEX,權,67.8,67.31,0.487921,1.00727975,0.0,0.0,0.11785248333,64.0
2024-10-15,6221,TPEX,權,83.8,67.08,16.721701,1.2492863,0.0,0.2492863045599999,0.0,0.0
2024-10-15,9935,TWSE,權,34.15,33.99,0.154507,1.00470727,0.0,0.0,0.017307133,27.3
2024-10-16,00936,TWSE,息,16.25,16.17,0.08,1.00494743,0.08,0.0,0.0,0.0
2024-10-17,0056,TWSE,息,39.02,37.95,1.07,1.02819499,1.07,0.0,0.0,0.0
2024-10-17,00694B,TPEX,息,41.91,41.64,0.268,1.00643581,0.268,0.0,0.0,0.0
2024-10-17,00695B,TPEX,息,36.34,36.1,0.238,1.00659243,0.238,0.0,0.0,0.0
2024-10-17,00696B,TPEX,息,32.59,32.32,0.274,1.00847877,0.274,0.0,0.0,0.0
2024-10-17,00717,TWSE,息,16.79,16.62,0.167,1.01004632,0.167,0.0,0.0,0.0
2024-10-17,00719B,TPEX,息,31.96,31.61,0.35,1.01107245,0.35,0.0,0.0,0.0
2024-10-17,00720B,TPEX,息,36.82,36.31,0.51,1.01404572,0.51,0.0,0.0,0.0
2024-10-17,00725B,TPEX,息,39.02,38.34,0.685,1.01786879,0.685,0.0,0.0,0.0
2024-10-17,00726B,TPEX,息,35.46,34.84,0.62,1.01779564,0.62,0.0,0.0,0.0
2024-10-17,00727B,TPEX,息,40.94,40.37,0.57,1.0141194,0.57,0.0,0.0,0.0
2024-10-17,00730,TWSE,息,24.01,22.71,1.3,1.05724351,1.3,0.0,0.0,0.0
2024-10-17,00733,TWSE,息,55.8,54.47,1.321,1.02424788,1.321,0.0,0.0,0.0
2024-10-17,00739,TWSE,息,22.78,22.28,0.5,1.02244165,0.5,0.0,0.0,0.0
2024-10-17,00740B,TPEX,息,41.76,41.53,0.229,1.00551395,0.229,0.0,0.0,0.0
2024-10-17,00741B,TPEX,息,39.33,39.05,0.277,1.00709292,0.277,0.0,0.0,0.0
2024-10-17,00746B,TPEX,息,38.44,38.02,0.422,1.01110001,0.422,0.0,0.0,0.0
2024-10-17,00772B,TPEX,息,36.99,36.85,0.143,1.00388091,0.143,0.0,0.0,0.0
2024-10-17,00773B,TPEX,息,38.7,38.57,0.135,1.00350058,0.135,0.0,0.0,0.0
2024-10-17,00782B,TPEX,息,34.42,33.92,0.5,1.01474057,0.5,0.0,0.0,0.0
2024-10-17,00784B,TPEX,息,39.0,38.74,0.26,1.00671141,0.26,0.0,0.0,0.0
2024-10-17,00785B,TPEX,息,37.77,37.33,0.44,1.01178677,0.44,0.0,0.0,0.0
2024-10-17,00788B,TPEX,息,33.3,32.85,0.45,1.01369863,0.45,0.0,0.0,0.0
2024-10-17,00848B,TPEX,息,36.57,36.12,0.45,1.01245847,0.45,0.0,0.0,0.0
2024-10-17,00849B,TPEX,息,37.85,37.52,0.33,1.00879531,0.33,0.0,0.0,0.0
2024-10-17,00870B,TPEX,息,30.73,30.35,0.38,1.01252059,0.38,0.0,0.0,0.0
2024-10-17,00883B,TPEX,息,33.65,33.51,0.145,1.00432771,0.145,0.0,0.0,0.0
2024-10-17,00884B,TPEX,息,32.01,31.71,0.3,1.00946074,0.3,0.0,0.0,0.0
2024-10-17,00908,TWSE,息,13.78,13.64,0.133,1.00974573,0.133,0.0,0.0,0.0
2024-10-17,00912,TWSE,息,20.45,19.79,0.66,1.03335018,0.66,0.0,0.0,0.0
2024-10-17,00922,TWSE,息,22.62,21.62,1.0,1.04625347,1.0,0.0,0.0,0.0
2024-10-17,00933B,TPEX,息,17.46,17.38,0.08,1.00460299,0.08,0.0,0.0,0.0
2024-10-17,00934,TWSE,息,19.42,19.28,0.139,1.00720917,0.139,0.0,0.0,0.0
2024-10-17,00943,TWSE,息,15.17,15.02,0.15,1.00998668,0.15,0.0,0.0,0.0
2024-10-17,00944,TWSE,息,14.92,14.86,0.058,1.00390257,0.058,0.0,0.0,0.0
2024-10-17,00948B,TPEX,息,10.33,10.28,0.053,1.00515715,0.053,0.0,0.0,0.0
2024-10-18,00931B,TPEX,息,15.22,15.08,0.14,1.00928382,0.14,0.0,0.0,0.0
2024-10-18,2489,TWSE,息,21.95,21.36,0.59,1.02762172,0.59,0.0,0.0,0.0
2024-10-18,6235,TWSE,權,70.6,70.0,0.597985,1.00857143,0.0,0.0,0.02391696902,50.0
2024-10-21,00734B,TPEX,息,16.2,16.04,0.16,1.00997506,0.16,0.0,0.0,0.0
2024-10-21,00749B,TPEX,息,33.12,32.69,0.435,1.01330886,0.435,0.0,0.0,0.0
2024-10-21,00750B,TPEX,息,36.5,36.13,0.37,1.0102408,0.37,0.0,0.0,0.0
2024-10-21,00842B,TPEX,息,34.67,34.23,0.44,1.01285422,0.44,0.0,0.0,0.0
2024-10-21,00904,TWSE,息,18.57,18.42,0.15,1.00814332,0.15,0.0,0.0,0.0
2024-10-21,00942B,TPEX,息,15.81,15.74,0.068,1.00431965,0.068,0.0,0.0,0.0
2024-10-21,00945B,TWSE,息,15.26,15.15,0.102,1.00672912,0.102,0.0,0.0,0.0
2024-10-22,00714,TWSE,息,22.47,22.34,0.123,1.00550409,0.123,0.0,0.0,0.0
2024-10-22,00722B,TPEX,息,39.69,39.16,0.53,1.01353422,0.53,0.0,0.0,0.0
2024-10-22,00723B,TPEX,息,34.62,34.18,0.442,1.0129323,0.442,0.0,0.0,0.0
2024-10-22,00724B,TPEX,息,36.19,35.72,0.473,1.01324299,0.473,0.0,0.0,0.0
2024-10-22,00789B,TPEX,息,53.55,52.95,0.6,1.01133144,0.6,0.0,0.0,0.0
2024-10-22,00790B,TPEX,息,57.4,56.79,0.61,1.01074133,0.61,0.0,0.0,0.0
2024-10-22,00791B,TPEX,息,57.0,56.44,0.562,1.00995783,0.562,0.0,0.0,0.0
2024-10-22,00834B,TPEX,息,36.36,35.95,0.407,1.01132033,0.407,0.0,0.0,0.0
2024-10-22,00905,TWSE,息,14.44,14.12,0.32,1.02266289,0.32,0.0,0.0,0.0
2024-10-22,00927,TWSE,息,19.49,19.01,0.48,1.02524987,0.48,0.0,0.0,0.0
2024-10-22,00929,TWSE,息,19.17,19.03,0.14,1.00735681,0.14,0.0,0.0,0.0
2024-10-22,00937B,TPEX,息,16.16,16.08,0.082,1.00510014,0.082,0.0,0.0,0.0
2024-10-22,2543,TWSE,權息,96.9,76.06,20.837008,1.2739441,0.3,0.27,0.0,0.0
2024-10-23,1815,TPEX,權,23.0,22.56,0.436234,1.01950355,0.0,0.0,0.08587786753,18.5
2024-10-23,4552,TWSE,息,28.0,26.9,1.1,1.04089219,1.1,0.0,0.0,0.0
2024-10-24,006204,TWSE,息,117.55,116.85,0.7,1.00599059,0.7,0.0,0.0,0.0
2024-10-24,00888,TPEX,息,17.43,17.24,0.188,1.01090361,0.188,0.0,0.0,0.0
2024-10-24,00907,TWSE,息,16.09,15.81,0.28,1.01771031,0.28,0.0,0.0,0.0
2024-10-24,1584,TPEX,權,35.1,34.57,0.533401,1.01533121,0.0,0.0,0.15586801539,32.0
2024-10-24,2367,TWSE,權,32.7,32.32,0.377781,1.01175743,0.0,0.0,0.0478034912,26.0
2024-10-24,4549,TPEX,權,170.5,167.16,3.343136,1.01999999,0.0,0.01999999233,0.0,0.0
2024-10-24,6425,TPEX,權,83.5,81.91,1.594585,1.01941155,0.0,0.0,0.08600522912,68.0
2024-10-28,6706,TWSE,權,172.0,169.45,2.545279,1.01504869,0.0,0.0,0.050967107,132.0
2024-10-28,8932,TPEX,權息,98.1,96.83,1.27087,1.01312488,0.00725,0.01305000168,0.0,0.0
2024-10-28,9928,TWSE,權,20.3,19.55,0.749386,1.03836317,0.0,0.0,0.131742362,15.0
2024-10-29,2061,TPEX,權,20.95,20.54,0.409564,1.01996105,0.0,0.0,0.15830114754,18.6
2024-10-30,6596,TPEX,權,73.8,73.3,0.5,1.00682128,0.0,0.0,0.11363636364,70.0
2024-10-31,00939,TWSE,息,14.48,14.41,0.063,1.00436984,0.063,0.0,0.0,0.0
2024-10-31,00950B,TPEX,息,15.06,14.98,0.082,1.0054747,0.082,0.0,0.0,0.0
2024-10-31,00959B,TPEX,息,9.9,9.85,0.055,1.00558659,0.055,0.0,0.0,0.0
2024-10-31,5522,TWSE,息,67.5,66.5,1.0,1.01503759,1.0,0.0,0.0,0.0
2024-10-31,6690,TPEX,權,230.5,222.4,8.102215,1.03642086,0.0,0.0,0.28939345844,200.0
2024-11-01,1516,TWSE,權,20.3,19.69,0.602813,1.0306,0.0,0.0306,0.0,0.0
2024-11-04,8473,TWSE,權,41.5,40.21,1.287121,1.032,0.0,0.032,0.0,0.0
2024-11-05,020036,TWSE,息,6.84,6.59,0.242,1.03667778,0.242,0.0,0.0,0.0
2024-11-05,8936,TPEX,息,62.3,60.8,1.5,1.02467105,1.5,0.0,0.0,0.0
2024-11-06,1587,TWSE,權,39.35,38.41,0.93435,1.02447279,0.0,0.0,0.0888202111199999,30.0
2024-11-07,00940,TWSE,息,9.5,9.46,0.04,1.00422833,0.04,0.0,0.0,0.0
2024-11-07,00946,TWSE,息,9.33,9.27,0.054,1.00582147,0.054,0.0,0.0,0.0
2024-11-07,00953B,TWSE,息,10.18,10.11,0.07,1.00692384,0.07,0.0,0.0,0.0
2024-11-07,3289,TPEX,息,169.0,168.0,0.995462,1.00592521,0.99546239,0.0,0.0,0.0
2024-11-07,6576,TPEX,權,76.2,76.18,0.023258,1.00026254,0.0,0.0,0.10527253238,76.0
2024-11-11,1586,TPEX,權息,32.65,32.45,0.19786,1.00609696,0.10025491,0.0030076485,0.0,0.0
2024-11-11,9802,TWSE,權,120.0,117.8,2.196378,1.01867572,0.0,0.0,0.03940527002,76.0
2024-11-13,6550,TWSE,權,50.5,50.45,0.046741,1.00099108,0.0,0.0,0.02573015092,49.0
2024-11-14,5284,TWSE,權,163.5,160.52,2.974738,1.01856466,0.0,0.0,0.05007421415,113.0
2024-11-15,00936,TWSE,息,15.67,15.62,0.05,1.00320102,0.05,0.0,0.0,0.0
2024-11-15,00942B,TPEX,息,15.37,15.3,0.07,1.00457516,0.07,0.0,0.0,0.0
2024-11-15,5548,TPEX,權,35.4,32.9,2.497321,1.07598784,0.0,0.0,0.2894321100799999,26.0
2024-11-18,0051,TWSE,息,80.3,77.84,2.46,1.03160329,2.46,0.0,0.0,0.0
2024-11-18,0053,TWSE,息,103.0,101.0,2.0,1.01980198,2.0,0.0,0.0,0.0
2024-11-18,0055,TWSE,息,29.1,27.92,1.18,1.04226361,1.18,0.0,0.0,0.0
2024-11-18,006201,TPEX,息,23.15,22.4,0.75,1.03348214,0.75,0.0,0.0,0.0
2024-11-18,006208,TWSE,息,112.3,111.4,0.9,1.00807899,0.9,0.0,0.0,0.0
2024-11-18,00679B,TPEX,息,29.12,28.78,0.34,1.01181376,0.34,0.0,0.0,0.0
2024-11-18,00692,TWSE,息,45.0,44.4,0.6,1.01351351,0.6,0.0,0.0,0.0
2024-11-18,00740B,TPEX,息,40.81,40.6,0.213,1.00524669,0.213,0.0,0.0,0.0
2024-11-18,00741B,TPEX,息,39.75,39.47,0.277,1.00701745,0.277,0.0,0.0,0.0
2024-11-18,00761B,TPEX,息,37.02,36.52,0.5,1.01369113,0.5,0.0,0.0,0.0
2024-11-18,00771,TWSE,息,18.22,18.0,0.22,1.01222222,0.22,0.0,0.0,0.0
2024-11-18,00772B,TPEX,息,35.7,35.57,0.135,1.00379587,0.135,0.0,0.0,0.0
2024-11-18,00773B,TPEX,息,37.53,37.39,0.138,1.00369063,0.138,0.0,0.0,0.0
2024-11-18,00780B,TPEX,息,38.31,37.92,0.39,1.01028481,0.39,0.0,0.0,0.0
2024-11-18,00786B,TPEX,息,34.56,34.14,0.42,1.01230228,0.42,0.0,0.0,0.0
2024-11-18,00795B,TPEX,息,29.65,29.25,0.4,1.01367521,0.4,0.0,0.0,0.0
2024-11-18,00799B,TPEX,息,32.97,32.47,0.5,1.01539883,0.5,0.0,0.0,0.0
2024-11-18,00840B,TPEX,息,32.41,32.09,0.325,1.01012934,0.325,0.0,0.0,0.0
2024-11-18,00841B,TPEX,息,31.93,31.59,0.34,1.0107629,0.34,0.0,0.0,0.0
2024-11-18,00845B,TPEX,息,34.07,33.7,0.371,1.01100923,0.371,0.0,0.0,0.0
2024-11-18,00846B,TPEX,息,36.71,36.26,0.449,1.01238245,0.449,0.0,0.0,0.0
2024-11-18,00847B,TPEX,息,27.89,27.61,0.28,1.01014125,0.28,0.0,0.0,0.0
2024-11-18,00850,TWSE,息,45.85,45.2,0.65,1.01438053,0.65,0.0,0.0,0.0
2024-11-18,00878,TWSE,息,22.73,22.18,0.55,1.02479711,0.55,0.0,0.0,0.0
2024-11-18,00883B,TPEX,息,32.9,32.76,0.145,1.00442681,0.145,0.0,0.0,0.0
2024-11-18,00890B,TPEX,息,34.99,34.56,0.43,1.01244213,0.43,0.0,0.0,0.0
2024-11-18,00891,TWSE,息,18.06,17.57,0.49,1.02788845,0.49,0.0,0.0,0.0
2024-11-18,00892,TWSE,息,17.22,16.98,0.24,1.01413428,0.24,0.0,0.0,0.0
2024-11-18,00894,TWSE,息,21.04,20.44,0.6,1.02935421,0.6,0.0,0.0,0.0
2024-11-18,00900,TWSE,息,14.31,14.21,0.1,1.0070373,0.1,0.0,0.0,0.0
2024-11-18,00933B,TPEX,息,16.95,16.87,0.082,1.00486128,0.082,0.0,0.0,0.0
2024-11-18,00934,TWSE,息,18.34,18.22,0.115,1.00631001,0.115,0.0,0.0,0.0
2024-11-18,00944,TWSE,息,14.52,14.46,0.058,1.00401051,0.058,0.0,0.0,0.0
2024-11-18,00945B,TWSE,息,15.41,15.3,0.102,1.00666318,0.102,0.0,0.0,0.0
2024-11-18,00948B,TPEX,息,10.13,10.08,0.052,1.00515975,0.052,0.0,0.0,0.0
2024-11-19,00690,TWSE,息,34.37,33.57,0.8,1.0238308,0.8,0.0,0.0,0.0
2024-11-19,00731,TWSE,息,71.45,69.07,2.38,1.0344578,2.38,0.0,0.0,0.0
2024-11-19,00758B,TPEX,息,53.8,53.2,0.6,1.0112782,0.6,0.0,0.0,0.0
2024-11-19,00759B,TPEX,息,57.6,56.98,0.62,1.01088101,0.62,0.0,0.0,0.0
2024-11-19,00760B,TPEX,息,56.05,55.34,0.71,1.01282978,0.71,0.0,0.0,0.0
2024-11-19,00929,TWSE,息,17.98,17.87,0.11,1.00615557,0.11,0.0,0.0,0.0
2024-11-19,00932,TWSE,息,16.31,15.79,0.52,1.03293224,0.52,0.0,0.0,0.0
2024-11-19,00943,TWSE,息,14.82,14.67,0.15,1.01022495,0.15,0.0,0.0,0.0
2024-11-19,5381,TPEX,權,25.8,25.58,0.22156,1.00860047,0.0,0.0,0.1122928703599999,24.0
2024-11-20,00775B,TWSE,息,34.44,33.87,0.57,1.01682905,0.57,0.0,0.0,0.0
2024-11-20,00844B,TPEX,息,33.74,33.17,0.57,1.0171842,0.57,0.0,0.0,0.0
2024-11-20,00867B,TPEX,息,33.63,33.2,0.43,1.01295181,0.43,0.0,0.0,0.0
2024-11-21,00754B,TPEX,息,36.8,36.35,0.45,1.01237964,0.45,0.0,0.0,0.0
2024-11-21,00755B,TPEX,息,35.26,34.8,0.46,1.01321839,0.46,0.0,0.0,0.0
2024-11-21,00756B,TPEX,息,32.85,32.35,0.498,1.01539318,0.498,0.0,0.0,0.0
2024-11-21,00794B,TPEX,息,41.68,41.33,0.35,1.00846842,0.35,0.0,0.0,0.0
2024-11-21,00860B,TPEX,息,39.46,38.98,0.479,1.01228804,0.479,0.0,0.0,0.0
2024-11-21,00937B,TPEX,息,15.99,15.91,0.082,1.00515464,0.082,0.0,0.0,0.0
2024-11-21,01007T,TWSE,息,15.8,15.58,0.217621,1.01396584,0.217621,0.0,0.0,0.0
2024-11-25,2636,TWSE,息,87.2,84.2,3.0,1.03562945,3.0,0.0,0.0,0.0
2024-11-25,5213,TPEX,權,32.0,30.46,1.539726,1.05054867,0.0,0.05054866547,0.0,0.0
2024-11-26,00901,TWSE,息,21.46,20.56,0.9,1.04377432,0.9,0.0,0.0,0.0
2024-11-26,00930,TWSE,息,18.85,18.42,0.43,1.02334419,0.43,0.0,0.0,0.0
2024-11-26,00958B,TPEX,息,9.69,9.65,0.042,1.00435323,0.042,0.0,0.0,0.0
2024-11-27,2734,TPEX,權,31.8,29.63,2.174302,1.07323658,0.0,0.0,0.2662106931,23.5
2024-11-27,6127,TPEX,息,28.8,28.4,0.4,1.01408451,0.4,0.0,0.0,0.0
2024-11-28,2530,TWSE,息,42.7,42.12,0.575849,1.01367028,0.575849,0.0,0.0,0.0
2024-11-28,2762,TWSE,息,97.1,94.84,2.250777,1.02373005,2.250777,0.0,0.0,0.0
2024-11-28,2867,TWSE,權,6.65,6.63,0.018423,1.00301659,0.0,0.0,0.04444855145,6.3
2024-11-28,4735,TPEX,息,38.9,38.45,0.45,1.01170351,0.45,0.0,0.0,0.0
2024-11-28,6523,TPEX,息,158.0,153.0,5.0,1.03267974,5.0,0.0,0.0,0.0
2024-12-03,00939,TWSE,息,14.4,14.33,0.063,1.00439422,0.063,0.0,0.0,0.0
2024-12-03,00950B,TPEX,息,15.47,15.39,0.08,1.00519818,0.08,0.0,0.0,0.0
2024-12-04,00959B,TPEX,息,10.2,10.15,0.052,1.00512416,0.052,0.0,0.0,0.0
2024-12-04,020038,TWSE,息,7.84,7.5,0.334,1.04449774,0.334,0.0,0.0,0.0
2024-12-04,3059,TWSE,權,32.2,31.71,0.480064,1.01545254,0.0,0.0,0.07806005582,26.8
2024-12-04,6645,TWSE,權,27.2,26.71,0.483044,1.01834519,0.0,0.0,0.10396544634,23.0
2024-12-05,3346,TWSE,權,39.1,38.74,0.351604,1.00929272,0.0,0.0,0.0416813999999999,32.0
2024-12-05,6438,TWSE,息,209.0,207.05,1.943497,1.00938631,1.943497,0.0,0.0,0.0
2024-12-06,00946,TWSE,息,9.22,9.17,0.041,1.00446672,0.041,0.0,0.0,0.0
2024-12-06,00953B,TWSE,息,10.36,10.29,0.07,1.00680272,0.07,0.0,0.0,0.0
2024-12-06,1438,TWSE,權,59.9,58.11,1.780484,1.03080365,0.0,0.0,0.17542751878,50.0
2024-12-09,4503,TPEX,權,53.7,51.22,2.482336,1.04841859,0.0,0.0,0.13571932736,37.5
2024-12-09,4912,TWSE,息,129.5,128.75,0.741,1.00575494,0.741,0.0,0.0,0.0
2024-12-10,2474,TWSE,息,196.0,188.5,7.5,1.0397878,7.5,0.0,0.0,0.0
2024-12-10,6277,TWSE,息,77.9,76.2,1.7,1.02230971,1.7,0.0,0.0,0.0
2024-12-10,8942,TPEX,息,57.4,55.4,2.0,1.03610108,2.0,0.0,0.0,0.0
2024-12-11,00940,TWSE,息,9.52,9.48,0.04,1.00421941,0.04,0.0,0.0,0.0
2024-12-12,2330,TWSE,息,1045.0,1041.0,3.999637,1.00384211,3.999637,0.0,0.0,0.0
2024-12-12,3259,TPEX,權,22.6,22.47,0.131568,1.00578549,0.0,0.0,0.2246956926899999,22.0
2024-12-12,6657,TWSE,權,52.2,51.63,0.569531,1.01104009,0.0,0.0,0.12550003921,48.0
2024-12-12,8444,TPEX,權,30.75,30.95,-0.204602,0.99353796,0.0,0.0,0.08002413128,33.0
2024-12-13,6859,TPEX,權,185.5,183.21,2.290813,1.01249932,0.0,0.0,0.038003547,138.0
2024-12-16,00936,TWSE,息,15.46,15.41,0.05,1.00324465,0.05,0.0,0.0,0.0
2024-12-16,00942B,TPEX,息,15.57,15.5,0.07,1.00451613,0.07,0.0,0.0,0.0
2024-12-17,00687B,TPEX,息,30.55,30.17,0.38,1.01259529,0.38,0.0,0.0,0.0
2024-12-17,00697B,TPEX,息,36.35,36.05,0.3,1.00832178,0.3,0.0,0.0,0.0
2024-12-17,00713,TWSE,息,55.65,54.25,1.4,1.02580645,1.4,0.0,0.0,0.0
2024-12-17,00730,TWSE,息,22.16,22.07,0.086,1.00389599,0.086,0.0,0.0,0.0
2024-12-17,00740B,TPEX,息,41.06,40.86,0.2,1.00489476,0.2,0.0,0.0,0.0
2024-12-17,00741B,TPEX,息,39.61,39.41,0.201,1.00510036,0.201,0.0,0.0,0.0
2024-12-17,00751B,TPEX,息,34.71,34.25,0.46,1.01343066,0.46,0.0,0.0,0.0
2024-12-17,00772B,TPEX,息,35.9,35.76,0.145,1.00405538,0.145,0.0,0.0,0.0
2024-12-17,00773B,TPEX,息,37.73,37.59,0.145,1.00385792,0.145,0.0,0.0,0.0
2024-12-17,00777B,TPEX,息,35.54,35.11,0.43,1.01224722,0.43,0.0,0.0,0.0
2024-12-17,00778B,TPEX,息,37.26,36.83,0.435,1.01181263,0.435,0.0,0.0,0.0
2024-12-17,00779B,TPEX,息,30.78,30.5,0.285,1.00934579,0.285,0.0,0.0,0.0
2024-12-17,00781B,TPEX,息,32.44,31.94,0.5,1.01565435,0.5,0.0,0.0,0.0
2024-12-17,00787B,TPEX,息,34.79,34.29,0.5,1.01458151,0.5,0.0,0.0,0.0
2024-12-17,00840B,TPEX,息,32.3,32.18,0.12,1.00372902,0.12,0.0,0.0,0.0
2024-12-17,00853B,TPEX,息,29.65,29.32,0.33,1.01125512,0.33,0.0,0.0,0.0
2024-12-17,00862B,TPEX,息,33.97,33.56,0.41,1.01221692,0.41,0.0,0.0,0.0
2024-12-17,00863B,TPEX,息,34.68,34.23,0.45,1.01314636,0.45,0.0,0.0,0.0
2024-12-17,00883B,TPEX,息,32.99,32.84,0.148,1.00450642,0.148,0.0,0.0,0.0
2024-12-17,00890B,TPEX,息,34.77,34.6,0.17,1.00491329,0.17,0.0,0.0,0.0
2024-12-17,00896,TWSE,息,17.47,17.02,0.45,1.02643948,0.45,0.0,0.0,0.0
2024-12-17,00900,TWSE,息,14.05,13.95,0.1,1.00716846,0.1,0.0,0.0,0.0
2024-12-17,00915,TWSE,息,25.75,25.0,0.75,1.03,0.75,0.0,0.0,0.0
2024-12-17,00921,TWSE,息,17.93,17.61,0.32,1.01817149,0.32,0.0,0.0,0.0
2024-12-17,00926,TWSE,息,24.26,22.76,1.5,1.0659051,1.5,0.0,0.0,0.0
2024-12-17,00933B,TPEX,息,17.04,16.96,0.082,1.00483548,0.082,0.0,0.0,0.0
2024-12-17,00934,TWSE,息,17.96,17.93,0.023,1.00128227,0.023,0.0,0.0,0.0
2024-12-17,00943,TWSE,息,14.51,14.48,0.025,1.00172592,0.025,0.0,0.0,0.0
2024-12-17,00944,TWSE,息,14.59,14.53,0.058,1.00399119,0.058,0.0,0.0,0.0
2024-12-17,00945B,TWSE,息,15.43,15.32,0.102,1.00665449,0.102,0.0,0.0,0.0
2024-12-17,00948B,TPEX,息,10.16,10.11,0.052,1.00514444,0.052,0.0,0.0,0.0
2024-12-17,3073,TPEX,權,58.3,57.59,0.714294,1.01232853,0.0,0.0,0.12461231551,53.0
2024-12-17,6588,TPEX,權,42.25,40.0,2.247785,1.05625,0.0,0.0,0.22471215777,32.5
2024-12-18,00710B,TWSE,息,20.0,19.74,0.26,1.01317123,0.26,0.0,0.0,0.0
2024-12-18,00711B,TWSE,息,16.5,16.31,0.19,1.01164929,0.19,0.0,0.0,0.0
2024-12-18,00712,TWSE,息,9.83,9.64,0.185,1.01918092,0.185,0.0,0.0,0.0
2024-12-18,00929,TWSE,息,17.89,17.84,0.05,1.00280269,0.05,0.0,0.0,0.0
2024-12-18,4763,TWSE,息,942.0,919.41,22.580124,1.0245591,22.580124,0.0,0.0,0.0
2024-12-18,6629,TPEX,息,121.5,116.5,5.0,1.04291845,5.0,0.0,0.0,0.0
2024-12-19,00728,TWSE,息,33.03,32.25,0.771,1.02390031,0.771,0.0,0.0,0.0
2024-12-19,00918,TWSE,息,24.1,23.26,0.84,1.0361135,0.84,0.0,0.0,0.0
2024-12-19,2753,TWSE,息,150.0,148.0,1.995498,1.01348268,1.995498,0.0,0.0,0.0
2024-12-19,3680,TPEX,息,507.0,503.2,3.796146,1.00754395,3.79614644,0.0,0.0,0.0
2024-12-19,5306,TWSE,息,126.0,124.75,1.247508,1.00999986,1.247508,0.0,0.0,0.0
2024-12-19,6548,TPEX,息,33.95,33.54,0.41,1.01222421,0.41,0.0,0.0,0.0
2024-12-19,8070,TWSE,息,46.2,45.5,0.7,1.01538462,0.7,0.0,0.0,0.0
2024-12-20,00764B,TPEX,息,30.38,30.02,0.362,1.01205943,0.362,0.0,0.0,0.0
2024-12-20,00792B,TPEX,息,33.94,33.5,0.441,1.01316457,0.441,0.0,0.0,0.0
2024-12-20,00793B,TPEX,息,32.72,32.29,0.429,1.01328544,0.429,0.0,0.0,0.0
2024-12-20,00859B,TPEX,息,43.25,42.88,0.373,1.0086993,0.373,0.0,0.0,0.0
2024-12-20,00919,TWSE,息,23.97,23.25,0.72,1.03096774,0.72,0.0,0.0,0.0
2024-12-20,00937B,TPEX,息,15.95,15.87,0.082,1.00516763,0.082,0.0,0.0,0.0
2024-12-24,00836B,TPEX,息,30.56,30.13,0.43,1.01427149,0.43,0.0,0.0,0.0
2024-12-24,00856B,TPEX,息,39.43,39.01,0.42,1.01076647,0.42,0.0,0.0,0.0
2024-12-24,00857B,TPEX,息,25.02,24.71,0.31,1.01254553,0.31,0.0,0.0,0.0
2024-12-24,00907,TWSE,息,16.01,15.79,0.22,1.01393287,0.22,0.0,0.0,0.0
2024-12-24,00958B,TPEX,息,9.52,9.48,0.042,1.00443131,0.042,0.0,0.0,0.0
2024-12-24,2065,TPEX,息,53.3,52.8,0.496197,1.00939699,0.49619673,0.0,0.0,0.0
2024-12-25,6121,TPEX,息,387.5,378.4,9.1,1.02404863,9.1,0.0,0.0,0.0
2024-12-25,6123,TPEX,息,56.8,55.8,1.0,1.01792115,1.0,0.0,0.0,0.0
2024-12-26,1805,TWSE,權,18.0,17.11,0.889084,1.05201636,0.0,0.0,0.22863576231,14.0
2024-12-26,2028,TWSE,息,21.2,20.9,0.3,1.01435407,0.3,0.0,0.0,0.0
2024-12-26,5543,TPEX,權息,21.4,20.72,0.67849,1.03274324,0.09401978,0.02820593851,0.0,0.0
2024-12-30,5278,TPEX,息,39.0,38.8,0.201214,1.0051861,0.20121448,0.0,0.0,0.0
2024-12-30,6153,TWSE,權,16.3,16.14,0.151845,1.00991326,0.0,0.0,0.0565487401099999,14.0
2024-12-31,00939,TWSE,息,14.22,14.17,0.05,1.00352858,0.05,0.0,0.0,0.0
2025-01-02,00940,TWSE,息,9.41,9.38,0.03,1.00319829,0.03,0.0,0.0,0.0
2025-01-02,00950B,TPEX,息,14.98,14.9,0.08,1.00536913,0.08,0.0,0.0,0.0
2025-01-02,2454,TWSE,息,1415.0,1386.0,29.0,1.02092352,29.0,0.0,0.0,0.0
2025-01-02,4109,TPEX,權,22.3,21.58,0.724292,1.03336423,0.0,0.0,0.16204717272,18.0
2025-01-02,5536,TPEX,息,371.5,366.5,5.0,1.01364256,5.0,0.0,0.0,0.0
2025-01-03,00959B,TPEX,息,9.86,9.81,0.052,1.00530179,0.052,0.0,0.0,0.0
2025-01-03,6217,TPEX,權,40.35,38.66,1.693115,1.04371443,0.0,0.0,0.163704366,30.9
2025-01-06,6658,TWSE,權,76.8,75.66,1.135552,1.01506741,0.0,0.0,0.07986005476,65.0
2025-01-06,6763,TPEX,息,60.7,59.8,0.9,1.01505017,0.9,0.0,0.0,0.0
2025-01-08,00946,TWSE,息,9.4,9.35,0.041,1.00438081,0.041,0.0,0.0,0.0
2025-01-08,00953B,TWSE,息,10.32,10.25,0.07,1.00682927,0.07,0.0,0.0,0.0
2025-01-08,8299,TPEX,息,510.0,496.88,13.123563,1.02641213,13.12356282,0.0,0.0,0.0
2025-01-09,1316,TWSE,權,14.7,14.22,0.479488,1.03375527,0.0,0.0,0.16195151394,12.0
2025-01-10,6488,TPEX,息,369.0,364.0,5.0,1.01373626,5.0,0.0,0.0,0.0
2025-01-14,2543,TWSE,權,67.2,66.5,0.699956,1.01052632,0.0,0.0,0.0624956808,58.1
2025-01-16,00734B,TPEX,息,15.54,15.38,0.16,1.01040312,0.16,0.0,0.0,0.0
2025-01-16,00789B,TPEX,息,50.65,50.03,0.62,1.01239256,0.62,0.0,0.0,0.0
2025-01-16,00790B,TPEX,息,55.35,54.74,0.61,1.01114359,0.61,0.0,0.0,0.0
2025-01-16,00791B,TPEX,息,58.5,57.93,0.572,1.00987433,0.572,0.0,0.0,0.0
2025-01-16,00842B,TPEX,息,32.81,32.31,0.5,1.01547509,0.5,0.0,0.0,0.0
2025-01-16,00929,TWSE,息,17.92,17.87,0.05,1.00279799,0.05,0.0,0.0,0.0
2025-01-16,00936,TWSE,息,14.8,14.75,0.05,1.00338983,0.05,0.0,0.0,0.0
2025-01-16,00942B,TPEX,息,14.83,14.76,0.07,1.00474255,0.07,0.0,0.0,0.0
2025-01-17,0050,TWSE,息,198.05,195.35,2.7,1.01382135,2.7,0.0,0.0,0.0
2025-01-17,0056,TWSE,息,36.39,35.32,1.07,1.03029445,1.07,0.0,0.0,0.0
2025-01-17,006203,TWSE,息,93.1,91.2,1.9,1.02083333,1.9,0.0,0.0,0.0
2025-01-17,00694B,TPEX,息,42.85,42.56,0.293,1.00688488,0.293,0.0,0.0,0.0
2025-01-17,00695B,TPEX,息,35.7,35.4,0.299,1.00844609,0.299,0.0,0.0,0.0
2025-01-17,00696B,TPEX,息,30.61,30.34,0.267,1.00879939,0.267,0.0,0.0,0.0
2025-01-17,00701,TWSE,息,29.16,27.11,2.05,1.07561785,2.05,0.0,0.0,0.0
2025-01-17,00702,TWSE,息,25.04,24.34,0.7,1.02875924,0.7,0.0,0.0,0.0
2025-01-17,00717,TWSE,息,16.26,16.1,0.157,1.00974974,0.157,0.0,0.0,0.0
2025-01-17,00719B,TPEX,息,32.54,32.19,0.35,1.01087294,0.35,0.0,0.0,0.0
2025-01-17,00720B,TPEX,息,35.07,34.57,0.5,1.01446341,0.5,0.0,0.0,0.0
2025-01-17,00725B,TPEX,息,37.43,36.77,0.662,1.01800479,0.662,0.0,0.0,0.0
2025-01-17,00726B,TPEX,息,33.98,33.38,0.6,1.01797484,0.6,0.0,0.0,0.0
2025-01-17,00727B,TPEX,息,41.98,41.41,0.57,1.01376479,0.57,0.0,0.0,0.0
2025-01-17,00730,TWSE,息,22.99,22.9,0.086,1.0037548,0.086,0.0,0.0,0.0
2025-01-17,00735,TWSE,息,33.05,32.88,0.17,1.00517032,0.17,0.0,0.0,0.0
2025-01-17,00736,TWSE,息,22.99,22.72,0.27,1.0118838,0.27,0.0,0.0,0.0
2025-01-17,00740B,TPEX,息,40.23,40.03,0.196,1.00489584,0.196,0.0,0.0,0.0
2025-01-17,00741B,TPEX,息,40.09,39.87,0.217,1.00544228,0.217,0.0,0.0,0.0
2025-01-17,00746B,TPEX,息,36.81,36.39,0.425,1.01168064,0.425,0.0,0.0,0.0
2025-01-17,00749B,TPEX,息,31.32,30.88,0.44,1.0142487,0.44,0.0,0.0,0.0
2025-01-17,00750B,TPEX,息,35.08,34.69,0.395,1.01138821,0.395,0.0,0.0,0.0
2025-01-17,00770,TWSE,息,52.1,48.1,4.0,1.08316008,4.0,0.0,0.0,0.0
2025-01-17,00772B,TPEX,息,35.01,34.88,0.13,1.00372706,0.13,0.0,0.0,0.0
2025-01-17,00773B,TPEX,息,36.75,36.61,0.138,1.00376926,0.138,0.0,0.0,0.0
2025-01-17,00777B,TPEX,息,34.49,34.35,0.145,1.00422187,0.145,0.0,0.0,0.0
2025-01-17,00778B,TPEX,息,35.94,35.8,0.145,1.00405085,0.145,0.0,0.0,0.0
2025-01-17,00782B,TPEX,息,32.68,32.18,0.5,1.0155376,0.5,0.0,0.0,0.0
2025-01-17,00784B,TPEX,息,39.53,39.19,0.345,1.00880439,0.345,0.0,0.0,0.0
2025-01-17,00785B,TPEX,息,36.09,35.64,0.454,1.01273993,0.454,0.0,0.0,0.0
2025-01-17,00788B,TPEX,息,31.65,31.19,0.46,1.01474832,0.46,0.0,0.0,0.0
2025-01-17,00830,TWSE,息,47.78,43.82,3.96,1.09036969,3.96,0.0,0.0,0.0
2025-01-17,00840B,TPEX,息,31.56,31.43,0.13,1.00413618,0.13,0.0,0.0,0.0
2025-01-17,00848B,TPEX,息,35.26,34.81,0.45,1.01292732,0.45,0.0,0.0,0.0
2025-01-17,00849B,TPEX,息,38.48,38.15,0.33,1.00865007,0.33,0.0,0.0,0.0
2025-01-17,00870B,TPEX,息,29.1,28.7,0.4,1.01393728,0.4,0.0,0.0,0.0
2025-01-17,00881,TWSE,息,24.61,23.86,0.75,1.03143336,0.75,0.0,0.0,0.0
2025-01-17,00882,TWSE,息,12.78,12.25,0.53,1.04326531,0.53,0.0,0.0,0.0
2025-01-17,00883B,TPEX,息,32.21,32.04,0.17,1.00530587,0.17,0.0,0.0,0.0
2025-01-17,00884B,TPEX,息,30.2,29.73,0.475,1.01597981,0.475,0.0,0.0,0.0
2025-01-17,00890B,TPEX,息,34.02,33.85,0.17,1.00502216,0.17,0.0,0.0,0.0
2025-01-17,00900,TWSE,息,13.81,13.71,0.1,1.00729395,0.1,0.0,0.0,0.0
2025-01-17,00908,TWSE,息,12.35,12.21,0.138,1.01130036,0.138,0.0,0.0,0.0
2025-01-17,00912,TWSE,息,19.31,18.92,0.39,1.02061311,0.39,0.0,0.0,0.0
2025-01-17,00917,TWSE,息,24.23,22.23,2.0,1.08996851,2.0,0.0,0.0,0.0
2025-01-17,00920,TWSE,息,12.68,12.47,0.206,1.01651435,0.206,0.0,0.0,0.0
2025-01-17,00928,TPEX,息,16.3,15.92,0.38,1.02386935,0.38,0.0,0.0,0.0
2025-01-17,00931B,TPEX,息,14.24,14.09,0.15,1.01064585,0.15,0.0,0.0,0.0
2025-01-17,00933B,TPEX,息,16.65,16.57,0.082,1.0049493,0.082,0.0,0.0,0.0
2025-01-17,00934,TWSE,息,17.94,17.91,0.026,1.00145138,0.026,0.0,0.0,0.0
2025-01-17,00943,TWSE,息,14.22,14.2,0.018,1.00126743,0.018,0.0,0.0,0.0
2025-01-17,00944,TWSE,息,14.45,14.39,0.058,1.00403002,0.058,0.0,0.0,0.0
2025-01-17,00945B,TWSE,息,15.65,15.55,0.1,1.00643087,0.1,0.0,0.0,0.0
2025-01-17,00948B,TPEX,息,9.9,9.86,0.042,1.0042605,0.042,0.0,0.0,0.0
2025-01-17,00956,TWSE,息,9.62,9.51,0.11,1.01156677,0.11,0.0,0.0,0.0
2025-01-17,00957B,TPEX,息,14.36,14.29,0.072,1.00503919,0.072,0.0,0.0,0.0
2025-01-17,00960,TWSE,息,14.26,14.08,0.18,1.01278409,0.18,0.0,0.0,0.0
2025-01-20,5483,TPEX,息,121.0,118.0,3.0,1.02542373,3.0,0.0,0.0,0.0
2025-01-21,00904,TWSE,息,18.71,18.56,0.15,1.0080819,0.15,0.0,0.0,0.0
2025-01-21,1707,TWSE,息,148.5,145.8,2.7,1.01851852,2.7,0.0,0.0,0.0
2025-01-22,00714,TWSE,息,21.19,21.06,0.123,1.00583852,0.123,0.0,0.0,0.0
2025-01-22,00722B,TPEX,息,38.44,37.89,0.55,1.0145157,0.55,0.0,0.0,0.0
2025-01-22,00723B,TPEX,息,33.51,33.05,0.46,1.01391831,0.46,0.0,0.0,0.0
2025-01-22,00724B,TPEX,息,35.22,34.72,0.499,1.01437171,0.499,0.0,0.0,0.0
2025-01-22,00834B,TPEX,息,35.28,34.91,0.371,1.01062763,0.371,0.0,0.0,0.0
2025-01-22,00858,TPEX,息,35.35,33.45,1.9,1.0568012,1.9,0.0,0.0,0.0
2025-01-22,00888,TPEX,息,16.82,16.6,0.22,1.01325301,0.22,0.0,0.0,0.0
2025-01-22,00927,TWSE,息,18.35,17.98,0.37,1.02057842,0.37,0.0,0.0,0.0
2025-01-22,00930,TWSE,息,17.96,17.8,0.16,1.00898876,0.16,0.0,0.0,0.0
2025-01-22,00937B,TPEX,息,15.74,15.66,0.082,1.00523694,0.082,0.0,0.0,0.0
2025-01-22,00958B,TPEX,息,9.51,9.47,0.042,1.00443599,0.042,0.0,0.0,0.0
2025-02-03,4114,TPEX,權,33.4,33.16,0.244359,1.00723764,0.0,0.0,0.06200667973,30.2
2025-02-05,2540,TWSE,權,90.8,90.22,0.577855,1.00642873,0.0,0.0,0.06000864364,83.0
2025-02-05,3260,TPEX,權,76.4,74.98,1.423068,1.01893838,0.0,0.0,0.07636161723,61.0
2025-02-05,3289,TPEX,息,131.5,130.2,1.298472,1.00997278,1.29847171,0.0,0.0,0.0
2025-02-06,00940,TWSE,息,9.3,9.27,0.03,1.00323625,0.03,0.0,0.0,0.0
2025-02-07,2547,TWSE,權,11.05,10.99,0.057966,1.00545951,0.0,0.0,0.062820999,10.3
2025-02-11,00939,TWSE,息,14.1,14.05,0.05,1.00355872,0.05,0.0,0.0,0.0
2025-02-11,00950B,TPEX,息,14.94,14.86,0.079,1.00531593,0.079,0.0,0.0,0.0
2025-02-12,00959B,TPEX,息,9.92,9.87,0.05,1.00506586,0.05,0.0,0.0,0.0
2025-02-12,4735,TPEX,權,38.8,38.59,0.207092,1.00544182,0.0,0.0,0.10403794981,37.1
2025-02-12,6438,TWSE,權,223.5,221.62,1.8791,1.00848299,0.0,0.0,0.0384841651799999,185.0
2025-02-13,00946,TWSE,息,9.16,9.13,0.025,1.00273673,0.025,0.0,0.0,0.0
2025-02-13,00953B,TWSE,息,10.37,10.3,0.07,1.00679612,0.07,0.0,0.0,0.0
2025-02-13,3313,TPEX,權,15.2,14.45,0.753723,1.05190311,0.0,0.0,0.24648817163,12.0
2025-02-13,6024,TWSE,權,57.5,56.75,0.742786,1.01321586,0.0,0.0,0.15016329022,52.8
2025-02-13,6806,TWSE,權,121.5,113.94,7.555266,1.06635071,0.0,0.0,0.17806037779,80.0
2025-02-14,4557,TWSE,權,139.0,134.12,4.877862,1.03638533,0.0,0.0,0.10721474207,100.0
2025-02-17,00936,TWSE,息,15.25,15.22,0.03,1.00197109,0.03,0.0,0.0,0.0
2025-02-17,4564,TWSE,權,24.0,23.35,0.644363,1.02783726,0.0,0.0,0.11095314506,19.0
2025-02-18,00690,TWSE,息,36.37,35.67,0.7,1.01962433,0.7,0.0,0.0,0.0
2025-02-18,00754B,TPEX,息,36.37,35.92,0.453,1.01261241,0.453,0.0,0.0,0.0
2025-02-18,00755B,TPEX,息,34.76,34.29,0.472,1.01376575,0.472,0.0,0.0,0.0
2025-02-18,00756B,TPEX,息,32.67,32.16,0.508,1.01579504,0.508,0.0,0.0,0.0
2025-02-18,00772B,TPEX,息,35.45,35.31,0.137,1.00387959,0.137,0.0,0.0,0.0
2025-02-18,00773B,TPEX,息,37.3,37.16,0.143,1.00384853,0.143,0.0,0.0,0.0
2025-02-18,00777B,TPEX,息,34.85,34.71,0.145,1.00417807,0.145,0.0,0.0,0.0
2025-02-18,00778B,TPEX,息,36.47,36.33,0.145,1.00399174,0.145,0.0,0.0,0.0
2025-02-18,00794B,TPEX,息,43.29,42.99,0.3,1.00697837,0.3,0.0,0.0,0.0
2025-02-18,00795B,TPEX,息,29.32,28.94,0.38,1.01313062,0.38,0.0,0.0,0.0
2025-02-18,00840B,TPEX,息,31.82,31.69,0.13,1.00410224,0.13,0.0,0.0,0.0
2025-02-18,00841B,TPEX,息,31.49,31.14,0.35,1.01123956,0.35,0.0,0.0,0.0
2025-02-18,00847B,TPEX,息,27.73,27.38,0.35,1.01278305,0.35,0.0,0.0,0.0
2025-02-18,00860B,TPEX,息,39.69,39.21,0.484,1.01234505,0.484,0.0,0.0,0.0
2025-02-18,00883B,TPEX,息,32.66,32.5,0.16,1.00492308,0.16,0.0,0.0,0.0
2025-02-18,00890B,TPEX,息,34.41,34.24,0.17,1.00496495,0.17,0.0,0.0,0.0
2025-02-18,00891,TWSE,息,18.83,18.42,0.41,1.02225841,0.41,0.0,0.0,0.0
2025-02-18,00894,TWSE,息,21.23,20.68,0.55,1.02659574,0.55,0.0,0.0,0.0
2025-02-18,00913,TWSE,息,21.16,20.66,0.5,1.02420136,0.5,0.0,0.0,0.0
2025-02-18,00923,TWSE,息,22.55,21.78,0.77,1.03535354,0.77,0.0,0.0,0.0
2025-02-18,00932,TWSE,息,15.83,15.73,0.1,1.00635728,0.1,0.0,0.0,0.0
2025-02-18,00934,TWSE,息,18.67,18.64,0.026,1.00139455,0.026,0.0,0.0,0.0
2025-02-18,00937B,TPEX,息,15.86,15.78,0.082,1.00519711,0.082,0.0,0.0,0.0
2025-02-18,00942B,TPEX,息,15.21,15.14,0.07,1.00462351,0.07,0.0,0.0,0.0
2025-02-18,00944,TWSE,息,14.87,14.81,0.058,1.00391574,0.058,0.0,0.0,0.0
2025-02-18,00945B,TWSE,息,15.59,15.49,0.1,1.00645578,0.1,0.0,0.0,0.0
2025-02-18,00948B,TPEX,息,10.03,9.99,0.045,1.00450676,0.045,0.0,0.0,0.0
2025-02-18,00957B,TPEX,息,14.56,14.49,0.074,1.00510838,0.074,0.0,0.0,0.0
2025-02-18,3512,TPEX,權,33.0,32.01,0.990516,1.03092784,0.0,0.0,0.13186038145,26.0
2025-02-18,3709,TPEX,權,29.55,28.45,1.104966,1.03866432,0.0,0.0,0.1988675487399999,24.0
2025-02-18,6023,TPEX,權,89.5,88.05,1.453233,1.01646792,0.0,0.0,0.08276538804,74.0
2025-02-18,8033,TWSE,權,66.7,65.59,1.107255,1.01692331,0.0,0.0,0.05608927028,49.8
2025-02-19,00718B,TPEX,息,21.19,20.73,0.463,1.02233801,0.463,0.0,0.0,0.0
2025-02-19,00730,TWSE,息,23.66,23.56,0.1,1.00424448,0.1,0.0,0.0,0.0
2025-02-19,00731,TWSE,息,68.4,67.8,0.593,1.00874541,0.593,0.0,0.0,0.0
2025-02-19,00740B,TPEX,息,40.69,40.49,0.196,1.00484022,0.196,0.0,0.0,0.0
2025-02-19,00741B,TPEX,息,39.99,39.74,0.249,1.00626557,0.249,0.0,0.0,0.0
2025-02-19,00758B,TPEX,息,53.45,52.83,0.62,1.01173576,0.62,0.0,0.0,0.0
2025-02-19,00759B,TPEX,息,57.4,56.74,0.66,1.01163201,0.66,0.0,0.0,0.0
2025-02-19,00760B,TPEX,息,55.95,55.24,0.71,1.01285301,0.71,0.0,0.0,0.0
2025-02-19,00845B,TPEX,息,33.98,33.66,0.317,1.00941687,0.317,0.0,0.0,0.0
2025-02-19,00846B,TPEX,息,37.02,36.57,0.451,1.01233285,0.451,0.0,0.0,0.0
2025-02-19,00900,TWSE,息,14.19,14.09,0.1,1.00709723,0.1,0.0,0.0,0.0
2025-02-19,00929,TWSE,息,18.67,18.62,0.05,1.00268528,0.05,0.0,0.0,0.0
2025-02-19,6625,TWSE,權,81.1,79.06,2.033724,1.02580319,0.0,0.0,0.1470213229999999,68.0
2025-02-19,8932,TPEX,權,100.0,99.76,0.242161,1.00240577,0.0,0.0,0.01985367075,90.0
2025-02-20,00761B,TPEX,息,36.62,36.12,0.5,1.01384275,0.5,0.0,0.0,0.0
2025-02-20,00775B,TWSE,息,33.78,33.37,0.41,1.01228648,0.41,0.0,0.0,0.0
2025-02-20,00780B,TPEX,息,38.41,38.01,0.4,1.01052355,0.4,0.0,0.0,0.0
2025-02-20,00799B,TPEX,息,32.56,32.01,0.55,1.01718213,0.55,0.0,0.0,0.0
2025-02-20,00844B,TPEX,息,33.15,32.7,0.45,1.01376147,0.45,0.0,0.0,0.0
2025-02-20,00867B,TPEX,息,33.26,32.83,0.43,1.01309778,0.43,0.0,0.0,0.0
2025-02-20,00878,TWSE,息,22.96,22.46,0.5,1.0222618,0.5,0.0,0.0,0.0
2025-02-20,00933B,TPEX,息,16.81,16.73,0.082,1.00490196,0.082,0.0,0.0,0.0
2025-02-20,5604,TPEX,息,45.35,43.05,2.3,1.05342625,2.3,0.0,0.0,0.0
2025-02-20,6823,TPEX,權,69.3,65.07,4.227643,1.06500692,0.0,0.0,0.19810472311,48.0
2025-02-20,8349,TPEX,權,62.8,61.82,0.981899,1.01585247,0.0,0.0,0.08908033044,53.0
2025-02-20,8349A,TPEX,權,51.2,50.41,0.785689,1.01567149,0.0,0.0,0.08908033044,53.0
2025-02-21,00679B,TPEX,息,28.74,28.44,0.3,1.01054852,0.3,0.0,0.0,0.0
2025-02-21,00771,TWSE,息,17.83,17.61,0.22,1.0124929,0.22,0.0,0.0,0.0
2025-02-21,00786B,TPEX,息,34.27,33.85,0.42,1.01240768,0.42,0.0,0.0,0.0
2025-02-21,00850,TWSE,息,46.56,45.9,0.66,1.01437908,0.66,0.0,0.0,0.0
2025-02-21,00967B,TPEX,息,9.68,9.64,0.037,1.00383698,0.037,0.0,0.0,0.0
2025-02-21,00968B,TPEX,息,9.79,9.74,0.051,1.00523668,0.051,0.0,0.0,0.0
2025-02-21,6613,TPEX,息,243.0,240.1,2.901732,1.0120856,2.90173206,0.0,0.0,0.0
2025-02-24,00907,TWSE,息,16.19,16.06,0.13,1.00809465,0.13,0.0,0.0,0.0
2025-02-24,00958B,TPEX,息,9.65,9.61,0.038,1.00395339,0.038,0.0,0.0,0.0
2025-02-25,6177,TWSE,權,47.05,46.55,0.492367,1.01074114,0.0,0.0,0.034977035,36.0
2025-02-25,8054,TPEX,權,121.5,119.12,2.384404,1.01997985,0.0,0.0,0.06551552746,90.0
2025-02-25,8155,TPEX,權,122.5,120.49,2.009627,1.01668188,0.0,0.0,0.07846129553,100.0
2025-02-25,8466,TWSE,權,41.3,40.97,0.327268,1.00805467,0.0,0.0,0.11519803665,38.7
2025-03-03,6854,TWSE,權,235.5,231.26,4.238238,1.01833434,0.0,0.0,0.07347547349,188.0
2025-03-04,3390,TPEX,權,28.6,27.76,0.835885,1.03025937,0.0,0.0,0.10876144654,22.0
2025-03-04,4966,TPEX,息,662.0,654.81,7.188062,1.01097729,7.18806219,0.0,0.0,0.0
2025-03-05,00939,TWSE,息,14.4,14.35,0.05,1.00348432,0.05,0.0,0.0,0.0
2025-03-05,3466,TPEX,權,60.2,58.05,2.147587,1.03703704,0.0,0.0,0.20002578218,50.0
2025-03-06,00946,TWSE,息,9.63,9.6,0.025,1.00260281,0.025,0.0,0.0,0.0
2025-03-06,00953B,TWSE,息,10.35,10.28,0.07,1.00680934,0.07,0.0,0.0,0.0
2025-03-06,00966B,TPEX,息,15.14,15.0,0.14,1.00933333,0.14,0.0,0.0,0.0
2025-03-06,1598,TWSE,權,30.9,30.63,0.268478,1.00881489,0.0,0.0,0.05914385863,27.0
2025-03-07,00950B,TPEX,息,15.04,14.96,0.079,1.0052804,0.079,0.0,0.0,0.0
2025-03-07,00959B,TPEX,息,10.0,9.95,0.05,1.00502513,0.05,0.0,0.0,0.0
2025-03-10,5278,TPEX,息,36.3,36.12,0.176532,1.00488691,0.17653203,0.0,0.0,0.0
2025-03-11,00940,TWSE,息,9.54,9.51,0.03,1.00315457,0.03,0.0,0.0,0.0
2025-03-11,00970B,TPEX,息,10.12,10.07,0.053,1.00526473,0.053,0.0,0.0,0.0
2025-03-12,8071,TPEX,權,21.45,20.95,0.499956,1.02386635,0.0,0.0,0.12697118963,17.8
2025-03-13,01009T,TWSE,息,7.0,6.86,0.138076,1.02012205,0.138076,0.0,0.0,0.0
2025-03-13,1712,TWSE,息,45.45,42.95,2.5,1.05820722,2.5,0.0,0.0,0.0
2025-03-13,2528,TWSE,息,45.25,43.25,2.0,1.04624277,2.0,0.0,0.0,0.0
2025-03-13,2613,TWSE,息,33.5,32.5,1.0,1.03076923,1.0,0.0,0.0,0.0
2025-03-13,6423,TWSE,息,93.4,92.41,0.99,1.01071313,0.99,0.0,0.0,0.0
2025-03-13,6548,TPEX,息,34.5,34.05,0.450024,1.01321656,0.45002367,0.0,0.0,0.0
2025-03-17,00936,TWSE,息,15.51,15.48,0.03,1.00193798,0.03,0.0,0.0,0.0
2025-03-17,00942B,TPEX,息,15.25,15.18,0.068,1.00447899,0.068,0.0,0.0,0.0
2025-03-17,00980B,TPEX,息,10.09,10.04,0.053,1.00528046,0.053,0.0,0.0,0.0
2025-03-17,2630,TWSE,息,34.95,34.32,0.62056,1.01807661,0.62056,0.0,0.0,0.0
2025-03-18,00687B,TPEX,息,30.82,30.47,0.35,1.01148671,0.35,0.0,0.0,0.0
2025-03-18,00730,TWSE,息,22.98,22.88,0.1,1.00437063,0.1,0.0,0.0,0.0
2025-03-18,00740B,TPEX,息,40.82,40.64,0.179,1.00440442,0.179,0.0,0.0,0.0
2025-03-18,00741B,TPEX,息,39.44,39.24,0.203,1.00517369,0.203,0.0,0.0,0.0
2025-03-18,00764B,TPEX,息,30.93,30.57,0.362,1.01184245,0.362,0.0,0.0,0.0
2025-03-18,00772B,TPEX,息,35.74,35.6,0.142,1.00398899,0.142,0.0,0.0,0.0
2025-03-18,00773B,TPEX,息,37.34,37.19,0.15,1.00403334,0.15,0.0,0.0,0.0
2025-03-18,00777B,TPEX,息,35.07,34.92,0.15,1.00429553,0.15,0.0,0.0,0.0
2025-03-18,00778B,TPEX,息,36.35,36.2,0.148,1.00408817,0.148,0.0,0.0,0.0
2025-03-18,00779B,TPEX,息,31.13,30.85,0.28,1.00907618,0.28,0.0,0.0,0.0
2025-03-18,00781B,TPEX,息,32.15,31.6,0.55,1.01740506,0.55,0.0,0.0,0.0
2025-03-18,00792B,TPEX,息,33.94,33.5,0.444,1.01325531,0.444,0.0,0.0,0.0
2025-03-18,00793B,TPEX,息,33.05,32.65,0.397,1.01215815,0.397,0.0,0.0,0.0
2025-03-18,00840B,TPEX,息,31.98,31.85,0.135,1.00423928,0.135,0.0,0.0,0.0
2025-03-18,00853B,TPEX,息,29.51,29.16,0.35,1.01200274,0.35,0.0,0.0,0.0
2025-03-18,00859B,TPEX,息,43.75,43.37,0.377,1.00869204,0.377,0.0,0.0,0.0
2025-03-18,00862B,TPEX,息,33.71,33.37,0.345,1.01034018,0.345,0.0,0.0,0.0
2025-03-18,00863B,TPEX,息,34.41,33.96,0.45,1.01325088,0.45,0.0,0.0,0.0
2025-03-18,00883B,TPEX,息,32.74,32.59,0.15,1.00460264,0.15,0.0,0.0,0.0
2025-03-18,00890B,TPEX,息,34.4,34.25,0.155,1.00452621,0.155,0.0,0.0,0.0
2025-03-18,00896,TWSE,息,16.66,16.21,0.45,1.02776064,0.45,0.0,0.0,0.0
2025-03-18,00900,TWSE,息,13.99,13.89,0.1,1.00719942,0.1,0.0,0.0,0.0
2025-03-18,00919,TWSE,息,23.74,23.02,0.72,1.03127715,0.72,0.0,0.0,0.0
2025-03-18,00921,TWSE,息,17.23,17.15,0.08,1.00466472,0.08,0.0,0.0,0.0
2025-03-18,00922,TWSE,息,21.11,20.48,0.63,1.03076172,0.63,0.0,0.0,0.0
2025-03-18,00933B,TPEX,息,16.87,16.79,0.082,1.00488444,0.082,0.0,0.0,0.0
2025-03-18,00934,TWSE,息,18.25,18.22,0.026,1.00142669,0.026,0.0,0.0,0.0
2025-03-18,00935,TWSE,息,21.43,20.83,0.6,1.02880461,0.6,0.0,0.0,0.0
2025-03-18,00937B,TPEX,息,15.89,15.81,0.08,1.00506009,0.08,0.0,0.0,0.0
2025-03-18,00944,TWSE,息,14.85,14.79,0.058,1.00392104,0.058,0.0,0.0,0.0
2025-03-18,00945B,TWSE,息,15.4,15.29,0.102,1.00666754,0.102,0.0,0.0,0.0
2025-03-18,00948B,TPEX,息,10.06,10.01,0.048,1.00479425,0.048,0.0,0.0,0.0
2025-03-18,00957B,TPEX,息,14.59,14.52,0.075,1.00516707,0.075,0.0,0.0,0.0
2025-03-18,00963,TWSE,息,10.79,10.73,0.055,1.00512343,0.055,0.0,0.0,0.0
2025-03-18,00964,TWSE,息,10.28,10.24,0.04,1.00390625,0.04,0.0,0.0,0.0
2025-03-18,2330,TWSE,息,970.0,965.49,4.50002,1.00466082,4.50002,0.0,0.0,0.0
2025-03-18,5306,TWSE,息,125.0,123.47,1.525165,1.01235203,1.525165,0.0,0.0,0.0
2025-03-18,9802,TWSE,息,136.5,134.59,1.900147,1.01411701,1.900147,0.0,0.0,0.0
2025-03-19,00710B,TWSE,息,20.27,19.95,0.32,1.0160401,0.32,0.0,0.0,0.0
2025-03-19,00711B,TWSE,息,16.65,16.46,0.19,1.01154313,0.19,0.0,0.0,0.0
2025-03-19,00712,TWSE,息,10.19,10.0,0.183,1.0182872,0.183,0.0,0.0,0.0
2025-03-19,00915,TWSE,息,24.5,24.0,0.5,1.02083333,0.5,0.0,0.0,0.0
2025-03-19,00929,TWSE,息,18.45,18.4,0.05,1.00271739,0.05,0.0,0.0,0.0
2025-03-19,6462,TPEX,權,129.0,126.33,2.666647,1.02113512,0.0,0.0,0.08219110168,102.0
2025-03-19,6697,TPEX,息,50.7,48.6,2.1,1.04320988,2.1,0.0,0.0,0.0
2025-03-19,6895,TPEX,息,155.5,153.2,2.3,1.01501305,2.3,0.0,0.0,0.0
2025-03-19,9105,TWSE,息,7.54,7.42,0.118755,1.01600203,0.118755,0.0,0.0,0.0
2025-03-20,00728,TWSE,息,31.15,30.37,0.771,1.02537937,0.771,0.0,0.0,0.0
2025-03-20,00836B,TPEX,息,31.09,30.66,0.43,1.01402479,0.43,0.0,0.0,0.0
2025-03-20,00856B,TPEX,息,39.93,39.5,0.43,1.01088608,0.43,0.0,0.0,0.0
2025-03-20,00857B,TPEX,息,25.79,25.47,0.32,1.0125638,0.32,0.0,0.0,0.0
2025-03-20,00918,TWSE,息,23.14,22.44,0.7,1.0311943,0.7,0.0,0.0,0.0
2025-03-20,00930,TWSE,息,18.17,17.92,0.25,1.01395089,0.25,0.0,0.0,0.0
2025-03-20,00958B,TPEX,息,9.7,9.65,0.046,1.00476486,0.046,0.0,0.0,0.0
2025-03-20,1342,TWSE,息,105.0,100.2,4.792902,1.04782997,4.792902,0.0,0.0,0.0
2025-03-20,2006,TWSE,息,76.6,72.6,4.0,1.05509642,4.0,0.0,0.0,0.0
2025-03-20,2101,TWSE,息,42.4,41.9,0.5,1.01193317,0.5,0.0,0.0,0.0
2025-03-20,2301,TWSE,息,105.5,102.99,2.506595,1.02433743,2.506595,0.0,0.0,0.0
2025-03-20,2430,TWSE,息,31.95,30.45,1.5,1.04926108,1.5,0.0,0.0,0.0
2025-03-20,3008,TWSE,息,2525.0,2467.5,57.5,1.02330294,57.5,0.0,0.0,0.0
2025-03-20,3029,TWSE,息,147.0,142.0,5.0,1.03521127,5.0,0.0,0.0,0.0
2025-03-20,3149,TWSE,權,36.75,35.55,1.193457,1.03375527,0.0,0.0,0.17182720686,30.0
2025-03-20,6015,TPEX,息,10.85,10.35,0.5,1.04830918,0.5,0.0,0.0,0.0
2025-03-20,6534,TWSE,息,83.3,79.7,3.6,1.04516939,3.6,0.0,0.0,0.0
2025-03-20,6590,TPEX,息,83.8,81.0,2.8,1.0345679,2.8,0.0,0.0,0.0
2025-03-20,6821,TPEX,息,40.5,39.51,0.994787,1.02518115,0.99478673,0.0,0.0,0.0
2025-03-20,6953,TPEX,息,206.0,200.0,6.0,1.03,6.0,0.0,0.0,0.0
2025-03-20,7714,TPEX,息,90.3,87.8,2.5,1.0284738,2.5,0.0,0.0,0.0
2025-03-21,00697B,TPEX,息,37.45,37.17,0.28,1.00753296,0.28,0.0,0.0,0.0
2025-03-21,00713,TWSE,息,55.1,53.7,1.4,1.02607076,1.4,0.0,0.0,0.0
2025-03-21,00751B,TPEX,息,34.9,34.45,0.45,1.01306241,0.45,0.0,0.0,0.0
2025-03-21,00787B,TPEX,息,35.13,34.65,0.48,1.01385281,0.48,0.0,0.0,0.0
2025-03-21,00967B,TPEX,息,10.01,9.97,0.037,1.00371002,0.037,0.0,0.0,0.0
2025-03-21,00968B,TPEX,息,9.95,9.9,0.051,1.00515204,0.051,0.0,0.0,0.0
2025-03-21,01010T,TWSE,息,10.12,9.92,0.199935,1.02015461,0.199935,0.0,0.0,0.0
2025-03-21,3357,TPEX,息,124.5,119.5,5.0,1.041841,5.0,0.0,0.0,0.0
2025-03-21,4583,TWSE,息,777.0,765.0,12.0,1.01568627,12.0,0.0,0.0,0.0
2025-03-21,4972,TPEX,息,24.0,23.2,0.8,1.03448276,0.8,0.0,0.0,0.0
2025-03-21,6235,TWSE,息,58.6,57.38,1.219664,1.02125578,1.219664,0.0,0.0,0.0
2025-03-21,6281,TWSE,息,81.0,77.0,4.0,1.05194805,4.0,0.0,0.0,0.0
2025-03-24,5222,TWSE,息,136.5,132.5,4.0,1.03018868,4.0,0.0,0.0,0.0
2025-03-24,5478,TPEX,息,128.5,121.0,7.5,1.06198347,7.5,0.0,0.0,0.0
2025-03-25,4163,TPEX,息,107.0,103.5,3.5,1.03381643,3.5,0.0,0.0,0.0
2025-03-25,5007,TWSE,息,56.0,53.0,3.0,1.05660377,3.0,0.0,0.0,0.0
2025-03-26,1611,TWSE,息,16.4,15.6,0.8,1.05128205,0.8,0.0,0.0,0.0
2025-03-26,2108,TWSE,息,32.35,31.35,1.0,1.03189793,1.0,0.0,0.0,0.0
2025-03-26,3218,TPEX,息,228.0,220.5,7.5,1.03401361,7.5,0.0,0.0,0.0
2025-03-26,6846,TPEX,息,85.4,81.8,3.598666,1.04399276,3.59866636,0.0,0.0,0.0
2025-03-26,8930,TPEX,息,42.05,39.25,2.8,1.07133758,2.8,0.0,0.0,0.0
2025-03-27,01004T,TWSE,息,11.83,11.62,0.204597,1.01759913,0.204597,0.0,0.0,0.0
2025-03-27,1341,TWSE,息,74.7,69.5,5.2,1.07482014,5.2,0.0,0.0,0.0
2025-03-27,1445,TWSE,息,16.85,16.35,0.5,1.03058104,0.5,0.0,0.0,0.0
2025-03-27,1477,TWSE,息,343.5,333.4,10.1,1.03029394,10.1,0.0,0.0,0.0
2025-03-27,2015,TWSE,息,72.0,68.5,3.5,1.05109489,3.5,0.0,0.0,0.0
2025-03-27,2324,TWSE,息,36.5,35.1,1.4,1.03988604,1.4,0.0,0.0,0.0
2025-03-27,2458,TWSE,息,157.0,153.23,3.763396,1.02455938,3.763396,0.0,0.0,0.0
2025-03-27,2483,TWSE,息,21.75,21.45,0.3,1.01398601,0.3,0.0,0.0,0.0
2025-03-27,2496,TWSE,息,89.0,83.32,5.68,1.06817091,5.68,0.0,0.0,0.0
2025-03-27,2752,TPEX,息,250.5,236.5,14.0,1.05919662,14.0,0.0,0.0,0.0
2025-03-27,2756,TPEX,息,80.1,78.8,1.3,1.01649746,1.3,0.0,0.0,0.0
2025-03-27,2947,TPEX,息,88.3,87.2,1.1,1.01261468,1.1,0.0,0.0,0.0
2025-03-27,3038,TWSE,息,28.8,27.3,1.5,1.05494505,1.5,0.0,0.0,0.0
2025-03-27,3164,TWSE,息,22.5,21.7,0.8,1.03686636,0.8,0.0,0.0,0.0
2025-03-27,3188,TPEX,息,32.8,31.0,1.8,1.05806452,1.8,0.0,0.0,0.0
2025-03-27,4105,TPEX,息,78.5,74.3,4.2,1.05652759,4.2,0.0,0.0,0.0
2025-03-27,4420,TPEX,息,68.0,62.5,5.5,1.088,5.5,0.0,0.0,0.0
2025-03-27,4770,TWSE,息,331.0,319.0,12.0,1.03761755,12.0,0.0,0.0,0.0
2025-03-27,4949,TWSE,息,40.9,39.8,1.099565,1.02762696,1.099565,0.0,0.0,0.0
2025-03-27,5201,TPEX,息,38.5,37.15,1.35,1.03633917,1.35,0.0,0.0,0.0
2025-03-27,5225,TWSE,息,137.5,127.1,10.394332,1.08177709,10.394332,0.0,0.0,0.0
2025-03-27,5388,TWSE,息,129.5,124.9,4.6,1.03682946,4.6,0.0,0.0,0.0
2025-03-27,5520,TPEX,息,88.1,82.6,5.5,1.06658596,5.5,0.0,0.0,0.0
2025-03-27,6020,TPEX,息,19.0,18.49,0.508944,1.02752381,0.50894428,0.0,0.0,0.0
2025-03-27,6188,TPEX,息,99.4,97.4,2.0,1.02053388,2.0,0.0,0.0,0.0
2025-03-27,6415,TWSE,息,437.5,435.09,2.401105,1.00551853,2.401105,0.0,0.0,0.0
2025-03-27,6523,TPEX,息,148.5,146.5,2.0,1.01365188,2.0,0.0,0.0,0.0
2025-03-27,6581,TWSE,息,120.0,114.0,6.0,1.05263158,6.0,0.0,0.0,0.0
2025-03-27,6642,TPEX,息,66.3,63.8,2.5,1.03918495,2.5,0.0,0.0,0.0
2025-03-27,6651,TPEX,息,108.0,101.0,7.0,1.06930693,7.0,0.0,0.0,0.0
2025-03-27,6752,TPEX,息,145.0,141.3,3.7,1.02618542,3.7,0.0,0.0,0.0
2025-03-27,6865,TPEX,息,78.1,77.1,1.0,1.01297017,1.0,0.0,0.0,0.0
2025-03-27,6955,TWSE,息,165.5,164.0,1.5,1.00914634,1.5,0.0,0.0,0.0
2025-03-27,6967,TPEX,息,58.6,55.8,2.8,1.05017921,2.8,0.0,0.0,0.0
2025-03-27,7732,TWSE,息,44.0,42.0,2.0,1.04761905,2.0,0.0,0.0,0.0
2025-03-27,8109,TPEX,息,91.1,86.6,4.5,1.05196305,4.5,0.0,0.0,0.0
2025-03-27,8401,TPEX,息,33.95,32.45,1.5,1.04622496,1.5,0.0,0.0,0.0
2025-03-27,8938,TPEX,息,80.0,75.91,4.088677,1.05386123,4.08867709,0.0,0.0,0.0
2025-03-28,6606,TWSE,息,30.85,27.85,3.0,1.10771993,3.0,0.0,0.0,0.0
2025-03-28,6835,TWSE,息,50.5,48.5,2.0,1.04123711,2.0,0.0,0.0,0.0
2025-03-31,2910,TWSE,息,24.95,24.0,0.95,1.03958333,0.95,0.0,0.0,0.0
2025-03-31,7631,TWSE,息,116.0,115.4,0.593939,1.00514651,0.593939,0.0,0.0,0.0
2025-03-31,8431,TPEX,息,64.9,64.8,0.1,1.00154321,0.1,0.0,0.0,0.0
2025-03-31,8908,TPEX,息,45.5,44.2,1.3,1.02941176,1.3,0.0,0.0,0.0
2025-04-01,00939,TWSE,息,13.78,13.73,0.05,1.00364166,0.05,0.0,0.0,0.0
2025-04-01,00966B,TPEX,息,14.92,14.85,0.068,1.00457851,0.068,0.0,0.0,0.0
2025-04-01,2063,TPEX,息,36.45,34.45,2.0,1.05805515,2.0,0.0,0.0,0.0
2025-04-01,2065,TPEX,息,49.65,47.11,2.53581,1.05382264,2.53581002,0.0,0.0,0.0
2025-04-01,2070,TPEX,息,53.6,53.1,0.5,1.0094162,0.5,0.0,0.0,0.0
2025-04-01,2535,TWSE,息,58.6,54.85,3.75,1.06836828,3.75,0.0,0.0,0.0
2025-04-01,2732,TPEX,息,90.5,88.0,2.5,1.02840909,2.5,0.0,0.0,0.0
2025-04-01,2751,TPEX,息,68.7,64.2,4.5,1.07009346,4.5,0.0,0.0,0.0
2025-04-01,3004,TWSE,息,97.2,94.18,3.0104,1.03196107,3.0104,0.0,0.0,0.0
2025-04-01,3257,TWSE,息,53.0,51.0,2.0,1.03921569,2.0,0.0,0.0,0.0
2025-04-01,3294,TPEX,息,30.1,29.72,0.38,1.012786,0.38,0.0,0.0,0.0
2025-04-01,4440,TWSE,息,25.3,23.7,1.6,1.06751055,1.6,0.0,0.0,0.0
2025-04-01,4930,TWSE,息,30.0,28.4,1.6,1.05633803,1.6,0.0,0.0,0.0
2025-04-01,6148,TPEX,息,47.3,45.92,1.38,1.03005226,1.38,0.0,0.0,0.0
2025-04-01,6291,TPEX,息,100.5,94.7,5.8,1.06124604,5.8,0.0,0.0,0.0
2025-04-01,6596,TPEX,息,95.1,88.1,7.0,1.07945516,7.0,0.0,0.0,0.0
2025-04-01,6873,TWSE,息,200.5,195.24,5.259402,1.02693806,5.259402,0.0,0.0,0.0
2025-04-01,8464,TWSE,息,394.0,379.5,14.5,1.03820817,14.5,0.0,0.0,0.0
2025-04-02,00946,TWSE,息,9.29,9.26,0.025,1.00269833,0.025,0.0,0.0,0.0
2025-04-02,00950B,TPEX,息,15.13,15.05,0.079,1.00524882,0.079,0.0,0.0,0.0
2025-04-02,00953B,TWSE,息,10.3,10.23,0.07,1.00684262,0.07,0.0,0.0,0.0
2025-04-02,00959B,TPEX,息,9.98,9.94,0.043,1.00432726,0.043,0.0,0.0,0.0
2025-04-07,1414,TWSE,息,20.45,20.22,0.23,1.01137488,0.23,0.0,0.0,0.0
2025-04-07,4207,TPEX,息,17.1,16.1,1.0,1.0621118,1.0,0.0,0.0,0.0
2025-04-08,00970B,TPEX,息,9.83,9.78,0.053,1.00542089,0.053,0.0,0.0,0.0
2025-04-09,4542,TPEX,息,62.3,61.3,0.998895,1.0162949,0.99889513,0.0,0.0,0.0
2025-04-09,5212,TPEX,息,59.1,55.6,3.5,1.06294964,3.5,0.0,0.0,0.0
2025-04-10,00940,TWSE,息,7.36,7.33,0.03,1.00409277,0.03,0.0,0.0,0.0
2025-04-10,1315,TWSE,息,65.7,63.2,2.5,1.03955696,2.5,0.0,0.0,0.0
2025-04-10,1457,TWSE,息,17.7,16.7,1.0,1.05988024,1.0,0.0,0.0,0.0
2025-04-10,1536,TWSE,息,47.25,46.45,0.8,1.01722282,0.8,0.0,0.0,0.0
2025-04-10,3003,TWSE,息,46.0,44.0,2.0,1.04545455,2.0,0.0,0.0,0.0
2025-04-10,4532,TWSE,息,25.15,23.64,1.500469,1.06344604,1.500469,0.0,0.0,0.0
2025-04-10,4735,TPEX,息,28.0,27.2,0.8,1.02941176,0.8,0.0,0.0,0.0
2025-04-10,6104,TPEX,息,117.0,114.0,2.997292,1.02629141,2.99729157,0.0,0.0,0.0
2025-04-10,6224,TWSE,息,37.7,35.95,1.75,1.04867872,1.75,0.0,0.0,0.0
2025-04-10,6703,TPEX,息,137.0,130.0,7.0,1.05384615,7.0,0.0,0.0,0.0
2025-04-10,6846,TPEX,權,63.3,63.4,-0.095126,0.99842271,0.0,0.0,0.04741847172,65.0
2025-04-10,6859,TPEX,息,130.5,128.0,2.5,1.01953125,2.5,0.0,0.0,0.0
2025-04-11,1604,TWSE,息,27.8,26.3,1.5,1.05703422,1.5,0.0,0.0,0.0
2025-04-11,2109,TWSE,息,18.6,17.8,0.8,1.04494382,0.8,0.0,0.0,0.0
2025-04-11,3289,TPEX,息,91.4,90.4,0.999197,1.01105297,0.99919732,0.0,0.0,0.0
2025-04-11,3526,TPEX,息,239.0,222.54,16.461228,1.07397016,16.46122845,0.0,0.0,0.0
2025-04-11,6143,TPEX,息,108.5,101.5,7.0,1.06896552,7.0,0.0,0.0,0.0
2025-04-11,8042,TPEX,息,30.8,29.3,1.5,1.05119454,1.5,0.0,0.0,0.0
2025-04-16,8091,TPEX,息,117.5,109.5,8.0,1.07305936,8.0,0.0,0.0,0.0
2025-04-17,00734B,TPEX,息,15.41,15.25,0.16,1.0104918,0.16,0.0,0.0,0.0
2025-04-17,00842B,TPEX,息,31.82,31.27,0.55,1.01758874,0.55,0.0,0.0,0.0
2025-04-17,00936,TWSE,息,13.52,13.49,0.03,1.00222387,0.03,0.0,0.0,0.0
2025-04-17,00942B,TPEX,息,14.61,14.54,0.068,1.00467611,0.068,0.0,0.0,0.0
2025-04-17,00947,TWSE,息,11.82,11.74,0.08,1.00681431,0.08,0.0,0.0,0.0
2025-04-17,00980B,TPEX,息,9.58,9.53,0.055,1.00577428,0.055,0.0,0.0,0.0
2025-04-17,1451,TWSE,息,18.5,17.5,1.0,1.05714286,1.0,0.0,0.0,0.0
2025-04-17,1524,TWSE,息,36.6,34.3,2.3,1.06705539,2.3,0.0,0.0,0.0
2025-04-17,2010,TWSE,息,18.75,17.45,1.3,1.07449857,1.3,0.0,0.0,0.0
2025-04-17,2707,TWSE,息,211.0,196.63,14.3612,1.0730334,14.3612,0.0,0.0,0.0
2025-04-17,2937,TPEX,息,46.5,44.5,2.0,1.04494382,2.0,0.0,0.0,0.0
2025-04-17,4173,TPEX,息,23.1,21.91,1.188202,1.0542266,1.18820221,0.0,0.0,0.0
2025-04-17,4566,TWSE,息,57.4,55.89,1.502599,1.02688138,1.502599,0.0,0.0,0.0
2025-04-17,4973,TPEX,息,24.55,23.55,1.0,1.04246285,1.0,0.0,0.0,0.0
2025-04-17,5287,TPEX,息,181.0,175.7,5.3,1.03016505,5.3,0.0,0.0,0.0
2025-04-17,6021,TPEX,息,23.35,21.51,1.84,1.08554161,1.84,0.0,0.0,0.0
2025-04-17,6128,TWSE,息,35.5,33.0,2.5,1.07575758,2.5,0.0,0.0,0.0
2025-04-17,6274,TPEX,息,139.5,133.0,6.503978,1.04890355,6.503978,0.0,0.0,0.0
2025-04-17,6732,TPEX,息,189.5,179.5,10.0,1.05571031,10.0,0.0,0.0,0.0
2025-04-17,6747,TPEX,息,143.0,133.81,9.191176,1.06868887,9.19117647,0.0,0.0,0.0
2025-04-17,8446,TPEX,息,109.0,101.0,8.0,1.07920792,8.0,0.0,0.0,0.0
2025-04-17,9911,TWSE,息,88.5,83.8,4.7,1.05608592,4.7,0.0,0.0,0.0
2025-04-17,9962,TPEX,息,13.7,13.2,0.5,1.03787879,0.5,0.0,0.0,0.0
2025-04-18,00772B,TPEX,息,34.51,34.37,0.145,1.00421941,0.145,0.0,0.0,0.0
2025-04-18,00773B,TPEX,息,35.94,35.79,0.15,1.00419111,0.15,0.0,0.0,0.0
2025-04-18,00848B,TPEX,息,34.41,33.96,0.45,1.01325088,0.45,0.0,0.0,0.0
2025-04-18,00849B,TPEX,息,38.3,37.97,0.33,1.00869107,0.33,0.0,0.0,0.0
2025-04-18,00883B,TPEX,息,31.23,31.08,0.15,1.00482625,0.15,0.0,0.0,0.0
2025-04-18,00884B,TPEX,息,29.2,28.73,0.475,1.01653612,0.475,0.0,0.0,0.0
2025-04-18,00905,TWSE,息,11.61,11.56,0.05,1.00432526,0.05,0.0,0.0,0.0
2025-04-18,00912,TWSE,息,16.31,16.11,0.2,1.01241465,0.2,0.0,0.0,0.0
2025-04-18,00927,TWSE,息,15.77,15.4,0.37,1.02402597,0.37,0.0,0.0,0.0
2025-04-18,00931B,TPEX,息,14.29,14.14,0.152,1.01075117,0.152,0.0,0.0,0.0
2025-04-18,00934,TWSE,息,16.22,16.19,0.026,1.00160553,0.026,0.0,0.0,0.0
2025-04-18,00944,TWSE,息,13.37,13.31,0.058,1.00435697,0.058,0.0,0.0,0.0
2025-04-18,00948B,TPEX,息,9.54,9.49,0.048,1.00505689,0.048,0.0,0.0,0.0
2025-04-18,00956,TWSE,息,9.81,9.7,0.11,1.01134021,0.11,0.0,0.0,0.0
2025-04-18,00957B,TPEX,息,13.93,13.86,0.075,1.00541321,0.075,0.0,0.0,0.0
2025-04-18,00960,TWSE,息,13.05,12.87,0.18,1.01398601,0.18,0.0,0.0,0.0
2025-04-18,00963,TWSE,息,10.18,10.12,0.055,1.0054321,0.055,0.0,0.0,0.0
2025-04-18,00964,TWSE,息,9.52,9.48,0.04,1.00421941,0.04,0.0,0.0,0.0
2025-04-18,4138,TPEX,息,87.5,83.35,4.15,1.04979004,4.15,0.0,0.0,0.0
2025-04-18,4528,TPEX,息,18.35,18.15,0.2,1.01101928,0.2,0.0,0.0,0.0
2025-04-18,4729,TPEX,息,20.6,20.1,0.5,1.02487562,0.5,0.0,0.0,0.0
2025-04-18,6756,TWSE,息,92.5,90.7,1.799562,1.01984072,1.799562,0.0,0.0,0.0
2025-04-18,6791,TPEX,息,114.5,111.02,3.48142,1.03135889,3.48141953,0.0,0.0,0.0
2025-04-21,00714,TWSE,息,20.51,20.38,0.123,1.00603326,0.123,0.0,0.0,0.0
2025-04-21,00722B,TPEX,息,37.49,36.94,0.553,1.01497144,0.553,0.0,0.0,0.0
2025-04-21,00723B,TPEX,息,32.48,32.02,0.463,1.01446107,0.463,0.0,0.0,0.0
2025-04-21,00724B,TPEX,息,34.09,33.59,0.502,1.01494581,0.502,0.0,0.0,0.0
2025-04-21,00725B,TPEX,息,36.1,35.46,0.636,1.01793368,0.636,0.0,0.0,0.0
2025-04-21,00726B,TPEX,息,33.46,32.88,0.58,1.0176399,0.58,0.0,0.0,0.0
2025-04-21,00727B,TPEX,息,40.46,39.89,0.57,1.0142893,0.57,0.0,0.0,0.0
2025-04-21,00749B,TPEX,息,30.64,30.2,0.44,1.01456954,0.44,0.0,0.0,0.0
2025-04-21,00750B,TPEX,息,34.34,33.91,0.435,1.01282997,0.435,0.0,0.0,0.0
2025-04-21,00777B,TPEX,息,33.73,33.57,0.16,1.00476616,0.16,0.0,0.0,0.0
2025-04-21,00778B,TPEX,息,34.75,34.6,0.152,1.00439332,0.152,0.0,0.0,0.0
2025-04-21,00782B,TPEX,息,31.83,31.33,0.5,1.01595914,0.5,0.0,0.0,0.0
2025-04-21,00840B,TPEX,息,30.8,30.67,0.13,1.00423867,0.13,0.0,0.0,0.0
2025-04-21,00890B,TPEX,息,32.65,32.5,0.155,1.00476996,0.155,0.0,0.0,0.0
2025-04-21,00933B,TPEX,息,16.19,16.11,0.082,1.00509064,0.082,0.0,0.0,0.0
2025-04-21,00937B,TPEX,息,15.11,15.03,0.08,1.00532269,0.08,0.0,0.0,0.0
2025-04-21,00945B,TWSE,息,14.82,14.71,0.102,1.00693029,0.102,0.0,0.0,0.0
2025-04-22,00789B,TPEX,息,49.55,48.93,0.62,1.01267116,0.62,0.0,0.0,0.0
2025-04-22,00791B,TPEX,息,58.05,57.46,0.586,1.01019769,0.586,0.0,0.0,0.0
2025-04-22,00904,TWSE,息,15.25,15.1,0.15,1.00993377,0.15,0.0,0.0,0.0
2025-04-22,00929,TWSE,息,16.49,16.44,0.05,1.00304136,0.05,0.0,0.0,0.0
2025-04-23,0052,TWSE,息,153.0,149.77,3.23,1.0215664,3.23,0.0,0.0,0.0
2025-04-23,0056,TWSE,息,31.98,30.91,1.07,1.03461663,1.07,0.0,0.0,0.0
2025-04-23,00694B,TPEX,息,42.68,42.38,0.304,1.00717387,0.304,0.0,0.0,0.0
2025-04-23,00695B,TPEX,息,35.86,35.6,0.263,1.00738826,0.263,0.0,0.0,0.0
2025-04-23,00696B,TPEX,息,29.9,29.58,0.322,1.01088647,0.322,0.0,0.0,0.0
2025-04-23,00717,TWSE,息,14.86,14.68,0.173,1.01177912,0.173,0.0,0.0,0.0
2025-04-23,00719B,TPEX,息,32.26,31.91,0.35,1.01096835,0.35,0.0,0.0,0.0
2025-04-23,00720B,TPEX,息,33.03,32.53,0.5,1.01537043,0.5,0.0,0.0,0.0
2025-04-23,00730,TWSE,息,20.41,20.31,0.1,1.00492368,0.1,0.0,0.0,0.0
2025-04-23,00733,TWSE,息,36.91,36.83,0.073,1.0019817,0.073,0.0,0.0,0.0
2025-04-23,00740B,TPEX,息,38.15,37.95,0.198,1.00521712,0.198,0.0,0.0,0.0
2025-04-23,00741B,TPEX,息,38.14,37.9,0.245,1.00646523,0.245,0.0,0.0,0.0
2025-04-23,00746B,TPEX,息,35.55,35.08,0.471,1.01342684,0.471,0.0,0.0,0.0
2025-04-23,00785B,TPEX,息,34.62,34.15,0.467,1.01367376,0.467,0.0,0.0,0.0
2025-04-23,00788B,TPEX,息,30.11,29.65,0.46,1.01551433,0.46,0.0,0.0,0.0
2025-04-23,00834B,TPEX,息,33.58,33.19,0.395,1.01190297,0.395,0.0,0.0,0.0
2025-04-23,00870B,TPEX,息,27.86,27.46,0.4,1.01456664,0.4,0.0,0.0,0.0
2025-04-23,00888,TPEX,息,13.73,13.51,0.22,1.01628423,0.22,0.0,0.0,0.0
2025-04-23,00900,TWSE,息,12.04,11.94,0.1,1.00837521,0.1,0.0,0.0,0.0
2025-04-23,00907,TWSE,息,13.92,13.82,0.095,1.00687161,0.095,0.0,0.0,0.0
2025-04-23,00908,TWSE,息,13.21,13.06,0.148,1.01133058,0.148,0.0,0.0,0.0
2025-04-23,00958B,TPEX,息,9.04,8.99,0.046,1.00511452,0.046,0.0,0.0,0.0
2025-04-23,00967B,TPEX,息,9.41,9.37,0.037,1.00394751,0.037,0.0,0.0,0.0
2025-04-23,00968B,TPEX,息,9.21,9.16,0.051,1.00556829,0.051,0.0,0.0,0.0
2025-04-23,4442,TPEX,息,47.1,44.63,2.474396,1.0554479,2.47439604,0.0,0.0,0.0
2025-04-24,1217,TWSE,息,11.7,11.33,0.37,1.03265666,0.37,0.0,0.0,0.0
2025-04-24,1717,TWSE,息,26.6,25.4,1.2,1.04724409,1.2,0.0,0.0,0.0
2025-04-24,2477,TWSE,息,23.2,21.9,1.3,1.05936073,1.3,0.0,0.0,0.0
2025-04-24,2530,TWSE,息,34.15,33.73,0.419231,1.01242874,0.419231,0.0,0.0,0.0
2025-04-24,4104,TWSE,息,88.2,84.4,3.8,1.0450237,3.8,0.0,0.0,0.0
2025-04-24,4568,TPEX,息,44.75,42.75,2.002901,1.04685466,2.00290073,0.0,0.0,0.0
2025-04-24,5278,TPEX,息,27.65,27.45,0.203627,1.0074191,0.20362739,0.0,0.0,0.0
2025-04-24,6192,TWSE,息,96.7,91.2,5.5,1.06030702,5.5,0.0,0.0,0.0
2025-04-24,6996,TPEX,息,179.0,166.35,12.650577,1.07604822,12.65057693,0.0,0.0,0.0
2025-04-25,1786,TWSE,息,95.1,91.86,3.239594,1.03526649,3.239594,0.0,0.0,0.0
2025-04-25,6637,TPEX,權,73.0,71.4,1.603879,1.02240896,0.0,0.0,0.0771287536,55.8
2025-04-25,8433,TPEX,息,84.6,78.13,6.465408,1.08274706,6.46540755,0.0,0.0,0.0
2025-04-30,6712,TPEX,息,173.0,167.88,5.119127,1.03049262,5.11912741,0.0,0.0,0.0
2025-05-02,00939,TWSE,息,13.25,13.2,0.05,1.00378788,0.05,0.0,0.0,0.0
2025-05-05,00950B,TPEX,息,14.05,13.97,0.076,1.00543867,0.076,0.0,0.0,0.0
2025-05-05,00959B,TPEX,息,9.22,9.17,0.048,1.00523332,0.048,0.0,0.0,0.0
2025-05-05,00966B,TPEX,息,13.66,13.6,0.065,1.00478117,0.065,0.0,0.0,0.0
2025-05-06,00946,TWSE,息,8.53,8.5,0.025,1.00293945,0.025,0.0,0.0,0.0
2025-05-06,00953B,TWSE,息,9.08,9.01,0.07,1.00776915,0.07,0.0,0.0,0.0
2025-05-06,00970B,TPEX,息,8.63,8.58,0.053,1.00617932,0.053,0.0,0.0,0.0
2025-05-08,00940,TWSE,息,8.72,8.69,0.03,1.00345224,0.03,0.0,0.0,0.0
2025-05-13,6243,TWSE,息,43.6,42.4,1.2,1.02830189,1.2,0.0,0.0,0.0
2025-05-15,01001T,TWSE,息,13.2,12.79,0.405615,1.03170258,0.405615,0.0,0.0,0.0
2025-05-15,01002T,TWSE,息,15.33,14.88,0.442644,1.02973288,0.442644,0.0,0.0,0.0
2025-05-15,01007T,TWSE,息,15.2,14.98,0.218215,1.01456535,0.218215,0.0,0.0,0.0
2025-05-16,00936,TWSE,息,14.61,14.58,0.03,1.00205761,0.03,0.0,0.0,0.0
2025-05-16,00942B,TPEX,息,13.41,13.34,0.068,1.00509669,0.068,0.0,0.0,0.0
2025-05-16,00980B,TPEX,息,8.89,8.84,0.053,1.00599751,0.053,0.0,0.0,0.0
2025-05-19,00690,TWSE,息,33.24,32.93,0.31,1.00941391,0.31,0.0,0.0,0.0
2025-05-19,00730,TWSE,息,22.64,22.53,0.11,1.00488238,0.11,0.0,0.0,0.0
2025-05-19,00740B,TPEX,息,36.23,36.06,0.169,1.0046865,0.169,0.0,0.0,0.0
2025-05-19,00741B,TPEX,息,36.08,35.87,0.215,1.0059947,0.215,0.0,0.0,0.0
2025-05-19,00754B,TPEX,息,32.69,32.25,0.44,1.01364341,0.44,0.0,0.0,0.0
2025-05-19,00755B,TPEX,息,30.89,30.43,0.456,1.01498324,0.456,0.0,0.0,0.0
2025-05-19,00756B,TPEX,息,29.36,28.86,0.502,1.01739552,0.502,0.0,0.0,0.0
2025-05-19,00761B,TPEX,息,32.87,32.38,0.49,1.0151328,0.49,0.0,0.0,0.0
2025-05-19,00772B,TPEX,息,31.76,31.62,0.145,1.00458643,0.145,0.0,0.0,0.0
2025-05-19,00773B,TPEX,息,33.55,33.4,0.15,1.00449102,0.15,0.0,0.0,0.0
2025-05-19,00777B,TPEX,息,31.06,30.91,0.15,1.0048528,0.15,0.0,0.0,0.0
2025-05-19,00778B,TPEX,息,32.5,32.35,0.15,1.00463679,0.15,0.0,0.0,0.0
2025-05-19,00780B,TPEX,息,35.54,35.14,0.4,1.01138304,0.4,0.0,0.0,0.0
2025-05-19,00794B,TPEX,息,39.73,39.45,0.28,1.00709759,0.28,0.0,0.0,0.0
2025-05-19,00795B,TPEX,息,26.24,25.86,0.38,1.01469451,0.38,0.0,0.0,0.0
2025-05-19,00799B,TPEX,息,28.79,28.24,0.55,1.01947592,0.55,0.0,0.0,0.0
2025-05-19,00840B,TPEX,息,28.39,28.27,0.122,1.00431583,0.122,0.0,0.0,0.0
2025-05-19,00841B,TPEX,息,28.22,27.87,0.35,1.01255831,0.35,0.0,0.0,0.0
2025-05-19,00845B,TPEX,息,31.12,30.75,0.369,1.01199961,0.369,0.0,0.0,0.0
2025-05-19,00846B,TPEX,息,34.05,33.57,0.476,1.01417764,0.476,0.0,0.0,0.0
2025-05-19,00847B,TPEX,息,24.57,24.22,0.35,1.01445087,0.35,0.0,0.0,0.0
2025-05-19,00860B,TPEX,息,36.68,36.2,0.48,1.01325967,0.48,0.0,0.0,0.0
2025-05-19,00878,TWSE,息,21.26,20.79,0.47,1.02260702,0.47,0.0,0.0,0.0
2025-05-19,00883B,TPEX,息,28.92,28.79,0.135,1.00468994,0.135,0.0,0.0,0.0
2025-05-19,00890B,TPEX,息,30.31,30.16,0.155,1.00514011,0.155,0.0,0.0,0.0
2025-05-19,00891,TWSE,息,16.91,16.5,0.41,1.02484848,0.41,0.0,0.0,0.0
2025-05-19,00894,TWSE,息,18.93,18.53,0.4,1.02158662,0.4,0.0,0.0,0.0
2025-05-19,00900,TWSE,息,13.52,13.42,0.1,1.00745156,0.1,0.0,0.0,0.0
2025-05-19,00932,TWSE,息,14.5,14.4,0.1,1.00694444,0.1,0.0,0.0,0.0
2025-05-19,00933B,TPEX,息,15.13,15.05,0.082,1.00544923,0.082,0.0,0.0,0.0
2025-05-19,00934,TWSE,息,18.16,18.13,0.026,1.00143377,0.026,0.0,0.0,0.0
2025-05-19,00937B,TPEX,息,14.0,13.92,0.077,1.00553042,0.077,0.0,0.0,0.0
2025-05-19,00944,TWSE,息,14.43,14.37,0.058,1.00403562,0.058,0.0,0.0,0.0
2025-05-19,00945B,TWSE,息,13.86,13.75,0.102,1.00741387,0.102,0.0,0.0,0.0
2025-05-19,00948B,TPEX,息,8.85,8.8,0.048,1.00545331,0.048,0.0,0.0,0.0
2025-05-19,00957B,TPEX,息,12.84,12.77,0.072,1.0056391,0.072,0.0,0.0,0.0
2025-05-19,00963,TWSE,息,10.07,10.01,0.055,1.00549176,0.055,0.0,0.0,0.0
2025-05-19,00964,TWSE,息,9.79,9.75,0.04,1.00410256,0.04,0.0,0.0,0.0
2025-05-20,00731,TWSE,息,66.9,66.3,0.593,1.00894325,0.593,0.0,0.0,0.0
2025-05-20,00929,TWSE,息,17.6,17.53,0.07,1.00399315,0.07,0.0,0.0,0.0
2025-05-20,8440,TPEX,息,39.4,39.23,0.168,1.00428222,0.168,0.0,0.0,0.0
2025-05-20,911608,TWSE,息,3.07,3.0,0.061665,1.02049805,0.061665,0.0,0.0,0.0
2025-05-21,00758B,TPEX,息,47.52,46.91,0.61,1.01300362,0.61,0.0,0.0,0.0
2025-05-21,00759B,TPEX,息,51.0,50.38,0.62,1.01230647,0.62,0.0,0.0,0.0
2025-05-21,00760B,TPEX,息,50.6,49.89,0.71,1.01423131,0.71,0.0,0.0,0.0
2025-05-21,00775B,TWSE,息,30.29,29.91,0.38,1.01270478,0.38,0.0,0.0,0.0
2025-05-21,00844B,TPEX,息,29.75,29.33,0.42,1.01431981,0.42,0.0,0.0,0.0
2025-05-21,00867B,TPEX,息,29.93,29.45,0.48,1.01629881,0.48,0.0,0.0,0.0
2025-05-21,00981B,TPEX,息,9.13,9.06,0.072,1.00794877,0.072,0.0,0.0,0.0
2025-05-21,6841,TPEX,息,75.1,74.08,1.021944,1.0137955,1.02194378,0.0,0.0,0.0
2025-05-22,00679B,TPEX,息,25.49,25.17,0.32,1.01271355,0.32,0.0,0.0,0.0
2025-05-22,00771,TWSE,息,15.66,15.44,0.22,1.0142487,0.22,0.0,0.0,0.0
2025-05-22,00786B,TPEX,息,30.4,29.98,0.42,1.01400934,0.42,0.0,0.0,0.0
2025-05-22,00850,TWSE,息,42.92,42.32,0.6,1.01417769,0.6,0.0,0.0,0.0
2025-05-22,00967B,TPEX,息,8.67,8.63,0.037,1.00428588,0.037,0.0,0.0,0.0
2025-05-22,00968B,TPEX,息,8.69,8.64,0.051,1.00590346,0.051,0.0,0.0,0.0
2025-05-22,3481,TWSE,息,14.1,13.1,1.0,1.07633588,1.0,0.0,0.0,0.0
2025-05-22,6461,TPEX,權,20.0,19.6,0.399571,1.02040816,0.0,0.0,0.14527018438,17.4
2025-05-22,6658,TWSE,息,82.5,81.41,1.08452,1.01332081,1.08452,0.0,0.0,0.0
2025-05-27,00930,TWSE,息,17.02,16.95,0.07,1.00412979,0.07,0.0,0.0,0.0
2025-05-27,00958B,TPEX,息,8.41,8.36,0.046,1.00549976,0.046,0.0,0.0,0.0
2025-05-27,2332,TWSE,息,16.4,16.3,0.1,1.00613497,0.1,0.0,0.0,0.0
2025-05-27,2426,TWSE,息,17.0,16.9,0.1,1.00591716,0.1,0.0,0.0,0.0
2025-05-27,3715,TWSE,息,44.9,43.4,1.5,1.03456221,1.5,0.0,0.0,0.0
2025-05-27,5234,TWSE,息,208.0,203.0,5.0,1.02463054,5.0,0.0,0.0,0.0
2025-05-27,6151,TPEX,息,31.4,29.9,1.5,1.05016722,1.5,0.0,0.0,0.0
2025-05-27,6525,TWSE,息,71.8,67.6,4.2,1.06213018,4.2,0.0,0.0,0.0
2025-05-27,6570,TPEX,息,42.55,41.05,1.5,1.0365408,1.5,0.0,0.0,0.0
2025-05-27,8074,TPEX,息,21.45,20.45,1.0,1.04889976,1.0,0.0,0.0,0.0
2025-05-27,8435,TPEX,息,74.0,69.5,4.5,1.0647482,4.5,0.0,0.0,0.0
2025-05-28,1215,TWSE,息,113.0,108.5,4.5,1.04147465,4.5,0.0,0.0,0.0
2025-05-28,1568,TWSE,息,25.5,24.3,1.2,1.04938272,1.2,0.0,0.0,0.0
2025-05-28,1708,TWSE,息,36.7,34.7,2.0,1.05763689,2.0,0.0,0.0,0.0
2025-05-28,2467,TWSE,息,157.5,152.5,5.0,1.03278689,5.0,0.0,0.0,0.0
2025-05-28,2612,TWSE,息,47.45,45.35,2.1,1.0463065,2.1,0.0,0.0,0.0
2025-05-28,4527,TPEX,息,49.15,45.95,3.2,1.06964091,3.2,0.0,0.0,0.0
2025-05-28,4995,TPEX,息,59.8,55.8,3.998488,1.07165555,3.99848827,0.0,0.0,0.0
2025-05-28,5403,TPEX,息,129.0,122.5,6.502843,1.05308567,6.50284321,0.0,0.0,0.0
2025-05-29,6568,TPEX,息,106.5,104.46,2.037314,1.0195028,2.03731442,0.0,0.0,0.0
2025-06-02,1598,TWSE,息,22.7,22.2,0.5,1.02252252,0.5,0.0,0.0,0.0
2025-06-02,3543,TWSE,息,20.5,20.0,0.5,1.025,0.5,0.0,0.0,0.0
2025-06-02,3596,TWSE,息,214.0,206.5,7.5,1.03631961,7.5,0.0,0.0,0.0
2025-06-02,6788,TPEX,息,225.0,215.0,10.0,1.04651163,10.0,0.0,0.0,0.0
2025-06-03,00939,TWSE,息,13.65,13.61,0.04,1.00293902,0.04,0.0,0.0,0.0
2025-06-03,00950B,TPEX,息,13.25,13.18,0.074,1.00561627,0.074,0.0,0.0,0.0
2025-06-03,1702,TWSE,息,46.35,43.85,2.5,1.05701254,2.5,0.0,0.0,0.0
2025-06-03,2313,TWSE,息,60.5,58.1,2.4,1.04130809,2.4,0.0,0.0,0.0
2025-06-03,3231,TWSE,息,115.0,111.2,3.799274,1.03416591,3.799274,0.0,0.0,0.0
2025-06-03,3443,TWSE,息,1095.0,1079.0,16.0,1.01482854,16.0,0.0,0.0,0.0
2025-06-03,6712,TPEX,權,174.5,158.64,15.863636,1.1,0.0,0.09999999623,0.0,0.0
2025-06-03,7713,TPEX,息,61.1,57.73,3.368,1.05833853,3.368,0.0,0.0,0.0
2025-06-03,8487,TWSE,息,81.9,76.7,5.2,1.06779661,5.2,0.0,0.0,0.0
2025-06-03,8924,TPEX,息,67.4,63.1,4.3,1.0681458,4.3,0.0,0.0,0.0
2025-06-04,00946,TWSE,息,8.71,8.68,0.025,1.00287853,0.025,0.0,0.0,0.0
2025-06-04,00953B,TWSE,息,9.3,9.23,0.07,1.00758397,0.07,0.0,0.0,0.0
2025-06-04,00959B,TPEX,息,8.8,8.75,0.048,1.00548446,0.048,0.0,0.0,0.0
2025-06-04,00966B,TPEX,息,13.01,12.97,0.04,1.00308404,0.04,0.0,0.0,0.0
2025-06-04,1605,TWSE,權息,20.9,20.36,0.536107,1.02652259,0.5,0.0,0.07937821165,20.0
2025-06-04,2642,TWSE,息,26.55,26.05,0.5,1.01919386,0.5,0.0,0.0,0.0
2025-06-04,5309,TPEX,息,33.95,33.25,0.70073,1.02107504,0.70072962,0.0,0.0,0.0
2025-06-04,6716,TPEX,息,58.0,54.62,3.381744,1.061916,3.38174397,0.0,0.0,0.0
2025-06-05,00970B,TPEX,息,8.84,8.79,0.053,1.00603164,0.053,0.0,0.0,0.0
2025-06-05,1323,TWSE,息,21.2,20.3,0.9,1.04433498,0.9,0.0,0.0,0.0
2025-06-05,5878,TPEX,息,44.75,42.45,2.3,1.05418139,2.3,0.0,0.0,0.0
2025-06-05,6146,TPEX,息,188.0,177.9,10.1,1.05677347,10.1,0.0,0.0,0.0
2025-06-05,6861,TWSE,息,53.0,51.2,1.799978,1.03515581,1.799978,0.0,0.0,0.0
2025-06-06,1587,TWSE,息,31.75,31.25,0.5,1.016,0.5,0.0,0.0,0.0
2025-06-06,5609,TPEX,息,83.3,78.1,5.2,1.06658131,5.2,0.0,0.0,0.0
2025-06-09,3441,TPEX,息,32.95,32.2,0.75,1.02329193,0.75,0.0,0.0,0.0
2025-06-09,6023,TPEX,息,84.8,80.0,4.8,1.06,4.8,0.0,0.0,0.0
2025-06-09,6951,TWSE,息,73.0,69.2,3.8,1.05491329,3.8,0.0,0.0,0.0
2025-06-09,7704,TPEX,息,57.9,55.64,2.256256,1.04054824,2.25625576,0.0,0.0,0.0
2025-06-10,00940,TWSE,息,8.94,8.91,0.03,1.003367,0.03,0.0,0.0,0.0
2025-06-10,1416,TWSE,息,12.75,12.19,0.56,1.04593929,0.56,0.0,0.0,0.0
2025-06-10,2636,TWSE,息,76.0,73.0,3.0,1.04109589,3.0,0.0,0.0,0.0
2025-06-10,2762,TWSE,息,82.3,78.61,3.685155,1.04687607,3.685155,0.0,0.0,0.0
2025-06-10,3211,TPEX,息,193.5,181.0,12.49778,1.06904766,12.49778,0.0,0.0,0.0
2025-06-10,4722,TWSE,息,69.2,67.8,1.396245,1.02059244,1.396245,0.0,0.0,0.0
2025-06-10,4735,TPEX,息,37.25,36.85,0.4,1.01085482,0.4,0.0,0.0,0.0
2025-06-10,4939,TPEX,息,19.6,19.1,0.5,1.02617801,0.5,0.0,0.0,0.0
2025-06-10,6263,TPEX,息,154.0,146.1,7.9,1.05407255,7.9,0.0,0.0,0.0
2025-06-10,6412,TWSE,息,122.5,116.5,6.0,1.05150215,6.0,0.0,0.0,0.0
2025-06-10,6597,TPEX,息,73.4,70.77,2.63052,1.03717027,2.63052035,0.0,0.0,0.0
2025-06-10,6741,TPEX,息,80.2,78.46,1.742689,1.02221194,1.74268889,0.0,0.0,0.0
2025-06-10,6785,TPEX,息,148.0,147.75,0.25,1.00169205,0.25,0.0,0.0,0.0
2025-06-10,6881,TPEX,息,240.0,225.0,15.0,1.06666667,15.0,0.0,0.0,0.0
2025-06-10,6894,TPEX,息,172.5,165.7,6.8,1.04103802,6.8,0.0,0.0,0.0
2025-06-10,8422,TWSE,息,191.0,181.05,9.943974,1.05492208,9.943974,0.0,0.0,0.0
2025-06-10,9940,TWSE,息,28.0,26.2,1.8,1.06870229,1.8,0.0,0.0,0.0
2025-06-11,1219,TWSE,息,15.2,14.7,0.5,1.03401361,0.5,0.0,0.0,0.0
2025-06-11,1232,TWSE,息,163.5,156.5,7.0,1.04472843,7.0,0.0,0.0,0.0
2025-06-11,1473,TWSE,息,29.85,27.85,2.0,1.07181329,2.0,0.0,0.0,0.0
2025-06-11,1733,TWSE,息,30.95,29.75,1.2,1.04033613,1.2,0.0,0.0,0.0
2025-06-11,2020,TWSE,息,28.05,25.85,2.2,1.08510638,2.2,0.0,0.0,0.0
2025-06-11,2597,TWSE,息,183.5,175.8,7.7,1.04379977,7.7,0.0,0.0,0.0
2025-06-11,3015,TWSE,息,62.1,59.1,3.0,1.05076142,3.0,0.0,0.0,0.0
2025-06-11,5523,TPEX,息,30.45,29.95,0.5,1.01669449,0.5,0.0,0.0,0.0
2025-06-11,6516,TPEX,息,82.2,79.99,2.209611,1.02762345,2.20961067,0.0,0.0,0.0
2025-06-11,8463,TWSE,息,25.5,24.4,1.1,1.04508197,1.1,0.0,0.0,0.0
2025-06-11,910322,TWSE,息,24.55,23.17,1.373653,1.05926961,1.373653,0.0,0.0,0.0
2025-06-11,9924,TWSE,息,49.45,46.35,3.1,1.06688242,3.1,0.0,0.0,0.0
2025-06-12,01010T,TWSE,息,10.07,9.97,0.099582,1.00998775,0.099582,0.0,0.0,0.0
2025-06-12,1515,TWSE,息,29.85,28.85,1.0,1.03466205,1.0,0.0,0.0,0.0
2025-06-12,1584,TPEX,息,25.8,25.1,0.7,1.02788845,0.7,0.0,0.0,0.0
2025-06-12,1760,TWSE,息,78.2,76.4,1.8,1.02356021,1.8,0.0,0.0,0.0
2025-06-12,2105,TWSE,息,47.1,44.7,2.4,1.05369128,2.4,0.0,0.0,0.0
2025-06-12,2330,TWSE,息,1065.0,1060.49,4.50002,1.0042433,4.50002,0.0,0.0,0.0
2025-06-12,3118,TPEX,息,34.0,32.2,1.8,1.05590062,1.8,0.0,0.0,0.0
2025-06-12,3679,TWSE,息,144.5,134.5,10.0,1.07434944,10.0,0.0,0.0,0.0
2025-06-12,4951,TPEX,息,68.8,65.6,3.2,1.04878049,3.2,0.0,0.0,0.0
2025-06-12,4958,TWSE,息,107.0,102.2,4.8,1.04696673,4.8,0.0,0.0,0.0
2025-06-12,6208,TPEX,息,47.0,45.0,2.0,1.04444444,2.0,0.0,0.0,0.0
2025-06-12,6423,TWSE,權,89.8,88.01,1.783844,1.0203,0.0,0.0203,0.0,0.0
2025-06-12,6491,TWSE,息,332.5,321.5,11.0,1.03421462,11.0,0.0,0.0,0.0
2025-06-12,6532,TPEX,息,62.5,59.9,2.6,1.04340568,2.6,0.0,0.0,0.0
2025-06-12,6965,TWSE,息,101.5,95.5,6.0,1.06282723,6.0,0.0,0.0,0.0
2025-06-12,6982,TPEX,息,54.3,52.2,2.1,1.04022989,2.1,0.0,0.0,0.0
2025-06-12,8438,TWSE,息,31.65,30.35,1.3,1.04283361,1.3,0.0,0.0,0.0
2025-06-12,8454,TWSE,息,299.0,286.2,12.8,1.04472397,12.8,0.0,0.0,0.0
2025-06-13,1773,TWSE,權息,151.0,123.75,27.25,1.22020202,2.5,0.2,0.0,0.0
2025-06-13,1776,TWSE,息,17.85,17.05,0.8,1.04692082,0.8,0.0,0.0,0.0
2025-06-13,2327,TWSE,息,487.0,467.0,19.995014,1.04281542,19.995014,0.0,0.0,0.0
2025-06-13,2607,TWSE,息,33.3,32.0,1.3,1.040625,1.3,0.0,0.0,0.0
2025-06-13,2608,TWSE,息,36.5,34.85,1.65,1.04734577,1.65,0.0,0.0,0.0
2025-06-13,2637,TWSE,息,65.5,60.5,5.0,1.08264463,5.0,0.0,0.0,0.0
2025-06-13,3030,TWSE,息,132.0,127.0,5.0,1.03937008,5.0,0.0,0.0,0.0
2025-06-13,3105,TPEX,息,88.0,87.0,1.0,1.01149425,1.0,0.0,0.0,0.0
2025-06-13,3556,TPEX,息,39.8,37.72,2.08,1.05514316,2.08,0.0,0.0,0.0
2025-06-13,4153,TPEX,息,43.5,41.5,2.0,1.04819277,2.0,0.0,0.0,0.0
2025-06-13,4538,TPEX,息,17.95,17.55,0.4,1.02279202,0.4,0.0,0.0,0.0
2025-06-13,4760,TPEX,息,105.0,101.3,3.7,1.03652517,3.7,0.0,0.0,0.0
2025-06-13,4994,TWSE,息,98.2,93.2,5.0,1.05364807,5.0,0.0,0.0,0.0
2025-06-13,5274,TPEX,息,4545.0,4493.0,52.0,1.01157356,52.0,0.0,0.0,0.0
2025-06-13,6026,TPEX,息,12.7,11.6,1.098624,1.09469769,1.09862357,0.0,0.0,0.0
2025-06-13,6271,TWSE,息,108.5,105.5,3.0,1.02843602,3.0,0.0,0.0,0.0
2025-06-13,6418,TPEX,息,18.95,17.85,1.1,1.06162465,1.1,0.0,0.0,0.0
2025-06-13,6739,TPEX,息,274.0,269.0,5.0,1.01858736,5.0,0.0,0.0,0.0
2025-06-13,6804,TPEX,息,24.8,23.8,1.0,1.04201681,1.0,0.0,0.0,0.0
2025-06-13,6834,TWSE,息,32.25,31.75,0.5,1.01574803,0.5,0.0,0.0,0.0
2025-06-13,6952,TWSE,息,49.7,47.7,2.0,1.04192872,2.0,0.0,0.0,0.0
2025-06-13,8424,TPEX,息,76.2,71.8,4.4,1.06128134,4.4,0.0,0.0,0.0
2025-06-13,8467,TWSE,息,180.5,178.44,2.057887,1.01153252,2.057887,0.0,0.0,0.0
2025-06-16,00936,TWSE,息,14.8,14.77,0.03,1.00203114,0.03,0.0,0.0,0.0
2025-06-16,00942B,TPEX,息,13.58,13.52,0.064,1.00473513,0.064,0.0,0.0,0.0
2025-06-16,00980B,TPEX,息,9.03,8.98,0.053,1.00590398,0.053,0.0,0.0,0.0
2025-06-16,1582,TWSE,息,77.0,71.5,5.5,1.07692308,5.5,0.0,0.0,0.0
2025-06-16,2107,TWSE,息,26.2,24.8,1.4,1.05645161,1.4,0.0,0.0,0.0
2025-06-16,2421,TWSE,息,104.0,100.28,3.712272,1.03701621,3.712272,0.0,0.0,0.0
2025-06-16,2832,TWSE,息,33.85,31.85,2.0,1.06279435,2.0,0.0,0.0,0.0
2025-06-16,2908,TWSE,息,20.9,20.0,0.9,1.045,0.9,0.0,0.0,0.0
2025-06-16,3042,TWSE,息,98.0,92.8,5.2,1.05603448,5.2,0.0,0.0,0.0
2025-06-16,3324,TPEX,息,705.0,695.0,9.998651,1.01438652,9.99865134,0.0,0.0,0.0
2025-06-16,3563,TWSE,息,576.0,571.0,5.0,1.00875657,5.0,0.0,0.0,0.0
2025-06-16,4133,TWSE,息,29.25,28.35,0.9,1.03174603,0.9,0.0,0.0,0.0
2025-06-16,4550,TPEX,息,28.1,26.1,2.0,1.07662835,2.0,0.0,0.0,0.0
2025-06-16,4557,TWSE,息,110.5,104.0,6.5,1.0625,6.5,0.0,0.0,0.0
2025-06-16,4935,TWSE,息,41.9,39.7,2.2,1.05541562,2.2,0.0,0.0,0.0
2025-06-16,6123,TPEX,息,54.0,50.95,3.05,1.05986261,3.05,0.0,0.0,0.0
2025-06-16,6242,TPEX,息,43.1,41.1,2.0,1.0486618,2.0,0.0,0.0,0.0
2025-06-16,6538,TPEX,息,108.0,101.0,7.003308,1.06934196,7.00330838,0.0,0.0,0.0
2025-06-16,6680,TPEX,息,81.0,77.95,3.048806,1.03911173,3.04880628,0.0,0.0,0.0
2025-06-16,8016,TWSE,息,211.5,199.5,12.0,1.06015038,12.0,0.0,0.0,0.0
2025-06-16,8432,TPEX,息,50.7,48.58,2.12,1.04363936,2.12,0.0,0.0,0.0
2025-06-16,9910,TWSE,息,121.5,116.4,5.1,1.04381443,5.1,0.0,0.0,0.0
2025-06-17,00687B,TPEX,息,26.29,25.98,0.31,1.01193226,0.31,0.0,0.0,0.0
2025-06-17,00730,TWSE,息,21.66,21.55,0.11,1.00510441,0.11,0.0,0.0,0.0
2025-06-17,00740B,TPEX,息,36.04,35.89,0.154,1.00429137,0.154,0.0,0.0,0.0
2025-06-17,00741B,TPEX,息,35.37,35.19,0.184,1.00522935,0.184,0.0,0.0,0.0
2025-06-17,00764B,TPEX,息,26.38,26.07,0.309,1.01185225,0.309,0.0,0.0,0.0
2025-06-17,00772B,TPEX,息,31.38,31.24,0.137,1.00438498,0.137,0.0,0.0,0.0
2025-06-17,00773B,TPEX,息,33.03,32.89,0.139,1.00422608,0.139,0.0,0.0,0.0
2025-06-17,00777B,TPEX,息,30.59,30.44,0.15,1.00492773,0.15,0.0,0.0,0.0
2025-06-17,00778B,TPEX,息,31.95,31.81,0.145,1.00455903,0.145,0.0,0.0,0.0
2025-06-17,00779B,TPEX,息,26.62,26.34,0.28,1.01063022,0.28,0.0,0.0,0.0
2025-06-17,00781B,TPEX,息,27.93,27.43,0.5,1.01822822,0.5,0.0,0.0,0.0
2025-06-17,00792B,TPEX,息,29.73,29.3,0.427,1.01457189,0.427,0.0,0.0,0.0
2025-06-17,00793B,TPEX,息,28.74,28.38,0.356,1.01254228,0.356,0.0,0.0,0.0
2025-06-17,00840B,TPEX,息,27.99,27.87,0.12,1.00430571,0.12,0.0,0.0,0.0
2025-06-17,00853B,TPEX,息,25.91,25.64,0.27,1.01053042,0.27,0.0,0.0,0.0
2025-06-17,00859B,TPEX,息,39.15,38.8,0.35,1.00902062,0.35,0.0,0.0,0.0
2025-06-17,00862B,TPEX,息,29.77,29.4,0.37,1.01258503,0.37,0.0,0.0,0.0
2025-06-17,00863B,TPEX,息,30.27,29.82,0.45,1.01509054,0.45,0.0,0.0,0.0
2025-06-17,00883B,TPEX,息,28.72,28.6,0.125,1.00437139,0.125,0.0,0.0,0.0
2025-06-17,00890B,TPEX,息,30.34,30.2,0.14,1.00463576,0.14,0.0,0.0,0.0
2025-06-17,00896,TWSE,息,15.74,15.34,0.4,1.02607562,0.4,0.0,0.0,0.0
2025-06-17,00900,TWSE,息,13.18,13.08,0.1,1.00764526,0.1,0.0,0.0,0.0
2025-06-17,00915,TWSE,息,22.84,22.63,0.21,1.00927972,0.21,0.0,0.0,0.0
2025-06-17,00916,TWSE,息,22.81,22.56,0.25,1.01108156,0.25,0.0,0.0,0.0
2025-06-17,00919,TWSE,息,22.49,21.77,0.72,1.03307304,0.72,0.0,0.0,0.0
2025-06-17,00921,TWSE,息,16.89,16.77,0.12,1.00715564,0.12,0.0,0.0,0.0
2025-06-17,00933B,TPEX,息,14.91,14.83,0.082,1.00553008,0.082,0.0,0.0,0.0
2025-06-17,00934,TWSE,息,17.97,17.94,0.028,1.00156058,0.028,0.0,0.0,0.0
2025-06-17,00937B,TPEX,息,13.94,13.86,0.077,1.00555435,0.077,0.0,0.0,0.0
2025-06-17,00945B,TWSE,息,13.56,13.46,0.1,1.00742942,0.1,0.0,0.0,0.0
2025-06-17,00948B,TPEX,息,8.85,8.8,0.046,1.0052249,0.046,0.0,0.0,0.0
2025-06-17,00952,TWSE,息,9.41,9.39,0.02,1.00212993,0.02,0.0,0.0,0.0
2025-06-17,00957B,TPEX,息,12.77,12.7,0.067,1.00527434,0.067,0.0,0.0,0.0
2025-06-17,00963,TWSE,息,10.03,9.97,0.055,1.00551378,0.055,0.0,0.0,0.0
2025-06-17,00964,TWSE,息,10.04,9.99,0.043,1.00430129,0.043,0.0,0.0,0.0
2025-06-17,00972,TWSE,息,14.72,14.67,0.05,1.00340832,0.05,0.0,0.0,0.0
2025-06-17,1423,TWSE,息,38.3,37.5,0.8,1.02133333,0.8,0.0,0.0,0.0
2025-06-17,1593,TPEX,息,29.55,27.95,1.6,1.05724508,1.6,0.0,0.0,0.0
2025-06-17,2106,TWSE,息,23.95,22.85,1.1,1.04814004,1.1,0.0,0.0,0.0
2025-06-17,2115,TWSE,息,29.2,27.7,1.5,1.05415162,1.5,0.0,0.0,0.0
2025-06-17,2302,TWSE,息,16.45,15.87,0.58,1.03654694,0.58,0.0,0.0,0.0
2025-06-17,2308,TWSE,息,400.5,393.5,7.0,1.01778907,7.0,0.0,0.0,0.0
2025-06-17,2385,TWSE,息,153.0,143.0,10.0,1.06993007,10.0,0.0,0.0,0.0
2025-06-17,2545,TWSE,權息,51.7,46.0,5.691358,1.12391304,4.5,0.0,0.12693,38.5
2025-06-17,2816,TWSE,息,26.4,24.9,1.5,1.06024096,1.5,0.0,0.0,0.0
2025-06-17,2926,TPEX,息,46.0,45.8,0.2,1.00436681,0.2,0.0,0.0,0.0
2025-06-17,3035,TWSE,息,179.5,176.5,3.0,1.01699717,3.0,0.0,0.0,0.0
2025-06-17,3680,TPEX,息,359.5,354.4,5.099985,1.01439048,5.09998529,0.0,0.0,0.0
2025-06-17,4938,TWSE,息,83.0,78.49,4.502825,1.05736289,4.502825,0.0,0.0,0.0
2025-06-17,4945,TPEX,息,80.0,77.2,2.8,1.03626943,2.8,0.0,0.0,0.0
2025-06-17,4974,TPEX,息,91.8,86.35,5.45,1.06311523,5.45,0.0,0.0,0.0
2025-06-17,5519,TWSE,息,34.25,31.25,3.0,1.096,3.0,0.0,0.0,0.0
2025-06-17,5902,TPEX,息,46.75,45.1,1.65,1.03658537,1.65,0.0,0.0,0.0
2025-06-17,6005,TWSE,息,22.1,20.6,1.5,1.07281553,1.5,0.0,0.0,0.0
2025-06-17,6147,TPEX,息,61.0,57.25,3.750212,1.06550612,3.75021151,0.0,0.0,0.0
2025-06-17,6154,TPEX,息,15.15,14.55,0.6,1.04123711,0.6,0.0,0.0,0.0
2025-06-17,6561,TPEX,息,434.5,422.0,12.5,1.02962085,12.5,0.0,0.0,0.0
2025-06-17,6640,TPEX,息,594.0,579.0,15.0,1.02590674,15.0,0.0,0.0,0.0
2025-06-17,8011,TWSE,息,22.0,20.6,1.4,1.06796117,1.4,0.0,0.0,0.0
2025-06-17,8416,TPEX,息,170.0,162.0,8.0,1.04938272,8.0,0.0,0.0,0.0
2025-06-18,00710B,TWSE,息,18.07,17.75,0.32,1.01802817,0.32,0.0,0.0,0.0
2025-06-18,00711B,TWSE,息,14.6,14.41,0.19,1.01318529,0.19,0.0,0.0,0.0
2025-06-18,00712,TWSE,息,8.41,8.18,0.23,1.02811736,0.23,0.0,0.0,0.0
2025-06-18,00929,TWSE,息,17.67,17.6,0.07,1.00397727,0.07,0.0,0.0,0.0
2025-06-18,2459,TWSE,息,64.9,60.9,4.0,1.06568144,4.0,0.0,0.0,0.0
2025-06-18,2480,TWSE,息,156.5,149.07,7.422,1.04978602,7.422,0.0,0.0,0.0
2025-06-18,2606,TWSE,息,58.3,55.1,3.2,1.05807623,3.2,0.0,0.0,0.0
2025-06-18,3168,TWSE,息,50.1,47.06,3.03891,1.06457373,3.03891,0.0,0.0,0.0
2025-06-18,5340,TPEX,息,43.0,42.8,0.2,1.0046729,0.2,0.0,0.0,0.0
2025-06-18,6024,TWSE,息,50.3,47.47,2.83,1.0596166,2.83,0.0,0.0,0.0
2025-06-18,6530,TPEX,息,52.6,51.05,1.55,1.03036239,1.55,0.0,0.0,0.0
2025-06-18,6531,TWSE,息,310.5,303.5,6.993645,1.02304283,6.993645,0.0,0.0,0.0
2025-06-18,6762,TPEX,權息,270.0,234.52,35.478262,1.1512792,0.3,0.15000000327,0.0,0.0
2025-06-18,8028,TWSE,息,148.0,145.8,2.2,1.01508916,2.2,0.0,0.0,0.0
2025-06-18,8162,TWSE,息,38.8,37.8,1.0,1.02645503,1.0,0.0,0.0,0.0
2025-06-19,00728,TWSE,息,31.03,30.25,0.771,1.02548002,0.771,0.0,0.0,0.0
2025-06-19,00918,TWSE,息,22.59,21.89,0.7,1.03197807,0.7,0.0,0.0,0.0
2025-06-19,00981B,TPEX,息,8.9,8.83,0.072,1.00815587,0.072,0.0,0.0,0.0
2025-06-19,1504,TWSE,息,52.6,50.4,2.2,1.04365079,2.2,0.0,0.0,0.0
2025-06-19,1711,TWSE,息,16.7,16.4,0.3,1.01829268,0.3,0.0,0.0,0.0
2025-06-19,1735,TWSE,息,17.0,16.2,0.8,1.04938272,0.8,0.0,0.0,0.0
2025-06-19,1904,TWSE,息,17.5,17.05,0.45,1.02639296,0.45,0.0,0.0,0.0
2025-06-19,2031,TWSE,息,41.75,39.25,2.5,1.06369427,2.5,0.0,0.0,0.0
2025-06-19,2353,TWSE,息,35.2,33.5,1.7,1.05074627,1.7,0.0,0.0,0.0
2025-06-19,2423,TWSE,息,44.2,42.2,2.0,1.04739336,2.0,0.0,0.0,0.0
2025-06-19,2450,TWSE,息,31.2,29.55,1.649999,1.05583753,1.649999,0.0,0.0,0.0
2025-06-19,2506,TWSE,息,10.4,10.0,0.4,1.04,0.4,0.0,0.0,0.0
2025-06-19,2603,TWSE,息,246.5,214.0,32.5,1.15186916,32.5,0.0,0.0,0.0
2025-06-19,3094,TWSE,息,25.9,25.73,0.17,1.00660707,0.17,0.0,0.0,0.0
2025-06-19,3150,TWSE,息,23.15,22.15,1.0,1.04514673,1.0,0.0,0.0,0.0
2025-06-19,3311,TWSE,權,38.0,35.28,2.72,1.07709751,0.0,0.0,0.3764705882399999,29.5
2025-06-19,3597,TPEX,息,25.6,24.75,0.85,1.03434343,0.85,0.0,0.0,0.0
2025-06-19,4766,TWSE,息,338.0,319.0,19.0,1.05956113,19.0,0.0,0.0,0.0
2025-06-19,4915,TWSE,息,79.0,74.79,4.201375,1.05616915,4.201375,0.0,0.0,0.0
2025-06-19,5443,TPEX,息,85.7,83.7,2.0,1.02389486,2.0,0.0,0.0,0.0
2025-06-19,6204,TPEX,息,63.7,63.4,0.3,1.00473186,0.3,0.0,0.0,0.0
2025-06-19,6266,TPEX,權息,34.35,30.74,3.613804,1.11757485,1.785,0.0595000026,0.0,0.0
2025-06-19,6438,TWSE,息,169.0,166.16,2.831858,1.01704212,2.831858,0.0,0.0,0.0
2025-06-19,6494,TPEX,息,39.6,37.24,2.36,1.06337272,2.36,0.0,0.0,0.0
2025-06-19,6498,TPEX,息,127.0,124.36,2.640587,1.02123351,2.64058707,0.0,0.0,0.0
2025-06-19,6548,TPEX,息,32.25,31.79,0.458167,1.01441146,0.45816659,0.0,0.0,0.0
2025-06-19,6625,TWSE,息,91.7,87.7,4.0,1.04561003,4.0,0.0,0.0,0.0
2025-06-19,8070,TWSE,息,42.35,40.35,2.0,1.04956629,2.0,0.0,0.0,0.0
2025-06-19,8996,TWSE,息,267.5,263.47,4.021688,1.01526383,4.021688,0.0,0.0,0.0
2025-06-20,00697B,TPEX,息,33.41,33.11,0.3,1.00906071,0.3,0.0,0.0,0.0
2025-06-20,00713,TWSE,息,51.65,50.55,1.1,1.02176063,1.1,0.0,0.0,0.0
2025-06-20,00751B,TPEX,息,30.15,29.74,0.41,1.01378615,0.41,0.0,0.0,0.0
2025-06-20,00787B,TPEX,息,30.29,29.87,0.42,1.01406093,0.42,0.0,0.0,0.0
2025-06-20,00967B,TPEX,息,8.62,8.58,0.037,1.00431085,0.037,0.0,0.0,0.0
2025-06-20,00968B,TPEX,息,8.7,8.65,0.051,1.00589664,0.051,0.0,0.0,0.0
2025-06-20,1319,TWSE,息,109.0,103.7,5.3,1.05110897,5.3,0.0,0.0,0.0
2025-06-20,2069,TWSE,息,15.75,14.85,0.9,1.06060606,0.9,0.0,0.0,0.0
2025-06-20,2360,TWSE,息,362.0,353.0,9.0,1.02549575,9.0,0.0,0.0,0.0
2025-06-20,2388,TWSE,息,62.8,62.6,0.2,1.00319489,0.2,0.0,0.0,0.0
2025-06-20,2455,TWSE,息,121.0,117.78,3.21761,1.02731826,3.21761,0.0,0.0,0.0
2025-06-20,2643,TPEX,息,75.4,70.9,4.5,1.06346968,4.5,0.0,0.0,0.0
2025-06-20,3413,TWSE,息,302.5,288.07,14.424921,1.05007348,14.424921,0.0,0.0,0.0
2025-06-20,5601,TPEX,息,38.05,37.7,0.35,1.00928382,0.35,0.0,0.0,0.0
2025-06-20,6167,TPEX,息,13.9,13.7,0.2,1.01459854,0.2,0.0,0.0,0.0
2025-06-20,6176,TWSE,息,150.0,139.39,10.609188,1.0761111,10.609188,0.0,0.0,0.0
2025-06-20,6472,TWSE,息,796.0,782.0,14.0,1.01790281,14.0,0.0,0.0,0.0
2025-06-20,6792,TWSE,息,55.5,53.0,2.5,1.04716981,2.5,0.0,0.0,0.0
2025-06-20,6903,TPEX,息,117.0,109.0,8.0,1.0733945,8.0,0.0,0.0,0.0
2025-06-20,7703,TPEX,息,140.0,134.5,5.5,1.04089219,5.5,0.0,0.0,0.0
2025-06-20,8111,TPEX,息,52.4,51.5,0.9,1.01747573,0.9,0.0,0.0,0.0
2025-06-20,8163,TWSE,息,37.2,35.2,2.0,1.05681818,2.0,0.0,0.0,0.0
2025-06-23,1259,TPEX,息,55.2,54.0,1.2,1.02222222,1.2,0.0,0.0,0.0
2025-06-23,1707,TWSE,息,128.0,123.8,4.2,1.03392569,4.2,0.0,0.0,0.0
2025-06-23,1788,TPEX,息,143.5,136.5,7.0,1.05128205,7.0,0.0,0.0,0.0
2025-06-23,2347,TWSE,息,71.1,67.1,4.0,1.05961252,4.0,0.0,0.0,0.0
2025-06-23,2723,TWSE,息,85.1,82.1,3.0,1.0365408,3.0,0.0,0.0,0.0
2025-06-23,2753,TWSE,息,177.5,171.49,6.004501,1.03501259,6.004501,0.0,0.0,0.0
2025-06-23,3010,TWSE,息,98.6,93.3,5.3,1.056806,5.3,0.0,0.0,0.0
2025-06-23,3026,TWSE,息,83.7,78.2,5.5,1.07033248,5.5,0.0,0.0,0.0
2025-06-23,3388,TPEX,息,64.4,60.9,3.5,1.05747126,3.5,0.0,0.0,0.0
2025-06-23,3450,TWSE,息,214.5,214.0,0.5,1.00233645,0.5,0.0,0.0,0.0
2025-06-23,5213,TPEX,息,30.8,29.53,1.27,1.04300711,1.27,0.0,0.0,0.0
2025-06-23,6449,TWSE,息,106.0,102.51,3.481832,1.03396307,3.481832,0.0,0.0,0.0
2025-06-23,6679,TPEX,息,205.5,196.33,9.167376,1.04669308,9.1673756,0.0,0.0,0.0
2025-06-23,6768,TWSE,息,106.0,99.82,6.175462,1.06186317,6.175462,0.0,0.0,0.0
2025-06-23,7715,TPEX,息,43.05,40.06,2.985759,1.0745243,2.98575949,0.0,0.0,0.0
2025-06-23,8049,TPEX,息,29.0,27.0,2.0,1.07407407,2.0,0.0,0.0,0.0
2025-06-23,9931,TWSE,息,36.0,34.2,1.8,1.05263158,1.8,0.0,0.0,0.0
2025-06-23,9934,TWSE,息,9.95,9.6,0.35,1.03645833,0.35,0.0,0.0,0.0
2025-06-24,00836B,TPEX,息,27.15,26.85,0.3,1.01117318,0.3,0.0,0.0,0.0
2025-06-24,00856B,TPEX,息,35.76,35.33,0.43,1.01217096,0.43,0.0,0.0,0.0
2025-06-24,00857B,TPEX,息,22.05,21.77,0.28,1.01286174,0.28,0.0,0.0,0.0
2025-06-24,00907,TWSE,息,14.6,14.58,0.011,1.00075399,0.011,0.0,0.0,0.0
2025-06-24,00958B,TPEX,息,8.58,8.54,0.04,1.00468384,0.04,0.0,0.0,0.0
2025-06-24,2114,TWSE,息,92.3,87.3,5.0,1.05727377,5.0,0.0,0.0,0.0
2025-06-24,2303,TWSE,息,47.0,44.14,2.850164,1.06455662,2.850164,0.0,0.0,0.0
2025-06-24,2362,TWSE,息,46.0,43.47,2.529815,1.05819655,2.529815,0.0,0.0,0.0
2025-06-24,2368,TWSE,息,269.5,263.5,6.0,1.0227704,6.0,0.0,0.0,0.0
2025-06-24,2387,TWSE,息,50.4,46.4,4.0,1.0862069,4.0,0.0,0.0,0.0
2025-06-24,2504,TWSE,息,43.85,41.05,2.8,1.0682095,2.8,0.0,0.0,0.0
2025-06-24,2615,TWSE,息,97.3,93.8,3.5,1.03731343,3.5,0.0,0.0,0.0
2025-06-24,2903,TWSE,息,22.25,20.9,1.35,1.0645933,1.35,0.0,0.0,0.0
2025-06-24,3019,TWSE,息,135.0,131.0,4.0,1.03053435,4.0,0.0,0.0,0.0
2025-06-24,3138,TWSE,息,83.6,81.04,2.558482,1.03157002,2.558482,0.0,0.0,0.0
2025-06-24,3163,TPEX,息,178.0,175.0,3.0,1.01714286,3.0,0.0,0.0,0.0
2025-06-24,3169,TPEX,息,82.6,79.6,3.0,1.03768844,3.0,0.0,0.0,0.0
2025-06-24,3264,TPEX,息,76.1,72.1,4.0,1.0554785,4.0,0.0,0.0,0.0
2025-06-24,3374,TPEX,息,139.0,136.5,2.5,1.01831502,2.5,0.0,0.0,0.0
2025-06-24,3447,TWSE,息,45.3,44.5,0.8,1.01797753,0.8,0.0,0.0,0.0
2025-06-24,3705,TWSE,息,62.0,59.0,3.0,1.05084746,3.0,0.0,0.0,0.0
2025-06-24,3709,TPEX,息,35.95,34.95,1.0,1.0286123,1.0,0.0,0.0,0.0
2025-06-24,4535,TPEX,息,30.65,29.05,1.6,1.05507745,1.6,0.0,0.0,0.0
2025-06-24,4545,TWSE,息,32.5,30.85,1.65,1.0534846,1.65,0.0,0.0,0.0
2025-06-24,4571,TWSE,息,168.5,163.32,5.179604,1.03171437,5.179604,0.0,0.0,0.0
2025-06-24,6184,TWSE,息,53.8,50.6,3.19358,1.06310622,3.19358,0.0,0.0,0.0
2025-06-24,6214,TWSE,息,109.0,103.8,5.2,1.05009634,5.2,0.0,0.0,0.0
2025-06-24,6558,TWSE,息,45.0,44.7,0.3,1.00671141,0.3,0.0,0.0,0.0
2025-06-24,6577,TPEX,息,88.6,82.6,6.0,1.07263923,6.0,0.0,0.0,0.0
2025-06-24,6669,TWSE,息,2550.0,2476.0,74.0,1.02988691,74.0,0.0,0.0,0.0
2025-06-24,6693,TPEX,息,58.6,56.6,2.000525,1.03534529,2.00052507,0.0,0.0,0.0
2025-06-24,9917,TWSE,息,118.5,113.3,5.2,1.04589585,5.2,0.0,0.0,0.0
2025-06-25,1104,TWSE,息,29.65,27.95,1.7,1.0608229,1.7,0.0,0.0,0.0
2025-06-25,2397,TWSE,息,66.0,62.6,3.4,1.0543131,3.4,0.0,0.0,0.0
2025-06-25,3349,TPEX,權,15.2,15.11,0.091162,1.00595632,0.0,0.0,0.11978544032,14.5
2025-06-25,3455,TPEX,息,93.5,89.0,4.5,1.0505618,4.5,0.0,0.0,0.0
2025-06-25,3714,TWSE,息,36.4,35.5,0.9,1.02535211,0.9,0.0,0.0,0.0
2025-06-25,4175,TPEX,息,63.5,61.9,1.6,1.02584814,1.6,0.0,0.0,0.0
2025-06-25,4739,TWSE,息,45.15,44.2,0.95,1.02149321,0.95,0.0,0.0,0.0
2025-06-25,4952,TWSE,息,42.0,39.75,2.25,1.05660377,2.25,0.0,0.0,0.0
2025-06-25,6125,TPEX,息,67.9,67.2,0.7,1.01041667,0.7,0.0,0.0,0.0
2025-06-25,6205,TWSE,息,46.9,45.27,1.629726,1.03599991,1.629726,0.0,0.0,0.0
2025-06-25,6425,TPEX,息,45.6,44.6,1.002,1.02246737,1.00199979,0.0,0.0,0.0
2025-06-25,6505,TWSE,息,36.75,35.95,0.8,1.02225313,0.8,0.0,0.0,0.0
2025-06-25,6546,TPEX,息,89.2,85.7,3.5,1.04084014,3.5,0.0,0.0,0.0
2025-06-25,8112,TWSE,息,51.2,47.84,3.350618,1.07002427,3.350618,0.0,0.0,0.0
2025-06-25,8112A,TWSE,息,44.15,42.12,2.025,1.04807122,2.025,0.0,0.0,0.0
2025-06-25,8227,TPEX,息,150.0,148.4,1.6,1.01078167,1.6,0.0,0.0,0.0
2025-06-25,8341,TWSE,息,76.3,72.5,3.8,1.05241379,3.8,0.0,0.0,0.0
2025-06-25,9944,TWSE,息,16.85,16.55,0.3,1.01812689,0.3,0.0,0.0,0.0
2025-06-26,1213,TWSE,息,13.0,12.65,0.35,1.02766798,0.35,0.0,0.0,0.0
2025-06-26,1218,TWSE,息,21.65,20.3,1.35,1.06650246,1.35,0.0,0.0,0.0
2025-06-26,1313,TWSE,息,7.78,7.63,0.149968,1.01965496,0.149968,0.0,0.0,0.0
2025-06-26,1525,TWSE,息,64.0,60.9,3.1,1.05090312,3.1,0.0,0.0,0.0
2025-06-26,2329,TWSE,息,41.95,40.95,1.0,1.02442002,1.0,0.0,0.0,0.0
2025-06-26,2357,TWSE,息,700.0,666.0,34.0,1.05105105,34.0,0.0,0.0,0.0
2025-06-26,2436,TWSE,息,50.4,48.9,1.5,1.03067485,1.5,0.0,0.0,0.0
2025-06-26,2478,TWSE,息,43.15,41.33,1.81808,1.04398731,1.81808,0.0,0.0,0.0
2025-06-26,2486,TWSE,息,80.3,79.79,0.504311,1.00632003,0.504311,0.0,0.0,0.0
2025-06-26,2941,TPEX,息,56.8,53.6,3.2,1.05970149,3.2,0.0,0.0,0.0
2025-06-26,2949,TPEX,息,84.5,83.5,1.0,1.01197605,1.0,0.0,0.0,0.0
2025-06-26,3005,TWSE,息,120.5,114.51,5.985975,1.05227285,5.985975,0.0,0.0,0.0
2025-06-26,3515,TWSE,息,244.0,238.69,5.300763,1.02220687,5.300763,0.0,0.0,0.0
2025-06-26,3529,TPEX,息,2430.0,2408.0,21.99712,1.00913501,21.99712,0.0,0.0,0.0
2025-06-26,3557,TWSE,權息,50.9,46.09,4.804762,1.10423554,2.5,0.05,0.0,0.0
2025-06-26,4164,TWSE,息,47.3,45.94,1.356758,1.02953118,1.356758,0.0,0.0,0.0
2025-06-26,4747,TPEX,息,63.4,61.65,1.75,1.02838605,1.75,0.0,0.0,0.0
2025-06-26,5016,TPEX,息,26.7,25.5,1.2,1.04705882,1.2,0.0,0.0,0.0
2025-06-26,5209,TPEX,息,125.5,114.17,11.33032,1.09924106,11.33032047,0.0,0.0,0.0
2025-06-26,5312,TPEX,息,150.5,143.0,7.5,1.05244755,7.5,0.0,0.0,0.0
2025-06-26,5522,TWSE,息,64.8,62.7,2.1,1.03349282,2.1,0.0,0.0,0.0
2025-06-26,5533,TWSE,息,17.75,16.75,1.0,1.05970149,1.0,0.0,0.0,0.0
2025-06-26,6134,TPEX,息,19.8,19.6,0.2,1.01020408,0.2,0.0,0.0,0.0
2025-06-26,6195,TPEX,息,29.6,28.1,1.5,1.05338078,1.5,0.0,0.0,0.0
2025-06-26,6288,TWSE,息,19.95,19.65,0.3,1.01526718,0.3,0.0,0.0,0.0
2025-06-26,6579,TWSE,息,127.0,121.85,5.15,1.04226508,5.15,0.0,0.0,0.0
2025-06-26,6592,TWSE,息,71.5,68.5,3.0,1.04379562,3.0,0.0,0.0,0.0
2025-06-26,6592A,TWSE,息,96.8,92.6,4.2,1.04535637,4.2,0.0,0.0,0.0
2025-06-26,6592B,TWSE,息,97.9,93.4,4.5,1.04817987,4.5,0.0,0.0,0.0
2025-06-26,6771,TWSE,息,59.9,56.4,3.5,1.06205674,3.5,0.0,0.0,0.0
2025-06-26,6890,TWSE,息,300.0,291.0,9.0,1.03092784,9.0,0.0,0.0,0.0
2025-06-26,6924,TWSE,息,73.8,68.3,5.5,1.08052709,5.5,0.0,0.0,0.0
2025-06-26,7709,TPEX,息,42.7,40.4,2.3,1.05693069,2.3,0.0,0.0,0.0
2025-06-26,7728,TPEX,息,278.5,271.47,7.031704,1.02590249,7.03170423,0.0,0.0,0.0
2025-06-26,8155,TPEX,息,124.0,120.2,3.8,1.03161398,3.8,0.0,0.0,0.0
2025-06-26,8210,TWSE,息,505.0,497.5,7.494377,1.0150639,7.494377,0.0,0.0,0.0
2025-06-26,8279,TPEX,息,133.5,128.5,5.0,1.03891051,5.0,0.0,0.0,0.0
2025-06-26,8415,TPEX,息,34.1,32.6,1.5,1.04601227,1.5,0.0,0.0,0.0
2025-06-27,1521,TWSE,息,26.15,25.15,1.0,1.03976143,1.0,0.0,0.0,0.0
2025-06-27,2032,TWSE,息,14.15,13.77,0.375,1.02722323,0.375,0.0,0.0,0.0
2025-06-27,2328,TWSE,息,41.3,40.2,1.1,1.02736318,1.1,0.0,0.0,0.0
2025-06-27,2641,TPEX,息,19.95,19.46,0.490644,1.02521381,0.49064449,0.0,0.0,0.0
2025-06-27,2850,TWSE,息,103.0,95.85,7.15,1.07459572,7.15,0.0,0.0,0.0
2025-06-27,2851,TWSE,息,25.3,23.4,1.9,1.08119658,1.9,0.0,0.0,0.0
2025-06-27,2916,TPEX,息,49.5,45.9,3.6,1.07843137,3.6,0.0,0.0,0.0
2025-06-27,3040,TWSE,息,63.5,62.5,1.0,1.016,1.0,0.0,0.0,0.0
2025-06-27,3213,TPEX,息,104.5,98.5,6.0,1.06091371,6.0,0.0,0.0,0.0
2025-06-27,3580,TPEX,息,71.0,68.0,3.0,1.04411765,3.0,0.0,0.0,0.0
2025-06-27,3669,TWSE,息,33.9,32.2,1.7,1.05279503,1.7,0.0,0.0,0.0
2025-06-27,4555,TWSE,息,36.0,35.5,0.5,1.01408451,0.5,0.0,0.0,0.0
2025-06-27,4755,TWSE,息,115.5,112.0,3.5,1.03125,3.5,0.0,0.0,0.0
2025-06-27,5009,TPEX,息,38.8,36.2,2.6,1.0718232,2.6,0.0,0.0,0.0
2025-06-27,6414,TWSE,息,304.5,292.3,12.2,1.04173794,12.2,0.0,0.0,0.0
2025-06-27,6477,TWSE,息,29.55,29.25,0.3,1.01025641,0.3,0.0,0.0,0.0
2025-06-27,6613,TPEX,息,169.0,160.0,9.0,1.05625,9.0,0.0,0.0,0.0
2025-06-27,6615,TPEX,息,34.15,33.85,0.3,1.00886263,0.3,0.0,0.0,0.0
2025-06-27,6667,TPEX,息,221.5,212.95,8.55,1.04015027,8.55,0.0,0.0,0.0
2025-06-27,6672,TWSE,息,74.7,71.35,3.35,1.04695165,3.35,0.0,0.0,0.0
2025-06-27,6789,TWSE,息,230.0,227.0,2.997015,1.01320254,2.997015,0.0,0.0,0.0
2025-06-27,7631,TWSE,息,119.5,118.3,1.2,1.0101437,1.2,0.0,0.0,0.0
2025-06-27,8088,TPEX,息,34.8,34.3,0.5,1.01457726,0.5,0.0,0.0,0.0
2025-06-27,8114,TWSE,息,296.0,288.23,7.763896,1.02693589,7.763896,0.0,0.0,0.0
2025-06-27,8150,TWSE,息,27.9,26.67,1.229962,1.04611774,1.229962,0.0,0.0,0.0
2025-06-27,8240,TPEX,息,31.55,29.95,1.6,1.05342237,1.6,0.0,0.0,0.0
2025-06-27,8349,TPEX,息,53.1,51.1,1.997399,1.03908605,1.99739903,0.0,0.0,0.0
2025-06-27,8349A,TPEX,息,49.0,47.1,1.9,1.0403397,1.9,0.0,0.0,0.0
2025-06-30,1234,TWSE,息,42.1,40.2,1.9,1.04726368,1.9,0.0,0.0,0.0
2025-06-30,1731,TWSE,息,23.2,22.0,1.2,1.05454545,1.2,0.0,0.0,0.0
2025-06-30,1817,TWSE,息,42.7,40.3,2.4,1.05955335,2.4,0.0,0.0,0.0
2025-06-30,2382,TWSE,息,285.5,272.5,13.0,1.04770642,13.0,0.0,0.0,0.0
2025-06-30,2820,TWSE,息,15.6,14.82,0.78,1.05263158,0.78,0.0,0.0,0.0
2025-06-30,2882,TWSE,息,67.9,64.4,3.5,1.05434783,3.5,0.0,0.0,0.0
2025-06-30,2882A,TWSE,息,62.4,59.87,2.526,1.0421886,2.526,0.0,0.0,0.0
2025-06-30,2882B,TWSE,息,61.2,59.07,2.13,1.03605891,2.13,0.0,0.0,0.0
2025-06-30,2883,TWSE,息,16.1,15.24,0.850016,1.05573881,0.850016,0.0,0.0,0.0
2025-06-30,2883B,TWSE,息,7.75,7.39,0.355,1.04800541,0.355,0.0,0.0,0.0
2025-06-30,3036,TWSE,息,133.5,127.5,5.998,1.0470424,5.998,0.0,0.0,0.0
2025-06-30,3036A,TWSE,息,51.4,49.4,2.0,1.04048583,2.0,0.0,0.0,0.0
2025-06-30,3265,TPEX,息,100.5,95.9,4.6,1.04796663,4.6,0.0,0.0,0.0
2025-06-30,3416,TWSE,息,138.5,133.0,5.5,1.04135338,5.5,0.0,0.0,0.0
2025-06-30,3583,TWSE,息,354.0,349.5,4.5,1.01287554,4.5,0.0,0.0,0.0
2025-06-30,3684,TPEX,息,42.95,40.65,2.3,1.05658057,2.3,0.0,0.0,0.0
2025-06-30,4116,TPEX,息,41.75,40.1,1.65,1.04114713,1.65,0.0,0.0,0.0
2025-06-30,5306,TWSE,息,94.4,93.53,0.868843,1.00928934,0.868843,0.0,0.0,0.0
2025-06-30,6585,TWSE,息,120.0,112.07,7.92426,1.07070451,7.92426,0.0,0.0,0.0
2025-06-30,6655,TWSE,息,127.0,124.0,3.0,1.02419355,3.0,0.0,0.0,0.0
2025-06-30,6761,TPEX,息,97.0,91.37,5.627028,1.06158307,5.62702812,0.0,0.0,0.0
2025-06-30,7718,TPEX,息,50.1,46.6,3.5,1.0751073,3.5,0.0,0.0,0.0
2025-06-30,7736,TWSE,息,103.5,99.98,3.519682,1.03520375,3.519682,0.0,0.0,0.0
2025-06-30,8034,TPEX,息,19.0,18.2,0.8,1.04395604,0.8,0.0,0.0,0.0
2025-06-30,8081,TWSE,息,237.0,221.0,16.0,1.07239819,16.0,0.0,0.0,0.0
2025-06-30,8342,TPEX,息,81.5,76.5,5.0,1.06535948,5.0,0.0,0.0,0.0
2025-06-30,8462,TWSE,息,129.5,125.29,4.204721,1.0335585,4.204721,0.0,0.0,0.0
2025-06-30,8476,TWSE,息,22.45,21.42,1.020473,1.04761995,1.020473,0.0,0.0,0.0
2025-07-01,00939,TWSE,息,13.74,13.67,0.068,1.00497367,0.068,0.0,0.0,0.0
2025-07-01,1326,TWSE,息,22.9,22.4,0.5,1.02232143,0.5,0.0,0.0,0.0
2025-07-01,1725,TWSE,息,30.25,29.0,1.25,1.04310345,1.25,0.0,0.0,0.0
2025-07-01,2030,TWSE,息,15.0,14.28,0.711566,1.04980014,0.711566,0.0,0.0,0.0
2025-07-01,2103,TWSE,息,17.95,17.32,0.63,1.03637413,0.63,0.0,0.0,0.0
2025-07-01,2230,TPEX,權息,124.0,102.5,21.499999,1.20975609,1.0,0.19999998942,0.0,0.0
2025-07-01,2312,TWSE,息,20.25,19.65,0.599917,1.03053,0.599917,0.0,0.0,0.0
2025-07-01,2881,TWSE,息,87.3,83.05,4.25,1.05117399,4.25,0.0,0.0,0.0
2025-07-01,2881A,TWSE,息,64.5,61.75,2.74875,1.04451327,2.74875,0.0,0.0,0.0
2025-07-01,2881B,TWSE,息,62.6,60.44,2.16,1.03573792,2.16,0.0,0.0,0.0
2025-07-01,2881C,TWSE,息,53.0,51.2,1.8,1.03515625,1.8,0.0,0.0,0.0
2025-07-01,2885,TWSE,息,34.15,32.6,1.55,1.04754601,1.55,0.0,0.0,0.0
2025-07-01,4119,TWSE,息,64.7,63.2,1.5,1.02373418,1.5,0.0,0.0,0.0
2025-07-01,4961,TWSE,息,218.5,205.63,12.87,1.06258814,12.87,0.0,0.0,0.0
2025-07-01,5230,TPEX,息,20.8,20.29,0.512487,1.02526122,0.51248733,0.0,0.0,0.0
2025-07-01,5285,TWSE,息,48.05,46.05,2.0,1.04343105,2.0,0.0,0.0,0.0
2025-07-01,5315,TPEX,息,22.65,21.15,1.5,1.07092199,1.5,0.0,0.0,0.0
2025-07-01,5434,TWSE,息,274.5,262.51,11.985567,1.04565679,11.985567,0.0,0.0,0.0
2025-07-01,5474,TPEX,息,165.5,161.5,4.0,1.0247678,4.0,0.0,0.0,0.0
2025-07-01,5876,TWSE,息,46.4,44.6,1.8,1.04035874,1.8,0.0,0.0,0.0
2025-07-01,6292,TPEX,息,52.8,48.8,4.0,1.08196721,4.0,0.0,0.0,0.0
2025-07-01,6469,TPEX,息,150.5,147.2,3.297414,1.02240051,3.29741367,0.0,0.0,0.0
2025-07-01,6643,TPEX,息,525.0,523.0,2.000407,1.00382487,2.00040678,0.0,0.0,0.0
2025-07-01,6754,TWSE,息,63.0,59.0,4.0,1.06779661,4.0,0.0,0.0,0.0
2025-07-01,6856,TPEX,息,56.1,52.7,3.4,1.06451613,3.4,0.0,0.0,0.0
2025-07-01,6913,TPEX,權息,135.0,126.62,8.375688,1.06614597,2.01067598,0.05026690421,0.0,0.0
2025-07-01,8048,TPEX,息,40.6,38.4,2.2,1.05729167,2.2,0.0,0.0,0.0
2025-07-01,8299,TPEX,息,503.0,491.04,11.958999,1.02435438,11.95899874,0.0,0.0,0.0
2025-07-01,8926,TWSE,息,44.65,42.55,2.1,1.0493537,2.1,0.0,0.0,0.0
2025-07-01,8941,TPEX,息,57.5,56.0,1.5,1.02678571,1.5,0.0,0.0,0.0
2025-07-02,00950B,TPEX,息,13.29,13.22,0.072,1.00544712,0.072,0.0,0.0,0.0
2025-07-02,00966B,TPEX,息,13.16,13.1,0.065,1.00496373,0.065,0.0,0.0,0.0
2025-07-02,1101,TWSE,息,26.15,25.15,1.0,1.03976143,1.0,0.0,0.0,0.0
2025-07-02,1101B,TWSE,息,48.4,46.37,2.02625,1.0436939,2.02625,0.0,0.0,0.0
2025-07-02,1530,TWSE,息,30.45,28.91,1.531714,1.05296697,1.531714,0.0,0.0,0.0
2025-07-02,1810,TWSE,息,14.95,14.76,0.19,1.01287263,0.19,0.0,0.0,0.0
2025-07-02,2207,TWSE,息,584.0,564.0,20.0,1.03546099,20.0,0.0,0.0,0.0
2025-07-02,2317,TWSE,息,165.5,159.7,5.799983,1.03631799,5.799983,0.0,0.0,0.0
2025-07-02,2354,TWSE,息,65.0,63.6,1.4,1.02201258,1.4,0.0,0.0,0.0
2025-07-02,2611,TWSE,息,20.1,18.46,1.64,1.08884074,1.64,0.0,0.0,0.0
2025-07-02,3093,TPEX,息,27.65,26.57,1.08,1.04064735,1.08,0.0,0.0,0.0
2025-07-02,3338,TWSE,息,52.7,50.68,2.014557,1.03974626,2.014557,0.0,0.0,0.0
2025-07-02,3711,TWSE,息,145.5,140.2,5.29612,1.03777442,5.29612,0.0,0.0,0.0
2025-07-02,4706,TPEX,息,28.15,27.45,0.7,1.02550091,0.7,0.0,0.0,0.0
2025-07-02,4977,TWSE,息,90.8,88.54,2.252528,1.02543865,2.252528,0.0,0.0,0.0
2025-07-02,5356,TPEX,息,29.3,27.0,2.3,1.08518519,2.3,0.0,0.0,0.0
2025-07-02,6121,TPEX,息,374.5,363.1,11.4,1.03139631,11.4,0.0,0.0,0.0
2025-07-02,6174,TPEX,息,19.65,19.25,0.4,1.02077922,0.4,0.0,0.0,0.0
2025-07-02,6285,TWSE,息,119.0,114.19,4.800518,1.04203625,4.800518,0.0,0.0,0.0
2025-07-02,6542,TPEX,息,55.8,53.97,1.83,1.03390773,1.83,0.0,0.0,0.0
2025-07-02,6807,TWSE,息,72.9,68.4,4.5,1.06578947,4.5,0.0,0.0,0.0
2025-07-02,6862,TWSE,息,141.5,135.5,6.0,1.04428044,6.0,0.0,0.0,0.0
2025-07-02,6870,TPEX,息,233.0,228.7,4.3,1.01880192,4.3,0.0,0.0,0.0
2025-07-02,6988,TWSE,息,18.0,17.55,0.45,1.02564103,0.45,0.0,0.0,0.0
2025-07-02,8440,TPEX,權,35.9,31.22,4.682609,1.15000003,0.0,0.1500000263199999,0.0,0.0
2025-07-02,8482,TWSE,息,63.0,58.64,4.36,1.07435198,4.36,0.0,0.0,0.0
2025-07-02,8917,TPEX,息,61.9,59.7,2.2,1.03685092,2.2,0.0,0.0,0.0
2025-07-02,8921,TPEX,息,17.95,17.73,0.22,1.01240835,0.22,0.0,0.0,0.0
2025-07-02,9935,TWSE,息,23.75,21.95,1.8,1.08200456,1.8,0.0,0.0,0.0
2025-07-02,9939,TWSE,息,157.5,151.3,6.199987,1.0409781,6.199987,0.0,0.0,0.0
2025-07-03,00946,TWSE,息,9.11,9.08,0.025,1.00275179,0.025,0.0,0.0,0.0
2025-07-03,00953B,TWSE,息,9.09,9.02,0.065,1.00720222,0.065,0.0,0.0,0.0
2025-07-03,00959B,TPEX,息,8.82,8.77,0.048,1.00547196,0.048,0.0,0.0,0.0
2025-07-03,1452,TWSE,息,11.7,11.2,0.5,1.04464286,0.5,0.0,0.0,0.0
2025-07-03,1475,TWSE,息,44.45,40.85,3.6,1.08812729,3.6,0.0,0.0,0.0
2025-07-03,1730,TWSE,息,56.8,53.8,3.0,1.05576208,3.0,0.0,0.0,0.0
2025-07-03,1752,TWSE,息,36.65,35.05,1.6,1.04564907,1.6,0.0,0.0,0.0
2025-07-03,1789,TWSE,息,17.3,16.95,0.35,1.02064897,0.35,0.0,0.0,0.0
2025-07-03,1806,TWSE,息,11.9,10.9,1.0,1.09174312,1.0,0.0,0.0,0.0
2025-07-03,1906,TWSE,息,12.25,12.15,0.1,1.00823045,0.1,0.0,0.0,0.0
2025-07-03,2405,TWSE,息,15.8,15.63,0.17,1.01087652,0.17,0.0,0.0,0.0
2025-07-03,2412,TWSE,息,134.5,129.5,5.0,1.03861004,5.0,0.0,0.0,0.0
2025-07-03,2415,TWSE,息,24.05,22.85,1.2,1.05251641,1.2,0.0,0.0,0.0
2025-07-03,2432,TWSE,息,29.3,27.6,1.7,1.0615942,1.7,0.0,0.0,0.0
2025-07-03,2433,TWSE,息,51.0,48.0,3.0,1.0625,3.0,0.0,0.0,0.0
2025-07-03,2454,TWSE,息,1295.0,1269.99,25.000217,1.01968521,25.000217,0.0,0.0,0.0
2025-07-03,2464,TWSE,息,58.1,57.75,0.35,1.00606061,0.35,0.0,0.0,0.0
2025-07-03,2474,TWSE,息,216.5,208.17,8.326788,1.03999933,8.326788,0.0,0.0,0.0
2025-07-03,2534,TWSE,息,25.05,24.05,1.0,1.04158004,1.0,0.0,0.0,0.0
2025-07-03,2727,TWSE,息,243.5,228.9,14.592578,1.06374882,14.592578,0.0,0.0,0.0
2025-07-03,3046,TWSE,息,49.35,46.65,2.7,1.05787781,2.7,0.0,0.0,0.0
2025-07-03,3090,TWSE,息,79.4,75.2,4.2,1.05585106,4.2,0.0,0.0,0.0
2025-07-03,3189,TWSE,息,84.0,82.99,1.000171,1.01205028,1.000171,0.0,0.0,0.0
2025-07-03,3217,TPEX,息,161.0,152.19,8.813009,1.05790908,8.81300861,0.0,0.0,0.0
2025-07-03,3311,TWSE,息,31.45,31.15,0.3,1.00963082,0.3,0.0,0.0,0.0
2025-07-03,3479,TPEX,息,99.7,94.5,5.2,1.05502646,5.2,0.0,0.0,0.0
2025-07-03,3490,TPEX,息,21.15,20.15,1.0,1.04962779,1.0,0.0,0.0,0.0
2025-07-03,3570,TPEX,息,214.0,205.0,9.0,1.04390244,9.0,0.0,0.0,0.0
2025-07-03,3591,TWSE,息,18.2,17.46,0.738867,1.04231495,0.738867,0.0,0.0,0.0
2025-07-03,3592,TWSE,息,367.0,344.8,22.2,1.06438515,22.2,0.0,0.0,0.0
2025-07-03,3708,TWSE,息,72.7,70.35,2.345495,1.03333823,2.345495,0.0,0.0,0.0
2025-07-03,4126,TPEX,息,95.6,90.6,5.0,1.05518764,5.0,0.0,0.0,0.0
2025-07-03,4137,TWSE,息,121.5,111.5,10.0,1.0896861,10.0,0.0,0.0,0.0
2025-07-03,4413,TPEX,息,19.55,19.35,0.2,1.01033592,0.2,0.0,0.0,0.0
2025-07-03,4417,TPEX,息,47.4,44.6,2.8,1.06278027,2.8,0.0,0.0,0.0
2025-07-03,4906,TWSE,息,26.1,24.59,1.500515,1.06099782,1.500515,0.0,0.0,0.0
2025-07-03,5213,TPEX,權,29.25,29.14,0.114475,1.00377488,0.0,0.0,0.04190305113,26.95
2025-07-03,5236,TPEX,權息,137.0,125.91,11.094672,1.08811916,7.733,0.02670000069,0.0,0.0
2025-07-03,5353,TPEX,息,26.8,25.5,1.3,1.05098039,1.3,0.0,0.0,0.0
2025-07-03,5490,TPEX,息,26.85,26.5,0.35,1.01320755,0.35,0.0,0.0,0.0
2025-07-03,5515,TWSE,息,27.3,25.15,2.15,1.08548708,2.15,0.0,0.0,0.0
2025-07-03,6185,TPEX,息,15.25,14.95,0.3,1.02006689,0.3,0.0,0.0,0.0
2025-07-03,6213,TWSE,息,87.8,86.0,1.8,1.02093023,1.8,0.0,0.0,0.0
2025-07-03,6219,TPEX,息,22.25,21.55,0.7,1.0324826,0.7,0.0,0.0,0.0
2025-07-03,6270,TPEX,息,22.3,21.3,1.0,1.04694836,1.0,0.0,0.0,0.0
2025-07-03,6470,TPEX,息,50.1,47.6,2.5,1.05252101,2.5,0.0,0.0,0.0
2025-07-03,6523,TPEX,息,134.0,132.0,2.0,1.01515152,2.0,0.0,0.0,0.0
2025-07-03,6526,TWSE,息,548.0,535.5,12.5,1.02334267,12.5,0.0,0.0,0.0
2025-07-03,6569,TPEX,息,118.5,114.54,3.96063,1.03457877,3.96063027,0.0,0.0,0.0
2025-07-03,6690,TPEX,息,179.0,173.0,6.0,1.03468208,6.0,0.0,0.0,0.0
2025-07-03,6751,TPEX,息,43.45,42.45,1.0,1.02355713,1.0,0.0,0.0,0.0
2025-07-03,6776,TWSE,息,61.1,58.1,3.0,1.05163511,3.0,0.0,0.0,0.0
2025-07-03,6803,TPEX,息,300.5,285.26,15.243981,1.05343965,15.24398079,0.0,0.0,0.0
2025-07-03,6811,TPEX,息,246.0,236.5,9.5,1.04016913,9.5,0.0,0.0,0.0
2025-07-03,6844,TPEX,息,100.5,95.4,5.1,1.05345912,5.1,0.0,0.0,0.0
2025-07-03,6957,TWSE,息,179.5,166.33,13.162177,1.07912919,13.162177,0.0,0.0,0.0
2025-07-03,7556,TPEX,權息,174.0,162.67,11.333333,1.06967213,3.2,0.04999999604,0.0,0.0
2025-07-03,8021,TWSE,息,46.75,45.54,1.206858,1.02649923,1.206858,0.0,0.0,0.0
2025-07-03,8045,TWSE,息,66.9,64.93,1.96783,1.03030593,1.96783,0.0,0.0,0.0
2025-07-03,8046,TWSE,息,114.0,113.0,1.0,1.00884956,1.0,0.0,0.0,0.0
2025-07-03,8064,TPEX,息,39.3,38.7,0.6,1.01550388,0.6,0.0,0.0,0.0
2025-07-03,8284,TPEX,息,70.0,66.0,4.0,1.06060606,4.0,0.0,0.0,0.0
2025-07-03,910861,TWSE,息,5.78,5.66,0.11355,1.020039,0.11355,0.0,0.0,0.0
2025-07-03,9904,TWSE,息,35.05,33.35,1.7,1.05097451,1.7,0.0,0.0,0.0
2025-07-04,00970B,TPEX,息,8.77,8.72,0.05,1.00573394,0.05,0.0,0.0,0.0
2025-07-04,2231,TWSE,息,70.6,68.52,2.073573,1.03025946,2.073573,0.0,0.0,0.0
2025-07-04,2947,TPEX,權,98.1,89.18,8.918182,1.1,0.0,0.1,0.0,0.0
2025-07-04,3704,TWSE,息,27.8,27.5,0.299237,1.01088104,0.299237,0.0,0.0,0.0
2025-07-04,4102,TPEX,息,23.3,22.15,1.15,1.05191874,1.15,0.0,0.0,0.0
2025-07-04,4155,TWSE,息,16.85,16.55,0.3,1.01812689,0.3,0.0,0.0,0.0
2025-07-04,4772,TPEX,息,224.5,222.5,2.0,1.00898876,2.0,0.0,0.0,0.0
2025-07-04,5015,TPEX,息,36.65,34.35,2.3,1.06695779,2.3,0.0,0.0,0.0
2025-07-04,5347,TPEX,息,103.5,99.0,4.498203,1.04543557,4.49820309,0.0,0.0,0.0
2025-07-04,5536,TPEX,息,414.5,404.5,10.0,1.02472188,10.0,0.0,0.0,0.0
2025-07-04,5864,TPEX,權息,13.35,11.99,1.359259,1.11335907,0.4,0.07999999829,0.0,0.0
2025-07-04,6113,TPEX,息,25.9,25.4,0.5,1.01968504,0.5,0.0,0.0,0.0
2025-07-04,6115,TWSE,息,53.0,49.8,3.2,1.06425703,3.2,0.0,0.0,0.0
2025-07-04,6136,TWSE,息,24.35,23.2,1.15,1.04956897,1.15,0.0,0.0,0.0
2025-07-04,8072,TWSE,息,47.7,46.7,1.0,1.02141328,1.0,0.0,0.0,0.0
2025-07-07,2373,TWSE,息,61.0,57.3,3.7,1.06457243,3.7,0.0,0.0,0.0
2025-07-07,2417,TWSE,息,36.6,36.39,0.200196,1.00549992,0.200196,0.0,0.0,0.0
2025-07-07,2904,TWSE,息,18.6,17.6,1.0,1.05681818,1.0,0.0,0.0,0.0
2025-07-07,3310,TPEX,息,81.0,78.11,2.887156,1.03696134,2.88715564,0.0,0.0,0.0
2025-07-07,3512,TPEX,息,25.15,23.95,1.2,1.05010438,1.2,0.0,0.0,0.0
2025-07-07,3551,TPEX,息,163.5,160.1,3.4,1.02123673,3.4,0.0,0.0,0.0
2025-07-07,4120,TPEX,息,56.4,55.4,1.0,1.01805054,1.0,0.0,0.0,0.0
2025-07-07,5706,TWSE,權息,63.1,57.47,5.623809,1.0978459,2.75,0.05,0.0,0.0
2025-07-07,6233,TPEX,息,20.8,20.44,0.35947,1.01758615,0.35947017,0.0,0.0,0.0
2025-07-07,6237,TPEX,息,38.9,38.65,0.25,1.00646831,0.25,0.0,0.0,0.0
2025-07-07,6515,TWSE,息,1305.0,1280.0,24.999679,1.01953099,24.999679,0.0,0.0,0.0
2025-07-07,6641,TWSE,息,22.9,21.9,1.0,1.0456621,1.0,0.0,0.0,0.0
2025-07-07,6670,TWSE,息,309.5,289.85,19.649161,1.0677906,19.649161,0.0,0.0,0.0
2025-07-07,6683,TPEX,息,338.5,328.5,10.004018,1.030454,10.00401795,0.0,0.0,0.0
2025-07-07,7402,TPEX,息,82.8,81.0,1.8,1.02222222,1.8,0.0,0.0,0.0
2025-07-07,8443,TWSE,息,12.05,11.85,0.2,1.01687764,0.2,0.0,0.0,0.0
2025-07-07,8481,TWSE,息,45.05,42.5,2.55,1.06,2.55,0.0,0.0,0.0
2025-07-07,9943,TWSE,息,79.0,74.2,4.8,1.06469003,4.8,0.0,0.0,0.0
2025-07-08,1325,TWSE,息,29.85,29.55,0.3,1.01015228,0.3,0.0,0.0,0.0
2025-07-08,1583,TWSE,息,55.2,52.17,3.027422,1.05802707,3.027422,0.0,0.0,0.0
2025-07-08,2228,TWSE,息,95.3,86.3,9.0,1.10428737,9.0,0.0,0.0,0.0
2025-07-08,2365,TWSE,息,34.55,33.95,0.6,1.01767305,0.6,0.0,0.0,0.0
2025-07-08,2371,TWSE,息,39.85,36.74,3.105263,1.08450905,3.105263,0.0,0.0,0.0
2025-07-08,2425,TWSE,息,34.3,34.15,0.15,1.00439239,0.15,0.0,0.0,0.0
2025-07-08,2451,TWSE,息,111.0,104.91,6.087933,1.05802891,6.087933,0.0,0.0,0.0
2025-07-08,2461,TWSE,息,16.75,15.93,0.813673,1.05105775,0.813673,0.0,0.0,0.0
2025-07-08,2482,TWSE,息,19.05,18.44,0.61,1.03308026,0.61,0.0,0.0,0.0
2025-07-08,2855,TWSE,權息,22.6,19.54,3.054546,1.15627907,1.1,0.1,0.0,0.0
2025-07-08,2887E,TWSE,息,50.4,47.96,2.43625,1.05079357,2.43625,0.0,0.0,0.0
2025-07-08,2887F,TWSE,息,45.8,43.9,1.9,1.04328018,1.9,0.0,0.0,0.0
2025-07-08,2888A,TWSE,息,37.25,35.54,1.71,1.0481148,1.71,0.0,0.0,0.0
2025-07-08,2888B,TWSE,息,37.4,35.6,1.8,1.0505618,1.8,0.0,0.0,0.0
2025-07-08,3014,TWSE,息,137.0,128.0,9.0,1.0703125,9.0,0.0,0.0,0.0
2025-07-08,3354,TPEX,息,16.55,16.35,0.2,1.01223242,0.2,0.0,0.0,0.0
2025-07-08,3532,TWSE,息,77.3,75.5,1.8,1.02384106,1.8,0.0,0.0,0.0
2025-07-08,4541,TPEX,息,43.65,42.9,0.75,1.01748252,0.75,0.0,0.0,0.0
2025-07-08,5511,TPEX,息,61.7,57.9,3.8,1.0656304,3.8,0.0,0.0,0.0
2025-07-08,5538,TWSE,息,30.3,28.8,1.5,1.05208333,1.5,0.0,0.0,0.0
2025-07-08,6196,TWSE,息,185.5,179.59,5.904742,1.03287805,5.904742,0.0,0.0,0.0
2025-07-08,6215,TWSE,息,94.2,92.7,1.5,1.01618123,1.5,0.0,0.0,0.0
2025-07-08,6257,TWSE,息,79.8,75.75,4.042867,1.05336616,4.042867,0.0,0.0,0.0
2025-07-08,6578,TPEX,息,19.7,19.3,0.4,1.02072539,0.4,0.0,0.0,0.0
2025-07-08,6629,TPEX,息,87.0,82.8,4.2,1.05072464,4.2,0.0,0.0,0.0
2025-07-08,6840,TPEX,息,45.6,45.3,0.3,1.00662252,0.3,0.0,0.0,0.0
2025-07-08,8261,TWSE,息,78.8,75.6,3.19059,1.04219832,3.19059,0.0,0.0,0.0
2025-07-08,8923,TPEX,息,22.0,21.15,0.85,1.04018913,0.85,0.0,0.0,0.0
2025-07-09,1338,TWSE,息,23.75,22.97,0.775109,1.03373722,0.775109,0.0,0.0,0.0
2025-07-09,1472,TWSE,息,96.5,93.5,3.0,1.03208556,3.0,0.0,0.0,0.0
2025-07-09,1612,TWSE,息,36.25,34.15,2.1,1.06149341,2.1,0.0,0.0,0.0
2025-07-09,1616,TWSE,息,34.6,32.79,1.8036,1.05499384,1.8036,0.0,0.0,0.0
2025-07-09,2073,TPEX,息,28.85,28.15,0.7,1.02486679,0.7,0.0,0.0,0.0
2025-07-09,2492,TWSE,息,80.3,77.89,2.40495,1.03087423,2.40495,0.0,0.0,0.0
2025-07-09,2609,TWSE,息,72.1,64.6,7.5,1.11609907,7.5,0.0,0.0,0.0
2025-07-09,2614,TWSE,權息,17.4,15.73,1.666055,1.10588921,0.25,0.09,0.0,0.0
2025-07-09,2618,TWSE,息,40.15,37.75,2.4,1.06357616,2.4,0.0,0.0,0.0
2025-07-09,2634,TWSE,息,43.0,41.62,1.38,1.03315714,1.38,0.0,0.0,0.0
2025-07-09,2645,TWSE,息,104.5,100.0,4.5,1.045,4.5,0.0,0.0,0.0
2025-07-09,2739,TWSE,息,40.0,39.0,1.0,1.02564103,1.0,0.0,0.0,0.0
2025-07-09,2836A,TWSE,息,22.75,21.97,0.775,1.03526735,0.775,0.0,0.0,0.0
2025-07-09,2945,TWSE,息,39.95,38.45,1.5,1.0390117,1.5,0.0,0.0,0.0
2025-07-09,3006,TWSE,息,50.3,49.3,1.0,1.02028398,1.0,0.0,0.0,0.0
2025-07-09,3016,TWSE,息,31.5,31.0,0.5,1.01612903,0.5,0.0,0.0,0.0
2025-07-09,3034,TWSE,息,534.0,506.0,28.0,1.05533597,28.0,0.0,0.0,0.0
2025-07-09,3045,TWSE,息,113.0,108.5,4.5,1.04147465,4.5,0.0,0.0,0.0
2025-07-09,3227,TPEX,息,217.0,207.0,10.001795,1.04831827,10.0017946,0.0,0.0,0.0
2025-07-09,3303,TPEX,息,48.55,45.78,2.766288,1.06042078,2.76628774,0.0,0.0,0.0
2025-07-09,3430,TPEX,息,50.6,48.1,2.5,1.05197505,2.5,0.0,0.0,0.0
2025-07-09,4510,TPEX,息,45.1,44.31,0.793623,1.01791216,0.79362311,0.0,0.0,0.0
2025-07-09,4533,TPEX,息,25.1,23.9,1.2,1.05020921,1.2,0.0,0.0,0.0
2025-07-09,4720,TWSE,息,16.05,15.05,1.0,1.06644518,1.0,0.0,0.0,0.0
2025-07-09,4744,TPEX,息,22.0,21.6,0.4,1.01851852,0.4,0.0,0.0,0.0
2025-07-09,4904,TWSE,息,87.7,84.14,3.56,1.04231043,3.56,0.0,0.0,0.0
2025-07-09,5220,TPEX,息,19.35,18.85,0.5,1.0265252,0.5,0.0,0.0,0.0
2025-07-09,5452,TPEX,息,24.35,24.1,0.251692,1.01044438,0.25169189,0.0,0.0,0.0
2025-07-09,5469,TWSE,息,59.6,57.07,2.524719,1.04423489,2.524719,0.0,0.0,0.0
2025-07-09,6190,TPEX,息,38.3,36.4,1.898148,1.05214426,1.89814777,0.0,0.0,0.0
2025-07-09,6508,TPEX,息,27.2,26.2,1.0,1.03816794,1.0,0.0,0.0,0.0
2025-07-09,6510,TPEX,息,836.0,828.2,7.8,1.00941801,7.8,0.0,0.0,0.0
2025-07-09,6667,TPEX,權,220.0,215.79,4.214788,1.01950971,0.0,0.0,0.05034769359,153.0
2025-07-09,6829,TPEX,息,114.0,109.0,5.0,1.04587156,5.0,0.0,0.0,0.0
2025-07-09,6830,TWSE,息,117.0,116.0,1.0,1.00862069,1.0,0.0,0.0,0.0
2025-07-09,6937,TWSE,息,208.0,205.89,2.102523,1.0102115,2.102523,0.0,0.0,0.0
2025-07-09,8103,TWSE,息,45.6,42.73,2.86203,1.06696691,2.86203,0.0,0.0,0.0
2025-07-09,8271,TWSE,息,51.8,49.58,2.210302,1.0445718,2.210302,0.0,0.0,0.0
2025-07-09,8367,TWSE,息,47.55,44.75,2.8,1.06256983,2.8,0.0,0.0,0.0
2025-07-09,8426,TPEX,息,31.25,28.75,2.5,1.08695652,2.5,0.0,0.0,0.0
2025-07-09,9902,TWSE,息,17.9,17.6,0.3,1.01704545,0.3,0.0,0.0,0.0
2025-07-09,9945,TWSE,息,31.35,30.25,1.1,1.03636364,1.1,0.0,0.0,0.0
2025-07-10,00940,TWSE,息,9.06,9.02,0.04,1.00443459,0.04,0.0,0.0,0.0
2025-07-10,1110,TWSE,息,18.7,18.4,0.3,1.01630435,0.3,0.0,0.0,0.0
2025-07-10,1236,TWSE,息,21.9,21.3,0.6,1.02816901,0.6,0.0,0.0,0.0
2025-07-10,1307,TWSE,息,36.45,33.75,2.7,1.08,2.7,0.0,0.0,0.0
2025-07-10,1336,TPEX,息,19.7,18.76,0.945,1.05038656,0.945,0.0,0.0,0.0
2025-07-10,1476,TWSE,息,417.5,400.5,17.0,1.04244694,17.0,0.0,0.0,0.0
2025-07-10,1595,TPEX,息,30.7,30.2,0.501004,1.01659008,0.50100369,0.0,0.0,0.0
2025-07-10,1723,TWSE,息,91.2,86.7,4.5,1.05190311,4.5,0.0,0.0,0.0
2025-07-10,2316,TWSE,息,55.0,54.5,0.5,1.00917431,0.5,0.0,0.0,0.0
2025-07-10,2356,TWSE,息,44.0,42.3,1.7,1.04018913,1.7,0.0,0.0,0.0
2025-07-10,2359,TWSE,息,132.5,131.5,1.0,1.00760456,1.0,0.0,0.0,0.0
2025-07-10,2449,TWSE,息,106.0,102.0,4.0,1.03921569,4.0,0.0,0.0,0.0
2025-07-10,2453,TWSE,息,58.5,55.9,2.6,1.04651163,2.6,0.0,0.0,0.0
2025-07-10,2481,TWSE,息,47.0,45.6,1.4,1.03070175,1.4,0.0,0.0,0.0
2025-07-10,2501,TWSE,息,19.35,18.35,1.0,1.05449591,1.0,0.0,0.0,0.0
2025-07-10,2616,TWSE,息,14.9,14.6,0.3,1.02054795,0.3,0.0,0.0,0.0
2025-07-10,2897,TWSE,息,9.35,8.85,0.5,1.05649718,0.5,0.0,0.0,0.0
2025-07-10,2897B,TWSE,息,12.0,11.85,0.14459,1.01219612,0.14459,0.0,0.0,0.0
2025-07-10,3028,TWSE,息,33.9,31.8,2.1,1.06603774,2.1,0.0,0.0,0.0
2025-07-10,3037,TWSE,息,122.5,120.99,1.500045,1.01239707,1.500045,0.0,0.0,0.0
2025-07-10,3044,TWSE,息,252.5,242.2,10.3,1.04252684,10.3,0.0,0.0,0.0
2025-07-10,3130,TWSE,息,234.0,219.85,14.141208,1.0643195,14.141208,0.0,0.0,0.0
2025-07-10,3171,TPEX,息,42.8,39.8,3.0,1.07537688,3.0,0.0,0.0,0.0
2025-07-10,3567,TPEX,息,27.85,26.05,1.8,1.06909789,1.8,0.0,0.0,0.0
2025-07-10,3577,TPEX,息,92.8,91.3,1.5,1.01642935,1.5,0.0,0.0,0.0
2025-07-10,3588,TWSE,權息,44.8,42.74,2.050865,1.04801559,1.197595,0.02,0.0,0.0
2025-07-10,3628,TPEX,息,43.55,41.55,2.0,1.04813478,2.0,0.0,0.0,0.0
2025-07-10,3652,TWSE,息,27.65,27.05,0.6,1.02218115,0.6,0.0,0.0,0.0
2025-07-10,4558,TPEX,息,25.75,25.25,0.5,1.01980198,0.5,0.0,0.0,0.0
2025-07-10,4588,TWSE,息,71.3,68.3,3.0,1.04392387,3.0,0.0,0.0,0.0
2025-07-10,4771,TWSE,息,179.0,173.47,5.522426,1.03183366,5.522426,0.0,0.0,0.0
2025-07-10,4953,TPEX,息,101.5,97.51,3.990057,1.04091949,3.99005739,0.0,0.0,0.0
2025-07-10,4999,TWSE,息,24.5,23.5,1.0,1.04255319,1.0,0.0,0.0,0.0
2025-07-10,5292,TWSE,權息,156.0,137.72,18.272728,1.13267327,4.5,0.1,0.0,0.0
2025-07-10,5432,TPEX,息,109.0,108.0,1.0,1.00925926,1.0,0.0,0.0,0.0
2025-07-10,5465,TPEX,息,38.5,36.7,1.8,1.04904632,1.8,0.0,0.0,0.0
2025-07-10,6164,TWSE,息,10.9,10.4,0.5,1.04807692,0.5,0.0,0.0,0.0
2025-07-10,6166,TWSE,息,62.2,61.26,0.932779,1.01522476,0.932779,0.0,0.0,0.0
2025-07-10,6170,TPEX,息,51.4,48.29,3.11,1.06440257,3.11,0.0,0.0,0.0
2025-07-10,6173,TPEX,息,37.15,35.74,1.406542,1.03935103,1.40654205,0.0,0.0,0.0
2025-07-10,6175,TPEX,息,33.55,31.8,1.75,1.05503145,1.75,0.0,0.0,0.0
2025-07-10,6197,TWSE,息,159.0,152.0,7.0,1.04605263,7.0,0.0,0.0,0.0
2025-07-10,6223,TPEX,息,1065.0,1048.99,16.013595,1.01526578,16.01359516,0.0,0.0,0.0
2025-07-10,6278,TWSE,息,115.0,109.5,5.5,1.05022831,5.5,0.0,0.0,0.0
2025-07-10,6409,TWSE,息,1290.0,1246.99,43.00451,1.0344865,43.00451,0.0,0.0,0.0
2025-07-10,6605,TWSE,息,193.0,184.0,9.0,1.04891304,9.0,0.0,0.0,0.0
2025-07-10,6692,TPEX,息,37.35,36.85,0.498618,1.0135305,0.49861764,0.0,0.0,0.0
2025-07-10,6781,TWSE,息,1040.0,1027.5,12.5,1.01216545,12.5,0.0,0.0,0.0
2025-07-10,6865,TPEX,權,63.9,59.72,4.180374,1.07,0.0,0.07,0.0,0.0
2025-07-10,6899,TPEX,息,51.0,48.57,2.428641,1.0500015,2.42864064,0.0,0.0,0.0
2025-07-10,8083,TPEX,息,162.0,152.0,10.0,1.06578947,10.0,0.0,0.0,0.0
2025-07-10,8147,TPEX,息,108.5,106.51,1.991481,1.01869786,1.99148108,0.0,0.0,0.0
2025-07-10,8222,TWSE,息,48.05,47.35,0.7,1.01478353,0.7,0.0,0.0,0.0
2025-07-10,8905,TPEX,息,30.8,29.8,1.0,1.03355705,1.0,0.0,0.0,0.0
2025-07-10,8942,TPEX,息,46.0,44.5,1.5,1.03370787,1.5,0.0,0.0,0.0
2025-07-10,9905,TWSE,息,23.15,21.95,1.2,1.0546697,1.2,0.0,0.0,0.0
2025-07-11,1734,TWSE,息,32.55,31.55,1.0,1.03169572,1.0,0.0,0.0,0.0
2025-07-11,1907,TWSE,息,23.5,22.7,0.8,1.03524229,0.8,0.0,0.0,0.0
2025-07-11,2008,TWSE,息,24.35,23.85,0.5,1.02096436,0.5,0.0,0.0,0.0
2025-07-11,2027,TWSE,權息,33.4,32.22,1.175457,1.03662322,1.1,0.0,0.04621526524,31.0
2025-07-11,2605,TWSE,息,22.25,20.95,1.3,1.06205251,1.3,0.0,0.0,0.0
2025-07-11,2731,TWSE,息,160.0,152.5,7.5,1.04918033,7.5,0.0,0.0,0.0
2025-07-11,2838A,TWSE,息,55.6,52.96,2.630625,1.04966313,2.630625,0.0,0.0,0.0
2025-07-11,3055,TWSE,息,65.6,64.6,1.0,1.01547988,1.0,0.0,0.0,0.0
2025-07-11,3114,TPEX,息,24.1,22.9,1.2,1.05240175,1.2,0.0,0.0,0.0
2025-07-11,3221,TPEX,息,18.7,17.8,0.900385,1.0505845,0.90038463,0.0,0.0,0.0
2025-07-11,3467,TPEX,息,60.5,59.68,0.816095,1.01367362,0.81609488,0.0,0.0,0.0
2025-07-11,3581,TPEX,息,36.35,35.85,0.5,1.013947,0.5,0.0,0.0,0.0
2025-07-11,4114,TPEX,權息,36.8,32.91,3.885553,1.11805007,0.59909157,0.09984859657,0.0,0.0
2025-07-11,5244,TWSE,息,47.7,46.2,1.499904,1.03246539,1.499904,0.0,0.0,0.0
2025-07-11,5371,TPEX,息,55.4,53.9,1.5,1.02782931,1.5,0.0,0.0,0.0
2025-07-11,6944,TWSE,息,486.0,472.0,14.0,1.02966102,14.0,0.0,0.0,0.0
2025-07-11,7584,TPEX,息,69.1,65.1,4.0,1.06144393,4.0,0.0,0.0,0.0
2025-07-11,8499,TWSE,息,227.0,218.93,8.062187,1.0368241,8.062187,0.0,0.0,0.0
2025-07-14,1531,TWSE,息,12.6,12.2,0.4,1.03278689,0.4,0.0,0.0,0.0
2025-07-14,1609,TWSE,權息,38.0,36.69,1.300493,1.03543624,0.75,0.015,0.0,0.0
2025-07-14,2013,TWSE,息,44.0,42.0,2.0,1.04761905,2.0,0.0,0.0,0.0
2025-07-14,2355,TWSE,息,32.5,30.65,1.85,1.06035889,1.85,0.0,0.0,0.0
2025-07-14,2891,TWSE,息,43.85,41.54,2.30041,1.05536541,2.30041,0.0,0.0,0.0
2025-07-14,2891B,TWSE,息,64.3,62.03,2.260442,1.03643549,2.260442,0.0,0.0,0.0
2025-07-14,2891C,TWSE,息,60.5,58.58,1.92,1.03277569,1.92,0.0,0.0,0.0
2025-07-14,3013,TWSE,息,123.5,122.9,0.6,1.00488202,0.6,0.0,0.0,0.0
2025-07-14,3081,TPEX,息,345.0,344.5,0.500022,1.00145144,0.50002215,0.0,0.0,0.0
2025-07-14,3260,TPEX,息,94.7,89.58,5.122488,1.05718498,5.12248821,0.0,0.0,0.0
2025-07-14,3305,TWSE,息,58.5,56.24,2.250918,1.04001697,2.250918,0.0,0.0,0.0
2025-07-14,3564,TPEX,息,64.7,63.81,0.89,1.01394766,0.89,0.0,0.0,0.0
2025-07-14,3607,TWSE,息,14.85,14.15,0.7,1.04946996,0.7,0.0,0.0,0.0
2025-07-14,3645,TWSE,息,57.9,56.7,1.194923,1.02107259,1.194923,0.0,0.0,0.0
2025-07-14,3673,TWSE,息,30.9,30.1,0.8,1.02657807,0.8,0.0,0.0,0.0
2025-07-14,4167,TPEX,息,19.0,18.59,0.408961,1.02199777,0.40896135,0.0,0.0,0.0
2025-07-14,4556,TPEX,息,25.7,25.4,0.3,1.01181102,0.3,0.0,0.0,0.0
2025-07-14,5215,TWSE,息,38.65,36.15,2.5,1.06915629,2.5,0.0,0.0,0.0
2025-07-14,6624,TPEX,息,35.15,34.6,0.55,1.01589595,0.55,0.0,0.0,0.0
2025-07-14,6735,TPEX,權息,49.8,45.71,4.085715,1.08937501,1.8,0.05000000568,0.0,0.0
2025-07-14,6763,TPEX,息,62.3,61.6,0.7,1.01136364,0.7,0.0,0.0,0.0
2025-07-14,6790,TWSE,息,43.6,41.05,2.55,1.06211937,2.55,0.0,0.0,0.0
2025-07-14,6843,TPEX,息,60.3,58.3,2.0,1.03430532,2.0,0.0,0.0,0.0
2025-07-14,8183,TPEX,息,26.7,25.4,1.3,1.0511811,1.3,0.0,0.0,0.0
2025-07-14,8442,TWSE,息,83.6,77.19,6.407391,1.08300524,6.407391,0.0,0.0,0.0
2025-07-15,00734B,TPEX,息,14.3,14.14,0.16,1.01131542,0.16,0.0,0.0,0.0
2025-07-15,00842B,TPEX,息,29.32,28.77,0.55,1.01911714,0.55,0.0,0.0,0.0
2025-07-15,00936,TWSE,息,14.82,14.79,0.03,1.0020284,0.03,0.0,0.0,0.0
2025-07-15,00942B,TPEX,息,13.22,13.16,0.06,1.00455927,0.06,0.0,0.0,0.0
2025-07-15,00947,TWSE,息,13.63,13.55,0.08,1.00590406,0.08,0.0,0.0,0.0
2025-07-15,00962,TWSE,息,9.44,9.41,0.025,1.00265534,0.025,0.0,0.0,0.0
2025-07-15,00980B,TPEX,息,8.82,8.77,0.053,1.0060454,0.053,0.0,0.0,0.0
2025-07-15,1264,TPEX,息,324.5,310.0,14.5,1.04677419,14.5,0.0,0.0,0.0
2025-07-15,1294,TPEX,息,73.5,70.37,3.13,1.04447918,3.13,0.0,0.0,0.0
2025-07-15,1301,TWSE,息,35.7,35.2,0.5,1.01420455,0.5,0.0,0.0,0.0
2025-07-15,1402,TWSE,息,32.35,30.75,1.6,1.05203252,1.6,0.0,0.0,0.0
2025-07-15,1470,TWSE,息,21.5,20.49,1.01,1.04929234,1.01,0.0,0.0,0.0
2025-07-15,1540,TWSE,息,29.9,28.3,1.6,1.0565371,1.6,0.0,0.0,0.0
2025-07-15,1608,TWSE,息,26.85,25.85,1.0,1.03868472,1.0,0.0,0.0,0.0
2025-07-15,1614,TWSE,息,39.1,38.51,0.582463,1.01512202,0.582463,0.0,0.0,0.0
2025-07-15,2029,TWSE,息,24.15,22.9,1.25,1.05458515,1.25,0.0,0.0,0.0
2025-07-15,2034,TWSE,息,21.3,20.3,1.0,1.04926108,1.0,0.0,0.0,0.0
2025-07-15,2235,TPEX,息,45.3,42.3,3.0,1.07092199,3.0,0.0,0.0,0.0
2025-07-15,2348,TWSE,息,103.5,94.5,9.0,1.0952381,9.0,0.0,0.0,0.0
2025-07-15,2348A,TWSE,息,36.8,35.2,1.6,1.04545455,1.6,0.0,0.0,0.0
2025-07-15,2547,TWSE,息,12.3,11.72,0.579657,1.04945734,0.579657,0.0,0.0,0.0
2025-07-15,2633,TWSE,息,28.5,27.45,1.05,1.03825137,1.05,0.0,0.0,0.0
2025-07-15,2849,TWSE,息,13.8,13.42,0.38,1.02831595,0.38,0.0,0.0,0.0
2025-07-15,2852,TWSE,息,28.3,26.2,2.1,1.08015267,2.1,0.0,0.0,0.0
2025-07-15,2906,TWSE,息,15.45,14.85,0.6,1.04040404,0.6,0.0,0.0,0.0
2025-07-15,4711,TPEX,息,15.05,14.55,0.5,1.03436426,0.5,0.0,0.0,0.0
2025-07-15,4754,TPEX,息,41.45,39.45,2.0,1.05069708,2.0,0.0,0.0,0.0
2025-07-15,4763,TWSE,息,82.9,80.4,2.5,1.03109453,2.5,0.0,0.0,0.0
2025-07-15,5904,TPEX,權息,509.0,481.19,27.81188,1.05779835,23.0,0.00999999848,0.0,0.0
2025-07-15,6486,TPEX,息,79.2,73.33,5.87,1.08004909,5.87,0.0,0.0,0.0
2025-07-15,6556,TPEX,息,73.1,68.9,4.2,1.06095791,4.2,0.0,0.0,0.0
2025-07-15,6906,TWSE,息,131.0,127.67,3.329042,1.02607517,3.329042,0.0,0.0,0.0
2025-07-15,6928,TWSE,息,48.1,47.6,0.5,1.0105042,0.5,0.0,0.0,0.0
2025-07-15,8110,TWSE,息,12.9,12.7,0.2,1.01574803,0.2,0.0,0.0,0.0
2025-07-15,8374,TWSE,息,91.2,90.75,0.45,1.00495868,0.45,0.0,0.0,0.0
2025-07-15,8383,TPEX,息,42.2,39.7,2.5,1.06297229,2.5,0.0,0.0,0.0
2025-07-16,006208,TWSE,息,117.0,116.01,0.989,1.00852505,0.989,0.0,0.0,0.0
2025-07-16,00692,TWSE,息,45.91,45.28,0.628,1.01386865,0.628,0.0,0.0,0.0
2025-07-16,00694B,TPEX,息,38.54,38.28,0.257,1.00671316,0.257,0.0,0.0,0.0
2025-07-16,00695B,TPEX,息,32.55,32.29,0.263,1.00814569,0.263,0.0,0.0,0.0
2025-07-16,00696B,TPEX,息,26.91,26.63,0.278,1.01043857,0.278,0.0,0.0,0.0
2025-07-16,00702,TWSE,息,22.35,21.73,0.62,1.02853198,0.62,0.0,0.0,0.0
2025-07-16,00714,TWSE,息,19.2,19.07,0.123,1.00644755,0.123,0.0,0.0,0.0
2025-07-16,00717,TWSE,息,14.11,13.96,0.141,1.01009378,0.141,0.0,0.0,0.0
2025-07-16,00722B,TPEX,息,33.96,33.5,0.463,1.01382213,0.463,0.0,0.0,0.0
2025-07-16,00723B,TPEX,息,29.42,29.04,0.38,1.0130854,0.38,0.0,0.0,0.0
2025-07-16,00724B,TPEX,息,31.38,30.94,0.438,1.01415552,0.438,0.0,0.0,0.0
2025-07-16,00725B,TPEX,息,32.95,32.38,0.566,1.01747777,0.566,0.0,0.0,0.0
2025-07-16,00727B,TPEX,息,37.39,36.82,0.57,1.01548072,0.57,0.0,0.0,0.0
2025-07-16,00730,TWSE,息,22.67,22.56,0.11,1.00487589,0.11,0.0,0.0,0.0
2025-07-16,00735,TWSE,息,35.01,34.76,0.25,1.00719217,0.25,0.0,0.0,0.0
2025-07-16,00736,TWSE,息,23.7,23.5,0.2,1.00851064,0.2,0.0,0.0,0.0
2025-07-16,00740B,TPEX,息,35.81,35.66,0.154,1.00431905,0.154,0.0,0.0,0.0
2025-07-16,00741B,TPEX,息,35.29,35.11,0.184,1.00524127,0.184,0.0,0.0,0.0
2025-07-16,00746B,TPEX,息,32.92,32.54,0.384,1.01180231,0.384,0.0,0.0,0.0
2025-07-16,00749B,TPEX,息,28.66,28.26,0.405,1.01433375,0.405,0.0,0.0,0.0
2025-07-16,00750B,TPEX,息,31.32,30.92,0.4,1.01293661,0.4,0.0,0.0,0.0
2025-07-16,00772B,TPEX,息,31.15,31.02,0.13,1.00419084,0.13,0.0,0.0,0.0
2025-07-16,00773B,TPEX,息,32.96,32.83,0.134,1.00408213,0.134,0.0,0.0,0.0
2025-07-16,00777B,TPEX,息,30.38,30.24,0.14,1.00462963,0.14,0.0,0.0,0.0
2025-07-16,00778B,TPEX,息,31.92,31.78,0.145,1.00456334,0.145,0.0,0.0,0.0
2025-07-16,00782B,TPEX,息,28.75,28.25,0.5,1.01769912,0.5,0.0,0.0,0.0
2025-07-16,00785B,TPEX,息,32.33,31.92,0.412,1.01290808,0.412,0.0,0.0,0.0
2025-07-16,00840B,TPEX,息,27.83,27.72,0.11,1.00396825,0.11,0.0,0.0,0.0
2025-07-16,00848B,TPEX,息,31.84,31.44,0.4,1.01272265,0.4,0.0,0.0,0.0
2025-07-16,00849B,TPEX,息,34.7,34.37,0.33,1.0096014,0.33,0.0,0.0,0.0
2025-07-16,00882,TWSE,息,13.52,12.97,0.55,1.04240555,0.55,0.0,0.0,0.0
2025-07-16,00883B,TPEX,息,28.46,28.34,0.125,1.00441151,0.125,0.0,0.0,0.0
2025-07-16,00884B,TPEX,息,27.23,26.76,0.475,1.01775369,0.475,0.0,0.0,0.0
2025-07-16,00890B,TPEX,息,30.13,30.0,0.135,1.00450075,0.135,0.0,0.0,0.0
2025-07-16,00892,TWSE,息,17.67,17.48,0.188,1.01075392,0.188,0.0,0.0,0.0
2025-07-16,00900,TWSE,息,13.17,13.07,0.1,1.00765111,0.1,0.0,0.0,0.0
2025-07-16,00905,TWSE,息,13.95,13.85,0.1,1.00722022,0.1,0.0,0.0,0.0
2025-07-16,00908,TWSE,息,12.7,12.48,0.211,1.01689487,0.211,0.0,0.0,0.0
2025-07-16,00911,TWSE,息,25.84,25.14,0.7,1.02784407,0.7,0.0,0.0,0.0
2025-07-16,00912,TWSE,息,18.61,18.45,0.16,1.00867209,0.16,0.0,0.0,0.0
2025-07-16,00927,TWSE,息,17.55,17.33,0.22,1.01269475,0.22,0.0,0.0,0.0
2025-07-16,00928,TPEX,息,15.15,14.99,0.16,1.01067378,0.16,0.0,0.0,0.0
2025-07-16,00933B,TPEX,息,14.88,14.8,0.082,1.00554129,0.082,0.0,0.0,0.0
2025-07-16,00934,TWSE,息,18.43,18.35,0.077,1.0041955,0.077,0.0,0.0,0.0
2025-07-16,00937B,TPEX,息,13.81,13.74,0.072,1.00524094,0.072,0.0,0.0,0.0
2025-07-16,00943,TWSE,息,13.81,13.75,0.052,1.00377962,0.052,0.0,0.0,0.0
2025-07-16,00944,TWSE,息,14.07,14.01,0.054,1.00385274,0.054,0.0,0.0,0.0
2025-07-16,00945B,TWSE,息,13.52,13.44,0.079,1.00587754,0.079,0.0,0.0,0.0
2025-07-16,00948B,TPEX,息,8.79,8.75,0.044,1.00503087,0.044,0.0,0.0,0.0
2025-07-16,00952,TWSE,息,9.63,9.61,0.02,1.00208117,0.02,0.0,0.0,0.0
2025-07-16,00956,TWSE,息,9.18,9.11,0.065,1.0071311,0.065,0.0,0.0,0.0
2025-07-16,00957B,TPEX,息,12.63,12.56,0.069,1.00549319,0.069,0.0,0.0,0.0
2025-07-16,00960,TWSE,息,13.72,13.52,0.2,1.0147929,0.2,0.0,0.0,0.0
2025-07-16,00961,TWSE,息,9.33,9.21,0.115,1.01247965,0.115,0.0,0.0,0.0
2025-07-16,00963,TWSE,息,10.13,10.07,0.059,1.00585841,0.059,0.0,0.0,0.0
2025-07-16,00964,TWSE,息,10.51,10.46,0.05,1.00478011,0.05,0.0,0.0,0.0
2025-07-16,009804,TWSE,息,12.03,11.65,0.38,1.03261803,0.38,0.0,0.0,0.0
2025-07-16,00982B,TPEX,息,9.14,9.09,0.052,1.00572183,0.052,0.0,0.0,0.0
2025-07-16,1220,TWSE,息,14.05,13.35,0.7,1.05243446,0.7,0.0,0.0,0.0
2025-07-16,1233,TWSE,息,31.2,30.25,0.95,1.03140496,0.95,0.0,0.0,0.0
2025-07-16,1256,TWSE,息,120.5,115.8,4.7,1.04058722,4.7,0.0,0.0,0.0
2025-07-16,1440,TWSE,息,13.15,12.85,0.3,1.0233463,0.3,0.0,0.0,0.0
2025-07-16,1726,TWSE,息,78.5,74.9,3.6,1.04806409,3.6,0.0,0.0,0.0
2025-07-16,2221,TPEX,息,28.25,26.95,1.3,1.04823748,1.3,0.0,0.0,0.0
2025-07-16,2536,TWSE,息,29.1,28.6,0.5,1.01748252,0.5,0.0,0.0,0.0
2025-07-16,2610,TWSE,息,21.85,21.05,0.79587,1.03780113,0.79587,0.0,0.0,0.0
2025-07-16,3024,TWSE,息,13.35,12.95,0.4,1.03088803,0.4,0.0,0.0,0.0
2025-07-16,3060,TWSE,息,20.45,20.1,0.35,1.01741294,0.35,0.0,0.0,0.0
2025-07-16,3406,TWSE,息,414.0,396.0,18.0,1.04545455,18.0,0.0,0.0,0.0
2025-07-16,3492,TPEX,息,23.5,22.5,1.0,1.04444444,1.0,0.0,0.0,0.0
2025-07-16,3617,TWSE,息,279.0,264.0,15.0,1.05681818,15.0,0.0,0.0,0.0
2025-07-16,3624,TPEX,息,32.2,30.97,1.23,1.03971585,1.23,0.0,0.0,0.0
2025-07-16,4536,TWSE,息,188.0,177.0,11.0,1.06214689,11.0,0.0,0.0,0.0
2025-07-16,4721,TPEX,息,70.5,68.14,2.36,1.03463458,2.36,0.0,0.0,0.0
2025-07-16,5471,TWSE,息,31.65,30.65,1.0,1.03262643,1.0,0.0,0.0,0.0
2025-07-16,5508,TPEX,息,126.5,112.0,14.5,1.12946429,14.5,0.0,0.0,0.0
2025-07-16,6405,TWSE,息,24.95,24.85,0.1,1.00402414,0.1,0.0,0.0,0.0
2025-07-16,6485,TPEX,息,52.1,51.6,0.499989,1.00968971,0.49998894,0.0,0.0,0.0
2025-07-16,6488,TPEX,息,310.0,304.0,6.0,1.01973684,6.0,0.0,0.0,0.0
2025-07-16,6904,TPEX,息,126.0,117.0,9.0,1.07692308,9.0,0.0,0.0,0.0
2025-07-16,6933,TWSE,息,171.5,169.5,1.999209,1.01179469,1.999209,0.0,0.0,0.0
2025-07-16,6936,TWSE,息,38.85,37.16,1.686762,1.04538792,1.686762,0.0,0.0,0.0
2025-07-16,8182,TPEX,息,28.4,26.4,2.0,1.07575758,2.0,0.0,0.0,0.0
2025-07-16,8255,TPEX,息,119.5,115.31,4.185724,1.0362984,4.185724,0.0,0.0,0.0
2025-07-16,9930,TWSE,息,74.1,70.1,4.0,1.05706134,4.0,0.0,0.0,0.0
2025-07-17,00789B,TPEX,息,45.17,44.59,0.58,1.0130074,0.58,0.0,0.0,0.0
2025-07-17,00791B,TPEX,息,52.4,51.85,0.55,1.01060752,0.55,0.0,0.0,0.0
2025-07-17,00929,TWSE,息,17.62,17.55,0.07,1.0039886,0.07,0.0,0.0,0.0
2025-07-17,00931B,TPEX,息,12.47,12.37,0.105,1.00849171,0.105,0.0,0.0,0.0
2025-07-17,1102,TWSE,息,40.0,37.8,2.2,1.05820106,2.2,0.0,0.0,0.0
2025-07-17,1109,TWSE,息,16.65,15.75,0.9,1.05714286,0.9,0.0,0.0,0.0
2025-07-17,1227,TWSE,息,32.7,31.3,1.4,1.04472843,1.4,0.0,0.0,0.0
2025-07-17,1522,TWSE,息,45.1,42.1,3.0,1.07125891,3.0,0.0,0.0,0.0
2025-07-17,1522A,TWSE,息,50.0,48.0,2.0,1.04166667,2.0,0.0,0.0,0.0
2025-07-17,2049,TWSE,息,206.0,203.6,2.4,1.01178782,2.4,0.0,0.0,0.0
2025-07-17,2204,TWSE,息,57.6,53.4,4.2,1.07865169,4.2,0.0,0.0,0.0
2025-07-17,2211,TWSE,息,82.0,77.0,5.0,1.06493506,5.0,0.0,0.0,0.0
2025-07-17,2248,TWSE,息,47.5,44.76,2.73247,1.06103687,2.73247,0.0,0.0,0.0
2025-07-17,2395,TWSE,息,337.5,329.1,8.392371,1.02550038,8.392371,0.0,0.0,0.0
2025-07-17,2404,TWSE,息,725.0,697.0,28.0,1.04017217,28.0,0.0,0.0,0.0
2025-07-17,2704,TWSE,息,42.65,42.15,0.5,1.0118624,0.5,0.0,0.0,0.0
2025-07-17,2722,TWSE,息,30.25,30.1,0.15,1.00498339,0.15,0.0,0.0,0.0
2025-07-17,2915,TWSE,息,53.2,50.7,2.5,1.04930966,2.5,0.0,0.0,0.0
2025-07-17,3022,TWSE,息,80.1,75.6,4.5,1.05952381,4.5,0.0,0.0,0.0
2025-07-17,3031,TWSE,息,18.3,17.3,1.0,1.05780347,1.0,0.0,0.0,0.0
2025-07-17,3071,TPEX,息,18.5,17.69,0.81,1.04578858,0.81,0.0,0.0,0.0
2025-07-17,3293,TPEX,息,817.0,788.0,29.0,1.03680203,29.0,0.0,0.0,0.0
2025-07-17,3323,TPEX,息,33.5,33.0,0.499984,1.01515102,0.49998392,0.0,0.0,0.0
2025-07-17,3380,TWSE,息,27.85,26.85,1.0,1.03724395,1.0,0.0,0.0,0.0
2025-07-17,3426,TPEX,息,43.5,41.0,2.5,1.06097561,2.5,0.0,0.0,0.0
2025-07-17,3438,TPEX,息,47.75,46.25,1.5,1.03243243,1.5,0.0,0.0,0.0
2025-07-17,3489,TPEX,息,21.0,20.5,0.5,1.02439024,0.5,0.0,0.0,0.0
2025-07-17,3653,TWSE,息,1485.0,1470.5,14.5,1.00986059,14.5,0.0,0.0,0.0
2025-07-17,3665,TWSE,權息,882.0,862.96,19.034686,1.0220739,10.505482,0.0099,0.0,0.0
2025-07-17,3687,TPEX,息,78.8,77.24,1.562995,1.02023635,1.56299494,0.0,0.0,0.0
2025-07-17,4190,TWSE,息,35.8,35.3,0.5,1.01416431,0.5,0.0,0.0,0.0
2025-07-17,4543,TPEX,息,27.7,26.7,1.0,1.03745318,1.0,0.0,0.0,0.0
2025-07-17,4576,TWSE,息,111.5,111.3,0.2,1.00179695,0.2,0.0,0.0,0.0
2025-07-17,4749,TPEX,息,614.0,608.01,5.988968,1.0098501,5.98896831,0.0,0.0,0.0
2025-07-17,4931,TPEX,息,98.4,96.4,2.001936,1.02076739,2.00193644,0.0,0.0,0.0
2025-07-17,5514,TPEX,權,18.5,17.79,0.711539,1.04,0.0,0.04000000317,0.0,0.0
2025-07-17,6112,TWSE,息,56.0,55.4,0.6,1.01083032,0.6,0.0,0.0,0.0
2025-07-17,6120,TWSE,息,10.55,10.3,0.25,1.02427184,0.25,0.0,0.0,0.0
2025-07-17,6155,TWSE,息,22.95,21.95,1.0,1.04555809,1.0,0.0,0.0,0.0
2025-07-17,6180,TPEX,息,73.2,67.2,6.0,1.08928571,6.0,0.0,0.0,0.0
2025-07-17,6194,TPEX,息,36.35,34.25,2.1,1.06131387,2.1,0.0,0.0,0.0
2025-07-17,6212,TPEX,息,47.65,44.15,3.5,1.0792752,3.5,0.0,0.0,0.0
2025-07-17,6229,TPEX,息,24.6,23.6,1.0,1.04237288,1.0,0.0,0.0,0.0
2025-07-17,6284,TPEX,息,70.2,67.5,2.7,1.04,2.7,0.0,0.0,0.0
2025-07-17,6442,TWSE,息,452.0,443.37,8.622691,1.01944775,8.622691,0.0,0.0,0.0
2025-07-17,6719,TWSE,息,206.5,204.8,1.696934,1.00828569,1.696934,0.0,0.0,0.0
2025-07-17,6727,TPEX,息,72.0,69.0,3.0,1.04347826,3.0,0.0,0.0,0.0
2025-07-17,6914,TWSE,息,144.5,138.5,6.0,1.0433213,6.0,0.0,0.0,0.0
2025-07-17,7705,TWSE,息,54.4,50.6,3.8,1.07509881,3.8,0.0,0.0,0.0
2025-07-17,8039,TWSE,息,49.25,46.75,2.495238,1.05336864,2.495238,0.0,0.0,0.0
2025-07-17,8215,TWSE,息,22.9,22.28,0.62,1.02782765,0.62,0.0,0.0,0.0
2025-07-17,9919,TWSE,息,17.35,17.15,0.2,1.01166181,0.2,0.0,0.0,0.0
2025-07-18,00904,TWSE,息,18.56,18.08,0.48,1.02654867,0.48,0.0,0.0,0.0
2025-07-18,00981B,TPEX,息,8.94,8.87,0.072,1.00811908,0.072,0.0,0.0,0.0
2025-07-18,1809,TWSE,息,16.0,15.75,0.25,1.01587302,0.25,0.0,0.0,0.0
2025-07-18,2392,TWSE,息,58.0,55.5,2.5,1.04504505,2.5,0.0,0.0,0.0
2025-07-18,3465,TPEX,息,51.2,50.2,1.0,1.01992032,1.0,0.0,0.0,0.0
2025-07-18,3703,TWSE,息,23.6,22.55,1.05,1.04656319,1.05,0.0,0.0,0.0
2025-07-18,3713,TPEX,權,20.5,20.44,0.05676,1.00293542,0.0,0.0,0.09604302728,20.0
2025-07-18,5014,TPEX,息,11.25,10.95,0.303385,1.02771498,0.30338525,0.0,0.0,0.0
2025-07-18,5284,TWSE,息,209.0,207.51,1.484165,1.00715206,1.484165,0.0,0.0,0.0
2025-07-18,6191,TWSE,權息,91.9,88.19,3.707792,1.04206826,3.010103,0.0,0.04230914871,75.0
2025-07-18,6541,TWSE,權,53.5,52.95,0.540275,1.01038716,0.0,0.0,0.0871458355,48.0
2025-07-18,6671,TWSE,息,42.6,40.0,2.6,1.065,2.6,0.0,0.0,0.0
2025-07-18,6887,TWSE,息,79.0,75.03,3.963114,1.05281554,3.963114,0.0,0.0,0.0
2025-07-18,8050,TPEX,息,58.4,55.22,3.183934,1.05766318,3.18393396,0.0,0.0,0.0
2025-07-18,9907,TWSE,息,19.0,18.03,0.97,1.05379922,0.97,0.0,0.0,0.0
2025-07-21,0050,TWSE,息,51.45,51.09,0.36,1.00704639,0.36,0.0,0.0,0.0
2025-07-21,0056,TWSE,息,35.6,34.73,0.866,1.02493234,0.866,0.0,0.0,0.0
2025-07-21,006203,TWSE,息,94.1,93.55,0.55,1.00587921,0.55,0.0,0.0,0.0
2025-07-21,00719B,TPEX,息,29.12,28.81,0.31,1.01076015,0.31,0.0,0.0,0.0
2025-07-21,00720B,TPEX,息,31.07,30.62,0.45,1.01469628,0.45,0.0,0.0,0.0
2025-07-21,00788B,TPEX,息,27.77,27.37,0.4,1.01461454,0.4,0.0,0.0,0.0
2025-07-21,00834B,TPEX,息,31.64,31.27,0.372,1.01189715,0.372,0.0,0.0,0.0
2025-07-21,00870B,TPEX,息,26.38,26.02,0.36,1.01383551,0.36,0.0,0.0,0.0
2025-07-21,00967B,TPEX,息,8.48,8.45,0.033,1.00390671,0.033,0.0,0.0,0.0
2025-07-21,00968B,TPEX,息,8.64,8.6,0.043,1.00500174,0.043,0.0,0.0,0.0
2025-07-21,1436,TWSE,權息,116.0,81.6,34.394775,1.42144448,9.796485,0.3014,0.0,0.0
2025-07-21,1446,TWSE,息,23.05,21.05,2.0,1.09501188,2.0,0.0,0.0,0.0
2025-07-21,1535,TWSE,息,57.5,54.5,3.0,1.05504587,3.0,0.0,0.0,0.0
2025-07-21,1560,TWSE,息,363.0,359.01,3.986633,1.01110441,3.986633,0.0,0.0,0.0
2025-07-21,1777,TPEX,息,85.4,80.1,5.3,1.06616729,5.3,0.0,0.0,0.0
2025-07-21,1785,TPEX,息,54.4,52.4,2.000164,1.0381712,2.00016442,0.0,0.0,0.0
2025-07-21,2617,TWSE,息,28.35,26.85,1.5,1.05586592,1.5,0.0,0.0,0.0
2025-07-21,2640,TPEX,息,136.0,129.0,7.0,1.05426357,7.0,0.0,0.0,0.0
2025-07-21,3284,TPEX,權,26.5,26.17,0.333692,1.01260986,0.0,0.0,0.0432923555,20.0
2025-07-21,3491,TPEX,息,360.0,353.51,6.488543,1.01835455,6.48854346,0.0,0.0,0.0
2025-07-21,3552,TPEX,息,60.6,59.8,0.8,1.01337793,0.8,0.0,0.0,0.0
2025-07-21,3675,TPEX,息,153.0,147.85,5.15,1.0348326,5.15,0.0,0.0,0.0
2025-07-21,4909,TPEX,息,72.4,66.4,6.0,1.09036145,6.0,0.0,0.0,0.0
2025-07-21,5276,TPEX,息,15.0,14.4,0.6,1.04166667,0.6,0.0,0.0,0.0
2025-07-21,5386,TPEX,權息,77.2,67.33,9.868343,1.1465632,0.59053966,0.13779258932,0.0,0.0
2025-07-21,5546,TWSE,息,30.45,28.45,2.0,1.07029877,2.0,0.0,0.0,0.0
2025-07-21,6419,TPEX,息,60.8,58.1,2.7,1.0464716,2.7,0.0,0.0,0.0
2025-07-21,6782,TWSE,息,174.5,169.4,5.1,1.03010626,5.1,0.0,0.0,0.0
2025-07-21,6923,TWSE,息,90.5,86.48,4.017488,1.04645434,4.017488,0.0,0.0,0.0
2025-07-21,6968,TPEX,權息,68.7,66.37,2.327451,1.03506647,1.0,0.02,0.0,0.0
2025-07-21,8358,TPEX,息,83.6,82.1,1.50101,1.01828293,1.50101022,0.0,0.0,0.0
2025-07-21,9926,TWSE,息,52.2,50.2,2.0,1.03984064,2.0,0.0,0.0,0.0
2025-07-22,1303,TWSE,息,29.8,29.1,0.7,1.02405498,0.7,0.0,0.0,0.0
2025-07-22,1454,TWSE,息,15.0,14.75,0.25,1.01694915,0.25,0.0,0.0,0.0
2025-07-22,1532,TWSE,息,26.6,24.86,1.733726,1.06972199,1.733726,0.0,0.0,0.0
2025-07-22,2009,TWSE,息,34.25,33.75,0.5,1.01481481,0.5,0.0,0.0,0.0
2025-07-22,2206,TWSE,息,64.0,60.97,3.027814,1.04965894,3.027814,0.0,0.0,0.0
2025-07-22,2471,TWSE,息,56.5,53.44,3.059248,1.0572456,3.059248,0.0,0.0,0.0
2025-07-22,2884,TWSE,權息,34.2,32.67,1.527222,1.04672727,1.2,0.01,0.0,0.0
2025-07-22,3611,TPEX,息,197.0,187.02,9.980753,1.05336752,9.9807529,0.0,0.0,0.0
2025-07-22,4506,TPEX,息,113.0,108.5,4.5,1.04147465,4.5,0.0,0.0,0.0
2025-07-22,4933,TPEX,息,77.6,71.61,5.989901,1.08364604,5.9899014,0.0,0.0,0.0
2025-07-22,5548,TPEX,權息,26.1,24.1,2.003131,1.08312829,1.40049609,0.02500886775,0.0,0.0
2025-07-22,6187,TPEX,息,413.0,402.81,10.186571,1.02528856,10.18657142,0.0,0.0,0.0
2025-07-22,6206,TWSE,息,135.0,129.0,6.0,1.04651163,6.0,0.0,0.0,0.0
2025-07-22,6231,TPEX,息,243.5,237.0,6.5,1.02742616,6.5,0.0,0.0,0.0
2025-07-22,8131,TWSE,息,28.35,26.9,1.45,1.05390335,1.45,0.0,0.0,0.0
2025-07-22,8411,TWSE,息,13.2,13.15,0.05,1.00380228,0.05,0.0,0.0,0.0
2025-07-23,1201,TWSE,息,16.0,15.5,0.5,1.03225806,0.5,0.0,0.0,0.0
2025-07-23,2530,TWSE,息,30.0,29.6,0.4,1.01351351,0.4,0.0,0.0,0.0
2025-07-23,2838,TWSE,權息,18.1,16.58,1.511215,1.09109859,0.35,0.07,0.0,0.0
2025-07-23,3266,TWSE,息,15.45,14.7,0.75,1.05102041,0.75,0.0,0.0,0.0
2025-07-23,3587,TPEX,息,203.0,196.06,6.939073,1.03539243,6.9390727,0.0,0.0,0.0
2025-07-23,3694,TWSE,息,60.0,58.52,1.47663,1.02523146,1.47663,0.0,0.0,0.0
2025-07-23,4129,TPEX,息,104.5,100.5,4.0,1.039801,4.0,0.0,0.0,0.0
2025-07-23,4433,TPEX,息,28.65,27.65,1.0,1.03616637,1.0,0.0,0.0,0.0
2025-07-23,4442,TPEX,權,45.85,45.37,0.480407,1.01057968,0.0,0.0,0.07157443501,40.0
2025-07-23,4551,TWSE,息,125.0,120.8,4.2,1.03476821,4.2,0.0,0.0,0.0
2025-07-23,4584,TPEX,息,55.0,52.8,2.2,1.04166667,2.2,0.0,0.0,0.0
2025-07-23,4912,TWSE,息,79.0,78.55,0.45,1.00572884,0.45,0.0,0.0,0.0
2025-07-23,4987,TPEX,息,84.9,79.7,5.2,1.06524467,5.2,0.0,0.0,0.0
2025-07-23,5269,TWSE,息,1880.0,1849.99,30.000078,1.01621626,30.000078,0.0,0.0,0.0
2025-07-23,5483,TPEX,息,110.5,107.0,3.5,1.03271028,3.5,0.0,0.0,0.0
2025-07-23,6219,TPEX,權,20.6,19.62,0.980952,1.05,0.0,0.0500000016799999,0.0,0.0
2025-07-23,6244,TPEX,息,18.25,17.89,0.36,1.02012297,0.36,0.0,0.0,0.0
2025-07-23,6506,TPEX,息,16.1,15.3,0.8,1.05228758,0.8,0.0,0.0,0.0
2025-07-23,6691,TWSE,權息,469.5,394.34,75.152174,1.19057332,16.0,0.15,0.0,0.0
2025-07-23,6721,TPEX,息,61.0,58.0,3.0,1.05172414,3.0,0.0,0.0,0.0
2025-07-23,8473,TWSE,息,31.55,30.82,0.725,1.02351987,0.725,0.0,0.0,0.0
2025-07-23,9918,TWSE,息,41.4,39.8,1.6,1.04020101,1.6,0.0,0.0,0.0
2025-07-24,00858,TPEX,息,30.69,29.29,1.4,1.04779788,1.4,0.0,0.0,0.0
2025-07-24,00888,TPEX,息,16.64,16.42,0.22,1.01339829,0.22,0.0,0.0,0.0
2025-07-24,00930,TWSE,息,17.44,17.26,0.18,1.01042874,0.18,0.0,0.0,0.0
2025-07-24,00958B,TPEX,息,8.59,8.56,0.035,1.00409117,0.035,0.0,0.0,0.0
2025-07-24,1103,TWSE,息,14.65,14.09,0.551097,1.03908793,0.551097,0.0,0.0,0.0
2025-07-24,1108,TWSE,息,14.85,14.1,0.75,1.05319149,0.75,0.0,0.0,0.0
2025-07-24,1229,TWSE,權息,48.6,45.04,3.552381,1.07885835,1.3,0.05,0.0,0.0
2025-07-24,1304,TWSE,息,10.8,10.6,0.2,1.01886792,0.2,0.0,0.0,0.0
2025-07-24,1305,TWSE,息,11.6,11.45,0.15,1.01310044,0.15,0.0,0.0,0.0
2025-07-24,1308,TWSE,息,12.45,12.2,0.25,1.0204918,0.25,0.0,0.0,0.0
2025-07-24,1309,TWSE,息,11.65,11.45,0.2,1.01746725,0.2,0.0,0.0,0.0
2025-07-24,1419,TWSE,息,57.6,56.1,1.5,1.02673797,1.5,0.0,0.0,0.0
2025-07-24,1434,TWSE,息,16.95,16.15,0.8,1.0495356,0.8,0.0,0.0,0.0
2025-07-24,1503,TWSE,息,182.0,177.5,4.5,1.02535211,4.5,0.0,0.0,0.0
2025-07-24,1617,TWSE,息,15.75,15.25,0.5,1.03278689,0.5,0.0,0.0,0.0
2025-07-24,1762,TWSE,息,28.45,28.25,0.191585,1.00677975,0.191585,0.0,0.0,0.0
2025-07-24,2002,TWSE,息,20.0,19.67,0.33,1.01677682,0.33,0.0,0.0,0.0
2025-07-24,2002A,TWSE,息,40.35,38.95,1.4,1.03594352,1.4,0.0,0.0,0.0
2025-07-24,2352,TWSE,息,26.7,25.59,1.11,1.04337632,1.11,0.0,0.0,0.0
2025-07-24,2414,TWSE,息,44.35,41.85,2.5,1.05973716,2.5,0.0,0.0,0.0
2025-07-24,2511,TWSE,息,9.61,9.31,0.3,1.03222342,0.3,0.0,0.0,0.0
2025-07-24,2836,TWSE,權息,12.3,11.65,0.649515,1.05575,0.3,0.03,0.0,0.0
2025-07-24,2937,TPEX,權,46.0,41.82,4.181818,1.09999999,0.0,0.09999998989,0.0,0.0
2025-07-24,3206,TPEX,息,37.8,35.3,2.5,1.07082153,2.5,0.0,0.0,0.0
2025-07-24,3219,TPEX,息,45.45,45.18,0.26547,1.00587524,0.26546999,0.0,0.0,0.0
2025-07-24,3276,TPEX,息,12.85,12.83,0.02,1.00155885,0.02,0.0,0.0,0.0
2025-07-24,3285,TPEX,息,25.15,24.15,1.0,1.04140787,1.0,0.0,0.0,0.0
2025-07-24,3362,TPEX,息,121.5,120.5,0.998917,1.00828969,0.998917,0.0,0.0,0.0
2025-07-24,3402,TPEX,息,99.1,94.1,5.0,1.05313496,5.0,0.0,0.0,0.0
2025-07-24,3444,TPEX,息,53.3,51.3,2.0,1.03898635,2.0,0.0,0.0,0.0
2025-07-24,3546,TPEX,權息,105.5,92.18,13.318182,1.14447732,4.1,0.10000000377,0.0,0.0
2025-07-24,3615,TPEX,息,22.0,21.7,0.3,1.01382488,0.3,0.0,0.0,0.0
2025-07-24,3702,TWSE,息,72.4,69.2,3.2,1.04624277,3.2,0.0,0.0,0.0
2025-07-24,3712,TWSE,息,52.9,49.9,3.0,1.06012024,3.0,0.0,0.0,0.0
2025-07-24,3716,TWSE,息,35.15,34.13,1.016996,1.02979509,1.016996,0.0,0.0,0.0
2025-07-24,4438,TWSE,息,79.0,75.77,3.2235,1.04253957,3.2235,0.0,0.0,0.0
2025-07-24,4561,TPEX,息,44.55,43.35,1.2,1.02768166,1.2,0.0,0.0,0.0
2025-07-24,4979,TPEX,息,185.0,183.46,1.544633,1.00841967,1.54463283,0.0,0.0,0.0
2025-07-24,5299,TPEX,息,79.0,74.85,4.15,1.05544422,4.15,0.0,0.0,0.0
2025-07-24,6158,TPEX,息,23.7,22.69,1.014766,1.04473244,1.01476579,0.0,0.0,0.0
2025-07-24,6179,TPEX,息,27.8,27.3,0.5,1.01831502,0.5,0.0,0.0,0.0
2025-07-24,6290,TPEX,息,105.0,100.0,4.998366,1.04998284,4.998366,0.0,0.0,0.0
2025-07-24,6527,TPEX,息,88.6,86.35,2.25,1.02605675,2.25000001,0.0,0.0,0.0
2025-07-24,6609,TPEX,息,42.25,41.48,0.77,1.01856316,0.77,0.0,0.0,0.0
2025-07-24,6742,TWSE,息,54.5,54.19,0.303247,1.0055953,0.303247,0.0,0.0,0.0
2025-07-24,6863,TWSE,息,160.0,154.5,5.5,1.03559871,5.5,0.0,0.0,0.0
2025-07-24,7747,TPEX,息,137.5,134.05,3.445781,1.02570439,3.44578137,0.0,0.0,0.0
2025-07-24,8069,TPEX,息,216.0,211.01,4.990139,1.02364884,4.9901393,0.0,0.0,0.0
2025-07-24,8404,TWSE,權息,21.3,20.14,1.157143,1.05744681,0.15,0.05,0.0,0.0
2025-07-24,8927,TPEX,權息,49.9,42.39,7.506775,1.17707489,0.29999709,0.16999835261,0.0,0.0
2025-07-24,9925,TWSE,息,41.85,39.85,2.0,1.05018821,2.0,0.0,0.0,0.0
2025-07-25,1519,TWSE,權息,659.0,590.9,68.09091,1.11523077,9.0,0.1,0.0,0.0
2025-07-25,1558,TWSE,息,104.0,98.0,6.0,1.06122449,6.0,0.0,0.0,0.0
2025-07-25,2495,TWSE,息,23.45,22.15,1.3,1.05869074,1.3,0.0,0.0,0.0
2025-07-25,2548,TWSE,權息,108.5,98.09,10.404761,1.10606796,5.5,0.05,0.0,0.0
2025-07-25,5439,TPEX,息,248.5,246.3,2.2,1.0089322,2.2,0.0,0.0,0.0
2025-07-25,6165,TWSE,息,52.6,52.0,0.591006,1.01136353,0.591006,0.0,0.0,0.0
2025-07-25,6189,TWSE,權息,79.0,62.5,16.49908,1.26399548,3.999732,0.2,0.0,0.0
2025-07-25,6277,TWSE,息,60.4,58.3,2.1,1.03602058,2.1,0.0,0.0,0.0
2025-07-25,6451,TWSE,息,145.0,144.64,0.36,1.00248894,0.36,0.0,0.0,0.0
2025-07-25,6517,TPEX,息,70.7,69.2,1.5,1.0216763,1.5,0.0,0.0,0.0
2025-07-25,6664,TPEX,息,233.0,223.07,9.926055,1.0444967,9.9260547,0.0,0.0,0.0
2025-07-25,6958,TWSE,權息,22.85,20.97,1.877778,1.08953642,0.2,0.08,0.0,0.0
2025-07-25,8249,TWSE,息,53.5,51.48,2.01652,1.03916829,2.01652,0.0,0.0,0.0
2025-07-25,8390,TPEX,息,64.6,62.1,2.5,1.04025765,2.5,0.0,0.0,0.0
2025-07-25,9937,TWSE,息,66.9,64.8,2.1,1.03240741,2.1,0.0,0.0,0.0
2025-07-28,00726B,TPEX,息,31.02,30.44,0.58,1.01905388,0.58,0.0,0.0,0.0
2025-07-28,2247,TWSE,息,338.5,320.0,18.5,1.0578125,18.5,0.0,0.0,0.0
2025-07-28,2462,TWSE,息,24.4,23.59,0.806559,1.03418573,0.806559,0.0,0.0,0.0
2025-07-28,3306,TPEX,息,40.95,38.85,2.1,1.05405405,2.1,0.0,0.0,0.0
2025-07-28,4107,TPEX,息,118.0,113.0,5.0,1.04424779,5.0,0.0,0.0,0.0
2025-07-28,4572,TWSE,權息,168.0,159.17,8.824999,1.0553999,4.743589,0.0256,0.0,0.0
2025-07-28,4916,TWSE,息,47.15,46.77,0.37557,1.00802939,0.37557,0.0,0.0,0.0
2025-07-28,4919,TWSE,息,70.2,69.8,0.4,1.00573066,0.4,0.0,0.0,0.0
2025-07-28,5425,TPEX,息,49.6,47.58,2.023034,1.04252129,2.02303391,0.0,0.0,0.0
2025-07-28,6873,TWSE,權,219.5,192.19,27.307603,1.1421,0.0,0.1421,0.0,0.0
2025-07-28,6909,TWSE,息,45.9,44.9,0.99997,1.02227103,0.99997,0.0,0.0,0.0
2025-07-29,1410,TWSE,息,35.15,34.64,0.508064,1.01466615,0.508064,0.0,0.0,0.0
2025-07-29,1449,TWSE,權,13.35,12.93,0.414318,1.0324826,0.0,0.0,0.15519830415,10.8
2025-07-29,2729,TPEX,息,210.0,201.92,8.084089,1.04003691,8.08408877,0.0,0.0,0.0
2025-07-29,2889,TWSE,權息,15.85,15.11,0.733834,1.0485463,0.3,0.0287,0.0,0.0
2025-07-29,3131,TPEX,息,1510.0,1488.0,22.0,1.01478495,22.0,0.0,0.0,0.0
2025-07-29,3527,TPEX,息,66.9,64.9,2.0,1.03081664,2.0,0.0,0.0,0.0
2025-07-29,3537,TPEX,息,45.6,43.3,2.3,1.05311778,2.3,0.0,0.0,0.0
2025-07-29,4549,TPEX,息,135.0,130.9,4.1,1.03132162,4.1,0.0,0.0,0.0
2025-07-29,4580,TPEX,息,82.0,77.0,5.001717,1.06495881,5.00171702,0.0,0.0,0.0
2025-07-29,4911,TPEX,權息,52.6,48.0,4.597138,1.095768,0.7569093,0.08,0.0,0.0
2025-07-29,5426,TPEX,息,25.05,24.55,0.5,1.0203666,0.5,0.0,0.0,0.0
2025-07-29,6411,TPEX,息,69.6,66.42,3.18437,1.04794609,3.18437,0.0,0.0,0.0
2025-07-29,6931,TWSE,息,50.4,49.92,0.48,1.00961538,0.48,0.0,0.0,0.0
2025-07-29,6962,TWSE,息,51.6,49.6,2.0,1.04032258,2.0,0.0,0.0,0.0
2025-07-29,7734,TPEX,權息,1360.0,1065.08,294.919243,1.27689848,21.716504,0.2565089427199999,0.0,0.0
2025-07-29,8916,TPEX,息,51.8,48.21,3.592254,1.07451611,3.59225381,0.0,0.0,0.0
2025-07-30,1570,TPEX,息,23.9,22.6,1.3,1.05752212,1.3,0.0,0.0,0.0
2025-07-30,2233,TWSE,息,179.0,172.0,7.0,1.04069767,7.0,0.0,0.0,0.0
2025-07-30,2345,TWSE,息,852.0,841.0,11.0,1.01307967,11.0,0.0,0.0,0.0
2025-07-30,2363,TWSE,息,55.6,55.1,0.5,1.00907441,0.5,0.0,0.0,0.0
2025-07-30,2376,TWSE,息,282.5,272.5,10.0,1.03669725,10.0,0.0,0.0,0.0
2025-07-30,2497,TWSE,息,41.0,39.0,2.0,1.05128205,2.0,0.0,0.0,0.0
2025-07-30,2528,TWSE,權,28.8,27.42,1.371429,1.05,0.0,0.05,0.0,0.0
2025-07-30,2596,TPEX,息,31.05,30.05,1.0,1.03327787,1.0,0.0,0.0,0.0
2025-07-30,3312,TWSE,息,47.1,45.7,1.4,1.03063457,1.4,0.0,0.0,0.0
2025-07-30,3454,TWSE,息,106.5,104.2,2.3,1.02207294,2.3,0.0,0.0,0.0
2025-07-30,3531,TPEX,息,23.55,22.75,0.8,1.03516484,0.8,0.0,0.0,0.0
2025-07-30,4205,TPEX,權息,97.6,86.91,10.690909,1.12301255,2.0,0.09999999324,0.0,0.0
2025-07-30,4305,TPEX,息,48.75,45.55,3.2,1.07025247,3.2,0.0,0.0,0.0
2025-07-30,4401,TPEX,息,16.15,15.45,0.7,1.04530744,0.7,0.0,0.0,0.0
2025-07-30,4439,TWSE,息,92.0,90.0,2.0,1.02222222,2.0,0.0,0.0,0.0
2025-07-30,4560,TWSE,息,35.2,34.0,1.2,1.03529412,1.2,0.0,0.0,0.0
2025-07-30,5410,TPEX,息,28.75,27.25,1.49763,1.05495411,1.49762969,0.0,0.0,0.0
2025-07-30,5457,TPEX,息,43.3,42.0,1.300327,1.03096041,1.30032724,0.0,0.0,0.0
2025-07-30,5607,TWSE,權息,45.2,43.23,1.964706,1.04544218,1.1,0.02,0.0,0.0
2025-07-30,5871,TWSE,權息,126.5,118.03,8.460784,1.07167774,6.1,0.02,0.0,0.0
2025-07-30,5871A,TWSE,息,102.0,98.2,3.8,1.03869654,3.8,0.0,0.0,0.0
2025-07-30,6114,TPEX,息,36.25,35.75,0.5,1.01398601,0.5,0.0,0.0,0.0
2025-07-30,6171,TPEX,息,35.6,33.1,2.5,1.0755287,2.5,0.0,0.0,0.0
2025-07-30,6416,TWSE,息,87.3,84.4,2.9,1.03436019,2.9,0.0,0.0,0.0
2025-07-30,6591,TWSE,息,67.1,64.75,2.348543,1.03627012,2.348543,0.0,0.0,0.0
2025-07-30,6689,TWSE,息,81.1,79.1,2.0,1.02528445,2.0,0.0,0.0,0.0
2025-07-30,6728,TPEX,息,161.0,153.0,8.0,1.05228758,8.0,0.0,0.0,0.0
2025-07-30,8931,TPEX,息,52.8,50.8,2.0,1.03937008,2.0,0.0,0.0,0.0
2025-07-30,9908,TWSE,息,31.25,30.05,1.2,1.03993344,1.2,0.0,0.0,0.0
2025-07-31,00939,TWSE,息,13.8,13.73,0.068,1.00495194,0.068,0.0,0.0,0.0
2025-07-31,00950B,TPEX,息,13.46,13.39,0.068,1.00507766,0.068,0.0,0.0,0.0
2025-07-31,00959B,TPEX,息,8.98,8.94,0.044,1.0049239,0.044,0.0,0.0,0.0
2025-07-31,00966B,TPEX,息,13.29,13.23,0.065,1.00491493,0.065,0.0,0.0,0.0
2025-07-31,1216,TWSE,息,82.7,79.7,3.0,1.03764115,3.0,0.0,0.0,0.0
2025-07-31,1294,TPEX,權,81.9,74.4,7.501121,1.10082304,0.0,0.10082303885,0.0,0.0
2025-07-31,1437,TWSE,息,32.6,31.25,1.35,1.0432,1.35,0.0,0.0,0.0
2025-07-31,1736,TWSE,息,155.5,151.5,4.0,1.02640264,4.0,0.0,0.0,0.0
2025-07-31,2342,TWSE,息,21.55,21.25,0.299609,1.01409899,0.299609,0.0,0.0,0.0
2025-07-31,2351,TWSE,息,78.8,76.3,2.5,1.0327654,2.5,0.0,0.0,0.0
2025-07-31,2393,TWSE,息,77.0,71.69,5.31,1.07406891,5.31,0.0,0.0,0.0
2025-07-31,2538,TWSE,息,13.55,12.85,0.7,1.05447471,0.7,0.0,0.0,0.0
2025-07-31,2755,TPEX,息,141.5,138.53,2.969883,1.02143854,2.96988337,0.0,0.0,0.0
2025-07-31,2801,TWSE,權息,19.95,18.52,1.426191,1.07699229,0.5,0.05,0.0,0.0
2025-07-31,2912,TWSE,息,262.5,253.5,9.0,1.03550296,9.0,0.0,0.0,0.0
2025-07-31,3088,TPEX,息,90.1,85.77,4.332107,1.05050966,4.33210719,0.0,0.0,0.0
2025-07-31,3390,TPEX,息,21.3,20.3,1.0,1.04926108,1.0,0.0,0.0,0.0
2025-07-31,3501,TWSE,息,58.8,54.8,4.0,1.0729927,4.0,0.0,0.0,0.0
2025-07-31,3533,TWSE,息,1470.0,1428.27,41.722823,1.02921199,41.722823,0.0,0.0,0.0
2025-07-31,3672,TPEX,權,16.9,16.15,0.750177,1.04643963,0.0,0.0,0.22648364481,13.5
2025-07-31,4106,TWSE,息,22.6,21.8,0.8,1.03669725,0.8,0.0,0.0,0.0
2025-07-31,4581,TWSE,息,55.5,52.3,3.2,1.06118547,3.2,0.0,0.0,0.0
2025-07-31,4767,TPEX,息,32.6,30.8,1.8,1.05844156,1.8,0.0,0.0,0.0
2025-07-31,4942,TWSE,息,38.85,36.85,2.0,1.05427408,2.0,0.0,0.0,0.0
2025-07-31,5450,TPEX,息,14.35,13.85,0.5,1.03610108,0.5,0.0,0.0,0.0
2025-07-31,6138,TPEX,息,179.0,170.4,8.600749,1.0504741,8.60074874,0.0,0.0,0.0
2025-07-31,6161,TPEX,息,44.05,41.05,3.0,1.07308161,3.0,0.0,0.0,0.0
2025-07-31,6239,TWSE,息,139.0,132.0,7.0,1.0530303,7.0,0.0,0.0,0.0
2025-07-31,6294,TPEX,權息,53.5,47.45,6.047171,1.12743541,3.2,0.06000002198,0.0,0.0
2025-07-31,6715,TWSE,息,114.5,110.58,3.919523,1.03544498,3.919523,0.0,0.0,0.0
2025-07-31,7708,TPEX,息,98.1,93.6,4.5,1.04807692,4.5,0.0,0.0,0.0
2025-07-31,8213,TWSE,息,33.65,32.27,1.38,1.04276418,1.38,0.0,0.0,0.0
2025-07-31,8272,TPEX,息,81.0,78.6,2.4,1.03053435,2.4,0.0,0.0,0.0
2025-07-31,9942,TWSE,息,117.0,110.0,7.0,1.06363636,7.0,0.0,0.0,0.0
2025-08-01,2402,TWSE,息,41.1,39.12,1.97422,1.05045829,1.97422,0.0,0.0,0.0
2025-08-01,2597,TWSE,權,186.0,155.0,31.0,1.2,0.0,0.2,0.0,0.0
2025-08-01,3520,TPEX,息,14.05,13.95,0.1,1.00716846,0.1,0.0,0.0,0.0
2025-08-01,3689,TPEX,息,98.4,95.48,2.92191,1.03060294,2.92190981,0.0,0.0,0.0
2025-08-01,5438,TPEX,息,22.95,22.3,0.65,1.02914798,0.65,0.0,0.0,0.0
2025-08-04,00946,TWSE,息,9.48,9.45,0.025,1.0026441,0.025,0.0,0.0,0.0
2025-08-04,00953B,TWSE,息,9.34,9.27,0.061,1.00657398,0.061,0.0,0.0,0.0
2025-08-04,00970B,TPEX,息,8.95,8.91,0.045,1.00505334,0.045,0.0,0.0,0.0
2025-08-04,1439,TWSE,息,29.85,29.55,0.3,1.01015228,0.3,0.0,0.0,0.0
2025-08-04,1527,TWSE,息,39.25,37.05,2.2,1.05937922,2.2,0.0,0.0,0.0
2025-08-04,2369,TWSE,息,14.85,14.55,0.3,1.02061856,0.3,0.0,0.0,0.0
2025-08-04,4728,TPEX,息,420.0,408.4,11.6,1.02840353,11.6,0.0,0.0,0.0
2025-08-04,4768,TPEX,權息,125.5,115.71,9.785712,1.08456788,4.0,0.0499999801,0.0,0.0
2025-08-04,4912,TWSE,權,81.1,77.23,3.861906,1.05,0.0,0.05,0.0,0.0
2025-08-04,6016,TPEX,權息,11.75,10.48,1.272727,1.12147505,0.225,0.0999999992,0.0,0.0
2025-08-04,6201,TWSE,息,63.5,59.5,4.0,1.06722689,4.0,0.0,0.0,0.0
2025-08-04,6472,TWSE,權,827.0,689.28,137.713605,1.1998,0.0,0.1998,0.0,0.0
2025-08-04,6743,TWSE,息,31.25,29.75,1.5,1.05042017,1.5,0.0,0.0,0.0
2025-08-04,9938,TWSE,息,52.9,49.9,3.0,1.06012024,3.0,0.0,0.0,0.0
2025-08-05,1464,TWSE,權息,13.55,12.5,1.05,1.084,0.5,0.044,0.0,0.0
2025-08-05,1727,TWSE,息,32.7,32.2,0.5,1.01552795,0.5,0.0,0.0,0.0
2025-08-05,2331,TWSE,息,18.25,18.03,0.210466,1.01166693,0.210466,0.0,0.0,0.0
2025-08-05,2409,TWSE,息,12.0,11.69,0.304801,1.02606206,0.304801,0.0,0.0,0.0
2025-08-05,2427,TWSE,息,30.5,29.8,0.697483,1.02340349,0.697483,0.0,0.0,0.0
2025-08-05,2520,TWSE,權息,50.7,43.27,7.427273,1.17163866,3.1,0.1,0.0,0.0
2025-08-05,2546,TWSE,權息,84.5,76.69,7.801887,1.10172202,3.2,0.06,0.0,0.0
2025-08-05,2834,TWSE,權息,16.25,15.14,1.108491,1.07320872,0.2,0.06,0.0,0.0
2025-08-05,3051,TWSE,息,26.15,24.63,1.518181,1.06163495,1.518181,0.0,0.0,0.0
2025-08-05,3289,TPEX,息,127.0,126.0,1.001474,1.0079483,1.00147404,0.0,0.0,0.0
2025-08-05,6177,TWSE,權息,46.8,41.23,5.561905,1.13487298,3.5,0.05,0.0,0.0
2025-08-05,6275,TPEX,息,44.4,42.14,2.260887,1.05365293,2.26088701,0.0,0.0,0.0
2025-08-06,1720,TWSE,息,58.2,55.4,2.8,1.05054152,2.8,0.0,0.0,0.0
2025-08-06,2375,TWSE,息,60.0,58.5,1.5,1.02564103,1.5,0.0,0.0,0.0
2025-08-06,3376,TWSE,息,230.0,224.0,6.0,1.02678571,6.0,0.0,0.0,0.0
2025-08-06,5263,TPEX,息,92.9,91.96,0.939966,1.01022146,0.9399656,0.0,0.0,0.0
2025-08-06,5903,TPEX,息,211.0,199.5,11.5,1.05764411,11.5,0.0,0.0,0.0
2025-08-06,6220,TPEX,息,21.7,21.0,0.7,1.03333333,0.7,0.0,0.0,0.0
2025-08-06,6997,TPEX,息,106.5,101.5,5.0,1.04926108,5.0,0.0,0.0,0.0
2025-08-06,8478,TWSE,息,208.5,203.5,5.0,1.02457002,5.0,0.0,0.0,0.0
2025-08-07,00940,TWSE,息,9.21,9.17,0.04,1.00436205,0.04,0.0,0.0,0.0
2025-08-07,1713,TWSE,息,55.1,47.6,7.5,1.15756303,7.5,0.0,0.0,0.0
2025-08-07,2033,TWSE,息,16.0,15.8,0.2,1.01265823,0.2,0.0,0.0,0.0
2025-08-07,2886,TWSE,息,43.0,41.4,1.6,1.03864734,1.6,0.0,0.0,0.0
2025-08-07,2892,TWSE,權息,30.75,29.07,1.676829,1.05767617,0.95,0.025,0.0,0.0
2025-08-07,3056,TWSE,權息,33.25,23.14,10.101852,1.4364,2.0,0.35,0.0,0.0
2025-08-07,3152,TPEX,息,122.5,116.91,5.59,1.04781456,5.59,0.0,0.0,0.0
2025-08-07,3287,TPEX,息,36.45,34.95,1.5,1.04291845,1.5,0.0,0.0,0.0
2025-08-07,3516,TPEX,息,20.55,20.3,0.25,1.01231527,0.25,0.0,0.0,0.0
2025-08-07,3663,TPEX,息,60.5,60.1,0.4,1.00665557,0.4,0.0,0.0,0.0
2025-08-07,4569,TWSE,息,158.0,152.28,5.711277,1.03750295,5.711277,0.0,0.0,0.0
2025-08-07,5206,TPEX,權息,37.1,33.27,3.827273,1.11502732,0.5,0.1,0.0,0.0
2025-08-07,5258,TWSE,息,73.2,70.68,2.517932,1.03562335,2.517932,0.0,0.0,0.0
2025-08-07,5288,TWSE,息,140.0,131.48,8.511761,1.06473401,8.511761,0.0,0.0,0.0
2025-08-07,5525,TWSE,息,31.5,30.7,0.8,1.02605863,0.8,0.0,0.0,0.0
2025-08-07,6417,TPEX,息,98.3,96.1,2.2,1.02289282,2.2,0.0,0.0,0.0
2025-08-07,6435,TPEX,息,100.5,96.2,4.301722,1.04471724,4.30172177,0.0,0.0,0.0
2025-08-07,6662,TPEX,息,33.8,32.3,1.5,1.04643963,1.5,0.0,0.0,0.0
2025-08-07,6855,TPEX,息,140.0,134.0,6.0,1.04477612,6.0,0.0,0.0,0.0
2025-08-07,6869,TWSE,息,140.0,134.99,5.005433,1.03707877,5.005433,0.0,0.0,0.0
2025-08-07,6874,TPEX,息,87.7,83.66,4.040033,1.04829111,4.040033,0.0,0.0,0.0
2025-08-07,8466,TWSE,息,28.45,27.25,1.2,1.0440367,1.2,0.0,0.0,0.0
2025-08-07,8928,TPEX,息,29.65,27.95,1.7,1.0608229,1.7,0.0,0.0,0.0
2025-08-07,9914,TWSE,息,117.0,113.0,4.0,1.03539823,4.0,0.0,0.0,0.0
2025-08-07,9951,TPEX,息,59.6,57.28,2.316703,1.0404429,2.3167025,0.0,0.0,0.0
2025-08-08,1210,TWSE,息,61.1,58.27,2.828449,1.04853911,2.828449,0.0,0.0,0.0
2025-08-08,2948,TPEX,權息,43.1,39.95,3.151613,1.07889212,1.82,0.03333333333,0.0,0.0
2025-08-08,3230,TPEX,息,51.1,50.75,0.352047,1.00693716,0.35204652,0.0,0.0,0.0
2025-08-08,5603,TPEX,息,21.75,20.75,1.0,1.04819277,1.0,0.0,0.0,0.0
2025-08-08,9958,TWSE,息,193.0,188.83,4.162011,1.02204012,4.162011,0.0,0.0,0.0
2025-08-11,1795,TWSE,息,221.5,215.72,5.778591,1.02678729,5.778591,0.0,0.0,0.0
2025-08-11,2729,TPEX,權,208.0,188.91,19.089608,1.10105113,0.0,0.10105112515,0.0,0.0
2025-08-11,3033,TWSE,息,35.4,33.31,2.08421,1.06255922,2.08421,0.0,0.0,0.0
2025-08-11,4905,TPEX,息,65.5,64.0,1.5,1.0234375,1.5,0.0,0.0,0.0
2025-08-11,6446,TWSE,息,510.0,508.9,1.098385,1.00215834,1.098385,0.0,0.0,0.0
2025-08-12,1563,TWSE,息,51.4,49.13,2.269307,1.04618919,2.269307,0.0,0.0,0.0
2025-08-12,2885,TWSE,權,33.2,32.23,0.966991,1.03,0.0,0.03,0.0,0.0
2025-08-12,2887,TWSE,息,16.55,15.65,0.9,1.05750799,0.9,0.0,0.0,0.0
2025-08-12,3032,TWSE,息,114.5,111.77,2.725725,1.02438598,2.725725,0.0,0.0,0.0
2025-08-12,3209,TWSE,息,35.7,33.21,2.484538,1.07480065,2.484538,0.0,0.0,0.0
2025-08-12,3379,TPEX,息,74.9,74.1,0.8,1.01079622,0.8,0.0,0.0,0.0
2025-08-12,6122,TPEX,息,50.2,46.93,3.265143,1.06956754,3.2651426,0.0,0.0,0.0
2025-08-13,2748,TWSE,息,49.75,47.75,2.0,1.04188482,2.0,0.0,0.0,0.0
2025-08-13,2812,TWSE,權息,23.4,21.44,1.955453,1.09118644,0.39,0.073,0.0,0.0
2025-08-13,2880,TWSE,權息,29.35,27.82,1.528218,1.05492883,1.25,0.01,0.0,0.0
2025-08-13,4162,TPEX,息,78.0,72.0,6.0,1.08333333,6.0,0.0,0.0,0.0
2025-08-13,4432,TPEX,息,19.1,18.1,1.0,1.05524862,1.0,0.0,0.0,0.0
2025-08-13,5880,TWSE,權息,25.95,24.51,1.435437,1.05855446,0.7,0.03,0.0,0.0
2025-08-13,6464,TWSE,息,81.1,77.78,3.315838,1.0426287,3.315838,0.0,0.0,0.0
2025-08-13,6574,TPEX,息,73.7,71.5,2.2,1.03076923,2.2,0.0,0.0,0.0
2025-08-13,6805,TWSE,息,1050.0,1042.0,8.0,1.00767754,8.0,0.0,0.0,0.0
2025-08-13,8437,TPEX,息,19.1,18.08,1.017803,1.05628758,1.01780318,0.0,0.0,0.0
2025-08-14,1580,TPEX,息,148.0,138.84,9.162528,1.06599463,9.16252783,0.0,0.0,0.0
2025-08-14,2476,TWSE,息,88.7,85.2,3.497377,1.04104776,3.497377,0.0,0.0,0.0
2025-08-14,2754,TPEX,息,89.1,88.3,0.799898,1.00905885,0.79989758,0.0,0.0,0.0
2025-08-14,3008,TWSE,息,2420.0,2392.0,28.0,1.01170569,28.0,0.0,0.0,0.0
2025-08-14,3050,TWSE,息,14.3,13.8,0.5,1.03623188,0.5,0.0,0.0,0.0
2025-08-14,3162,TPEX,息,50.3,49.8,0.500904,1.0100585,0.50090428,0.0,0.0,0.0
2025-08-14,3232,TPEX,息,25.65,25.15,0.5,1.01988072,0.5,0.0,0.0,0.0
2025-08-14,4148,TWSE,權息,45.9,43.23,2.661905,1.06156388,0.5,0.05,0.0,0.0
2025-08-14,5203,TWSE,息,97.7,93.8,3.899014,1.04156688,3.899014,0.0,0.0,0.0
2025-08-14,5489,TPEX,息,43.65,41.83,1.817812,1.04345487,1.8178122,0.0,0.0,0.0
2025-08-14,6156,TPEX,息,25.15,24.15,1.0,1.04140787,1.0,0.0,0.0,0.0
2025-08-14,6432,TPEX,息,28.15,26.75,1.4,1.05233645,1.39999998,0.0,0.0,0.0
2025-08-14,8032,TPEX,息,49.0,47.9,1.1,1.02296451,1.1,0.0,0.0,0.0
2025-08-14,9960,TPEX,息,25.05,23.35,1.700405,1.07282374,1.70040494,0.0,0.0,0.0
2025-08-15,00936,TWSE,息,15.48,15.44,0.04,1.00259067,0.04,0.0,0.0,0.0
2025-08-15,00942B,TPEX,息,13.95,13.89,0.06,1.00431965,0.06,0.0,0.0,0.0
2025-08-15,00962,TWSE,息,10.18,10.15,0.025,1.00246184,0.025,0.0,0.0,0.0
2025-08-15,00980B,TPEX,息,9.24,9.19,0.05,1.0054407,0.05,0.0,0.0,0.0
2025-08-15,1477,TWSE,息,269.0,263.0,6.0,1.02281369,6.0,0.0,0.0,0.0
2025-08-15,1615,TWSE,權息,54.3,49.8,4.490476,1.09015296,2.0,0.05,0.0,0.0
2025-08-15,3535,TWSE,息,55.1,54.6,0.5,1.00915751,0.5,0.0,0.0,0.0
2025-08-15,5222,TWSE,權,138.5,125.9,12.590908,1.1,0.0,0.1,0.0,0.0
2025-08-15,6117,TWSE,息,95.8,93.62,2.171708,1.023195,2.171708,0.0,0.0,0.0
2025-08-15,8043,TPEX,息,27.6,26.8,0.8,1.02985075,0.8,0.0,0.0,0.0
2025-08-15,9933,TWSE,權息,32.25,28.4,3.847482,1.13547478,1.001882,0.1002,0.0,0.0
2025-08-18,00690,TWSE,息,38.83,38.08,0.75,1.01969538,0.75,0.0,0.0,0.0
2025-08-18,00701,TWSE,息,29.78,27.98,1.8,1.06433167,1.8,0.0,0.0,0.0
2025-08-18,00730,TWSE,息,24.23,24.12,0.11,1.00456053,0.11,0.0,0.0,0.0
2025-08-18,00740B,TPEX,息,37.54,37.36,0.181,1.00484488,0.181,0.0,0.0,0.0
2025-08-18,00741B,TPEX,息,36.36,36.16,0.203,1.0056144,0.203,0.0,0.0,0.0
2025-08-18,00754B,TPEX,息,33.43,33.01,0.422,1.01278478,0.422,0.0,0.0,0.0
2025-08-18,00755B,TPEX,息,32.04,31.61,0.435,1.01376364,0.435,0.0,0.0,0.0
2025-08-18,00756B,TPEX,息,30.62,30.16,0.463,1.01535299,0.463,0.0,0.0,0.0
2025-08-18,00761B,TPEX,息,33.74,33.31,0.43,1.01290904,0.43,0.0,0.0,0.0
2025-08-18,00772B,TPEX,息,32.7,32.58,0.125,1.0038373,0.125,0.0,0.0,0.0
2025-08-18,00773B,TPEX,息,34.7,34.57,0.13,1.00376049,0.13,0.0,0.0,0.0
2025-08-18,00777B,TPEX,息,32.0,31.86,0.14,1.00439422,0.14,0.0,0.0,0.0
2025-08-18,00778B,TPEX,息,33.72,33.58,0.14,1.00416915,0.14,0.0,0.0,0.0
2025-08-18,00780B,TPEX,息,36.31,35.91,0.4,1.01113896,0.4,0.0,0.0,0.0
2025-08-18,00795B,TPEX,息,26.3,25.94,0.36,1.01387818,0.36,0.0,0.0,0.0
2025-08-18,00799B,TPEX,息,29.55,29.0,0.55,1.01896552,0.55,0.0,0.0,0.0
2025-08-18,00840B,TPEX,息,29.3,29.19,0.11,1.00376841,0.11,0.0,0.0,0.0
2025-08-18,00841B,TPEX,息,28.88,28.53,0.35,1.01226779,0.35,0.0,0.0,0.0
2025-08-18,00845B,TPEX,息,32.26,31.9,0.361,1.01131697,0.361,0.0,0.0,0.0
2025-08-18,00846B,TPEX,息,34.85,34.42,0.435,1.01263984,0.435,0.0,0.0,0.0
2025-08-18,00847B,TPEX,息,25.04,24.69,0.35,1.01417578,0.35,0.0,0.0,0.0
2025-08-18,00860B,TPEX,息,36.69,36.21,0.48,1.01325601,0.48,0.0,0.0,0.0
2025-08-18,00864B,TPEX,息,44.59,44.03,0.56,1.0127186,0.56,0.0,0.0,0.0
2025-08-18,00878,TWSE,息,21.16,20.76,0.4,1.01926782,0.4,0.0,0.0,0.0
2025-08-18,00881,TWSE,息,27.59,27.04,0.55,1.02034024,0.55,0.0,0.0,0.0
2025-08-18,00883B,TPEX,息,29.86,29.74,0.12,1.00403497,0.12,0.0,0.0,0.0
2025-08-18,00890B,TPEX,息,31.62,31.49,0.135,1.00428776,0.135,0.0,0.0,0.0
2025-08-18,00891,TWSE,息,17.85,17.44,0.41,1.02350917,0.41,0.0,0.0,0.0
2025-08-18,00894,TWSE,息,22.8,22.4,0.4,1.01785714,0.4,0.0,0.0,0.0
2025-08-18,00900,TWSE,息,13.31,13.21,0.1,1.00757002,0.1,0.0,0.0,0.0
2025-08-18,00913,TWSE,息,20.8,19.9,0.9,1.04522613,0.9,0.0,0.0,0.0
2025-08-18,00923,TWSE,息,22.65,21.72,0.923,1.0424817,0.923,0.0,0.0,0.0
2025-08-18,00932,TWSE,息,14.48,14.3,0.18,1.01258741,0.18,0.0,0.0,0.0
2025-08-18,00933B,TPEX,息,15.61,15.54,0.072,1.0046338,0.072,0.0,0.0,0.0
2025-08-18,00934,TWSE,息,19.58,19.5,0.077,1.00394811,0.077,0.0,0.0,0.0
2025-08-18,00937B,TPEX,息,14.51,14.44,0.072,1.00498684,0.072,0.0,0.0,0.0
2025-08-18,00938,TWSE,息,15.28,15.18,0.1,1.00658762,0.1,0.0,0.0,0.0
2025-08-18,00943,TWSE,息,14.13,14.07,0.06,1.00426439,0.06,0.0,0.0,0.0
2025-08-18,00944,TWSE,息,14.32,14.26,0.054,1.00378522,0.054,0.0,0.0,0.0
2025-08-18,00945B,TWSE,息,13.88,13.79,0.081,1.00586999,0.081,0.0,0.0,0.0
2025-08-18,00948B,TPEX,息,9.2,9.16,0.036,1.00392842,0.036,0.0,0.0,0.0
2025-08-18,00952,TWSE,息,10.48,10.46,0.02,1.00191205,0.02,0.0,0.0,0.0
2025-08-18,00957B,TPEX,息,13.28,13.21,0.068,1.00514684,0.068,0.0,0.0,0.0
2025-08-18,00961,TWSE,息,9.28,9.2,0.077,1.00836684,0.077,0.0,0.0,0.0
2025-08-18,00963,TWSE,息,10.55,10.49,0.059,1.00562387,0.059,0.0,0.0,0.0
2025-08-18,00964,TWSE,息,10.8,10.75,0.05,1.00465116,0.05,0.0,0.0,0.0
2025-08-18,00982A,TWSE,息,12.79,12.55,0.236,1.01879879,0.236,0.0,0.0,0.0
2025-08-18,00982B,TPEX,息,9.6,9.55,0.048,1.00502513,0.048,0.0,0.0,0.0
2025-08-18,1618,TWSE,息,47.9,46.4,1.5,1.03232759,1.5,0.0,0.0,0.0
2025-08-18,6188,TPEX,息,101.5,100.0,1.5,1.015,1.5,0.0,0.0,0.0
2025-08-18,6282,TWSE,息,29.5,28.99,0.500093,1.01724464,0.500093,0.0,0.0,0.0
2025-08-18,6509,TPEX,息,34.4,33.08,1.319492,1.03988731,1.31949239,0.0,0.0,0.0
2025-08-18,6799,TWSE,息,92.3,90.31,1.987902,1.02201147,1.987902,0.0,0.0,0.0
2025-08-18,7556,TPEX,權,181.0,179.86,1.142035,1.00633826,0.0,0.0,0.02262472189,142.0
2025-08-19,00731,TWSE,息,67.65,66.99,0.652,1.00973163,0.652,0.0,0.0,0.0
2025-08-19,00758B,TPEX,息,48.73,48.16,0.57,1.01183555,0.57,0.0,0.0,0.0
2025-08-19,00759B,TPEX,息,52.7,52.1,0.6,1.01151631,0.6,0.0,0.0,0.0
2025-08-19,00760B,TPEX,息,52.7,51.99,0.71,1.01365647,0.71,0.0,0.0,0.0
2025-08-19,00768B,TPEX,息,50.35,49.11,1.24,1.02524944,1.24,0.0,0.0,0.0
2025-08-19,00929,TWSE,息,17.71,17.63,0.08,1.00453772,0.08,0.0,0.0,0.0
2025-08-19,1474,TWSE,息,12.95,12.55,0.4,1.03187251,0.4,0.0,0.0,0.0
2025-08-19,1537,TWSE,息,145.0,134.5,10.5,1.07806691,10.5,0.0,0.0,0.0
2025-08-19,2301,TWSE,息,134.0,132.0,2.0,1.01515152,2.0,0.0,0.0,0.0
2025-08-19,3017,TWSE,息,1145.0,1135.06,9.930369,1.00874869,9.930369,0.0,0.0,0.0
2025-08-19,3147,TPEX,權息,222.0,193.75,28.250001,1.14580645,5.0,0.12000000308,0.0,0.0
2025-08-19,4907,TPEX,息,40.7,38.9,1.8,1.04627249,1.8,0.0,0.0,0.0
2025-08-19,6796,TWSE,權息,80.6,72.81,7.781817,1.10686642,0.5,0.1,0.0,0.0
2025-08-20,00775B,TWSE,息,31.03,30.68,0.35,1.01140808,0.35,0.0,0.0,0.0
2025-08-20,00844B,TPEX,息,30.6,30.22,0.38,1.01257445,0.38,0.0,0.0,0.0
2025-08-20,00867B,TPEX,息,30.59,30.2,0.39,1.01291391,0.39,0.0,0.0,0.0
2025-08-20,00981B,TPEX,息,9.1,9.03,0.072,1.00797519,0.072,0.0,0.0,0.0
2025-08-20,1737,TWSE,息,33.45,32.15,1.3,1.04043546,1.3,0.0,0.0,0.0
2025-08-20,2070,TPEX,息,43.8,43.3,0.5,1.01154734,0.5,0.0,0.0,0.0
2025-08-20,3226,TPEX,息,47.0,46.5,0.5,1.01075269,0.5,0.0,0.0,0.0
2025-08-20,4130,TPEX,權息,18.9,18.43,0.468628,1.02542554,0.1,0.02000000412,0.0,0.0
2025-08-20,4161,TPEX,權息,31.35,27.48,3.873095,1.14095819,0.30008503,0.1300368331999999,0.0,0.0
2025-08-20,4760,TPEX,權,147.5,140.48,7.023812,1.05000002,0.0,0.0500000166,0.0,0.0
2025-08-20,6666,TWSE,息,52.0,50.0,2.0,1.04,2.0,0.0,0.0,0.0
2025-08-21,00679B,TPEX,息,25.95,25.67,0.28,1.01090767,0.28,0.0,0.0,0.0
2025-08-21,00771,TWSE,息,15.94,15.73,0.21,1.01335029,0.21,0.0,0.0,0.0
2025-08-21,00786B,TPEX,息,31.66,31.27,0.39,1.01247202,0.39,0.0,0.0,0.0
2025-08-21,00850,TWSE,息,46.99,46.39,0.6,1.01293382,0.6,0.0,0.0,0.0
2025-08-21,00967B,TPEX,息,8.81,8.78,0.033,1.00375983,0.033,0.0,0.0,0.0
2025-08-21,00968B,TPEX,息,9.04,9.0,0.043,1.00477937,0.043,0.0,0.0,0.0
2025-08-21,1231,TWSE,權息,149.5,134.45,15.045455,1.11189993,1.6,0.1,0.0,0.0
2025-08-21,1442,TWSE,息,64.7,60.2,4.5,1.07475083,4.5,0.0,0.0,0.0
2025-08-21,1465,TWSE,息,13.5,12.9,0.6,1.04651163,0.6,0.0,0.0,0.0
2025-08-21,1597,TWSE,息,85.0,84.3,0.7,1.00830368,0.7,0.0,0.0,0.0
2025-08-21,1714,TWSE,息,8.06,7.85,0.205041,1.02610338,0.205041,0.0,0.0,0.0
2025-08-21,2201,TWSE,息,34.05,32.75,1.3,1.03969466,1.3,0.0,0.0,0.0
2025-08-21,2472,TWSE,息,81.3,78.2,3.1,1.03964194,3.1,0.0,0.0,0.0
2025-08-21,2890,TWSE,權息,25.85,24.11,1.730078,1.07172815,0.91,0.034,0.0,0.0
2025-08-21,3023,TWSE,息,238.0,227.75,10.25,1.04500549,10.25,0.0,0.0,0.0
2025-08-21,3141,TPEX,息,49.9,49.39,0.513269,1.01039286,0.51326916,0.0,0.0,0.0
2025-08-21,3284,TPEX,權息,24.85,21.47,3.376786,1.15725572,0.8,0.12000000216,0.0,0.0
2025-08-21,3373,TPEX,權,20.3,18.45,1.845455,1.10000002,0.0,0.1000000207899999,0.0,0.0
2025-08-21,4430,TPEX,息,19.85,19.35,0.5,1.02583979,0.5,0.0,0.0,0.0
2025-08-21,4746,TWSE,息,66.0,63.0,3.0,1.04761905,3.0,0.0,0.0,0.0
2025-08-21,4908,TPEX,息,88.5,86.75,1.75,1.02017291,1.75,0.0,0.0,0.0
2025-08-21,4966,TPEX,息,775.0,765.72,9.282874,1.01212311,9.28287444,0.0,0.0,0.0
2025-08-21,6259,TPEX,權息,17.15,16.32,0.83292,1.05104592,0.09870585,0.04499668204,0.0,0.0
2025-08-21,6534,TWSE,息,106.5,106.0,0.5,1.00471698,0.5,0.0,0.0,0.0
2025-08-21,6806,TWSE,息,60.8,59.57,1.226918,1.02059517,1.226918,0.0,0.0,0.0
2025-08-21,6922,TPEX,權息,193.0,179.27,13.72583,1.07656334,4.78678869,0.0498624057099999,0.0,0.0
2025-08-21,6994,TWSE,息,90.9,89.94,0.954914,1.01061663,0.954914,0.0,0.0,0.0
2025-08-21,8077,TPEX,息,46.0,44.0,2.0,1.04545455,2.0,0.0,0.0,0.0
2025-08-21,8454,TWSE,權,272.0,259.04,12.952379,1.05,0.0,0.05,0.0,0.0
2025-08-22,1321,TWSE,息,37.9,37.52,0.38,1.01012793,0.38,0.0,0.0,0.0
2025-08-22,2428,TWSE,息,154.0,147.9,6.1,1.04124408,6.1,0.0,0.0,0.0
2025-08-22,3128,TPEX,權息,41.4,37.55,3.852276,1.10259677,0.19481653,0.09740826976,0.0,0.0
2025-08-22,3552,TPEX,權,67.3,64.71,2.588462,1.04,0.0,0.04000000255,0.0,0.0
2025-08-22,6230,TWSE,息,145.5,145.27,0.222,1.0015281,0.222,0.0,0.0,0.0
2025-08-22,6469,TPEX,權,164.0,145.15,18.850063,1.12986615,0.0,0.12986614706,0.0,0.0
2025-08-22,6612,TPEX,權息,108.0,97.91,10.090909,1.10306407,0.3,0.1,0.0,0.0
2025-08-25,1539,TWSE,息,18.85,18.0,0.85,1.04722222,0.85,0.0,0.0,0.0
2025-08-25,1565,TPEX,息,158.5,149.0,9.5,1.06375839,9.5,0.0,0.0,0.0
2025-08-25,2250,TWSE,權息,105.5,97.49,8.007039,1.08212401,3.346366,0.0477999999999999,0.0,0.0
2025-08-25,2377,TWSE,息,139.0,134.0,5.0,1.03731343,5.0,0.0,0.0,0.0
2025-08-25,2484,TWSE,息,22.2,21.5,0.7,1.03255814,0.7,0.0,0.0,0.0
2025-08-25,2527,TWSE,息,27.6,25.6,2.0,1.078125,2.0,0.0,0.0,0.0
2025-08-25,4563,TPEX,息,57.1,54.1,3.0,1.05545287,3.0,0.0,0.0,0.0
2025-08-25,4927,TWSE,權,28.9,27.38,1.511675,1.05551497,0.0,0.0,0.18414281392,20.0
2025-08-25,6877,TPEX,權息,95.4,86.64,8.763636,1.10115424,0.1,0.09999999063,0.0,0.0
2025-08-25,6955,TWSE,權,193.5,168.26,25.239131,1.15,0.0,0.15,0.0,0.0
2025-08-25,7714,TPEX,息,116.0,114.0,2.0,1.01754386,2.0,0.0,0.0,0.0
2025-08-25,8089,TPEX,權息,44.75,38.67,6.083333,1.15732759,1.25,0.12500000213,0.0,0.0
2025-08-26,00907,TWSE,息,15.39,15.26,0.13,1.008519,0.13,0.0,0.0,0.0
2025-08-26,00958B,TPEX,息,9.11,9.06,0.049,1.00540779,0.049,0.0,0.0,0.0
2025-08-26,1409,TWSE,息,15.8,15.2,0.6,1.03947368,0.6,0.0,0.0,0.0
2025-08-26,1529,TWSE,息,26.4,26.2,0.2,1.00763359,0.2,0.0,0.0,0.0
2025-08-26,2012,TWSE,息,18.85,17.85,1.0,1.05602241,1.0,0.0,0.0,0.0
2025-08-26,2420,TWSE,息,58.8,55.3,3.5,1.06329114,3.5,0.0,0.0,0.0
2025-08-26,2901,TWSE,息,26.05,25.67,0.371054,1.01444974,0.371054,0.0,0.0,0.0
2025-08-26,3236,TPEX,息,17.5,17.15,0.35,1.02040816,0.35,0.0,0.0,0.0
2025-08-26,3317,TPEX,權息,48.0,42.84,5.16,1.12044818,0.4,0.11111111111,0.0,0.0
2025-08-26,3622,TWSE,息,58.6,55.6,3.0,1.05395683,3.0,0.0,0.0,0.0
2025-08-26,3646,TPEX,息,29.4,27.75,1.65,1.05945946,1.65,0.0,0.0,0.0
2025-08-26,4111,TPEX,權息,33.7,31.14,2.557143,1.08211011,1.0,0.05000001316,0.0,0.0
2025-08-26,4554,TPEX,權息,36.95,32.39,4.560619,1.140806,0.35,0.12999998584,0.0,0.0
2025-08-26,4741,TPEX,權息,26.65,24.01,2.640566,1.10998035,1.2,0.05999999878,0.0,0.0
2025-08-26,6103,TPEX,息,42.0,41.81,0.188,1.00449632,0.188,0.0,0.0,0.0
2025-08-26,6183,TWSE,息,100.5,97.3,3.2,1.03288798,3.2,0.0,0.0,0.0
2025-08-26,6248,TPEX,息,24.75,22.95,1.8,1.07843137,1.8,0.0,0.0,0.0
2025-08-26,6752,TPEX,權,158.5,150.95,7.548635,1.05000707,0.0,0.05000706711,0.0,0.0
2025-08-26,8096,TPEX,息,41.75,41.25,0.5,1.01212121,0.5,0.0,0.0,0.0
2025-08-26,8289,TPEX,息,20.0,19.7,0.3,1.01522843,0.3,0.0,0.0,0.0
2025-08-26,8403,TPEX,權息,27.4,25.62,1.780952,1.06951673,0.5,0.04999999962,0.0,0.0
2025-08-26,9921,TWSE,息,105.5,103.3,2.199995,1.02129714,2.199995,0.0,0.0,0.0
2025-08-26,9927,TWSE,息,65.7,59.7,6.0,1.10050251,6.0,0.0,0.0,0.0
2025-08-27,1541,TWSE,息,25.9,25.4,0.5,1.01968504,0.5,0.0,0.0,0.0
2025-08-27,1709,TWSE,息,18.35,17.55,0.8,1.04558405,0.8,0.0,0.0,0.0
2025-08-27,2227,TWSE,息,60.2,56.3,3.9,1.06927176,3.9,0.0,0.0,0.0
2025-08-27,2496,TWSE,息,68.0,66.5,1.5,1.02255639,1.5,0.0,0.0,0.0
2025-08-27,6216,TWSE,息,32.2,29.66,2.530496,1.08528946,2.530496,0.0,0.0,0.0
2025-08-27,8086,TPEX,息,115.0,113.81,1.19,1.01045602,1.19,0.0,0.0,0.0
2025-08-27,8401,TPEX,權,28.7,26.82,1.87757,1.07000001,0.0,0.07000000969,0.0,0.0
2025-08-28,1240,TPEX,權息,65.8,58.97,6.828038,1.11578448,2.7,0.07000000919,0.0,0.0
2025-08-28,1324,TWSE,息,10.9,10.7,0.2,1.01869159,0.2,0.0,0.0,0.0
2025-08-28,1453,TWSE,權,13.0,12.62,0.378641,1.03,0.0,0.03,0.0,0.0
2025-08-28,1513,TWSE,息,168.0,163.4,4.6,1.02815177,4.6,0.0,0.0,0.0
2025-08-28,1603,TWSE,息,40.5,39.0,1.5,1.03846154,1.5,0.0,0.0,0.0
2025-08-28,2038,TWSE,權,15.55,15.24,0.304902,1.02,0.0,0.02,0.0,0.0
2025-08-28,2059,TWSE,息,2940.0,2907.8,32.2,1.01107366,32.2,0.0,0.0,0.0
2025-08-28,2062,TWSE,息,25.65,23.85,1.8,1.0754717,1.8,0.0,0.0,0.0
2025-08-28,2364,TWSE,權,99.3,76.38,22.915385,1.3,0.0,0.3,0.0,0.0
2025-08-28,2383,TWSE,息,1280.0,1263.42,16.57544,1.01311945,16.57544,0.0,0.0,0.0
2025-08-28,2439,TWSE,息,117.0,109.7,7.290055,1.06644844,7.290055,0.0,0.0,0.0
2025-08-28,2441,TWSE,息,60.5,57.5,3.0,1.05217391,3.0,0.0,0.0,0.0
2025-08-28,2468,TWSE,息,60.7,59.8,0.9,1.01505017,0.9,0.0,0.0,0.0
2025-08-28,2539,TWSE,權息,60.5,50.0,10.5,1.21,0.5,0.2,0.0,0.0
2025-08-28,2718,TPEX,息,59.1,56.09,3.013039,1.05372085,3.01303943,0.0,0.0,0.0
2025-08-28,2751,TPEX,息,71.5,70.01,1.491977,1.02131151,1.49197657,0.0,0.0,0.0
2025-08-28,3025,TWSE,息,51.7,48.4,3.3,1.06818182,3.3,0.0,0.0,0.0
2025-08-28,3086,TPEX,權息,161.0,153.19,7.809527,1.05097919,0.15,0.05000002118,0.0,0.0
2025-08-28,3167,TWSE,息,210.5,209.5,0.998766,1.00476735,0.998766,0.0,0.0,0.0
2025-08-28,3693,TPEX,息,280.5,269.5,11.0,1.04081633,11.0,0.0,0.0,0.0
2025-08-28,3706,TWSE,權息,100.5,90.45,10.045455,1.11105528,1.0,0.1,0.0,0.0
2025-08-28,4113,TPEX,息,21.55,20.7,0.85,1.0410628,0.85,0.0,0.0,0.0
2025-08-28,4183,TPEX,息,19.6,18.93,0.67,1.03539356,0.67,0.0,0.0,0.0
2025-08-28,4735,TPEX,息,34.95,34.55,0.4,1.01157742,0.4,0.0,0.0,0.0
2025-08-28,4968,TWSE,息,145.0,143.9,1.09646,1.00761941,1.09646,0.0,0.0,0.0
2025-08-28,5013,TPEX,息,28.75,27.95,0.8,1.02862254,0.8,0.0,0.0,0.0
2025-08-28,5202,TPEX,息,21.75,21.25,0.5,1.02352941,0.5,0.0,0.0,0.0
2025-08-28,5287,TPEX,息,182.0,177.0,5.0,1.02824859,5.0,0.0,0.0,0.0
2025-08-28,5289,TPEX,權息,297.5,282.49,15.013292,1.05314689,9.37723774,0.01995157077,0.0,0.0
2025-08-28,5464,TPEX,息,25.8,24.8,1.0,1.04032258,1.0,0.0,0.0,0.0
2025-08-28,5468,TPEX,權,17.65,15.83,1.822975,1.11497157,0.0,0.0,0.48362906541,13.0
2025-08-28,5525,TWSE,權,31.3,29.25,2.047664,1.07,0.0,0.07,0.0,0.0
2025-08-28,5534,TWSE,息,80.0,74.5,5.5,1.0738255,5.5,0.0,0.0,0.0
2025-08-28,6108,TWSE,息,15.7,14.7,1.0,1.06802721,1.0,0.0,0.0,0.0
2025-08-28,6227,TPEX,息,93.9,90.1,3.8,1.04217536,3.8,0.0,0.0,0.0
2025-08-28,6261,TPEX,息,62.5,58.5,4.0,1.06837607,4.0,0.0,0.0,0.0
2025-08-28,6582,TWSE,息,33.5,32.5,1.0,1.03076923,1.0,0.0,0.0,0.0
2025-08-28,6637,TPEX,息,89.2,85.57,3.627005,1.04238492,3.62700484,0.0,0.0,0.0
2025-08-28,6916,TWSE,息,19.8,19.52,0.28,1.01434426,0.28,0.0,0.0,0.0
2025-08-28,8410,TPEX,息,46.2,43.2,3.0,1.06944444,3.0,0.0,0.0,0.0
2025-08-28,9105,TWSE,息,6.09,6.02,0.064372,1.01068304,0.064372,0.0,0.0,0.0
2025-08-28,9946,TWSE,息,19.65,18.6,1.041182,1.055951,1.041182,0.0,0.0,0.0
2025-08-29,1732,TWSE,息,29.25,28.75,0.5,1.0173913,0.5,0.0,0.0,0.0
2025-08-29,2367,TWSE,息,31.45,30.74,0.703126,1.02286821,0.703126,0.0,0.0,0.0
2025-08-29,2883,TWSE,權,15.55,15.39,0.153964,1.01,0.0,0.01,0.0,0.0
2025-08-29,3052,TWSE,息,12.25,11.75,0.5,1.04255319,0.5,0.0,0.0,0.0
2025-08-29,4303,TPEX,權息,83.1,68.42,14.683333,1.21461632,1.0,0.20000000254,0.0,0.0
2025-08-29,5392,TPEX,權息,43.8,41.72,2.077512,1.04979358,0.2,0.0450000026599999,0.0,0.0
2025-08-29,8076,TPEX,息,27.6,26.5,1.1,1.04150943,1.1,0.0,0.0,0.0
2025-09-01,1315,TWSE,息,66.5,64.5,2.0,1.03100775,2.0,0.0,0.0,0.0
2025-09-01,3528,TWSE,息,73.9,70.9,3.0,1.04231312,3.0,0.0,0.0,0.0
2025-09-01,4138,TPEX,權,76.8,69.82,6.981818,1.1,0.0,0.1,0.0,0.0
2025-09-01,4306,TWSE,權息,15.8,14.5,1.290196,1.08891892,1.0,0.02,0.0,0.0
2025-09-01,6140,TPEX,權,41.75,37.95,3.795455,1.10000001,0.0,0.10000001202,0.0,0.0
2025-09-01,6234,TPEX,息,27.4,26.95,0.45,1.01669759,0.45,0.0,0.0,0.0
2025-09-01,6591,TWSE,權,100.5,98.34,2.153324,1.02196461,0.0,0.0,0.04739523881,62.0
2025-09-01,7753,TPEX,息,54.8,53.47,1.326,1.0247971,1.326,0.0,0.0,0.0
2025-09-02,00939,TWSE,息,13.73,13.66,0.068,1.00497731,0.068,0.0,0.0,0.0
2025-09-02,00946,TWSE,息,10.18,10.12,0.058,1.00573009,0.058,0.0,0.0,0.0
2025-09-02,00950B,TPEX,息,13.81,13.74,0.068,1.00494833,0.068,0.0,0.0,0.0
2025-09-02,00953B,TWSE,息,9.57,9.5,0.061,1.00641498,0.061,0.0,0.0,0.0
2025-09-02,1722,TWSE,息,53.2,51.2,2.0,1.0390625,2.0,0.0,0.0,0.0
2025-09-02,1734,TWSE,權,32.55,31.0,1.55,1.05,0.0,0.05,0.0,0.0
2025-09-02,2543,TWSE,權息,85.2,72.56,12.635897,1.17413428,0.3,0.17,0.0,0.0
2025-09-02,2845,TWSE,權息,13.6,12.6,0.990314,1.07936508,0.5,0.025,0.09037751407,11.06
2025-09-02,2867,TWSE,權,6.11,6.08,0.029156,1.00493421,0.0,0.0,0.0280726328,5.25
2025-09-02,2949,TPEX,權,82.3,68.02,14.283471,1.21,0.0,0.21,0.0,0.0
2025-09-02,3047,TWSE,息,21.8,21.5,0.299387,1.01392458,0.299387,0.0,0.0,0.0
2025-09-02,3661,TWSE,息,3915.0,3878.52,36.478962,1.00940538,36.478962,0.0,0.0,0.0
2025-09-02,4549,TPEX,權,140.5,137.75,2.754902,1.02,0.0,0.02,0.0,0.0
2025-09-02,4707,TPEX,息,10.05,9.8,0.25,1.0255102,0.25,0.0,0.0,0.0
2025-09-02,5243,TWSE,息,77.1,75.6,1.5,1.01984127,1.5,0.0,0.0,0.0
2025-09-02,6163,TPEX,息,21.95,21.5,0.450019,1.02093113,0.450019,0.0,0.0,0.0
2025-09-02,6245,TPEX,息,86.0,82.0,4.0,1.04878049,4.0,0.0,0.0,0.0
2025-09-02,6482,TPEX,權息,61.7,50.58,11.116666,1.21976933,1.0,0.19999997486,0.0,0.0
2025-09-02,6703,TPEX,權息,137.0,121.82,15.18182,1.12462689,3.0,0.10000002016,0.0,0.0
2025-09-02,8087,TPEX,息,34.3,33.3,0.999693,1.03002053,0.99969299,0.0,0.0,0.0
2025-09-02,8354,TPEX,息,14.9,14.3,0.6,1.04195804,0.6,0.0,0.0,0.0
2025-09-02,9941,TWSE,權息,104.0,94.87,9.123809,1.09616543,4.38,0.05,0.0,0.0
2025-09-02,9941A,TWSE,息,52.0,49.66,2.339375,1.04710724,2.339375,0.0,0.0,0.0
2025-09-03,00959B,TPEX,息,9.23,9.19,0.045,1.00489929,0.045,0.0,0.0,0.0
2025-09-03,00966B,TPEX,息,13.62,13.56,0.065,1.00479528,0.065,0.0,0.0,0.0
2025-09-03,2701,TWSE,息,11.4,11.12,0.28,1.02517986,0.28,0.0,0.0,0.0
2025-09-03,3078,TPEX,息,88.2,84.2,4.0,1.04750594,4.0,0.0,0.0,0.0
2025-09-03,3346,TWSE,息,24.3,23.09,1.206779,1.05225685,1.206779,0.0,0.0,0.0
2025-09-03,3434,TPEX,權息,43.2,39.44,3.763115,1.09542121,0.44333711,0.08417952144,0.0,0.0
2025-09-03,3558,TPEX,息,167.5,164.5,3.0,1.01823708,3.0,0.0,0.0,0.0
2025-09-03,4416,TPEX,息,59.2,58.2,1.0,1.01718213,1.0,0.0,0.0,0.0
2025-09-03,4438,TWSE,權,72.3,71.47,0.825409,1.01161326,0.0,0.0,0.073048541,63.0
2025-09-03,6186,TPEX,權息,70.8,61.31,9.490265,1.15479215,1.52,0.13,0.0,0.0
2025-09-03,6279,TPEX,權息,148.5,135.71,12.785714,1.09421053,6.0,0.05,0.0,0.0
2025-09-03,6426,TWSE,息,76.4,75.9,0.5,1.00658762,0.5,0.0,0.0,0.0
2025-09-03,6753,TWSE,息,145.5,144.25,1.25,1.00866551,1.25,0.0,0.0,0.0
2025-09-04,00970B,TPEX,息,9.11,9.07,0.04,1.00441014,0.04,0.0,0.0,0.0
2025-09-04,1203,TWSE,息,40.5,39.3,1.2,1.03053435,1.2,0.0,0.0,0.0
2025-09-04,1339,TWSE,息,47.15,44.15,3.0,1.06795017,3.0,0.0,0.0,0.0
2025-09-04,2323,TWSE,息,8.76,8.46,0.3,1.03546099,0.3,0.0,0.0,0.0
2025-09-04,2493,TWSE,權息,159.5,140.34,19.15704,1.13650161,4.0,0.108,0.0,0.0
2025-09-04,2755,TPEX,權,156.0,130.28,25.715565,1.19738018,0.0,0.1973801808499999,0.0,0.0
2025-09-04,3059,TWSE,息,54.2,53.2,1.0,1.01879699,1.0,0.0,0.0,0.0
2025-09-04,3594,TPEX,息,42.55,41.75,0.799103,1.01913977,0.79910254,0.0,0.0,0.0
2025-09-04,3605,TWSE,息,73.2,72.47,0.720879,1.00994602,0.720879,0.0,0.0,0.0
2025-09-04,4736,TWSE,息,141.5,131.5,10.0,1.07604563,10.0,0.0,0.0,0.0
2025-09-04,6139,TWSE,息,370.5,356.61,13.885191,1.0389361,13.885191,0.0,0.0,0.0
2025-09-04,6720,TPEX,權息,141.5,118.72,22.779071,1.19187073,3.79728713,0.15988574465,0.0,0.0
2025-09-04,6870,TPEX,權,208.0,203.92,4.078431,1.02,0.0,0.02,0.0,0.0
2025-09-04,7722,TWSE,息,600.0,598.5,1.5,1.00250627,1.5,0.0,0.0,0.0
2025-09-04,9906,TWSE,息,70.5,64.0,6.5,1.1015625,6.5,0.0,0.0,0.0
2025-09-05,01010T,TWSE,息,10.1,10.0,0.097652,1.00976291,0.097652,0.0,0.0,0.0
2025-09-05,1783,TWSE,息,44.1,43.27,0.829962,1.01918099,0.829962,0.0,0.0,0.0
2025-09-05,2732,TPEX,息,75.7,74.2,1.5,1.02021563,1.5,0.0,0.0,0.0
2025-09-05,3548,TPEX,權息,115.5,110.73,4.768293,1.04306167,2.0,0.02500000076,0.0,0.0
2025-09-05,6552,TWSE,息,28.45,28.25,0.2,1.00707965,0.2,0.0,0.0,0.0
2025-09-05,8436,TPEX,息,135.0,125.0,10.0,1.08,10.0,0.0,0.0,0.0
2025-09-08,2530,TWSE,息,32.65,31.55,1.1,1.03486529,1.1,0.0,0.0,0.0
2025-09-08,2923,TWSE,息,22.6,22.36,0.24,1.01073345,0.24,0.0,0.0,0.0
2025-09-08,3484,TPEX,息,54.2,51.76,2.444178,1.04722518,2.4441778,0.0,0.0,0.0
2025-09-08,3545,TWSE,息,67.7,65.96,1.736056,1.02631826,1.736056,0.0,0.0,0.0
2025-09-08,4737,TWSE,權,78.3,71.19,7.108891,1.0999,0.0,0.0999,0.0,0.0
2025-09-08,8234,TPEX,息,94.4,93.8,0.6,1.00639659,0.6,0.0,0.0,0.0
2025-09-08,8932,TPEX,權息,241.5,222.5,19.003109,1.08540842,0.28194759,0.0841412231,0.0,0.0
2025-09-09,00940,TWSE,息,9.38,9.34,0.04,1.00428266,0.04,0.0,0.0,0.0
2025-09-09,1514,TWSE,權息,107.0,103.23,3.763594,1.0364622,1.699488,0.02,0.0,0.0
2025-09-09,2442,TWSE,權息,26.8,26.3,0.495391,1.01880792,0.079124,0.0158,0.0,0.0
2025-09-09,3073,TPEX,權,42.1,39.53,2.569484,1.06500002,0.0,0.06500002318,0.0,0.0
2025-09-09,3483,TPEX,權息,133.5,113.04,20.456521,1.18096153,3.5,0.14999999594,0.0,0.0
2025-09-09,3551,TPEX,權,173.5,169.27,4.231668,1.02498966,0.0,0.0,0.07335042887,126.0
2025-09-09,4104,TWSE,權,88.4,84.19,4.209524,1.05,0.0,0.05,0.0,0.0
2025-09-09,5328,TPEX,息,14.1,13.5,0.6,1.04444444,0.6,0.0,0.0,0.0
2025-09-09,6133,TWSE,息,17.85,17.55,0.3,1.01709402,0.3,0.0,0.0,0.0
2025-09-09,6203,TPEX,息,69.5,66.0,3.500212,1.05303369,3.50021237,0.0,0.0,0.0
2025-09-09,6207,TPEX,息,62.2,60.7,1.5,1.0247117,1.5,0.0,0.0,0.0
2025-09-09,8908,TPEX,權,42.4,41.16,1.237628,1.03006698,0.0,0.03006698025,0.0,0.0
2025-09-09,8937,TPEX,息,169.0,168.9,0.1,1.00059207,0.1,0.0,0.0,0.0
2025-09-10,2379,TWSE,息,540.0,514.5,25.5,1.04956268,25.5,0.0,0.0,0.0
2025-09-10,2762,TWSE,息,78.8,77.89,0.907395,1.01164931,0.907395,0.0,0.0,0.0
2025-09-10,2905,TWSE,息,13.1,12.79,0.303275,1.02369942,0.303275,0.0,0.0,0.0
2025-09-10,6584,TPEX,息,250.0,248.5,1.501003,1.00604028,1.50100342,0.0,0.0,0.0
2025-09-10,7712,TPEX,息,159.5,155.5,4.0,1.02572347,4.0,0.0,0.0,0.0
2025-09-10,8423,TPEX,權息,19.65,18.5,1.154854,1.06244095,0.6,0.03000000642,0.0,0.0
2025-09-11,1268,TPEX,息,164.0,156.5,7.5,1.04792332,7.5,0.0,0.0,0.0
2025-09-11,2745,TPEX,息,121.0,114.5,6.5,1.05676856,6.5,0.0,0.0,0.0
2025-09-11,5906,TWSE,權息,50.5,48.72,1.77451,1.03641851,0.8,0.02,0.0,0.0
2025-09-11,6126,TPEX,息,27.55,26.79,0.757287,1.02826466,0.75728691,0.0,0.0,0.0
2025-09-11,6446,TWSE,權,538.0,484.8,53.197797,1.1097,0.0,0.1097,0.0,0.0
2025-09-11,6504,TWSE,息,50.2,49.2,1.0,1.0203252,1.0,0.0,0.0,0.0
2025-09-12,1517,TWSE,息,10.65,10.45,0.2,1.01913876,0.2,0.0,0.0,0.0
2025-09-12,5278,TPEX,息,36.1,35.93,0.166667,1.00463822,0.16666667,0.0,0.0,0.0
2025-09-15,00936,TWSE,息,15.75,15.69,0.055,1.0035043,0.055,0.0,0.0,0.0
2025-09-15,00942B,TPEX,息,14.46,14.4,0.06,1.00416667,0.06,0.0,0.0,0.0
2025-09-15,00980B,TPEX,息,9.56,9.51,0.047,1.00494061,0.047,0.0,0.0,0.0
2025-09-15,01009T,TWSE,息,7.11,6.96,0.145607,1.02090735,0.145607,0.0,0.0,0.0
2025-09-15,5493,TPEX,息,93.3,90.7,2.6,1.02866593,2.6,0.0,0.0,0.0
2025-09-15,6603,TPEX,息,17.7,17.4,0.296736,1.01705057,0.29673566,0.0,0.0,0.0
2025-09-15,9802,TWSE,息,105.0,101.9,3.099972,1.0304217,3.099972,0.0,0.0,0.0
2025-09-16,00687B,TPEX,息,28.12,27.82,0.3,1.01078361,0.3,0.0,0.0,0.0
2025-09-16,00730,TWSE,息,24.88,24.77,0.11,1.00444086,0.11,0.0,0.0,0.0
2025-09-16,00740B,TPEX,息,38.83,38.67,0.164,1.00424145,0.164,0.0,0.0,0.0
2025-09-16,00741B,TPEX,息,36.73,36.53,0.199,1.00544743,0.199,0.0,0.0,0.0
2025-09-16,00764B,TPEX,息,28.15,27.83,0.324,1.01164379,0.324,0.0,0.0,0.0
2025-09-16,00772B,TPEX,息,33.88,33.75,0.129,1.00382211,0.129,0.0,0.0,0.0
2025-09-16,00773B,TPEX,息,35.82,35.69,0.134,1.00375497,0.134,0.0,0.0,0.0
2025-09-16,00777B,TPEX,息,33.13,33.0,0.135,1.00409153,0.135,0.0,0.0,0.0
2025-09-16,00778B,TPEX,息,34.79,34.65,0.14,1.0040404,0.14,0.0,0.0,0.0
2025-09-16,00779B,TPEX,息,28.45,28.17,0.283,1.01004722,0.283,0.0,0.0,0.0
2025-09-16,00781B,TPEX,息,29.97,29.52,0.45,1.0152439,0.45,0.0,0.0,0.0
2025-09-16,00792B,TPEX,息,32.17,31.75,0.425,1.01338794,0.425,0.0,0.0,0.0
2025-09-16,00793B,TPEX,息,31.06,30.68,0.378,1.01231993,0.378,0.0,0.0,0.0
2025-09-16,00840B,TPEX,息,30.34,30.23,0.11,1.00363877,0.11,0.0,0.0,0.0
2025-09-16,00859B,TPEX,息,40.3,39.69,0.608,1.01531795,0.608,0.0,0.0,0.0
2025-09-16,00862B,TPEX,息,32.25,31.83,0.42,1.0131951,0.42,0.0,0.0,0.0
2025-09-16,00863B,TPEX,息,32.62,32.17,0.45,1.01398819,0.45,0.0,0.0,0.0
2025-09-16,00883B,TPEX,息,30.97,30.85,0.12,1.00388979,0.12,0.0,0.0,0.0
2025-09-16,00890B,TPEX,息,32.72,32.58,0.14,1.00429711,0.14,0.0,0.0,0.0
2025-09-16,00896,TWSE,息,18.47,18.07,0.4,1.02213614,0.4,0.0,0.0,0.0
2025-09-16,00900,TWSE,息,13.57,13.47,0.1,1.0074239,0.1,0.0,0.0,0.0
2025-09-16,00915,TWSE,息,22.72,22.43,0.29,1.01292911,0.29,0.0,0.0,0.0
2025-09-16,00919,TWSE,息,21.79,21.25,0.54,1.02541176,0.54,0.0,0.0,0.0
2025-09-16,00921,TWSE,息,17.74,17.54,0.195,1.01111428,0.195,0.0,0.0,0.0
2025-09-16,00933B,TPEX,息,16.1,16.03,0.072,1.00449214,0.072,0.0,0.0,0.0
2025-09-16,00934,TWSE,息,20.04,19.95,0.088,1.00441059,0.088,0.0,0.0,0.0
2025-09-16,00935,TWSE,息,26.49,25.74,0.75,1.02913753,0.75,0.0,0.0,0.0
2025-09-16,00937B,TPEX,息,15.04,14.97,0.072,1.00481026,0.072,0.0,0.0,0.0
2025-09-16,00943,TWSE,息,14.32,14.25,0.068,1.00477126,0.068,0.0,0.0,0.0
2025-09-16,00944,TWSE,息,14.4,14.34,0.054,1.00376412,0.054,0.0,0.0,0.0
2025-09-16,00945B,TWSE,息,14.08,14.0,0.08,1.00571429,0.08,0.0,0.0,0.0
2025-09-16,00948B,TPEX,息,9.54,9.5,0.042,1.00442198,0.042,0.0,0.0,0.0
2025-09-16,00952,TWSE,息,10.95,10.92,0.03,1.00274725,0.03,0.0,0.0,0.0
2025-09-16,00957B,TPEX,息,13.77,13.7,0.07,1.00510949,0.07,0.0,0.0,0.0
2025-09-16,00961,TWSE,息,9.22,9.17,0.048,1.00523332,0.048,0.0,0.0,0.0
2025-09-16,00962,TWSE,息,10.6,10.57,0.025,1.00236407,0.025,0.0,0.0,0.0
2025-09-16,00963,TWSE,息,10.73,10.67,0.059,1.005529,0.059,0.0,0.0,0.0
2025-09-16,00964,TWSE,息,11.0,10.93,0.063,1.00576026,0.063,0.0,0.0,0.0
2025-09-16,00972,TWSE,息,16.84,16.77,0.07,1.00417412,0.07,0.0,0.0,0.0
2025-09-16,009802,TWSE,息,10.78,10.67,0.106,1.00993067,0.106,0.0,0.0,0.0
2025-09-16,009803,TWSE,息,11.83,11.64,0.19,1.01632302,0.19,0.0,0.0,0.0
2025-09-16,00982B,TPEX,息,9.98,9.93,0.048,1.00483286,0.048,0.0,0.0,0.0
2025-09-16,2330,TWSE,息,1255.0,1249.99,5.000017,1.00400001,5.000017,0.0,0.0,0.0
2025-09-16,5306,TWSE,息,88.8,87.78,1.01489,1.01156107,1.01489,0.0,0.0,0.0
2025-09-16,6931,TWSE,息,51.0,50.88,0.12,1.00235849,0.12,0.0,0.0,0.0
2025-09-16,8104,TWSE,權息,40.1,38.69,1.409467,1.03644353,0.1,0.01,0.10341783535,32.0
2025-09-17,00710B,TWSE,息,18.67,18.35,0.32,1.01743869,0.32,0.0,0.0,0.0
2025-09-17,00711B,TWSE,息,15.9,15.71,0.19,1.01209421,0.19,0.0,0.0,0.0
2025-09-17,00712,TWSE,息,9.18,8.99,0.19,1.02113459,0.19,0.0,0.0,0.0
2025-09-17,00853B,TPEX,息,28.08,27.74,0.337,1.01214721,0.337,0.0,0.0,0.0
2025-09-17,00929,TWSE,息,18.39,18.31,0.08,1.0043692,0.08,0.0,0.0,0.0
2025-09-17,2374,TWSE,權息,107.0,95.01,11.98181,1.12610388,0.598981,0.1198,0.0,0.0
2025-09-17,2488,TWSE,息,49.6,46.4,3.2,1.06896552,3.2,0.0,0.0,0.0
2025-09-17,3002,TWSE,息,17.1,16.4,0.697816,1.04254409,0.697816,0.0,0.0,0.0
2025-09-17,8349,TPEX,權,50.4,45.82,4.576401,1.09986995,0.0,0.09986995475,0.0,0.0
2025-09-18,00728,TWSE,息,33.62,33.29,0.324,1.0097309,0.324,0.0,0.0,0.0
2025-09-18,00918,TWSE,息,22.93,22.41,0.52,1.02320393,0.52,0.0,0.0,0.0
2025-09-18,00981B,TPEX,息,9.18,9.11,0.069,1.00757326,0.069,0.0,0.0,0.0
2025-09-18,2706,TWSE,息,13.75,13.4,0.35,1.0261194,0.35,0.0,0.0,0.0
2025-09-18,2743,TPEX,權息,114.0,86.15,27.846154,1.32321429,2.0,0.3,0.0,0.0
2025-09-18,4716,TPEX,權息,15.15,14.17,0.979384,1.06911372,0.2,0.05500000525,0.0,0.0
2025-09-18,5498,TPEX,息,18.8,18.65,0.149352,1.00800787,0.14935198,0.0,0.0,0.0
2025-09-18,6757,TWSE,息,87.7,81.65,6.05,1.07409675,6.05,0.0,0.0,0.0
2025-09-18,8107,TPEX,息,17.0,16.0,1.0,1.0625,1.0,0.0,0.0,0.0
2025-09-19,00697B,TPEX,息,34.95,34.66,0.29,1.00836699,0.29,0.0,0.0,0.0
2025-09-19,00713,TWSE,息,51.85,51.07,0.78,1.01527315,0.78,0.0,0.0,0.0
2025-09-19,00751B,TPEX,息,32.34,31.93,0.41,1.01284059,0.41,0.0,0.0,0.0
2025-09-19,00787B,TPEX,息,32.32,31.9,0.42,1.01316614,0.42,0.0,0.0,0.0
2025-09-19,00967B,TPEX,息,9.09,9.06,0.033,1.00364359,0.033,0.0,0.0,0.0
2025-09-19,00968B,TPEX,息,9.31,9.27,0.043,1.00464012,0.043,0.0,0.0,0.0
2025-09-19,1528,TWSE,息,16.2,16.1,0.1,1.00621118,0.1,0.0,0.0,0.0
2025-09-19,5512,TPEX,息,8.87,8.69,0.18,1.02071346,0.18,0.0,0.0,0.0
2025-09-22,00836B,TPEX,息,28.99,28.55,0.443,1.01551827,0.443,0.0,0.0,0.0
2025-09-22,00856B,TPEX,息,36.55,36.05,0.5,1.01386963,0.5,0.0,0.0,0.0
2025-09-22,00857B,TPEX,息,23.08,22.82,0.26,1.01139351,0.26,0.0,0.0,0.0
2025-09-22,00930,TWSE,息,17.65,17.53,0.118,1.00673055,0.118,0.0,0.0,0.0
2025-09-22,00958B,TPEX,息,9.2,9.15,0.049,1.00535461,0.049,0.0,0.0,0.0
2025-09-22,8099,TPEX,權息,83.5,73.19,10.314159,1.14093108,0.8,0.13,0.0,0.0
2025-09-23,1590,TWSE,息,782.0,762.45,19.54836,1.02563882,19.54836,0.0,0.0,0.0
2025-09-23,1599,TPEX,息,30.15,29.64,0.506942,1.01710153,0.50694167,0.0,0.0,0.0
2025-09-23,3178,TPEX,息,61.0,60.5,0.5,1.00826446,0.5,0.0,0.0,0.0
2025-09-23,4912,TWSE,息,78.7,78.52,0.177,1.00225412,0.177,0.0,0.0,0.0
2025-09-24,1225,TWSE,權息,31.65,29.86,1.782702,1.0596874,0.14,0.055,0.0,0.0
2025-09-24,4109,TPEX,息,16.9,16.4,0.5,1.0304878,0.5,0.0,0.0,0.0
2025-09-24,4168,TPEX,權,24.95,24.87,0.076652,1.00321673,0.0,0.0,0.01817829523,21.5
2025-09-24,5213,TPEX,權,26.05,25.45,0.604476,1.02375571,0.0,0.02375570516,0.0,0.0
2025-09-25,1808,TWSE,息,30.85,28.85,2.0,1.06932409,2.0,0.0,0.0,0.0
2025-09-25,2109,TWSE,息,16.35,15.85,0.5,1.03154574,0.5,0.0,0.0,0.0
2025-09-25,2458,TWSE,息,131.0,128.35,2.644548,1.02060332,2.644548,0.0,0.0,0.0
2025-09-25,2542,TWSE,權息,44.75,40.71,4.035715,1.09912281,2.0,0.05,0.0,0.0
2025-09-25,2881,TWSE,權,89.0,86.82,2.170731,1.025,0.0,0.025,0.0,0.0
2025-09-25,6593,TPEX,息,47.65,47.2,0.447417,1.00947865,0.4474169,0.0,0.0,0.0
2025-09-25,8906,TPEX,息,35.05,34.95,0.1,1.00286123,0.1,0.0,0.0,0.0
2025-09-26,3021,TWSE,息,18.45,18.14,0.303161,1.01670599,0.303161,0.0,0.0,0.0
2025-09-26,4441,TWSE,息,276.0,266.85,9.149,1.03428505,9.149,0.0,0.0,0.0
2025-09-26,7631,TWSE,息,144.0,143.35,0.65,1.00453436,0.65,0.0,0.0,0.0
2025-09-30,2540,TWSE,權息,79.5,56.07,23.428572,1.41783439,1.0,0.4,0.0,0.0
2025-09-30,3312,TWSE,權,42.1,41.84,0.25188,1.00621415,0.0,0.0,0.09838475899,39.8
2025-10-01,3289,TPEX,權,120.0,117.22,2.776256,1.02371609,0.0,0.0,0.1289501545999999,100.0
2025-10-02,00939,TWSE,息,14.1,14.02,0.072,1.00513259,0.072,0.0,0.0,0.0
2025-10-02,00950B,TPEX,息,14.07,14.01,0.065,1.0046412,0.065,0.0,0.0,0.0
2025-10-02,00959B,TPEX,息,9.48,9.44,0.045,1.00476948,0.045,0.0,0.0,0.0
2025-10-02,00966B,TPEX,息,14.02,13.96,0.065,1.00465783,0.065,0.0,0.0,0.0
2025-10-02,01004T,TWSE,息,11.43,11.22,0.207121,1.01845525,0.207121,0.0,0.0,0.0
2025-10-02,3332,TPEX,息,54.7,53.6,1.1,1.02052239,1.1,0.0,0.0,0.0
2025-10-02,4967,TWSE,息,89.0,86.0,3.0,1.03488372,3.0,0.0,0.0,0.0
2025-10-02,6523,TPEX,息,124.5,122.5,2.0,1.01632653,2.0,0.0,0.0,0.0
2025-10-03,020035,TPEX,息,8.83,8.5,0.333,1.0391903,0.333,0.0,0.0,0.0
2025-10-03,1784,TPEX,息,82.7,81.28,1.416294,1.01742409,1.41629441,0.0,0.0,0.0
2025-10-03,3356,TWSE,息,52.8,48.8,4.0,1.08196721,4.0,0.0,0.0,0.0
2025-10-03,4123,TPEX,權息,38.5,35.92,2.581219,1.07186266,0.76039306,0.05069287189,0.0,0.0
2025-10-03,4160,TPEX,息,56.5,54.65,1.847334,1.03380135,1.84733387,0.0,0.0,0.0
2025-10-03,5201,TPEX,權,53.5,49.05,4.447363,1.09072375,0.0,0.0,0.19560157264,32.0
2025-10-07,00946,TWSE,息,10.26,10.2,0.058,1.00568516,0.058,0.0,0.0,0.0
2025-10-07,00953B,TWSE,息,9.53,9.46,0.061,1.00644207,0.061,0.0,0.0,0.0
2025-10-07,00970B,TPEX,息,9.46,9.42,0.042,1.00445955,0.042,0.0,0.0,0.0
2025-10-07,1256,TWSE,權,174.0,172.43,1.564625,1.00910514,0.0,0.0,0.05132651107,145.0
2025-10-07,3004,TWSE,權,140.0,134.37,5.627845,1.04189923,0.0,0.0,0.10720477747,95.0
2025-10-07,3701,TWSE,息,39.6,39.4,0.2,1.00507614,0.2,0.0,0.0,0.0
2025-10-07,6533,TWSE,權,299.0,295.76,3.234449,1.01095483,0.0,0.0,0.0789719260899999,263.0
2025-10-07,6776,TWSE,權,52.5,51.89,0.600559,1.01175564,0.0,0.0,0.0919325999999999,47.0
2025-10-08,00940,TWSE,息,9.54,9.5,0.04,1.00421053,0.04,0.0,0.0,0.0
2025-10-08,1235,TWSE,權息,67.6,55.91,11.683333,1.20894188,0.5,0.2,0.0,0.0
2025-10-09,1586,TPEX,息,27.05,26.75,0.3,1.01121495,0.3,0.0,0.0,0.0
2025-10-13,1449,TWSE,權,12.5,12.1,0.395378,1.0327,0.0,0.0327,0.0,0.0
2025-10-14,6590,TPEX,權,83.8,72.87,10.93131,1.15001381,0.0,0.15001380768,0.0,0.0
2025-10-16,01010T,TWSE,權,10.01,10.0,0.002817,1.001,0.0,0.0,0.39199840788,10.0
2025-10-16,1463,TWSE,息,21.75,19.65,2.1,1.10687023,2.1,0.0,0.0,0.0
2025-10-17,00734B,TPEX,息,15.73,15.57,0.16,1.01027617,0.16,0.0,0.0,0.0
2025-10-17,00842B,TPEX,息,32.38,31.78,0.6,1.0188798,0.6,0.0,0.0,0.0
2025-10-17,00851,TWSE,息,56.0,54.3,1.7,1.03130755,1.7,0.0,0.0,0.0
2025-10-17,00936,TWSE,息,15.74,15.68,0.055,1.00350653,0.055,0.0,0.0,0.0
2025-10-17,00942B,TPEX,息,14.68,14.63,0.054,1.00369206,0.054,0.0,0.0,0.0
2025-10-17,00947,TWSE,息,16.09,16.01,0.08,1.00499688,0.08,0.0,0.0,0.0
2025-10-17,00962,TWSE,息,11.06,11.03,0.025,1.00226552,0.025,0.0,0.0,0.0
2025-10-17,00980B,TPEX,息,9.68,9.63,0.047,1.00487906,0.047,0.0,0.0,0.0
2025-10-17,2236,TWSE,權,92.0,91.59,0.402985,1.00447647,0.0,0.0,0.08402473868,88.0
2025-10-20,00694B,TPEX,息,40.74,40.48,0.256,1.00632349,0.256,0.0,0.0,0.0
2025-10-20,00695B,TPEX,息,35.34,35.08,0.262,1.00746907,0.262,0.0,0.0,0.0
2025-10-20,00696B,TPEX,息,30.18,29.9,0.277,1.00926328,0.277,0.0,0.0,0.0
2025-10-20,00714,TWSE,息,20.05,19.92,0.123,1.00617253,0.123,0.0,0.0,0.0
2025-10-20,00717,TWSE,息,14.84,14.69,0.141,1.00959249,0.141,0.0,0.0,0.0
2025-10-20,00722B,TPEX,息,37.58,37.07,0.515,1.01389451,0.515,0.0,0.0,0.0
2025-10-20,00723B,TPEX,息,32.65,32.22,0.433,1.01344011,0.433,0.0,0.0,0.0
2025-10-20,00724B,TPEX,息,34.67,34.21,0.461,1.01347599,0.461,0.0,0.0,0.0
2025-10-20,00725B,TPEX,息,36.34,35.81,0.534,1.0149137,0.534,0.0,0.0,0.0
2025-10-20,00727B,TPEX,息,39.29,38.72,0.57,1.01472107,0.57,0.0,0.0,0.0
2025-10-20,00730,TWSE,息,23.81,23.7,0.11,1.00464135,0.11,0.0,0.0,0.0
2025-10-20,00733,TWSE,息,48.3,47.23,1.063,1.02250355,1.063,0.0,0.0,0.0
2025-10-20,00740B,TPEX,息,39.6,39.43,0.175,1.00443881,0.175,0.0,0.0,0.0
2025-10-20,00741B,TPEX,息,36.97,36.77,0.199,1.00541187,0.199,0.0,0.0,0.0
2025-10-20,00746B,TPEX,息,36.4,35.98,0.42,1.01167315,0.42,0.0,0.0,0.0
2025-10-20,00749B,TPEX,息,32.0,31.6,0.4,1.01265823,0.4,0.0,0.0,0.0
2025-10-20,00750B,TPEX,息,34.64,34.26,0.38,1.01109165,0.38,0.0,0.0,0.0
2025-10-20,00772B,TPEX,息,34.56,34.43,0.132,1.00383409,0.132,0.0,0.0,0.0
2025-10-20,00773B,TPEX,息,36.55,36.41,0.138,1.00378996,0.138,0.0,0.0,0.0
2025-10-20,00777B,TPEX,息,33.75,33.62,0.135,1.00401606,0.135,0.0,0.0,0.0
2025-10-20,00778B,TPEX,息,35.5,35.36,0.14,1.00395928,0.14,0.0,0.0,0.0
2025-10-20,00782B,TPEX,息,31.84,31.34,0.5,1.01595405,0.5,0.0,0.0,0.0
2025-10-20,00785B,TPEX,息,35.74,35.33,0.415,1.01174805,0.415,0.0,0.0,0.0
2025-10-20,00840B,TPEX,息,31.05,30.94,0.11,1.00355527,0.11,0.0,0.0,0.0
2025-10-20,00848B,TPEX,息,34.7,34.3,0.4,1.01166181,0.4,0.0,0.0,0.0
2025-10-20,00849B,TPEX,息,36.52,36.22,0.3,1.00828272,0.3,0.0,0.0,0.0
2025-10-20,00883B,TPEX,息,31.62,31.5,0.12,1.00380952,0.12,0.0,0.0,0.0
2025-10-20,00884B,TPEX,息,30.41,30.01,0.4,1.01332889,0.4,0.0,0.0,0.0
2025-10-20,00890B,TPEX,息,33.36,33.22,0.14,1.00421433,0.14,0.0,0.0,0.0
2025-10-20,00900,TWSE,息,13.63,13.53,0.1,1.00739098,0.1,0.0,0.0,0.0
2025-10-20,00905,TWSE,息,16.74,16.49,0.25,1.0151607,0.25,0.0,0.0,0.0
2025-10-20,00908,TWSE,息,13.49,13.36,0.121,1.00905079,0.121,0.0,0.0,0.0
2025-10-20,00912,TWSE,息,20.92,20.62,0.3,1.01454898,0.3,0.0,0.0,0.0
2025-10-20,00922,TWSE,息,25.94,24.69,1.25,1.05062778,1.25,0.0,0.0,0.0
2025-10-20,00927,TWSE,息,20.47,20.25,0.22,1.0108642,0.22,0.0,0.0,0.0
2025-10-20,00933B,TPEX,息,16.39,16.32,0.072,1.00441231,0.072,0.0,0.0,0.0
2025-10-20,00934,TWSE,息,20.22,20.12,0.098,1.00487029,0.098,0.0,0.0,0.0
2025-10-20,00937B,TPEX,息,15.35,15.28,0.072,1.00471266,0.072,0.0,0.0,0.0
2025-10-20,00943,TWSE,息,14.85,14.78,0.069,1.00466816,0.069,0.0,0.0,0.0
2025-10-20,00944,TWSE,息,14.23,14.17,0.054,1.00380926,0.054,0.0,0.0,0.0
2025-10-20,00945B,TWSE,息,14.2,14.11,0.082,1.00580819,0.082,0.0,0.0,0.0
2025-10-20,00948B,TPEX,息,9.71,9.67,0.042,1.00434423,0.042,0.0,0.0,0.0
2025-10-20,00952,TWSE,息,11.37,11.34,0.03,1.0026455,0.03,0.0,0.0,0.0
2025-10-20,00956,TWSE,息,10.32,10.16,0.16,1.01574803,0.16,0.0,0.0,0.0
2025-10-20,00957B,TPEX,息,14.05,13.98,0.072,1.00515095,0.072,0.0,0.0,0.0
2025-10-20,00960,TWSE,息,13.68,13.47,0.205,1.01521336,0.205,0.0,0.0,0.0
2025-10-20,00961,TWSE,息,9.48,9.44,0.031,1.00328077,0.031,0.0,0.0,0.0
2025-10-20,00963,TWSE,息,10.6,10.54,0.059,1.00559719,0.059,0.0,0.0,0.0
2025-10-20,00964,TWSE,息,10.94,10.87,0.065,1.00597701,0.065,0.0,0.0,0.0
2025-10-20,00982B,TPEX,息,10.14,10.09,0.048,1.00475624,0.048,0.0,0.0,0.0
2025-10-20,00984A,TWSE,息,10.6,10.39,0.21,1.02021174,0.21,0.0,0.0,0.0
2025-10-20,2465,TWSE,權,75.3,72.07,3.225256,1.04481754,0.0,0.0,0.08934311617,45.0
2025-10-21,00789B,TPEX,息,50.0,49.41,0.59,1.0119409,0.59,0.0,0.0,0.0
2025-10-21,00791B,TPEX,息,55.6,55.03,0.57,1.01035799,0.57,0.0,0.0,0.0
2025-10-21,00929,TWSE,息,18.62,18.54,0.08,1.00431499,0.08,0.0,0.0,0.0
2025-10-21,00931B,TPEX,息,13.89,13.75,0.143,1.01040227,0.143,0.0,0.0,0.0
2025-10-21,00980D,TPEX,息,20.86,20.75,0.114,1.00549504,0.114,0.0,0.0,0.0
2025-10-21,6655,TWSE,息,116.5,115.3,1.2,1.01040763,1.2,0.0,0.0,0.0
2025-10-22,00904,TWSE,息,21.9,21.25,0.65,1.03058824,0.65,0.0,0.0,0.0
2025-10-22,00981B,TPEX,息,9.22,9.15,0.069,1.00754016,0.069,0.0,0.0,0.0
2025-10-22,1589,TWSE,權,22.35,21.78,0.568123,1.0261708,0.0,0.0,0.13520015605,18.0
2025-10-22,6499,TPEX,權,122.5,120.92,1.575637,1.01306649,0.0,0.0,0.0382134976299999,90.0
2025-10-22,8936,TPEX,息,56.6,54.6,2.0,1.03663004,2.0,0.0,0.0,0.0
2025-10-23,0056,TWSE,息,37.75,36.88,0.866,1.02347902,0.866,0.0,0.0,0.0
2025-10-23,006204,TWSE,息,142.1,138.84,3.259,1.02347289,3.259,0.0,0.0,0.0
2025-10-23,00719B,TPEX,息,30.57,30.28,0.29,1.00957728,0.29,0.0,0.0,0.0
2025-10-23,00720B,TPEX,息,34.47,34.01,0.46,1.01352543,0.46,0.0,0.0,0.0
2025-10-23,00739,TWSE,息,26.22,25.32,0.9,1.03554502,0.9,0.0,0.0,0.0
2025-10-23,00788B,TPEX,息,30.8,30.42,0.38,1.01249178,0.38,0.0,0.0,0.0
2025-10-23,00834B,TPEX,息,35.0,34.62,0.381,1.01100552,0.381,0.0,0.0,0.0
2025-10-23,00870B,TPEX,息,29.55,29.19,0.36,1.01233299,0.36,0.0,0.0,0.0
2025-10-23,00888,TPEX,息,20.21,19.71,0.5,1.02536783,0.5,0.0,0.0,0.0
2025-10-23,00907,TWSE,息,15.74,15.6,0.136,1.00871571,0.136,0.0,0.0,0.0
2025-10-23,00958B,TPEX,息,9.5,9.48,0.021,1.00221542,0.021,0.0,0.0,0.0
2025-10-23,00967B,TPEX,息,9.39,9.36,0.033,1.00352677,0.033,0.0,0.0,0.0
2025-10-23,00968B,TPEX,息,9.51,9.47,0.043,1.00454209,0.043,0.0,0.0,0.0
2025-10-23,2543,TWSE,息,71.7,71.2,0.5,1.00702247,0.5,0.0,0.0,0.0
2025-10-27,2489,TWSE,息,15.6,15.1,0.5,1.03311258,0.5,0.0,0.0,0.0
2025-10-27,3550,TWSE,權,14.9,14.36,0.539285,1.03760446,0.0,0.0,0.18275271273,12.0
2025-10-28,2812,TWSE,權,21.9,21.85,0.049821,1.00228833,0.0,0.0,0.01266544037,18.9
2025-10-28,4552,TWSE,息,23.2,22.2,1.0,1.04504505,1.0,0.0,0.0,0.0
2025-10-28,5314,TPEX,息,124.5,124.23,0.274366,1.00220861,0.27436643,0.0,0.0,0.0
2025-10-29,00726B,TPEX,息,33.51,33.01,0.5,1.01514693,0.5,0.0,0.0,0.0
2025-10-30,2756,TPEX,息,91.9,90.6,1.3,1.01434879,1.3,0.0,0.0,0.0
2025-10-31,2947,TPEX,息,86.5,85.5,1.0,1.01169591,1.0,0.0,0.0,0.0
2025-10-31,5283,TWSE,權息,73.9,61.16,12.733334,1.20817439,0.5,0.2,0.0,0.0
2025-10-31,6221,TPEX,權,50.5,37.41,13.092593,1.35,0.0,0.349999998,0.0,0.0
2025-11-03,00939,TWSE,息,14.58,14.5,0.072,1.00496278,0.072,0.0,0.0,0.0
2025-11-03,00950B,TPEX,息,14.26,14.19,0.066,1.00464985,0.066,0.0,0.0,0.0
2025-11-03,00959B,TPEX,息,9.54,9.5,0.045,1.00473934,0.045,0.0,0.0,0.0
2025-11-03,00966B,TPEX,息,14.15,14.09,0.065,1.00461484,0.065,0.0,0.0,0.0
2025-11-03,2066,TPEX,息,66.3,63.28,3.017067,1.04767584,3.01706674,0.0,0.0,0.0
2025-11-04,3563,TWSE,權息,543.0,492.72,50.272732,1.10202952,1.0,0.1,0.0,0.0
2025-11-05,00946,TWSE,息,10.43,10.37,0.058,1.00559198,0.058,0.0,0.0,0.0
2025-11-05,00953B,TWSE,息,9.59,9.52,0.061,1.00640151,0.061,0.0,0.0,0.0
2025-11-05,00970B,TPEX,息,9.41,9.37,0.042,1.00448335,0.042,0.0,0.0,0.0
2025-11-05,00985B,TWSE,息,10.14,10.09,0.048,1.00475624,0.048,0.0,0.0,0.0
2025-11-05,020036,TWSE,息,7.24,6.91,0.328,1.0474537,0.328,0.0,0.0,0.0
2025-11-06,00940,TWSE,息,9.61,9.57,0.04,1.00417973,0.04,0.0,0.0,0.0
2025-11-06,3289,TPEX,息,111.0,109.97,1.033255,1.00939607,1.03325511,0.0,0.0,0.0
2025-11-10,2515,TWSE,權,17.0,16.18,0.814149,1.0503,0.0,0.0503,0.0,0.0
2025-11-10,5011,TPEX,息,11.05,10.85,0.199992,1.0184324,0.19999169,0.0,0.0,0.0
2025-11-14,3037,TWSE,權,178.5,176.67,1.824702,1.0103583,0.0,0.0,0.02255491341,116.0
2025-11-17,00936,TWSE,息,15.82,15.76,0.055,1.00348874,0.055,0.0,0.0,0.0
2025-11-17,00942B,TPEX,息,14.5,14.44,0.056,1.00387704,0.056,0.0,0.0,0.0
2025-11-17,00951,TWSE,息,11.04,10.88,0.16,1.01470588,0.16,0.0,0.0,0.0
2025-11-17,00962,TWSE,息,11.02,10.99,0.025,1.00227376,0.025,0.0,0.0,0.0
2025-11-17,00980B,TPEX,息,9.55,9.5,0.047,1.00494581,0.047,0.0,0.0,0.0
2025-11-17,6464,TWSE,權,75.1,72.9,2.19757,1.0301,0.0,0.0301,0.0,0.0
2025-11-18,006208,TWSE,息,144.8,141.35,3.448,1.024393,3.448,0.0,0.0,0.0
2025-11-18,00690,TWSE,息,43.06,42.17,0.89,1.02110505,0.89,0.0,0.0,0.0
2025-11-18,00692,TWSE,息,55.85,54.59,1.252,1.02293124,1.252,0.0,0.0,0.0
2025-11-18,00730,TWSE,息,22.21,22.1,0.11,1.00497738,0.11,0.0,0.0,0.0
2025-11-18,00740B,TPEX,息,38.81,38.64,0.167,1.00432161,0.167,0.0,0.0,0.0
2025-11-18,00741B,TPEX,息,37.26,37.06,0.199,1.00536953,0.199,0.0,0.0,0.0
2025-11-18,00754B,TPEX,息,34.38,33.97,0.412,1.01212906,0.412,0.0,0.0,0.0
2025-11-18,00755B,TPEX,息,33.11,32.67,0.442,1.01353006,0.442,0.0,0.0,0.0
2025-11-18,00756B,TPEX,息,32.43,31.96,0.468,1.01464239,0.468,0.0,0.0,0.0
2025-11-18,00761B,TPEX,息,34.95,34.54,0.408,1.01181171,0.408,0.0,0.0,0.0
2025-11-18,00772B,TPEX,息,33.9,33.77,0.132,1.00390903,0.132,0.0,0.0,0.0
2025-11-18,00773B,TPEX,息,36.27,36.13,0.138,1.00381933,0.138,0.0,0.0,0.0
2025-11-18,00777B,TPEX,息,33.02,32.89,0.135,1.00410522,0.135,0.0,0.0,0.0
2025-11-18,00778B,TPEX,息,35.0,34.86,0.14,1.00401606,0.14,0.0,0.0,0.0
2025-11-18,00780B,TPEX,息,37.79,37.32,0.47,1.01259378,0.47,0.0,0.0,0.0
2025-11-18,00795B,TPEX,息,27.61,27.29,0.32,1.01172591,0.32,0.0,0.0,0.0
2025-11-18,00799B,TPEX,息,30.52,29.97,0.55,1.01835169,0.55,0.0,0.0,0.0
2025-11-18,00840B,TPEX,息,30.35,30.23,0.12,1.00396957,0.12,0.0,0.0,0.0
2025-11-18,00841B,TPEX,息,29.89,29.55,0.34,1.01150592,0.34,0.0,0.0,0.0
2025-11-18,00845B,TPEX,息,33.82,33.45,0.373,1.01115197,0.373,0.0,0.0,0.0
2025-11-18,00846B,TPEX,息,36.26,35.82,0.442,1.01234016,0.442,0.0,0.0,0.0
2025-11-18,00847B,TPEX,息,26.23,25.88,0.35,1.01352396,0.35,0.0,0.0,0.0
2025-11-18,00860B,TPEX,息,37.95,37.53,0.422,1.01124494,0.422,0.0,0.0,0.0
2025-11-18,00864B,TPEX,息,45.96,45.4,0.56,1.0123348,0.56,0.0,0.0,0.0
2025-11-18,00878,TWSE,息,21.11,20.71,0.4,1.01931434,0.4,0.0,0.0,0.0
2025-11-18,00883B,TPEX,息,30.69,30.57,0.12,1.00392542,0.12,0.0,0.0,0.0
2025-11-18,00890B,TPEX,息,32.46,32.32,0.14,1.00433168,0.14,0.0,0.0,0.0
2025-11-18,00891,TWSE,息,19.1,18.5,0.6,1.03243243,0.6,0.0,0.0,0.0
2025-11-18,00892,TWSE,息,20.65,20.37,0.276,1.01354668,0.276,0.0,0.0,0.0
2025-11-18,00894,TWSE,息,26.59,26.19,0.4,1.015273,0.4,0.0,0.0,0.0
2025-11-18,00900,TWSE,息,13.43,13.33,0.1,1.00750188,0.1,0.0,0.0,0.0
2025-11-18,00932,TWSE,息,14.33,14.13,0.2,1.01415428,0.2,0.0,0.0,0.0
2025-11-18,00933B,TPEX,息,16.24,16.17,0.072,1.00445324,0.072,0.0,0.0,0.0
2025-11-18,00934,TWSE,息,20.63,20.5,0.13,1.00634146,0.13,0.0,0.0,0.0
2025-11-18,00937B,TPEX,息,14.94,14.87,0.072,1.00484262,0.072,0.0,0.0,0.0
2025-11-18,00938,TWSE,息,16.57,16.39,0.18,1.01098231,0.18,0.0,0.0,0.0
2025-11-18,00943,TWSE,息,14.51,14.44,0.07,1.00484765,0.07,0.0,0.0,0.0
2025-11-18,00944,TWSE,息,14.06,14.0,0.054,1.00385549,0.054,0.0,0.0,0.0
2025-11-18,00945B,TWSE,息,14.35,14.26,0.083,1.00581762,0.083,0.0,0.0,0.0
2025-11-18,00948B,TPEX,息,9.48,9.44,0.042,1.0044501,0.042,0.0,0.0,0.0
2025-11-18,00952,TWSE,息,11.72,11.69,0.03,1.0025663,0.03,0.0,0.0,0.0
2025-11-18,00957B,TPEX,息,13.74,13.67,0.072,1.00526778,0.072,0.0,0.0,0.0
2025-11-18,00961,TWSE,息,9.66,9.64,0.02,1.00207469,0.02,0.0,0.0,0.0
2025-11-18,00963,TWSE,息,11.01,10.97,0.04,1.00364631,0.04,0.0,0.0,0.0
2025-11-18,00964,TWSE,息,11.65,11.57,0.08,1.00691443,0.08,0.0,0.0,0.0
2025-11-18,00980A,TWSE,息,14.62,14.29,0.328,1.0229499,0.328,0.0,0.0,0.0
2025-11-18,00982A,TWSE,息,14.09,13.75,0.334,1.02428031,0.334,0.0,0.0,0.0
2025-11-18,00982B,TPEX,息,9.9,9.85,0.048,1.00487211,0.048,0.0,0.0,0.0
2025-11-19,00731,TWSE,息,66.2,65.54,0.652,1.00994691,0.652,0.0,0.0,0.0
2025-11-19,00758B,TPEX,息,51.45,50.87,0.58,1.01140161,0.58,0.0,0.0,0.0
2025-11-19,00759B,TPEX,息,55.4,54.8,0.6,1.01094891,0.6,0.0,0.0,0.0
2025-11-19,00760B,TPEX,息,55.7,54.99,0.71,1.01291144,0.71,0.0,0.0,0.0
2025-11-19,00768B,TPEX,息,53.25,52.01,1.24,1.02384157,1.24,0.0,0.0,0.0
2025-11-19,00929,TWSE,息,17.53,17.44,0.09,1.00516055,0.09,0.0,0.0,0.0
2025-11-19,00980D,TPEX,息,20.85,20.74,0.114,1.00549769,0.114,0.0,0.0,0.0
2025-11-20,00775B,TWSE,息,32.59,32.22,0.37,1.01148355,0.37,0.0,0.0,0.0
2025-11-20,00844B,TPEX,息,32.24,31.92,0.32,1.01002506,0.32,0.0,0.0,0.0
2025-11-20,00867B,TPEX,息,31.7,31.33,0.37,1.01180977,0.37,0.0,0.0,0.0
2025-11-20,009808,TWSE,息,18.59,18.18,0.41,1.02255226,0.41,0.0,0.0,0.0
2025-11-20,00981B,TPEX,息,9.24,9.17,0.069,1.00752372,0.069,0.0,0.0,0.0
2025-11-20,01007T,TWSE,息,13.67,13.44,0.22601,1.01681123,0.22601,0.0,0.0,0.0
2025-11-21,0051,TWSE,息,91.1,88.1,3.0,1.03405221,3.0,0.0,0.0,0.0
2025-11-21,0053,TWSE,息,136.55,133.55,3.0,1.0224635,3.0,0.0,0.0,0.0
2025-11-21,0055,TWSE,息,30.63,29.38,1.25,1.04254595,1.25,0.0,0.0,0.0
2025-11-21,006201,TPEX,息,23.89,23.12,0.77,1.0333045,0.77,0.0,0.0,0.0
2025-11-21,00679B,TPEX,息,27.51,27.23,0.28,1.01028278,0.28,0.0,0.0,0.0
2025-11-21,00771,TWSE,息,16.19,15.98,0.21,1.01314143,0.21,0.0,0.0,0.0
2025-11-21,00786B,TPEX,息,33.09,32.71,0.38,1.01161724,0.38,0.0,0.0,0.0
2025-11-21,00850,TWSE,息,53.45,52.75,0.7,1.01327014,0.7,0.0,0.0,0.0
2025-11-21,00967B,TPEX,息,9.28,9.25,0.033,1.00356872,0.033,0.0,0.0,0.0
2025-11-21,00968B,TPEX,息,9.34,9.3,0.043,1.00462515,0.043,0.0,0.0,0.0
2025-11-24,7780,TWSE,息,181.0,180.15,0.847863,1.00470637,0.847863,0.0,0.0,0.0
2025-11-25,00901,TWSE,息,26.26,23.66,2.6,1.10989011,2.6,0.0,0.0,0.0
2025-11-25,00930,TWSE,息,16.92,16.79,0.129,1.00768269,0.129,0.0,0.0,0.0
2025-11-25,00958B,TPEX,息,9.52,9.47,0.046,1.00485539,0.046,0.0,0.0,0.0
2025-11-25,5263,TPEX,權,92.0,91.67,0.326004,1.00359987,0.0,0.0,0.03907748248,85.0
2025-11-26,2726,TPEX,權,16.95,15.96,0.994964,1.06203008,0.0,0.0,0.28891487437,13.2
2025-11-27,1815,TPEX,權,77.1,75.96,1.139852,1.0150079,0.0,0.0,0.09155303927,66.0
2025-11-27,2762,TWSE,息,80.6,79.66,0.932591,1.01170605,0.932591,0.0,0.0,0.0
2025-12-02,00939,TWSE,息,13.91,13.83,0.072,1.00520306,0.072,0.0,0.0,0.0
2025-12-02,4735,TPEX,息,34.3,33.6,0.7,1.02083333,0.7,0.0,0.0,0.0
2025-12-03,00946,TWSE,息,9.85,9.79,0.058,1.0059232,0.058,0.0,0.0,0.0
2025-12-03,00950B,TPEX,息,14.47,14.41,0.063,1.00437287,0.063,0.0,0.0,0.0
2025-12-03,00953B,TWSE,息,9.76,9.69,0.061,1.00628931,0.061,0.0,0.0,0.0
2025-12-03,00966B,TPEX,息,14.28,14.22,0.065,1.00457263,0.065,0.0,0.0,0.0
2025-12-03,00985B,TWSE,息,10.32,10.27,0.048,1.0046729,0.048,0.0,0.0,0.0
2025-12-03,020038,TWSE,息,7.88,7.35,0.523,1.07108876,0.523,0.0,0.0,0.0
2025-12-03,2718,TPEX,息,57.2,55.7,1.5,1.02692998,1.5,0.0,0.0,0.0
2025-12-03,3135,TWSE,息,59.0,57.67,1.322667,1.02293218,1.322667,0.0,0.0,0.0
2025-12-03,4714,TPEX,息,16.5,16.3,0.19955,1.01224197,0.19954966,0.0,0.0,0.0
2025-12-04,00959B,TPEX,息,9.6,9.56,0.045,1.00470958,0.045,0.0,0.0,0.0
2025-12-04,3004,TWSE,權,100.5,97.94,2.552496,1.02613845,0.0,0.0,0.10666504535,80.0
2025-12-04,6523,TPEX,息,126.0,122.0,4.0,1.03278689,4.0,0.0,0.0,0.0
2025-12-04,8431,TPEX,權,48.45,43.95,4.497754,1.10233273,0.0,0.10233273481,0.0,0.0
2025-12-05,00970B,TPEX,息,9.56,9.52,0.042,1.00441269,0.042,0.0,0.0,0.0
2025-12-05,3321,TWSE,權,23.0,18.97,4.023747,1.2124407,0.0,0.0,0.49704625555,12.5
2025-12-09,2530,TWSE,息,28.55,27.8,0.748869,1.02693664,0.748869,0.0,0.0,0.0
2025-12-09,3715,TWSE,權,117.0,116.75,0.24967,1.00214133,0.0,0.0,0.01699831483,105.0
2025-12-09,6277,TWSE,息,64.9,63.9,1.0,1.01564945,1.0,0.0,0.0,0.0
2025-12-10,00940,TWSE,息,9.26,9.21,0.045,1.00488334,0.045,0.0,0.0,0.0
2025-12-10,2236,TWSE,權息,116.0,112.21,3.788172,1.03376235,0.309967,0.031,0.0,0.0
2025-12-10,6949,TWSE,權,352.0,348.11,3.889036,1.01117463,0.0,0.0,0.07653380115,310.0
2025-12-11,2330,TWSE,息,1505.0,1499.99,5.000011,1.00333334,5.000011,0.0,0.0,0.0
2025-12-11,3680,TPEX,息,342.0,340.1,1.9,1.00558659,1.9,0.0,0.0,0.0
2025-12-11,6438,TWSE,息,142.0,139.0,3.0,1.02158273,3.0,0.0,0.0,0.0
2025-12-15,00936,TWSE,息,15.89,15.83,0.055,1.00347332,0.055,0.0,0.0,0.0
2025-12-15,00942B,TPEX,息,14.55,14.49,0.056,1.00386367,0.056,0.0,0.0,0.0
2025-12-15,00962,TWSE,息,10.82,10.79,0.025,1.00231589,0.025,0.0,0.0,0.0
2025-12-15,00980B,TPEX,息,9.6,9.55,0.047,1.00491992,0.047,0.0,0.0,0.0
2025-12-16,00687B,TPEX,息,28.31,28.03,0.28,1.0099893,0.28,0.0,0.0,0.0
2025-12-16,00730,TWSE,息,23.24,23.13,0.11,1.00475573,0.11,0.0,0.0,0.0
2025-12-16,00740B,TPEX,息,38.99,38.82,0.167,1.00430157,0.167,0.0,0.0,0.0
2025-12-16,00741B,TPEX,息,37.54,37.34,0.199,1.00532926,0.199,0.0,0.0,0.0
2025-12-16,00764B,TPEX,息,28.34,28.02,0.324,1.01156482,0.324,0.0,0.0,0.0
2025-12-16,00772B,TPEX,息,34.04,33.91,0.132,1.00389289,0.132,0.0,0.0,0.0
2025-12-16,00773B,TPEX,息,36.55,36.41,0.138,1.00378996,0.138,0.0,0.0,0.0
2025-12-16,00777B,TPEX,息,33.09,32.96,0.135,1.0040965,0.135,0.0,0.0,0.0
2025-12-16,00778B,TPEX,息,35.27,35.13,0.14,1.0039852,0.14,0.0,0.0,0.0
2025-12-16,00779B,TPEX,息,28.67,28.38,0.291,1.01025406,0.291,0.0,0.0,0.0
2025-12-16,00781B,TPEX,息,29.65,29.2,0.45,1.01541096,0.45,0.0,0.0,0.0
2025-12-16,00792B,TPEX,息,32.32,31.89,0.434,1.01361099,0.434,0.0,0.0,0.0
2025-12-16,00793B,TPEX,息,31.26,30.86,0.401,1.01299459,0.401,0.0,0.0,0.0
2025-12-16,00840B,TPEX,息,30.45,30.33,0.12,1.00395648,0.12,0.0,0.0,0.0
2025-12-16,00853B,TPEX,息,28.19,27.84,0.347,1.01246274,0.347,0.0,0.0,0.0
2025-12-16,00859B,TPEX,息,41.33,40.71,0.622,1.01527955,0.622,0.0,0.0,0.0
2025-12-16,00862B,TPEX,息,32.1,31.68,0.42,1.01325758,0.42,0.0,0.0,0.0
2025-12-16,00863B,TPEX,息,32.55,32.17,0.38,1.01181225,0.38,0.0,0.0,0.0
2025-12-16,00883B,TPEX,息,30.91,30.79,0.12,1.00389737,0.12,0.0,0.0,0.0
2025-12-16,00890B,TPEX,息,32.61,32.47,0.14,1.00431167,0.14,0.0,0.0,0.0
2025-12-16,00896,TWSE,息,19.33,18.73,0.6,1.03203417,0.6,0.0,0.0,0.0
2025-12-16,00900,TWSE,息,13.48,13.4,0.075,1.00559493,0.075,0.0,0.0,0.0
2025-12-16,00915,TWSE,息,22.59,22.24,0.35,1.01573741,0.35,0.0,0.0,0.0
2025-12-16,00919,TWSE,息,22.19,21.65,0.54,1.02494226,0.54,0.0,0.0,0.0
2025-12-16,00921,TWSE,息,17.77,17.58,0.19,1.01080774,0.19,0.0,0.0,0.0
2025-12-16,00926,TWSE,息,24.52,23.05,1.47,1.0637744,1.47,0.0,0.0,0.0
2025-12-16,00933B,TPEX,息,16.37,16.3,0.072,1.00441772,0.072,0.0,0.0,0.0
2025-12-16,00934,TWSE,息,20.56,20.42,0.132,1.00646172,0.132,0.0,0.0,0.0
2025-12-16,00937B,TPEX,息,15.01,14.94,0.072,1.00481992,0.072,0.0,0.0,0.0
2025-12-16,00943,TWSE,息,14.38,14.31,0.066,1.00461087,0.066,0.0,0.0,0.0
2025-12-16,00944,TWSE,息,14.47,14.41,0.054,1.00374584,0.054,0.0,0.0,0.0
2025-12-16,00945B,TWSE,息,14.45,14.36,0.086,1.00598719,0.086,0.0,0.0,0.0
2025-12-16,00948B,TPEX,息,9.53,9.49,0.042,1.00442664,0.042,0.0,0.0,0.0
2025-12-16,00952,TWSE,息,11.59,11.56,0.03,1.00259516,0.03,0.0,0.0,0.0
2025-12-16,00957B,TPEX,息,13.71,13.64,0.072,1.00527937,0.072,0.0,0.0,0.0
2025-12-16,00961,TWSE,息,9.32,9.3,0.02,1.00215054,0.02,0.0,0.0,0.0
2025-12-16,00963,TWSE,息,11.29,11.25,0.04,1.00355556,0.04,0.0,0.0,0.0
2025-12-16,00964,TWSE,息,11.33,11.24,0.085,1.00755892,0.085,0.0,0.0,0.0
2025-12-16,00971,TWSE,息,16.9,15.9,1.0,1.06289308,1.0,0.0,0.0,0.0
2025-12-16,00972,TWSE,息,18.27,18.0,0.27,1.015,0.27,0.0,0.0,0.0
2025-12-16,009802,TWSE,息,11.02,10.92,0.092,1.00841874,0.092,0.0,0.0,0.0
2025-12-16,00980D,TPEX,息,20.87,20.76,0.114,1.00549239,0.114,0.0,0.0,0.0
2025-12-16,00981D,TPEX,息,10.55,10.47,0.08,1.00764088,0.08,0.0,0.0,0.0
2025-12-16,00982B,TPEX,息,9.95,9.9,0.048,1.00484751,0.048,0.0,0.0,0.0
2025-12-16,01010T,TWSE,息,10.05,9.98,0.067533,1.00676516,0.067533,0.0,0.0,0.0
2025-12-16,8299,TPEX,息,1125.0,1118.77,6.228316,1.0055671,6.2283164,0.0,0.0,0.0
2025-12-17,00710B,TWSE,息,19.3,18.99,0.31,1.01632438,0.31,0.0,0.0,0.0
2025-12-17,00711B,TWSE,息,16.51,16.32,0.19,1.01164216,0.19,0.0,0.0,0.0
2025-12-17,00712,TWSE,息,9.25,9.06,0.19,1.0209713,0.19,0.0,0.0,0.0
2025-12-17,00929,TWSE,息,17.61,17.52,0.09,1.00513699,0.09,0.0,0.0,0.0
2025-12-17,009803,TWSE,息,12.58,12.36,0.22,1.01779935,0.22,0.0,0.0,0.0
2025-12-17,3543,TWSE,權,43.9,42.18,1.71055,1.04077762,0.0,0.0,0.17844366533,35.0
2025-12-17,6121,TPEX,息,361.5,352.0,9.5,1.02698864,9.5,0.0,0.0,0.0
2025-12-18,00728,TWSE,息,35.87,35.5,0.367,1.01033715,0.367,0.0,0.0,0.0
2025-12-18,00918,TWSE,息,22.99,22.42,0.565,1.02519509,0.565,0.0,0.0,0.0
2025-12-18,00981B,TPEX,息,9.41,9.34,0.069,1.00738679,0.069,0.0,0.0,0.0
2025-12-18,4739,TWSE,權,67.2,66.75,0.445249,1.00674157,0.0,0.0,0.0406863192,58.0
2025-12-18,6548,TPEX,息,41.0,40.55,0.45,1.01109741,0.45,0.0,0.0,0.0
2025-12-18,6804,TPEX,權,18.8,18.27,0.526316,1.0290093,0.0,0.0,0.28571428571,16.8
2025-12-18,8070,TWSE,息,44.6,43.89,0.71,1.01617681,0.71,0.0,0.0,0.0
2025-12-19,00697B,TPEX,息,36.46,36.15,0.31,1.00857538,0.31,0.0,0.0,0.0
2025-12-19,00713,TWSE,息,51.15,50.37,0.78,1.01548541,0.78,0.0,0.0,0.0
2025-12-19,00751B,TPEX,息,32.6,32.19,0.41,1.01273687,0.41,0.0,0.0,0.0
2025-12-19,00787B,TPEX,息,33.43,33.01,0.42,1.01272342,0.42,0.0,0.0,0.0
2025-12-19,00967B,TPEX,息,9.34,9.31,0.033,1.00354572,0.033,0.0,0.0,0.0
2025-12-19,00968B,TPEX,息,9.43,9.39,0.043,1.0045808,0.043,0.0,0.0,0.0
2025-12-19,8467,TWSE,息,155.5,153.5,2.0,1.01302932,2.0,0.0,0.0,0.0
2025-12-22,4991,TPEX,權,192.5,189.42,3.078687,1.01626016,0.0,0.0,0.04215840197,131.0
2025-12-22,5306,TWSE,息,88.5,87.63,0.86182,1.00983384,0.86182,0.0,0.0,0.0
2025-12-22,6931,TWSE,息,64.7,64.58,0.12,1.00185816,0.12,0.0,0.0,0.0
2025-12-23,00836B,TPEX,息,29.62,29.2,0.42,1.01438356,0.42,0.0,0.0,0.0
2025-12-23,00856B,TPEX,息,38.01,37.64,0.37,1.00982997,0.37,0.0,0.0,0.0
2025-12-23,00857B,TPEX,息,23.75,23.57,0.185,1.00785063,0.185,0.0,0.0,0.0
2025-12-23,00907,TWSE,息,15.51,15.37,0.136,1.0088461,0.136,0.0,0.0,0.0
2025-12-23,00958B,TPEX,息,9.5,9.46,0.045,1.00475939,0.045,0.0,0.0,0.0
2025-12-23,2474,TWSE,息,197.0,193.84,3.159582,1.01629991,3.159582,0.0,0.0,0.0
2025-12-23,3325,TPEX,權,18.6,17.58,1.016624,1.05802048,0.0,0.0,0.17744534378,13.0
2025-12-23,4912,TWSE,息,83.8,83.49,0.303,1.00362887,0.303,0.0,0.0,0.0
2025-12-24,2753,TWSE,息,197.0,193.0,4.0,1.02072539,4.0,0.0,0.0,0.0
2025-12-24,6123,TPEX,息,49.85,48.85,1.0,1.02047083,1.0,0.0,0.0,0.0
2025-12-29,6796,TWSE,權,104.5,102.64,1.854155,1.01812159,0.0,0.0,0.041847603,67.2
2025-12-30,5278,TPEX,息,30.2,30.03,0.166667,1.00554939,0.16666666,0.0,0.0,0.0
2025-12-30,7631,TWSE,息,128.0,127.26,0.737265,1.00579325,0.737265,0.0,0.0,0.0
2025-12-31,6488,TPEX,息,413.0,411.0,2.0,1.00486618,2.0,0.0,0.0,0.0
2025-12-31,6561,TPEX,息,392.5,385.9,6.6,1.01710288,6.6,0.0,0.0,0.0
2026-01-02,00939,TWSE,息,14.7,14.62,0.072,1.00492207,0.072,0.0,0.0,0.0
2026-01-02,00950B,TPEX,息,14.34,14.29,0.054,1.00377992,0.054,0.0,0.0,0.0
2026-01-02,00959B,TPEX,息,9.56,9.52,0.045,1.00472937,0.045,0.0,0.0,0.0
2026-01-02,00966B,TPEX,息,14.19,14.13,0.065,1.00460177,0.065,0.0,0.0,0.0
2026-01-02,00983B,TPEX,息,16.18,16.09,0.094,1.00584359,0.094,0.0,0.0,0.0
2026-01-02,00984B,TPEX,息,16.91,16.78,0.126,1.00750715,0.126,0.0,0.0,0.0
2026-01-05,5704,TPEX,權,29.4,26.89,2.51437,1.09334325,0.0,0.0,0.41171686499,22.0
2026-01-06,00946,TWSE,息,9.6,9.54,0.058,1.00607839,0.058,0.0,0.0,0.0
2026-01-06,00953B,TWSE,息,9.76,9.69,0.061,1.00628931,0.061,0.0,0.0,0.0
2026-01-06,00970B,TPEX,息,9.45,9.41,0.042,1.00446429,0.042,0.0,0.0,0.0
2026-01-06,00985B,TWSE,息,10.32,10.27,0.048,1.0046729,0.048,0.0,0.0,0.0
2026-01-06,2442,TWSE,權,24.8,24.12,0.671598,1.02819237,0.0,0.0,0.13882101004,20.5
2026-01-06,2454,TWSE,息,1525.0,1496.0,29.0,1.01938503,29.0,0.0,0.0,0.0
2026-01-08,00940,TWSE,息,9.43,9.38,0.045,1.00479489,0.045,0.0,0.0,0.0
2026-01-08,1707,TWSE,息,127.0,124.8,2.2,1.01762821,2.2,0.0,0.0,0.0
2026-01-08,2247,TWSE,息,281.5,275.0,6.5,1.02363636,6.5,0.0,0.0,0.0
2026-01-08,4104,TWSE,權,79.1,77.39,1.703479,1.02209588,0.0,0.0,0.07344050144,60.0
2026-01-08,4737,TWSE,權,55.0,54.35,0.646954,1.01195952,0.0,0.0,0.11889678114,50.0
2026-01-08,5483,TPEX,息,124.0,123.0,1.0,1.00813008,1.0,0.0,0.0,0.0
2026-01-08,6629,TPEX,息,124.0,122.0,1.997131,1.01636954,1.99713055,0.0,0.0,0.0
2026-01-12,3522,TPEX,權,17.9,17.44,0.461112,1.02637615,0.0,0.0,0.19025827906,15.5
2026-01-12,6613,TPEX,息,198.5,195.5,3.0,1.01534527,3.0,0.0,0.0,0.0
2026-01-12,6763,TPEX,息,57.9,56.95,0.95,1.0166813,0.95,0.0,0.0,0.0
2026-01-13,8021,TWSE,權,218.0,216.11,1.882207,1.00874555,0.0,0.0,0.01584033315,127.0
2026-01-14,4130,TPEX,權,36.8,35.32,1.480067,1.0419026,0.0,0.0,0.15164764507,28.0
2026-01-15,5457,TPEX,權,40.05,39.26,0.789492,1.02012226,0.0,0.0,0.10088538389,33.0
2026-01-15,5536,TPEX,息,804.0,798.5,5.5,1.00688791,5.5,0.0,0.0,0.0
2026-01-16,00734B,TPEX,息,16.02,15.86,0.16,1.01008827,0.16,0.0,0.0,0.0
2026-01-16,00842B,TPEX,息,32.66,31.96,0.7,1.02190238,0.7,0.0,0.0,0.0
2026-01-16,00904,TWSE,息,26.08,25.32,0.76,1.0300158,0.76,0.0,0.0,0.0
2026-01-16,00936,TWSE,息,17.46,17.4,0.06,1.00344828,0.06,0.0,0.0,0.0
2026-01-16,00942B,TPEX,息,14.79,14.74,0.053,1.00359639,0.053,0.0,0.0,0.0
2026-01-16,00947,TWSE,息,21.36,21.24,0.12,1.00564972,0.12,0.0,0.0,0.0
2026-01-16,00962,TWSE,息,11.26,11.23,0.03,1.00267142,0.03,0.0,0.0,0.0
2026-01-16,00980B,TPEX,息,9.72,9.67,0.047,1.00485889,0.047,0.0,0.0,0.0
2026-01-16,00980D,TPEX,息,21.05,20.94,0.114,1.00544517,0.114,0.0,0.0,0.0
2026-01-19,00772B,TPEX,息,34.67,34.54,0.132,1.00382188,0.132,0.0,0.0,0.0
2026-01-19,00773B,TPEX,息,37.04,36.9,0.138,1.00373963,0.138,0.0,0.0,0.0
2026-01-19,00848B,TPEX,息,35.16,34.78,0.38,1.01092582,0.38,0.0,0.0,0.0
2026-01-19,00849B,TPEX,息,37.53,37.2,0.33,1.00887097,0.33,0.0,0.0,0.0
2026-01-19,00882,TWSE,息,15.46,15.01,0.45,1.02998001,0.45,0.0,0.0,0.0
2026-01-19,00883B,TPEX,息,31.55,31.43,0.12,1.00381801,0.12,0.0,0.0,0.0
2026-01-19,00884B,TPEX,息,30.44,30.08,0.36,1.01196809,0.36,0.0,0.0,0.0
2026-01-19,00905,TWSE,息,18.72,18.47,0.25,1.01353546,0.25,0.0,0.0,0.0
2026-01-19,00911,TWSE,息,37.2,36.2,1.0,1.02762431,1.0,0.0,0.0,0.0
2026-01-19,00912,TWSE,息,23.13,22.48,0.65,1.02891459,0.65,0.0,0.0,0.0
2026-01-19,00917,TWSE,息,31.8,28.3,3.5,1.12367491,3.5,0.0,0.0,0.0
2026-01-19,00927,TWSE,息,25.0,24.09,0.91,1.03777501,0.91,0.0,0.0,0.0
2026-01-19,00928,TPEX,息,21.21,20.71,0.5,1.02414293,0.5,0.0,0.0,0.0
2026-01-19,00934,TWSE,息,22.37,22.23,0.132,1.00593579,0.132,0.0,0.0,0.0
2026-01-19,00943,TWSE,息,14.96,14.89,0.065,1.00436388,0.065,0.0,0.0,0.0
2026-01-19,00944,TWSE,息,15.22,15.16,0.054,1.0035606,0.054,0.0,0.0,0.0
2026-01-19,00948B,TPEX,息,9.72,9.68,0.042,1.00433974,0.042,0.0,0.0,0.0
2026-01-19,00952,TWSE,息,12.49,12.44,0.05,1.00401929,0.05,0.0,0.0,0.0
2026-01-19,00956,TWSE,息,12.28,12.02,0.26,1.02163062,0.26,0.0,0.0,0.0
2026-01-19,00957B,TPEX,息,13.96,13.89,0.072,1.00518433,0.072,0.0,0.0,0.0
2026-01-19,00960,TWSE,息,15.13,14.9,0.225,1.01509561,0.225,0.0,0.0,0.0
2026-01-19,00961,TWSE,息,10.23,10.21,0.02,1.00195886,0.02,0.0,0.0,0.0
2026-01-19,00963,TWSE,息,11.84,11.79,0.045,1.00381518,0.045,0.0,0.0,0.0
2026-01-19,00964,TWSE,息,12.47,12.38,0.088,1.00710709,0.088,0.0,0.0,0.0
2026-01-19,00981D,TPEX,息,10.65,10.57,0.08,1.00756859,0.08,0.0,0.0,0.0
2026-01-19,00984A,TWSE,息,12.01,11.84,0.168,1.01418679,0.168,0.0,0.0,0.0
2026-01-20,00694B,TPEX,息,41.76,41.5,0.256,1.00616808,0.256,0.0,0.0,0.0
2026-01-20,00695B,TPEX,息,35.62,35.36,0.262,1.00740992,0.262,0.0,0.0,0.0
2026-01-20,00696B,TPEX,息,29.58,29.31,0.273,1.00931518,0.273,0.0,0.0,0.0
2026-01-20,00701,TWSE,息,29.96,29.26,0.7,1.02392344,0.7,0.0,0.0,0.0
2026-01-20,00702,TWSE,息,23.98,23.33,0.65,1.02786112,0.65,0.0,0.0,0.0
2026-01-20,00714,TWSE,息,20.79,20.66,0.123,1.00595152,0.123,0.0,0.0,0.0
2026-01-20,00717,TWSE,息,15.43,15.28,0.141,1.00922232,0.141,0.0,0.0,0.0
2026-01-20,00722B,TPEX,息,37.07,36.55,0.525,1.01436585,0.525,0.0,0.0,0.0
2026-01-20,00723B,TPEX,息,31.67,31.23,0.445,1.0142514,0.445,0.0,0.0,0.0
2026-01-20,00724B,TPEX,息,34.79,34.31,0.483,1.01407876,0.483,0.0,0.0,0.0
2026-01-20,00725B,TPEX,息,35.86,35.37,0.49,1.01385355,0.49,0.0,0.0,0.0
2026-01-20,00727B,TPEX,息,40.42,39.85,0.57,1.01430364,0.57,0.0,0.0,0.0
2026-01-20,00730,TWSE,息,23.83,23.72,0.11,1.00463744,0.11,0.0,0.0,0.0
2026-01-20,00735,TWSE,息,60.3,59.3,1.0,1.01686341,1.0,0.0,0.0,0.0
2026-01-20,00736,TWSE,息,29.21,28.91,0.3,1.01037703,0.3,0.0,0.0,0.0
2026-01-20,00740B,TPEX,息,39.33,39.16,0.175,1.00446942,0.175,0.0,0.0,0.0
2026-01-20,00741B,TPEX,息,37.95,37.75,0.199,1.00527138,0.199,0.0,0.0,0.0
2026-01-20,00746B,TPEX,息,36.33,35.9,0.426,1.01186497,0.426,0.0,0.0,0.0
2026-01-20,00749B,TPEX,息,32.13,31.72,0.41,1.0129256,0.41,0.0,0.0,0.0
2026-01-20,00750B,TPEX,息,33.9,33.5,0.4,1.0119403,0.4,0.0,0.0,0.0
2026-01-20,00770,TWSE,息,57.95,53.75,4.2,1.07813953,4.2,0.0,0.0,0.0
2026-01-20,00777B,TPEX,息,33.29,33.16,0.135,1.00407178,0.135,0.0,0.0,0.0
2026-01-20,00778B,TPEX,息,35.37,35.23,0.138,1.00391689,0.138,0.0,0.0,0.0
2026-01-20,00782B,TPEX,息,31.5,31.0,0.5,1.01612903,0.5,0.0,0.0,0.0
2026-01-20,00785B,TPEX,息,35.89,35.47,0.424,1.01195511,0.424,0.0,0.0,0.0
2026-01-20,00789B,TPEX,息,49.64,49.02,0.62,1.0126479,0.62,0.0,0.0,0.0
2026-01-20,00791B,TPEX,息,57.1,56.51,0.59,1.01044063,0.59,0.0,0.0,0.0
2026-01-20,00830,TWSE,息,64.9,55.9,9.0,1.16100179,9.0,0.0,0.0,0.0
2026-01-20,00840B,TPEX,息,30.7,30.58,0.12,1.00392413,0.12,0.0,0.0,0.0
2026-01-20,00858,TPEX,息,34.14,32.74,1.4,1.04276115,1.4,0.0,0.0,0.0
2026-01-20,00881,TWSE,息,35.87,33.22,2.65,1.07977122,2.65,0.0,0.0,0.0
2026-01-20,00888,TPEX,息,22.69,22.18,0.51,1.02299369,0.51,0.0,0.0,0.0
2026-01-20,00890B,TPEX,息,32.87,32.73,0.145,1.00443086,0.145,0.0,0.0,0.0
2026-01-20,00900,TWSE,息,14.59,14.51,0.075,1.00516707,0.075,0.0,0.0,0.0
2026-01-20,00908,TWSE,息,14.29,14.16,0.121,1.00853977,0.121,0.0,0.0,0.0
2026-01-20,00929,TWSE,息,19.64,19.54,0.1,1.00511771,0.1,0.0,0.0,0.0
2026-01-20,00930,TWSE,息,18.26,18.11,0.141,1.00778189,0.141,0.0,0.0,0.0
2026-01-20,00931B,TPEX,息,13.76,13.62,0.142,1.01042738,0.142,0.0,0.0,0.0
2026-01-20,00933B,TPEX,息,16.45,16.38,0.072,1.00439614,0.072,0.0,0.0,0.0
2026-01-20,00937B,TPEX,息,15.14,15.07,0.072,1.00477834,0.072,0.0,0.0,0.0
2026-01-20,00945B,TWSE,息,14.63,14.54,0.088,1.00605144,0.088,0.0,0.0,0.0
2026-01-20,00958B,TPEX,息,9.54,9.5,0.043,1.00452775,0.043,0.0,0.0,0.0
2026-01-20,00981T,TWSE,息,11.03,10.97,0.054,1.00491983,0.054,0.0,0.0,0.0
2026-01-20,00982B,TPEX,息,10.09,10.04,0.048,1.00477992,0.048,0.0,0.0,0.0
2026-01-20,00982D,TWSE,息,10.17,10.11,0.052,1.00513936,0.052,0.0,0.0,0.0
2026-01-20,00983D,TWSE,息,10.31,10.25,0.06,1.00585366,0.06,0.0,0.0,0.0
2026-01-20,3363,TPEX,權,402.5,394.89,7.611718,1.01927119,0.0,0.0,0.072365486,316.0
2026-01-22,0050,TWSE,息,71.85,70.85,1.0,1.01411433,1.0,0.0,0.0,0.0
2026-01-22,0056,TWSE,息,38.21,37.34,0.866,1.0231898,0.866,0.0,0.0,0.0
2026-01-22,006203,TWSE,息,129.75,127.95,1.8,1.014068,1.8,0.0,0.0,0.0
2026-01-22,00719B,TPEX,息,31.35,31.08,0.27,1.00868726,0.27,0.0,0.0,0.0
2026-01-22,00720B,TPEX,息,33.79,33.35,0.44,1.0131934,0.44,0.0,0.0,0.0
2026-01-22,00788B,TPEX,息,30.66,30.29,0.37,1.01221525,0.37,0.0,0.0,0.0
2026-01-22,00834B,TPEX,息,35.1,34.71,0.386,1.01111943,0.386,0.0,0.0,0.0
2026-01-22,00870B,TPEX,息,29.18,28.82,0.36,1.01249133,0.36,0.0,0.0,0.0
2026-01-22,00967B,TPEX,息,9.27,9.24,0.033,1.00357259,0.033,0.0,0.0,0.0
2026-01-22,00968B,TPEX,息,9.42,9.38,0.043,1.00458569,0.043,0.0,0.0,0.0
2026-01-22,00981B,TPEX,息,9.52,9.46,0.062,1.0065553,0.062,0.0,0.0,0.0
2026-01-22,1437,TWSE,息,32.8,32.31,0.483566,1.01496347,0.483566,0.0,0.0,0.0
2026-01-26,2070,TPEX,權,46.8,45.11,1.694477,1.03746398,0.0,0.0,0.12575874442,35.0
2026-01-26,3189,TWSE,權,214.0,204.83,9.166415,1.04476883,0.0,0.0,0.11489886842,145.0
2026-01-27,00726B,TPEX,息,33.77,33.27,0.5,1.01502855,0.5,0.0,0.0,0.0
2026-01-27,3289,TPEX,息,124.5,123.47,1.030885,1.00834934,1.03088514,0.0,0.0,0.0
2026-01-28,6733,TPEX,權,37.95,37.8,0.14518,1.00396825,0.0,0.0,0.06435212142,36.0
2026-02-02,00939,TWSE,息,15.6,15.52,0.072,1.00463679,0.072,0.0,0.0,0.0
2026-02-02,00940,TWSE,息,9.7,9.65,0.045,1.0046608,0.045,0.0,0.0,0.0
2026-02-02,00950B,TPEX,息,14.25,14.19,0.063,1.00444069,0.063,0.0,0.0,0.0
2026-02-02,00986B,TPEX,息,10.14,10.09,0.048,1.00475624,0.048,0.0,0.0,0.0
2026-02-03,00946,TWSE,息,10.06,10.0,0.058,1.00579884,0.058,0.0,0.0,0.0
2026-02-03,00953B,TWSE,息,9.8,9.73,0.061,1.00626348,0.061,0.0,0.0,0.0
2026-02-03,00959B,TPEX,息,9.64,9.6,0.045,1.00468994,0.045,0.0,0.0,0.0
2026-02-03,00966B,TPEX,息,14.24,14.18,0.065,1.00458554,0.065,0.0,0.0,0.0
2026-02-03,00983B,TPEX,息,16.2,16.09,0.109,1.00677397,0.109,0.0,0.0,0.0
2026-02-03,00984B,TPEX,息,16.99,16.86,0.129,1.00765079,0.129,0.0,0.0,0.0
2026-02-03,00985B,TWSE,息,10.4,10.35,0.048,1.00463679,0.048,0.0,0.0,0.0
2026-02-04,2374,TWSE,權,79.6,79.11,0.484892,1.00619391,0.0,0.0,0.02772898392,66.0
2026-02-04,3162,TPEX,權,61.3,59.73,1.570004,1.02628495,0.0,0.0,0.12908568486,50.0
2026-02-04,6969,TWSE,權,31.15,30.73,0.410424,1.01366743,0.0,0.0,0.11985002819,28.0
2026-02-04,8066,TPEX,權,20.45,20.36,0.085966,1.00442043,0.0,0.0,0.17711173868,20.0
2026-02-05,5534,TWSE,權,79.7,78.13,1.561876,1.02009471,0.0,0.0,0.06458,60.0
2026-02-09,2338,TWSE,權,35.5,34.96,0.535115,1.01544622,0.0,0.0,0.14438726472,32.0
2026-02-23,5604,TPEX,息,39.15,37.15,2.0,1.0538358,2.0,0.0,0.0,0.0
2026-02-23,6179,TPEX,權,26.9,25.66,1.240662,1.04832424,0.0,0.0,0.2945227024,22.5
2026-02-24,2421,TWSE,權,147.0,145.96,1.038318,1.00712524,0.0,0.0,0.03715055513,125.0
2026-02-25,00730,TWSE,息,23.26,23.15,0.11,1.00475162,0.11,0.0,0.0,0.0
2026-02-25,00740B,TPEX,息,39.73,39.56,0.175,1.00442422,0.175,0.0,0.0,0.0
2026-02-25,00741B,TPEX,息,37.65,37.45,0.199,1.00531361,0.199,0.0,0.0,0.0
2026-02-25,00775B,TWSE,息,33.41,33.06,0.35,1.01058681,0.35,0.0,0.0,0.0
2026-02-25,00844B,TPEX,息,32.89,32.56,0.33,1.01013514,0.33,0.0,0.0,0.0
2026-02-25,00845B,TPEX,息,34.22,33.84,0.379,1.01119943,0.379,0.0,0.0,0.0
2026-02-25,00846B,TPEX,息,37.01,36.56,0.447,1.01222547,0.447,0.0,0.0,0.0
2026-02-25,00867B,TPEX,息,32.3,31.93,0.37,1.01158785,0.37,0.0,0.0,0.0
2026-02-25,00900,TWSE,息,14.93,14.85,0.075,1.00504881,0.075,0.0,0.0,0.0
2026-02-25,00907,TWSE,息,15.88,15.72,0.16,1.01017812,0.16,0.0,0.0,0.0
2026-02-25,00936,TWSE,息,17.94,17.84,0.1,1.00560538,0.1,0.0,0.0,0.0
2026-02-25,00942B,TPEX,息,14.72,14.66,0.062,1.00422977,0.062,0.0,0.0,0.0
2026-02-25,00958B,TPEX,息,9.64,9.6,0.045,1.00468994,0.045,0.0,0.0,0.0
2026-02-25,00962,TWSE,息,11.4,11.37,0.03,1.00263852,0.03,0.0,0.0,0.0
2026-02-25,00970B,TPEX,息,9.63,9.58,0.048,1.00500939,0.048,0.0,0.0,0.0
2026-02-25,00980B,TPEX,息,9.74,9.69,0.047,1.00484886,0.047,0.0,0.0,0.0
2026-02-25,00982D,TWSE,息,10.27,10.21,0.052,1.00508906,0.052,0.0,0.0,0.0
2026-02-25,00983D,TWSE,息,10.34,10.28,0.06,1.00583658,0.06,0.0,0.0,0.0
2026-02-25,6109,TPEX,權,12.5,12.0,0.500994,1.04166667,0.0,0.0,0.23589977645,10.3
2026-02-26,00679B,TPEX,息,27.84,27.56,0.28,1.01015965,0.28,0.0,0.0,0.0
2026-02-26,00690,TWSE,息,55.85,54.8,1.05,1.01916058,1.05,0.0,0.0,0.0
2026-02-26,00754B,TPEX,息,34.66,34.26,0.403,1.01176402,0.403,0.0,0.0,0.0
2026-02-26,00755B,TPEX,息,33.8,33.38,0.421,1.01261272,0.421,0.0,0.0,0.0
2026-02-26,00756B,TPEX,息,32.68,32.2,0.485,1.01506445,0.485,0.0,0.0,0.0
2026-02-26,00761B,TPEX,息,35.51,35.1,0.41,1.01168091,0.41,0.0,0.0,0.0
2026-02-26,00771,TWSE,息,16.4,16.19,0.21,1.01297097,0.21,0.0,0.0,0.0
2026-02-26,00772B,TPEX,息,34.54,34.4,0.137,1.00398221,0.137,0.0,0.0,0.0
2026-02-26,00773B,TPEX,息,36.9,36.76,0.142,1.0038631,0.142,0.0,0.0,0.0
2026-02-26,00777B,TPEX,息,33.48,33.35,0.135,1.00404858,0.135,0.0,0.0,0.0
2026-02-26,00778B,TPEX,息,35.52,35.38,0.14,1.00395704,0.14,0.0,0.0,0.0
2026-02-26,00780B,TPEX,息,38.26,37.79,0.47,1.01243715,0.47,0.0,0.0,0.0
2026-02-26,00786B,TPEX,息,33.79,33.41,0.38,1.01137384,0.38,0.0,0.0,0.0
2026-02-26,00795B,TPEX,息,28.06,27.8,0.26,1.00935252,0.26,0.0,0.0,0.0
2026-02-26,00799B,TPEX,息,30.88,30.33,0.55,1.01813386,0.55,0.0,0.0,0.0
2026-02-26,00840B,TPEX,息,30.86,30.74,0.12,1.00390371,0.12,0.0,0.0,0.0
2026-02-26,00841B,TPEX,息,30.21,29.87,0.34,1.01138266,0.34,0.0,0.0,0.0
2026-02-26,00847B,TPEX,息,26.69,26.34,0.35,1.01328778,0.35,0.0,0.0,0.0
2026-02-26,00850,TWSE,息,67.2,66.4,0.8,1.01204819,0.8,0.0,0.0,0.0
2026-02-26,00860B,TPEX,息,38.35,37.93,0.42,1.01107303,0.42,0.0,0.0,0.0
2026-02-26,00864B,TPEX,息,46.3,45.74,0.56,1.01224311,0.56,0.0,0.0,0.0
2026-02-26,00878,TWSE,息,24.0,23.58,0.42,1.0178117,0.42,0.0,0.0,0.0
2026-02-26,00883B,TPEX,息,31.45,31.33,0.12,1.00383019,0.12,0.0,0.0,0.0
2026-02-26,00890B,TPEX,息,33.04,32.9,0.145,1.00440796,0.145,0.0,0.0,0.0
2026-02-26,00891,TWSE,息,25.92,25.17,0.75,1.02979738,0.75,0.0,0.0,0.0
2026-02-26,00894,TWSE,息,34.18,33.78,0.4,1.01184133,0.4,0.0,0.0,0.0
2026-02-26,00913,TWSE,息,33.0,31.4,1.6,1.05095541,1.6,0.0,0.0,0.0
2026-02-26,00923,TWSE,息,32.49,30.78,1.71,1.05555556,1.71,0.0,0.0,0.0
2026-02-26,00932,TWSE,息,15.18,14.96,0.22,1.01470588,0.22,0.0,0.0,0.0
2026-02-26,00933B,TPEX,息,16.5,16.43,0.072,1.00438276,0.072,0.0,0.0,0.0
2026-02-26,00934,TWSE,息,22.66,22.52,0.14,1.0062167,0.14,0.0,0.0,0.0
2026-02-26,00937B,TPEX,息,15.23,15.16,0.072,1.00474997,0.072,0.0,0.0,0.0
2026-02-26,00938,TWSE,息,19.7,19.5,0.2,1.01025641,0.2,0.0,0.0,0.0
2026-02-26,00943,TWSE,息,15.27,15.2,0.07,1.00460526,0.07,0.0,0.0,0.0
2026-02-26,00944,TWSE,息,15.49,15.43,0.054,1.00349832,0.054,0.0,0.0,0.0
2026-02-26,00945B,TWSE,息,14.47,14.38,0.088,1.00611876,0.088,0.0,0.0,0.0
2026-02-26,00948B,TPEX,息,9.67,9.63,0.04,1.00415369,0.04,0.0,0.0,0.0
2026-02-26,00952,TWSE,息,13.22,13.17,0.05,1.00379651,0.05,0.0,0.0,0.0
2026-02-26,00957B,TPEX,息,13.86,13.79,0.072,1.00522193,0.072,0.0,0.0,0.0
2026-02-26,00961,TWSE,息,10.42,10.36,0.06,1.00579151,0.06,0.0,0.0,0.0
2026-02-26,00963,TWSE,息,12.48,12.43,0.045,1.00361882,0.045,0.0,0.0,0.0
2026-02-26,00964,TWSE,息,14.0,13.91,0.089,1.00639781,0.089,0.0,0.0,0.0
2026-02-26,00967B,TPEX,息,9.42,9.39,0.033,1.0035155,0.033,0.0,0.0,0.0
2026-02-26,00968B,TPEX,息,9.46,9.42,0.043,1.00456621,0.043,0.0,0.0,0.0
2026-02-26,009808,TWSE,息,24.03,23.54,0.481,1.0204255,0.481,0.0,0.0,0.0
2026-02-26,00980A,TWSE,息,17.9,17.53,0.368,1.02099019,0.368,0.0,0.0,0.0
2026-02-26,00980D,TPEX,息,20.89,20.78,0.114,1.0054871,0.114,0.0,0.0,0.0
2026-02-26,00981D,TPEX,息,10.48,10.4,0.08,1.00769231,0.08,0.0,0.0,0.0
2026-02-26,00981T,TWSE,息,11.54,11.48,0.056,1.00487635,0.056,0.0,0.0,0.0
2026-02-26,00982A,TWSE,息,16.76,16.38,0.377,1.02301166,0.377,0.0,0.0,0.0
2026-02-26,00982B,TPEX,息,10.08,10.03,0.048,1.00478469,0.048,0.0,0.0,0.0
2026-03-03,00731,TWSE,息,75.0,74.24,0.752,1.01012822,0.752,0.0,0.0,0.0
2026-03-03,00758B,TPEX,息,52.75,52.16,0.59,1.01131135,0.59,0.0,0.0,0.0
2026-03-03,00759B,TPEX,息,56.2,55.57,0.63,1.01133705,0.63,0.0,0.0,0.0
2026-03-03,00760B,TPEX,息,55.65,54.94,0.71,1.01292319,0.71,0.0,0.0,0.0
2026-03-03,00768B,TPEX,息,53.8,52.94,0.86,1.01624481,0.86,0.0,0.0,0.0
2026-03-03,00929,TWSE,息,19.96,19.86,0.1,1.00503525,0.1,0.0,0.0,0.0
2026-03-03,00981B,TPEX,息,9.34,9.28,0.062,1.00668247,0.062,0.0,0.0,0.0
2026-03-04,3605,TWSE,權,63.4,63.06,0.339785,1.00539169,0.0,0.0,0.050361245,58.0
2026-03-05,4807,TWSE,權,18.15,17.29,0.854559,1.04973973,0.0,0.0,0.2208561551299999,14.2
2026-03-11,00939,TWSE,息,15.51,15.43,0.072,1.00466382,0.072,0.0,0.0,0.0
2026-03-11,00940,TWSE,息,9.53,9.48,0.045,1.00474433,0.045,0.0,0.0,0.0
2026-03-11,00966B,TPEX,息,14.32,14.25,0.068,1.00477126,0.068,0.0,0.0,0.0
2026-03-11,00986B,TPEX,息,10.22,10.17,0.048,1.00471884,0.048,0.0,0.0,0.0
2026-03-11,3322,TPEX,權,14.85,14.55,0.29655,1.02061856,0.0,0.0,0.10527860597,12.3
2026-03-12,00946,TWSE,息,10.08,10.02,0.058,1.00578727,0.058,0.0,0.0,0.0
2026-03-12,00950B,TPEX,息,14.37,14.31,0.065,1.00454387,0.065,0.0,0.0,0.0
2026-03-12,00953B,TWSE,息,9.71,9.64,0.061,1.0063219,0.061,0.0,0.0,0.0
2026-03-12,00959B,TPEX,息,9.57,9.53,0.045,1.00472441,0.045,0.0,0.0,0.0
2026-03-12,00983B,TPEX,息,16.38,16.26,0.125,1.00768994,0.125,0.0,0.0,0.0
2026-03-12,00984B,TPEX,息,16.84,16.7,0.145,1.00868524,0.145,0.0,0.0,0.0
2026-03-12,00985B,TWSE,息,10.36,10.31,0.048,1.00465477,0.048,0.0,0.0,0.0
2026-03-12,1342,TWSE,息,95.9,89.9,6.0,1.06674082,6.0,0.0,0.0,0.0
2026-03-12,2762,TWSE,息,79.4,75.28,4.111195,1.05460566,4.111195,0.0,0.0,0.0
2026-03-13,01009T,TWSE,息,5.99,5.85,0.130164,1.02221291,0.130164,0.0,0.0,0.0
2026-03-16,00936,TWSE,息,17.6,17.5,0.1,1.00571429,0.1,0.0,0.0,0.0
2026-03-16,00942B,TPEX,息,14.34,14.28,0.062,1.00434234,0.062,0.0,0.0,0.0
2026-03-16,00962,TWSE,息,11.0,10.95,0.05,1.00456621,0.05,0.0,0.0,0.0
2026-03-16,00970B,TPEX,息,9.38,9.33,0.052,1.00557461,0.052,0.0,0.0,0.0
2026-03-16,00980B,TPEX,息,9.48,9.43,0.047,1.00498251,0.047,0.0,0.0,0.0
2026-03-16,01010T,TWSE,息,10.06,9.97,0.089115,1.00893752,0.089115,0.0,0.0,0.0
2026-03-16,9802,TWSE,息,85.8,83.8,2.0,1.02386635,2.0,0.0,0.0,0.0
2026-03-17,00687B,TPEX,息,28.78,28.5,0.28,1.00982456,0.28,0.0,0.0,0.0
2026-03-17,00730,TWSE,息,22.82,22.71,0.11,1.00484368,0.11,0.0,0.0,0.0
2026-03-17,00740B,TPEX,息,38.81,38.62,0.195,1.00504985,0.195,0.0,0.0,0.0
2026-03-17,00741B,TPEX,息,37.85,37.65,0.199,1.00528538,0.199,0.0,0.0,0.0
2026-03-17,00764B,TPEX,息,28.8,28.48,0.32,1.01123596,0.32,0.0,0.0,0.0
2026-03-17,00772B,TPEX,息,33.88,33.74,0.14,1.00414938,0.14,0.0,0.0,0.0
2026-03-17,00773B,TPEX,息,36.05,35.91,0.145,1.00403843,0.145,0.0,0.0,0.0
2026-03-17,00777B,TPEX,息,32.89,32.76,0.135,1.00412151,0.135,0.0,0.0,0.0
2026-03-17,00778B,TPEX,息,34.5,34.37,0.135,1.00392842,0.135,0.0,0.0,0.0
2026-03-17,00779B,TPEX,息,29.19,28.89,0.299,1.01034924,0.299,0.0,0.0,0.0
2026-03-17,00781B,TPEX,息,29.14,28.69,0.45,1.01568491,0.45,0.0,0.0,0.0
2026-03-17,00792B,TPEX,息,32.06,31.64,0.425,1.01343449,0.425,0.0,0.0,0.0
2026-03-17,00793B,TPEX,息,31.16,30.77,0.395,1.01283927,0.395,0.0,0.0,0.0
2026-03-17,00840B,TPEX,息,30.17,30.06,0.115,1.00382632,0.115,0.0,0.0,0.0
2026-03-17,00853B,TPEX,息,28.03,27.68,0.347,1.01253477,0.347,0.0,0.0,0.0
2026-03-17,00859B,TPEX,息,42.02,41.41,0.614,1.01482877,0.614,0.0,0.0,0.0
2026-03-17,00862B,TPEX,息,31.96,31.54,0.42,1.01331642,0.42,0.0,0.0,0.0
2026-03-17,00863B,TPEX,息,32.53,32.15,0.38,1.0118196,0.38,0.0,0.0,0.0
2026-03-17,00890B,TPEX,息,32.42,32.28,0.14,1.00433705,0.14,0.0,0.0,0.0
2026-03-17,00896,TWSE,息,21.85,21.15,0.7,1.03309693,0.7,0.0,0.0,0.0
2026-03-17,00900,TWSE,息,14.34,14.26,0.075,1.00525762,0.075,0.0,0.0,0.0
2026-03-17,00915,TWSE,息,23.66,23.28,0.38,1.01632302,0.38,0.0,0.0,0.0
2026-03-17,00919,TWSE,息,23.91,23.13,0.78,1.03372244,0.78,0.0,0.0,0.0
2026-03-17,00921,TWSE,息,19.01,18.74,0.27,1.01440768,0.27,0.0,0.0,0.0
2026-03-17,00922,TWSE,息,30.81,28.81,2.0,1.06942034,2.0,0.0,0.0,0.0
2026-03-17,00933B,TPEX,息,16.14,16.07,0.072,1.00448096,0.072,0.0,0.0,0.0
2026-03-17,00934,TWSE,息,21.94,21.8,0.14,1.00642202,0.14,0.0,0.0,0.0
2026-03-17,00935,TWSE,息,38.06,36.86,1.2,1.03255562,1.2,0.0,0.0,0.0
2026-03-17,00937B,TPEX,息,14.87,14.8,0.072,1.00486552,0.072,0.0,0.0,0.0
2026-03-17,00943,TWSE,息,15.08,15.0,0.072,1.00479744,0.072,0.0,0.0,0.0
2026-03-17,00944,TWSE,息,15.3,15.24,0.054,1.00354191,0.054,0.0,0.0,0.0
2026-03-17,00945B,TWSE,息,14.55,14.46,0.087,1.00601535,0.087,0.0,0.0,0.0
2026-03-17,00948B,TPEX,息,9.47,9.43,0.042,1.00445482,0.042,0.0,0.0,0.0
2026-03-17,00952,TWSE,息,12.94,12.89,0.05,1.00387898,0.05,0.0,0.0,0.0
2026-03-17,00957B,TPEX,息,13.59,13.52,0.072,1.00532623,0.072,0.0,0.0,0.0
2026-03-17,00961,TWSE,息,10.38,10.25,0.122,1.01189316,0.122,0.0,0.0,0.0
2026-03-17,00963,TWSE,息,12.32,12.27,0.045,1.00366599,0.045,0.0,0.0,0.0
2026-03-17,00964,TWSE,息,13.87,13.77,0.093,1.00675038,0.093,0.0,0.0,0.0
2026-03-17,00972,TWSE,息,18.92,18.65,0.27,1.01447721,0.27,0.0,0.0,0.0
2026-03-17,009802,TWSE,息,12.88,12.78,0.092,1.00719424,0.092,0.0,0.0,0.0
2026-03-17,009803,TWSE,息,15.53,15.28,0.25,1.01636126,0.25,0.0,0.0,0.0
2026-03-17,00980D,TPEX,息,20.57,20.46,0.114,1.00557294,0.114,0.0,0.0,0.0
2026-03-17,00981A,TWSE,息,20.27,19.86,0.41,1.02064451,0.41,0.0,0.0,0.0
2026-03-17,00981D,TPEX,息,10.46,10.38,0.08,1.00770713,0.08,0.0,0.0,0.0
2026-03-17,00981T,TWSE,息,11.1,11.04,0.057,1.00516164,0.057,0.0,0.0,0.0
2026-03-17,00982B,TPEX,息,9.86,9.82,0.042,1.00427786,0.042,0.0,0.0,0.0
2026-03-17,00982D,TWSE,息,10.08,10.02,0.052,1.00518548,0.052,0.0,0.0,0.0
2026-03-17,00983D,TWSE,息,10.28,10.22,0.06,1.00587084,0.06,0.0,0.0,0.0
2026-03-17,2330,TWSE,息,1845.0,1838.99,6.000035,1.00326266,6.000035,0.0,0.0,0.0
2026-03-18,00710B,TWSE,息,19.03,18.73,0.3,1.01601708,0.3,0.0,0.0,0.0
2026-03-18,00711B,TWSE,息,16.28,16.08,0.2,1.01243781,0.2,0.0,0.0,0.0
2026-03-18,00712,TWSE,息,8.99,8.8,0.19,1.02159091,0.19,0.0,0.0,0.0
2026-03-18,00929,TWSE,息,19.93,19.82,0.11,1.00554995,0.11,0.0,0.0,0.0
2026-03-18,1712,TWSE,息,47.0,44.5,2.5,1.05617978,2.5,0.0,0.0,0.0
2026-03-18,3587,TPEX,權,187.0,186.27,0.734608,1.00391904,0.0,0.0,0.02237494398,160.0
2026-03-19,00728,TWSE,息,46.13,45.61,0.52,1.01140101,0.52,0.0,0.0,0.0
2026-03-19,00918,TWSE,息,23.68,23.06,0.62,1.02688638,0.62,0.0,0.0,0.0
2026-03-19,00981B,TPEX,息,9.33,9.27,0.061,1.00658108,0.061,0.0,0.0,0.0
2026-03-19,2301,TWSE,息,170.0,167.0,3.0,1.01796407,3.0,0.0,0.0,0.0
2026-03-19,2430,TWSE,息,22.75,21.95,0.8,1.03644647,0.8,0.0,0.0,0.0
2026-03-19,2613,TWSE,息,26.1,25.1,1.0,1.03984064,1.0,0.0,0.0,0.0
2026-03-19,3008,TWSE,息,2440.0,2388.0,52.0,1.02177554,52.0,0.0,0.0,0.0
2026-03-19,3029,TWSE,息,118.0,112.5,5.5,1.04888889,5.5,0.0,0.0,0.0
2026-03-19,3038,TWSE,息,23.5,22.3,1.2,1.05381166,1.2,0.0,0.0,0.0
2026-03-19,4440,TWSE,息,18.35,17.35,1.0,1.05763689,1.0,0.0,0.0,0.0
2026-03-19,5306,TWSE,息,89.2,88.16,1.034104,1.01172907,1.034104,0.0,0.0,0.0
2026-03-19,6720,TPEX,息,173.0,169.5,3.5,1.02064897,3.50000001,0.0,0.0,0.0
2026-03-19,6955,TWSE,息,167.0,165.5,1.5,1.00906344,1.5,0.0,0.0,0.0
2026-03-19,9105,TWSE,息,5.93,5.84,0.087264,1.01493547,0.087264,0.0,0.0,0.0
2026-03-20,00697B,TPEX,息,36.55,36.24,0.31,1.00855408,0.31,0.0,0.0,0.0
2026-03-20,00713,TWSE,息,52.5,51.72,0.78,1.01508121,0.78,0.0,0.0,0.0
2026-03-20,00751B,TPEX,息,32.14,31.73,0.41,1.01292153,0.41,0.0,0.0,0.0
2026-03-20,00787B,TPEX,息,33.05,32.64,0.41,1.01256127,0.41,0.0,0.0,0.0
2026-03-20,00967B,TPEX,息,9.36,9.33,0.033,1.00353812,0.033,0.0,0.0,0.0
2026-03-20,00968B,TPEX,息,9.33,9.29,0.043,1.00463013,0.043,0.0,0.0,0.0
2026-03-20,2006,TWSE,息,75.0,70.7,4.3,1.06082037,4.3,0.0,0.0,0.0
2026-03-20,2630,TWSE,息,51.1,50.2,0.9,1.01792829,0.9,0.0,0.0,0.0
2026-03-20,3260,TPEX,息,525.0,508.0,17.0,1.03346457,17.0,0.0,0.0,0.0
2026-03-20,5234,TWSE,息,392.0,385.5,6.5,1.01686122,6.5,0.0,0.0,0.0
2026-03-20,6235,TWSE,息,49.1,47.9,1.2,1.02505219,1.2,0.0,0.0,0.0
2026-03-20,6548,TPEX,息,46.8,46.35,0.450012,1.00970899,0.45001156,0.0,0.0,0.0
2026-03-20,6910,TPEX,息,32.3,30.55,1.75,1.05728314,1.75,0.0,0.0,0.0
2026-03-23,00836B,TPEX,息,29.36,28.99,0.375,1.01293773,0.375,0.0,0.0,0.0
2026-03-23,00856B,TPEX,息,38.3,37.97,0.335,1.00882392,0.335,0.0,0.0,0.0
2026-03-23,00857B,TPEX,息,24.03,23.78,0.25,1.01051304,0.25,0.0,0.0,0.0
2026-03-23,00930,TWSE,息,17.77,17.62,0.15,1.00851305,0.15,0.0,0.0,0.0
2026-03-23,00958B,TPEX,息,9.38,9.34,0.044,1.00471294,0.044,0.0,0.0,0.0
2026-03-23,4163,TPEX,息,108.0,104.5,3.5,1.03349282,3.5,0.0,0.0,0.0
2026-03-24,1623,TWSE,息,200.0,192.0,8.0,1.04166667,8.0,0.0,0.0,0.0
2026-03-24,5478,TPEX,息,110.0,102.5,7.5,1.07317073,7.5,0.0,0.0,0.0
2026-03-25,3005,TWSE,息,127.0,120.21,6.789056,1.05647619,6.789056,0.0,0.0,0.0
2026-03-25,4949,TWSE,息,61.0,59.6,1.4,1.02348993,1.4,0.0,0.0,0.0
2026-03-25,6281,TWSE,息,60.5,57.2,3.3,1.05769231,3.3,0.0,0.0,0.0
2026-03-25,6894,TPEX,息,374.5,366.0,8.5,1.02322404,8.5,0.0,0.0,0.0
2026-03-25,8464,TWSE,息,383.0,367.0,16.0,1.04359673,16.0,0.0,0.0,0.0
2026-03-26,1477,TWSE,息,268.0,259.0,9.0,1.03474903,9.0,0.0,0.0,0.0
2026-03-26,1611,TWSE,息,13.3,12.5,0.8,1.064,0.8,0.0,0.0,0.0
2026-03-26,2015,TWSE,息,68.1,64.8,3.3,1.05092593,3.3,0.0,0.0,0.0
2026-03-26,2101,TWSE,息,35.2,34.5,0.7,1.02028986,0.7,0.0,0.0,0.0
2026-03-26,2108,TWSE,息,25.35,24.35,1.0,1.04106776,1.0,0.0,0.0,0.0
2026-03-26,2109,TWSE,息,15.15,14.65,0.5,1.03412969,0.5,0.0,0.0,0.0
2026-03-26,2458,TWSE,息,135.0,130.57,4.424533,1.03388487,4.424533,0.0,0.0,0.0
2026-03-26,2528,TWSE,息,26.95,25.45,1.5,1.0589391,1.5,0.0,0.0,0.0
2026-03-26,2947,TPEX,息,80.0,78.9,1.1,1.0139417,1.1,0.0,0.0,0.0
2026-03-26,3188,TPEX,息,32.3,29.1,3.195515,1.10979461,3.19551547,0.0,0.0,0.0
2026-03-26,3218,TPEX,息,138.5,130.75,7.75,1.05927342,7.75,0.0,0.0,0.0
2026-03-26,3596,TWSE,息,177.5,168.5,9.0,1.05341246,9.0,0.0,0.0,0.0
2026-03-26,4105,TPEX,息,80.0,75.5,4.5,1.05960265,4.5,0.0,0.0,0.0
2026-03-26,4420,TPEX,息,48.4,45.4,3.0,1.0660793,3.0,0.0,0.0,0.0
2026-03-26,4930,TWSE,息,20.0,19.4,0.6,1.03092784,0.6,0.0,0.0,0.0
2026-03-26,5403,TPEX,息,107.0,100.5,6.5,1.06467662,6.5,0.0,0.0,0.0
2026-03-26,5520,TPEX,息,88.1,81.1,7.0,1.08631319,7.0,0.0,0.0,0.0
2026-03-26,6020,TPEX,息,19.3,19.03,0.272666,1.0143302,0.27266554,0.0,0.0,0.0
2026-03-26,6151,TPEX,息,31.15,29.65,1.5,1.05059022,1.5,0.0,0.0,0.0
2026-03-26,6188,TPEX,息,94.9,93.2,1.7,1.01824034,1.7,0.0,0.0,0.0
2026-03-26,6415,TWSE,息,293.5,290.94,2.55261,1.00877344,2.55261,0.0,0.0,0.0
2026-03-26,6423,TPEX,息,89.8,88.8,1.0,1.01126126,1.0,0.0,0.0,0.0
2026-03-26,6523,TPEX,息,118.5,116.5,2.0,1.01716738,2.0,0.0,0.0,0.0
2026-03-26,6534,TWSE,息,93.4,89.1,4.3,1.04826038,4.3,0.0,0.0,0.0
2026-03-26,6596,TPEX,息,144.0,125.3,18.7,1.14924182,18.7,0.0,0.0,0.0
2026-03-26,6642,TPEX,息,55.2,53.4,1.8,1.03370787,1.8,0.0,0.0,0.0
2026-03-26,6703,TPEX,息,120.5,115.7,4.8,1.0414866,4.8,0.0,0.0,0.0
2026-03-26,6761,TPEX,息,189.0,183.0,6.0,1.03278689,6.0,0.0,0.0,0.0
2026-03-26,6865,TPEX,息,34.55,33.15,1.402462,1.04230967,1.40246153,0.0,0.0,0.0
2026-03-26,6953,TPEX,息,227.5,221.5,6.0,1.02708804,6.0,0.0,0.0,0.0
2026-03-26,7732,TWSE,息,36.7,35.2,1.5,1.04261364,1.5,0.0,0.0,0.0
2026-03-26,7736,TWSE,息,82.9,79.1,3.8,1.04804046,3.8,0.0,0.0,0.0
2026-03-26,8109,TPEX,息,101.0,96.5,4.5,1.04663212,4.5,0.0,0.0,0.0
2026-03-26,8367,TWSE,息,46.0,43.15,2.85,1.06604867,2.85,0.0,0.0,0.0
2026-03-26,8908,TPEX,息,42.4,40.9,1.5,1.03667482,1.5,0.0,0.0,0.0
2026-03-26,9949,TPEX,息,27.2,25.0,2.2,1.088,2.2,0.0,0.0,0.0
2026-03-27,1295,TPEX,息,69.0,66.0,3.0,1.04545455,3.0,0.0,0.0,0.0
2026-03-27,1457,TWSE,息,16.3,15.3,1.0,1.06535948,1.0,0.0,0.0,0.0
2026-03-27,2324,TWSE,息,31.5,30.4,1.1,1.03618421,1.1,0.0,0.0,0.0
2026-03-27,2344,TWSE,息,96.0,95.5,0.5,1.0052356,0.5,0.0,0.0,0.0
2026-03-27,2387,TWSE,息,44.6,40.6,4.0,1.09852217,4.0,0.0,0.0,0.0
2026-03-27,2483,TWSE,息,21.15,20.85,0.3,1.01438849,0.3,0.0,0.0,0.0
2026-03-27,2496,TWSE,息,69.6,66.6,3.0,1.04504505,3.0,0.0,0.0,0.0
2026-03-27,2941,TPEX,息,41.75,39.47,2.28,1.05776539,2.28,0.0,0.0,0.0
2026-03-27,4583,TWSE,息,679.0,669.0,10.0,1.01494768,10.0,0.0,0.0,0.0
2026-03-27,5225,TWSE,息,90.0,82.79,7.209998,1.08708779,7.209998,0.0,0.0,0.0
2026-03-27,5283,TWSE,息,56.0,55.8,0.2,1.00358423,0.2,0.0,0.0,0.0
2026-03-27,6581,TWSE,息,111.5,106.2,5.3,1.04990584,5.3,0.0,0.0,0.0
2026-03-27,6651,TPEX,息,90.9,86.9,4.0,1.04602992,4.0,0.0,0.0,0.0
2026-03-27,6697,TPEX,息,45.05,42.45,2.6,1.06124853,2.6,0.0,0.0,0.0
2026-03-27,6752,TPEX,息,118.5,114.0,4.5,1.03947368,4.5,0.0,0.0,0.0
2026-03-27,6918,TWSE,息,85.0,80.0,5.0,1.0625,5.0,0.0,0.0,0.0
2026-03-27,6967,TPEX,息,68.8,65.1,3.7,1.05683564,3.7,0.0,0.0,0.0
2026-03-27,7631,TWSE,息,116.5,115.75,0.75,1.00647948,0.75,0.0,0.0,0.0
2026-03-27,7713,TPEX,息,73.5,69.4,4.1,1.05907781,4.1,0.0,0.0,0.0
2026-03-27,8401,TPEX,息,26.6,25.4,1.2,1.04724409,1.2,0.0,0.0,0.0
2026-03-27,8926,TWSE,權,46.6,44.92,1.670517,1.03739982,0.0,0.0,0.10954672305,32.73
2026-03-27,8930,TPEX,息,32.1,29.9,2.2,1.0735786,2.2,0.0,0.0,0.0
2026-03-27,8938,TPEX,息,65.3,61.3,4.0,1.06525285,4.0,0.0,0.0,0.0
2026-03-27,8996,TWSE,息,845.0,840.44,4.555207,1.00542,4.555207,0.0,0.0,0.0
2026-03-30,2910,TWSE,息,23.05,22.01,1.04,1.04725125,1.04,0.0,0.0,0.0
2026-03-30,2937,TPEX,息,48.65,46.55,2.1,1.04511278,2.1,0.0,0.0,0.0
2026-03-30,3158,TPEX,息,99.5,93.0,6.5,1.06989247,6.5,0.0,0.0,0.0
2026-03-30,5222,TWSE,息,135.0,132.5,2.5,1.01886792,2.5,0.0,0.0,0.0
2026-03-31,00939,TWSE,息,15.32,15.24,0.072,1.00472193,0.072,0.0,0.0,0.0
2026-03-31,00966B,TPEX,息,13.9,13.83,0.068,1.00491614,0.068,0.0,0.0,0.0
2026-03-31,00986B,TPEX,息,9.9,9.86,0.043,1.00436238,0.043,0.0,0.0,0.0
2026-03-31,1414,TWSE,息,17.45,17.25,0.2,1.0115942,0.2,0.0,0.0,0.0
2026-03-31,4728,TPEX,息,394.0,381.9,12.1,1.03168369,12.1,0.0,0.0,0.0
2026-03-31,7751,TPEX,息,1500.0,1482.0,18.0,1.01214575,18.0,0.0,0.0,0.0
2026-04-01,00950B,TPEX,息,14.24,14.18,0.065,1.00458554,0.065,0.0,0.0,0.0
2026-04-01,00959B,TPEX,息,9.43,9.38,0.048,1.00511618,0.048,0.0,0.0,0.0
2026-04-01,00983B,TPEX,息,16.15,16.09,0.064,1.00397861,0.064,0.0,0.0,0.0
2026-04-01,00984B,TPEX,息,16.51,16.43,0.081,1.00493031,0.081,0.0,0.0,0.0
2026-04-01,01004T,TWSE,息,11.11,10.89,0.216117,1.01983838,0.216117,0.0,0.0,0.0
2026-04-01,1445,TWSE,息,13.4,12.9,0.5,1.03875969,0.5,0.0,0.0,0.0
2026-04-01,2065,TPEX,息,31.75,30.25,1.5,1.04958678,1.5,0.0,0.0,0.0
2026-04-01,2611,TWSE,息,14.35,13.83,0.52,1.03759942,0.52,0.0,0.0,0.0
2026-04-01,4760,TPEX,息,196.5,192.0,4.5,1.0234375,4.5,0.0,0.0,0.0
2026-04-01,4770,TWSE,息,216.5,210.5,6.0,1.02850356,6.0,0.0,0.0,0.0
2026-04-01,5007,TWSE,息,58.2,55.2,3.0,1.05434783,3.0,0.0,0.0,0.0
2026-04-01,5278,TPEX,息,24.9,24.73,0.166667,1.00673854,0.16666667,0.0,0.0,0.0
2026-04-01,6148,TPEX,息,34.45,33.22,1.23,1.03702589,1.23,0.0,0.0,0.0
2026-04-01,6291,TPEX,息,344.0,338.0,6.0,1.01775148,6.0,0.0,0.0,0.0
2026-04-01,6590,TPEX,息,72.0,69.2,2.8,1.04046243,2.8,0.0,0.0,0.0
2026-04-01,7750,TWSE,息,1265.0,1249.0,16.0,1.01281025,16.0,0.0,0.0,0.0
2026-04-01,9911,TWSE,息,88.0,83.0,5.0,1.06024096,5.0,0.0,0.0,0.0
2026-04-02,00946,TWSE,息,10.11,10.05,0.058,1.00577,0.058,0.0,0.0,0.0
2026-04-02,00953B,TWSE,息,9.69,9.62,0.061,1.00633503,0.061,0.0,0.0,0.0
2026-04-02,00985B,TWSE,息,10.35,10.3,0.048,1.00465929,0.048,0.0,0.0,0.0
2026-04-02,4966,TPEX,息,482.0,473.09,8.909385,1.0188323,8.9093851,0.0,0.0,0.0
2026-04-02,6831,TWSE,息,407.0,404.0,3.0,1.00742574,3.0,0.0,0.0,0.0
2026-04-07,8102,TPEX,息,56.8,55.8,1.0,1.01792115,1.0,0.0,0.0,0.0
2026-04-08,3164,TWSE,息,18.7,17.9,0.8,1.04469274,0.8,0.0,0.0,0.0
2026-04-08,4207,TPEX,息,19.7,18.5,1.2,1.06486486,1.2,0.0,0.0,0.0
2026-04-08,5212,TPEX,息,57.7,53.5,4.2,1.07850467,4.2,0.0,0.0,0.0
2026-04-09,00940,TWSE,息,9.82,9.77,0.045,1.00460358,0.045,0.0,0.0,0.0
2026-04-09,2070,TPEX,息,38.6,37.6,1.0,1.02659574,1.0,0.0,0.0,0.0
2026-04-09,2535,TWSE,息,72.0,67.4,4.6,1.06824926,4.6,0.0,0.0,0.0
2026-04-09,2732,TPEX,息,67.4,65.4,2.0,1.03058104,2.0,0.0,0.0,0.0
2026-04-09,2751,TPEX,息,61.2,58.7,2.499368,1.0425782,2.49936756,0.0,0.0,0.0
2026-04-09,2752,TPEX,息,212.0,198.5,13.5,1.06801008,13.5,0.0,0.0,0.0
2026-04-09,2756,TPEX,息,70.4,68.4,2.0,1.02923977,2.0,0.0,0.0,0.0
2026-04-09,3004,TWSE,息,112.0,109.45,2.547551,1.02327541,2.547551,0.0,0.0,0.0
2026-04-09,4542,TPEX,息,172.0,171.07,0.934569,1.00546322,0.9345689,0.0,0.0,0.0
2026-04-09,4566,TWSE,息,58.1,57.41,0.682748,1.01189099,0.682748,0.0,0.0,0.0
2026-04-09,5388,TWSE,息,81.6,79.1,2.5,1.03160556,2.5,0.0,0.0,0.0
2026-04-09,6028,TPEX,息,90.2,84.2,6.0,1.07125891,6.0,0.0,0.0,0.0
2026-04-09,6104,TPEX,息,92.2,87.7,4.5,1.05131129,4.5,0.0,0.0,0.0
2026-04-09,6649,TPEX,息,43.3,42.3,1.0,1.02364066,1.0,0.0,0.0,0.0
2026-04-09,6830,TWSE,息,662.0,661.0,1.0,1.00151286,1.0,0.0,0.0,0.0
2026-04-10,2072,TWSE,息,190.0,182.91,7.083333,1.03872437,7.083333,0.0,0.0,0.0
2026-04-10,3289,TPEX,息,150.5,149.3,1.195912,1.00800991,1.19591221,0.0,0.0,0.0
2026-04-10,4532,TWSE,息,25.95,24.45,1.5,1.06134969,1.5,0.0,0.0,0.0
2026-04-10,4735,TPEX,息,31.5,31.0,0.5,1.01612903,0.5,0.0,0.0,0.0
2026-04-10,6143,TPEX,息,99.9,93.9,6.0,1.06389776,6.0,0.0,0.0,0.0
2026-04-10,6895,TPEX,息,178.5,175.6,2.9,1.01651481,2.9,0.0,0.0,0.0
2026-04-15,1475,TWSE,息,30.45,28.95,1.5,1.05181347,1.5,0.0,0.0,0.0
2026-04-16,1451,TWSE,息,18.65,17.65,1.0,1.05665722,1.0,0.0,0.0,0.0
2026-04-16,1524,TWSE,息,30.6,29.2,1.4,1.04794521,1.4,0.0,0.0,0.0
2026-04-16,1604,TWSE,息,25.35,23.85,1.5,1.06289308,1.5,0.0,0.0,0.0
2026-04-16,2020,TWSE,息,25.15,23.35,1.8,1.07708779,1.8,0.0,0.0,0.0
2026-04-16,2032,TWSE,息,17.0,16.5,0.5,1.03030303,0.5,0.0,0.0,0.0
2026-04-16,2481,TWSE,息,100.0,98.2,1.8,1.01832994,1.8,0.0,0.0,0.0
2026-04-16,2707,TWSE,息,191.5,180.75,10.7496,1.05947207,10.7496,0.0,0.0,0.0
2026-04-16,3021,TWSE,息,16.9,16.3,0.6,1.03680982,0.6,0.0,0.0,0.0
2026-04-16,3526,TPEX,息,291.5,274.66,16.841127,1.06131652,16.84112667,0.0,0.0,0.0
2026-04-16,4173,TPEX,息,20.5,19.46,1.04,1.05344296,1.04,0.0,0.0,0.0
2026-04-16,4528,TPEX,息,17.2,17.0,0.2,1.01176471,0.2,0.0,0.0,0.0
2026-04-16,4973,TPEX,息,78.1,77.1,1.0,1.01297017,1.0,0.0,0.0,0.0
2026-04-16,5287,TPEX,息,166.5,161.25,5.25,1.03255814,5.25,0.0,0.0,0.0
2026-04-16,6015,TPEX,息,13.6,13.05,0.549821,1.04213127,0.54982057,0.0,0.0,0.0
2026-04-16,6021,TPEX,息,31.0,29.0,2.001025,1.0690033,2.00102488,0.0,0.0,0.0
2026-04-16,6128,TWSE,息,20.9,20.4,0.5,1.0245098,0.5,0.0,0.0,0.0
2026-04-16,6182,TPEX,權,36.65,36.35,0.298181,1.00825309,0.0,0.0,0.027894084,27.8
2026-04-16,6224,TWSE,息,57.7,56.45,1.25,1.02214349,1.25,0.0,0.0,0.0
2026-04-16,6274,TPEX,息,946.0,938.49,7.506577,1.00799854,7.506577,0.0,0.0,0.0
2026-04-16,6294,TPEX,息,41.9,38.9,3.0,1.07712082,3.0,0.0,0.0,0.0
2026-04-16,6625,TWSE,息,81.6,76.6,5.0,1.06527415,5.0,0.0,0.0,0.0
2026-04-16,6672,TWSE,息,155.5,152.15,3.35,1.02201775,3.35,0.0,0.0,0.0
2026-04-16,6712,TPEX,息,143.5,140.0,3.5,1.025,3.5,0.0,0.0,0.0
2026-04-16,6756,TWSE,息,74.6,73.7,0.899935,1.01221078,0.899935,0.0,0.0,0.0
2026-04-16,6791,TPEX,息,123.5,120.0,3.502244,1.02918591,3.50224411,0.0,0.0,0.0
2026-04-16,6807,TWSE,息,40.7,38.2,2.5,1.06544503,2.5,0.0,0.0,0.0
2026-04-16,8433,TPEX,息,61.3,57.1,4.2,1.07355517,4.2,0.0,0.0,0.0
2026-04-16,8446,TPEX,息,99.1,91.1,8.0,1.08781559,8.0,0.0,0.0,0.0
2026-04-17,00734B,TPEX,息,15.99,15.83,0.16,1.01010739,0.16,0.0,0.0,0.0
2026-04-17,00842B,TPEX,息,31.95,31.15,0.8,1.02568218,0.8,0.0,0.0,0.0
2026-04-17,00904,TWSE,息,32.68,32.0,0.68,1.02125,0.68,0.0,0.0,0.0
2026-04-17,00936,TWSE,息,18.4,18.3,0.1,1.00546448,0.1,0.0,0.0,0.0
2026-04-17,00942B,TPEX,息,14.52,14.46,0.062,1.00428828,0.062,0.0,0.0,0.0
2026-04-17,00947,TWSE,息,26.7,26.58,0.12,1.00451467,0.12,0.0,0.0,0.0
2026-04-17,00962,TWSE,息,11.94,11.89,0.05,1.00420521,0.05,0.0,0.0,0.0
2026-04-17,00970B,TPEX,息,9.48,9.43,0.052,1.00551549,0.052,0.0,0.0,0.0
2026-04-17,00980B,TPEX,息,9.6,9.55,0.047,1.00491992,0.047,0.0,0.0,0.0
2026-04-20,0052,TWSE,息,50.05,48.85,1.199,1.02454402,1.199,0.0,0.0,0.0
2026-04-20,00694B,TPEX,息,41.81,41.55,0.256,1.00616066,0.256,0.0,0.0,0.0
2026-04-20,00695B,TPEX,息,35.54,35.28,0.262,1.00742672,0.262,0.0,0.0,0.0
2026-04-20,00696B,TPEX,息,29.3,29.03,0.275,1.00947459,0.275,0.0,0.0,0.0
2026-04-20,00714,TWSE,息,21.38,21.25,0.123,1.00578633,0.123,0.0,0.0,0.0
2026-04-20,00717,TWSE,息,15.17,15.02,0.141,1.00938186,0.141,0.0,0.0,0.0
2026-04-20,00722B,TPEX,息,36.48,35.96,0.525,1.01460159,0.525,0.0,0.0,0.0
2026-04-20,00723B,TPEX,息,31.17,30.73,0.44,1.01431826,0.44,0.0,0.0,0.0
2026-04-20,00724B,TPEX,息,34.08,33.59,0.49,1.01458767,0.49,0.0,0.0,0.0
2026-04-20,00725B,TPEX,息,35.47,34.98,0.49,1.014008,0.49,0.0,0.0,0.0
2026-04-20,00727B,TPEX,息,40.2,39.35,0.85,1.02160102,0.85,0.0,0.0,0.0
2026-04-20,00730,TWSE,息,24.78,24.67,0.11,1.00445886,0.11,0.0,0.0,0.0
2026-04-20,00733,TWSE,息,62.4,61.82,0.578,1.00934942,0.578,0.0,0.0,0.0
2026-04-20,00740B,TPEX,息,38.83,38.64,0.195,1.00504724,0.195,0.0,0.0,0.0
2026-04-20,00741B,TPEX,息,37.67,37.47,0.199,1.00531077,0.199,0.0,0.0,0.0
2026-04-20,00746B,TPEX,息,35.98,35.55,0.426,1.01198177,0.426,0.0,0.0,0.0
2026-04-20,00749B,TPEX,息,32.1,31.68,0.42,1.01325758,0.42,0.0,0.0,0.0
2026-04-20,00750B,TPEX,息,33.46,33.06,0.4,1.01209921,0.4,0.0,0.0,0.0
2026-04-20,00772B,TPEX,息,33.97,33.83,0.14,1.00413834,0.14,0.0,0.0,0.0
2026-04-20,00773B,TPEX,息,35.95,35.81,0.145,1.00404971,0.145,0.0,0.0,0.0
2026-04-20,00777B,TPEX,息,32.9,32.76,0.14,1.0042735,0.14,0.0,0.0,0.0
2026-04-20,00778B,TPEX,息,34.45,34.31,0.138,1.00402192,0.138,0.0,0.0,0.0
2026-04-20,00782B,TPEX,息,30.93,30.43,0.5,1.01643115,0.5,0.0,0.0,0.0
2026-04-20,00785B,TPEX,息,35.2,34.77,0.434,1.01248346,0.434,0.0,0.0,0.0
2026-04-20,00840B,TPEX,息,30.23,30.11,0.12,1.00398539,0.12,0.0,0.0,0.0
2026-04-20,00848B,TPEX,息,34.75,34.38,0.37,1.01076207,0.37,0.0,0.0,0.0
2026-04-20,00849B,TPEX,息,37.45,37.12,0.33,1.00889009,0.33,0.0,0.0,0.0
2026-04-20,00884B,TPEX,息,30.15,29.79,0.36,1.01208459,0.36,0.0,0.0,0.0
2026-04-20,00890B,TPEX,息,32.47,32.32,0.15,1.00464109,0.15,0.0,0.0,0.0
2026-04-20,00900,TWSE,息,15.07,14.99,0.075,1.00500167,0.075,0.0,0.0,0.0
2026-04-20,00905,TWSE,息,22.21,21.61,0.6,1.02776492,0.6,0.0,0.0,0.0
2026-04-20,00908,TWSE,息,14.18,14.05,0.121,1.00860659,0.121,0.0,0.0,0.0
2026-04-20,00909,TWSE,息,44.31,41.56,2.75,1.06616939,2.75,0.0,0.0,0.0
2026-04-20,00912,TWSE,息,27.6,26.85,0.75,1.02793296,0.75,0.0,0.0,0.0
2026-04-20,00927,TWSE,息,28.22,27.28,0.94,1.03445748,0.94,0.0,0.0,0.0
2026-04-20,00931B,TPEX,息,13.62,13.48,0.141,1.01046072,0.141,0.0,0.0,0.0
2026-04-20,00933B,TPEX,息,16.08,16.01,0.072,1.00449775,0.072,0.0,0.0,0.0
2026-04-20,00934,TWSE,息,22.93,22.78,0.143,1.00627551,0.143,0.0,0.0,0.0
2026-04-20,00937B,TPEX,息,14.92,14.85,0.072,1.00484914,0.072,0.0,0.0,0.0
2026-04-20,00943,TWSE,息,17.19,17.11,0.071,1.00414744,0.071,0.0,0.0,0.0
2026-04-20,00944,TWSE,息,17.0,16.94,0.054,1.00318659,0.054,0.0,0.0,0.0
2026-04-20,00945B,TWSE,息,14.55,14.46,0.087,1.00601535,0.087,0.0,0.0,0.0
2026-04-20,00948B,TPEX,息,9.5,9.46,0.042,1.00444069,0.042,0.0,0.0,0.0
2026-04-20,00952,TWSE,息,15.29,15.24,0.05,1.00328084,0.05,0.0,0.0,0.0
2026-04-20,00956,TWSE,息,12.34,12.14,0.2,1.01647446,0.2,0.0,0.0,0.0
2026-04-20,00957B,TPEX,息,13.55,13.49,0.063,1.00467116,0.063,0.0,0.0,0.0
2026-04-20,00960,TWSE,息,17.61,17.38,0.225,1.01294219,0.225,0.0,0.0,0.0
2026-04-20,00961,TWSE,息,10.31,10.26,0.049,1.00477536,0.049,0.0,0.0,0.0
2026-04-20,00963,TWSE,息,12.95,12.9,0.045,1.00348702,0.045,0.0,0.0,0.0
2026-04-20,00964,TWSE,息,13.91,13.81,0.1,1.00724113,0.1,0.0,0.0,0.0
2026-04-20,009804,TWSE,息,18.92,18.04,0.876,1.04854799,0.876,0.0,0.0,0.0
2026-04-20,00980D,TPEX,息,20.56,20.45,0.114,1.00557566,0.114,0.0,0.0,0.0
2026-04-20,00981D,TPEX,息,10.43,10.36,0.07,1.00675676,0.07,0.0,0.0,0.0
2026-04-20,00981T,TWSE,息,11.45,11.39,0.057,1.00500307,0.057,0.0,0.0,0.0
2026-04-20,00982B,TPEX,息,9.91,9.87,0.042,1.00425618,0.042,0.0,0.0,0.0
2026-04-20,00982D,TWSE,息,10.04,9.98,0.052,1.00520625,0.052,0.0,0.0,0.0
2026-04-20,00983D,TWSE,息,10.22,10.16,0.06,1.00590551,0.06,0.0,0.0,0.0
2026-04-20,00984A,TWSE,息,14.14,13.87,0.268,1.01931949,0.268,0.0,0.0,0.0
2026-04-21,00789B,TPEX,息,49.16,48.51,0.65,1.0133993,0.65,0.0,0.0,0.0
2026-04-21,00791B,TPEX,息,57.15,56.55,0.6,1.01061008,0.6,0.0,0.0,0.0
2026-04-21,00929,TWSE,息,21.78,21.65,0.13,1.00600462,0.13,0.0,0.0,0.0
2026-04-22,00834B,TPEX,息,34.61,34.24,0.372,1.01086512,0.372,0.0,0.0,0.0
2026-04-22,00981B,TPEX,息,9.34,9.28,0.063,1.00679099,0.063,0.0,0.0,0.0
2026-04-23,0056,TWSE,息,42.61,41.61,1.0,1.02403268,1.0,0.0,0.0,0.0
2026-04-23,00719B,TPEX,息,31.16,30.89,0.27,1.00874069,0.27,0.0,0.0,0.0
2026-04-23,00720B,TPEX,息,33.51,33.03,0.48,1.01453224,0.48,0.0,0.0,0.0
2026-04-23,00788B,TPEX,息,30.4,30.03,0.37,1.01232101,0.37,0.0,0.0,0.0
2026-04-23,00870B,TPEX,息,28.96,28.58,0.38,1.01329601,0.38,0.0,0.0,0.0
2026-04-23,00888,TPEX,息,27.29,26.24,1.05,1.04001524,1.05,0.0,0.0,0.0
2026-04-23,00907,TWSE,息,14.91,14.71,0.2,1.01359619,0.2,0.0,0.0,0.0
2026-04-23,00958B,TPEX,息,9.33,9.29,0.044,1.00473832,0.044,0.0,0.0,0.0
2026-04-23,00967B,TPEX,息,9.23,9.2,0.033,1.00358813,0.033,0.0,0.0,0.0
2026-04-23,00968B,TPEX,息,9.33,9.29,0.043,1.00463013,0.043,0.0,0.0,0.0
2026-04-23,3605,TWSE,權,73.9,72.89,1.000721,1.0138565,0.0,0.0,0.050374283,58.0
2026-04-23,4104,TWSE,息,78.6,74.3,4.3,1.05787349,4.3,0.0,0.0,0.0
2026-04-23,4138,TPEX,息,65.5,61.3,4.2,1.0685155,4.2,0.0,0.0,0.0
2026-04-23,4764,TWSE,息,222.0,221.0,1.0,1.00452489,1.0,0.0,0.0,0.0
2026-04-23,6192,TWSE,息,127.0,121.2,5.8,1.04785479,5.8,0.0,0.0,0.0
2026-04-23,6931,TWSE,息,50.3,50.06,0.24,1.00479425,0.24,0.0,0.0,0.0
2026-04-23,6996,TPEX,息,191.5,181.5,10.001786,1.0551068,10.0017858,0.0,0.0,0.0
2026-04-23,7795,TWSE,息,421.0,418.85,2.15,1.0051331,2.15,0.0,0.0,0.0
2026-04-24,1217,TWSE,息,10.3,10.05,0.25,1.02487562,0.25,0.0,0.0,0.0
2026-04-24,1315,TWSE,息,65.7,63.2,2.5,1.03955696,2.5,0.0,0.0,0.0
2026-04-24,1717,TWSE,息,78.8,77.8,1.0,1.01285347,1.0,0.0,0.0,0.0
2026-04-24,2477,TWSE,息,24.5,23.1,1.4,1.06060606,1.4,0.0,0.0,0.0
2026-04-24,6821,TPEX,息,64.4,63.31,1.085779,1.01714905,1.08577891,0.0,0.0,0.0
2026-04-24,7782,TPEX,息,30.8,28.79,2.011264,1.06986287,2.0112637,0.0,0.0,0.0
2026-04-28,00726B,TPEX,息,33.29,32.79,0.5,1.01524855,0.5,0.0,0.0,0.0
2026-04-29,1786,TWSE,息,60.6,58.69,1.90885,1.03252364,1.90885,0.0,0.0,0.0
2026-04-29,3362,TPEX,權,108.0,107.46,0.542573,1.00502513,0.0,0.0,0.02808092009,92.0
2026-05-04,00939,TWSE,息,16.84,16.76,0.072,1.00429389,0.072,0.0,0.0,0.0
2026-05-04,00950B,TPEX,息,14.1,14.04,0.065,1.00463128,0.065,0.0,0.0,0.0
2026-05-04,00959B,TPEX,息,9.37,9.32,0.048,1.00514911,0.048,0.0,0.0,0.0
2026-05-04,00966B,TPEX,息,13.89,13.82,0.068,1.00491969,0.068,0.0,0.0,0.0
2026-05-04,00983B,TPEX,息,15.69,15.63,0.064,1.00409574,0.064,0.0,0.0,0.0
2026-05-04,00984B,TPEX,息,16.35,16.27,0.082,1.00504057,0.082,0.0,0.0,0.0
2026-05-04,00984D,TWSE,息,10.16,10.07,0.085,1.00843672,0.085,0.0,0.0,0.0
2026-05-04,00986B,TPEX,息,9.94,9.9,0.043,1.00434475,0.043,0.0,0.0,0.0
2026-05-06,00946,TWSE,息,12.09,12.03,0.058,1.00482048,0.058,0.0,0.0,0.0
2026-05-06,00953B,TWSE,息,9.67,9.6,0.061,1.00634822,0.061,0.0,0.0,0.0
2026-05-06,00985B,TWSE,息,10.23,10.18,0.048,1.0047142,0.048,0.0,0.0,0.0
2026-05-06,8074,TPEX,權息,92.7,88.73,3.969808,1.04474248,1.1,0.0,0.05557307411,50.0
2026-05-07,00940,TWSE,息,10.85,10.8,0.045,1.00416474,0.045,0.0,0.0,0.0
2026-05-08,01001T,TWSE,息,12.4,11.96,0.430233,1.03594331,0.430233,0.0,0.0,0.0
2026-05-14,01002T,TWSE,息,14.68,14.22,0.457505,1.0321677,0.457505,0.0,0.0,0.0
2026-05-14,01007T,TWSE,息,13.21,12.99,0.216853,1.0166898,0.216853,0.0,0.0,0.0
2026-05-14,6712,TPEX,權,139.0,132.38,6.619047,1.05,0.0,0.04999999845,0.0,0.0
2026-05-14,8033,TWSE,權,140.0,137.66,2.332507,1.0169984,0.0,0.0,0.0628972951,108.0
2026-05-18,00775B,TWSE,息,32.29,31.94,0.35,1.01095805,0.35,0.0,0.0,0.0
2026-05-18,00844B,TPEX,息,31.56,31.15,0.41,1.01316212,0.41,0.0,0.0,0.0
2026-05-18,00867B,TPEX,息,31.15,30.74,0.41,1.01333767,0.41,0.0,0.0,0.0
2026-05-18,00936,TWSE,息,19.22,19.12,0.1,1.00523013,0.1,0.0,0.0,0.0
2026-05-18,00942B,TPEX,息,14.22,14.16,0.062,1.00437915,0.062,0.0,0.0,0.0
2026-05-18,00962,TWSE,息,13.41,13.36,0.05,1.00374251,0.05,0.0,0.0,0.0
2026-05-18,00970B,TPEX,息,9.33,9.28,0.05,1.00538793,0.05,0.0,0.0,0.0
2026-05-18,00980B,TPEX,息,9.41,9.36,0.047,1.00501976,0.047,0.0,0.0,0.0
2026-05-18,00988B,TPEX,息,19.8,19.65,0.153,1.00778745,0.153,0.0,0.0,0.0
2026-05-19,00690,TWSE,息,72.0,70.6,1.4,1.01983003,1.4,0.0,0.0,0.0
2026-05-19,00730,TWSE,息,26.19,26.08,0.11,1.00421779,0.11,0.0,0.0,0.0
2026-05-19,00740B,TPEX,息,38.24,38.05,0.195,1.00512551,0.195,0.0,0.0,0.0
2026-05-19,00741B,TPEX,息,37.33,37.13,0.199,1.0053594,0.199,0.0,0.0,0.0
2026-05-19,00754B,TPEX,息,33.17,32.81,0.365,1.01112635,0.365,0.0,0.0,0.0
2026-05-19,00755B,TPEX,息,32.5,32.06,0.443,1.01381913,0.443,0.0,0.0,0.0
2026-05-19,00756B,TPEX,息,31.04,30.55,0.49,1.01603928,0.49,0.0,0.0,0.0
2026-05-19,00761B,TPEX,息,34.19,33.79,0.4,1.01183782,0.4,0.0,0.0,0.0
2026-05-19,00772B,TPEX,息,33.24,33.1,0.14,1.00422961,0.14,0.0,0.0,0.0
2026-05-19,00773B,TPEX,息,35.43,35.29,0.145,1.00410939,0.145,0.0,0.0,0.0
2026-05-19,00777B,TPEX,息,32.11,31.97,0.14,1.00437911,0.14,0.0,0.0,0.0
2026-05-19,00778B,TPEX,息,34.06,33.92,0.14,1.00412736,0.14,0.0,0.0,0.0
2026-05-19,00780B,TPEX,息,37.19,36.71,0.48,1.01307546,0.48,0.0,0.0,0.0
2026-05-19,00795B,TPEX,息,26.43,26.1,0.33,1.01264368,0.33,0.0,0.0,0.0
2026-05-19,00799B,TPEX,息,29.43,28.98,0.45,1.01552795,0.45,0.0,0.0,0.0
2026-05-19,00840B,TPEX,息,29.6,29.48,0.12,1.00407056,0.12,0.0,0.0,0.0
2026-05-19,00841B,TPEX,息,28.72,28.38,0.34,1.01198027,0.34,0.0,0.0,0.0
2026-05-19,00845B,TPEX,息,33.27,32.88,0.394,1.01198443,0.394,0.0,0.0,0.0
2026-05-19,00846B,TPEX,息,35.92,35.48,0.437,1.01231576,0.437,0.0,0.0,0.0
2026-05-19,00847B,TPEX,息,25.34,24.99,0.35,1.0140056,0.35,0.0,0.0,0.0
2026-05-19,00860B,TPEX,息,38.19,37.77,0.42,1.01111994,0.42,0.0,0.0,0.0
2026-05-19,00864B,TPEX,息,46.49,45.93,0.56,1.01219247,0.56,0.0,0.0,0.0
2026-05-19,00878,TWSE,息,27.8,27.14,0.66,1.02431835,0.66,0.0,0.0,0.0
2026-05-19,00890B,TPEX,息,31.98,31.84,0.145,1.00455474,0.145,0.0,0.0,0.0
2026-05-19,00891,TWSE,息,33.9,32.65,1.25,1.03828484,1.25,0.0,0.0,0.0
2026-05-19,00894,TWSE,息,46.01,45.41,0.6,1.01321295,0.6,0.0,0.0,0.0
2026-05-19,00900,TWSE,息,16.69,16.61,0.075,1.00451399,0.075,0.0,0.0,0.0
2026-05-19,00932,TWSE,息,16.3,16.08,0.22,1.01368159,0.22,0.0,0.0,0.0
2026-05-19,00933B,TPEX,息,15.84,15.77,0.072,1.00456621,0.072,0.0,0.0,0.0
2026-05-19,00934,TWSE,息,25.1,24.85,0.25,1.01006036,0.25,0.0,0.0,0.0
2026-05-19,00937B,TPEX,息,14.69,14.62,0.072,1.00492543,0.072,0.0,0.0,0.0
2026-05-19,00938,TWSE,息,20.83,20.61,0.22,1.01067443,0.22,0.0,0.0,0.0
2026-05-19,00943,TWSE,息,19.75,19.66,0.09,1.00457782,0.09,0.0,0.0,0.0
2026-05-19,00944,TWSE,息,18.44,18.38,0.054,1.00293702,0.054,0.0,0.0,0.0
2026-05-19,00945B,TWSE,息,14.44,14.35,0.087,1.00606145,0.087,0.0,0.0,0.0
2026-05-19,00948B,TPEX,息,9.36,9.32,0.042,1.00450741,0.042,0.0,0.0,0.0
2026-05-19,00952,TWSE,息,17.16,17.06,0.1,1.00586166,0.1,0.0,0.0,0.0
2026-05-19,00957B,TPEX,息,13.26,13.2,0.06,1.00454545,0.06,0.0,0.0,0.0
2026-05-19,00961,TWSE,息,11.12,11.01,0.108,1.00980748,0.108,0.0,0.0,0.0
2026-05-19,00963,TWSE,息,12.61,12.52,0.086,1.00686682,0.086,0.0,0.0,0.0
2026-05-19,00964,TWSE,息,14.1,14.0,0.1,1.00714286,0.1,0.0,0.0,0.0
2026-05-19,009808,TWSE,息,28.2,27.63,0.57,1.02062975,0.57,0.0,0.0,0.0
2026-05-19,00980A,TWSE,息,22.82,22.34,0.48,1.02148612,0.48,0.0,0.0,0.0
2026-05-19,00980D,TPEX,息,20.26,20.15,0.114,1.00565869,0.114,0.0,0.0,0.0
2026-05-19,00981D,TPEX,息,10.34,10.27,0.07,1.00681597,0.07,0.0,0.0,0.0
2026-05-19,00981T,TWSE,息,11.78,11.71,0.065,1.00554844,0.065,0.0,0.0,0.0
2026-05-19,00982A,TWSE,息,22.52,21.88,0.64,1.02925046,0.64,0.0,0.0,0.0
2026-05-19,00982B,TPEX,息,9.74,9.7,0.042,1.00433079,0.042,0.0,0.0,0.0
2026-05-19,00982D,TWSE,息,9.88,9.82,0.052,1.00529101,0.052,0.0,0.0,0.0
2026-05-19,00983D,TWSE,息,10.08,10.02,0.06,1.00598802,0.06,0.0,0.0,0.0
2026-05-19,6841,TPEX,息,60.4,59.4,1.0,1.01683502,1.0,0.0,0.0,0.0
2026-05-19,7714,TPEX,息,126.0,123.0,3.0,1.02439024,3.0,0.0,0.0,0.0
2026-05-20,00731,TWSE,息,75.15,74.39,0.752,1.0101078,0.752,0.0,0.0,0.0
2026-05-20,00758B,TPEX,息,51.25,50.66,0.59,1.01164627,0.59,0.0,0.0,0.0
2026-05-20,00759B,TPEX,息,54.05,53.44,0.61,1.01141467,0.61,0.0,0.0,0.0
2026-05-20,00760B,TPEX,息,53.5,52.79,0.71,1.01344952,0.71,0.0,0.0,0.0
2026-05-20,00768B,TPEX,息,49.59,48.74,0.85,1.01743947,0.85,0.0,0.0,0.0
2026-05-20,00929,TWSE,息,25.23,25.1,0.13,1.00517928,0.13,0.0,0.0,0.0
2026-05-20,6597,TPEX,息,72.9,71.9,1.0,1.01390821,1.0,0.0,0.0,0.0
2026-05-21,00981B,TPEX,息,9.19,9.13,0.063,1.0069026,0.063,0.0,0.0,0.0
2026-05-22,00679B,TPEX,息,26.22,25.94,0.28,1.01079414,0.28,0.0,0.0,0.0
2026-05-22,00771,TWSE,息,16.1,15.89,0.21,1.01321586,0.21,0.0,0.0,0.0
2026-05-22,00786B,TPEX,息,32.45,32.07,0.38,1.01184908,0.38,0.0,0.0,0.0
2026-05-22,00850,TWSE,息,82.1,81.25,0.85,1.01046154,0.85,0.0,0.0,0.0
2026-05-22,00967B,TPEX,息,8.98,8.95,0.033,1.00368839,0.033,0.0,0.0,0.0
2026-05-22,00968B,TPEX,息,9.19,9.15,0.043,1.00470099,0.043,0.0,0.0,0.0
2026-05-22,3257,TWSE,息,56.5,53.7,2.8,1.05214153,2.8,0.0,0.0,0.0
2026-05-25,2426,TWSE,息,83.2,83.1,0.1,1.00120337,0.1,0.0,0.0,0.0
2026-05-25,2486,TWSE,息,271.0,270.5,0.49846,1.00184273,0.49846,0.0,0.0,0.0
2026-05-25,7715,TPEX,息,31.4,29.6,1.8,1.06081081,1.8,0.0,0.0,0.0
2026-05-26,00930,TWSE,息,23.3,22.99,0.31,1.01348412,0.31,0.0,0.0,0.0
2026-05-26,00958B,TPEX,息,9.25,9.21,0.044,1.00477949,0.044,0.0,0.0,0.0
2026-05-27,1215,TWSE,息,142.5,135.5,7.0,1.05166052,7.0,0.0,0.0,0.0
2026-05-27,1568,TWSE,息,35.1,34.1,1.0,1.02932551,1.0,0.0,0.0,0.0
2026-05-27,3413,TWSE,息,346.0,335.01,10.983792,1.03278585,10.983792,0.0,0.0,0.0
2026-05-27,3680,TPEX,息,589.0,584.0,4.99734,1.00855705,4.99733964,0.0,0.0,0.0
2026-05-27,4995,TPEX,息,47.65,45.66,1.992863,1.04364843,1.99286251,0.0,0.0,0.0
2026-05-27,6679,TPEX,息,343.0,336.5,6.5,1.01931649,6.5,0.0,0.0,0.0
2026-05-28,1459,TWSE,息,11.6,11.4,0.2,1.01754386,0.2,0.0,0.0,0.0
2026-05-28,1702,TWSE,息,32.9,31.3,1.6,1.05111821,1.6,0.0,0.0,0.0
2026-05-28,1708,TWSE,息,38.45,36.85,1.6,1.04341927,1.6,0.0,0.0,0.0
2026-05-28,2916,TPEX,息,47.45,43.85,3.6,1.08209806,3.6,0.0,0.0,0.0
2026-05-28,3717,TWSE,權,22.0,21.7,0.29156,1.01382488,0.0,0.0,0.1279934552,20.0
2026-05-28,4538,TPEX,息,18.7,17.7,1.0,1.05649718,1.0,0.0,0.0,0.0
2026-05-28,4585,TWSE,息,349.5,348.5,1.0,1.00286944,1.0,0.0,0.0,0.0
2026-05-28,5529,TPEX,權,22.8,21.95,0.847567,1.03860925,0.0,0.03860925232,0.0,0.0
2026-05-28,6570,TPEX,息,59.2,58.1,1.1,1.01893287,1.1,0.0,0.0,0.0
2026-05-28,6732,TPEX,息,183.0,177.5,5.5,1.03098592,5.5,0.0,0.0,0.0
2026-05-29,6568,TPEX,息,230.0,228.0,2.0,1.00877193,2.0,0.0,0.0,0.0
2026-06-01,2612,TWSE,息,57.7,55.5,2.2,1.03963964,2.2,0.0,0.0,0.0
2026-06-01,3709,TPEX,權,88.8,86.35,2.445568,1.0283729,0.0,0.0,0.1274195276,71.0
2026-06-01,4527,TPEX,息,45.95,42.95,3.0,1.06984866,3.0,0.0,0.0,0.0
2026-06-01,6176,TWSE,息,106.5,103.0,3.5,1.03398058,3.5,0.0,0.0,0.0
2026-06-01,6909,TWSE,息,53.5,52.49,1.000142,1.01905038,1.000142,0.0,0.0,0.0
2026-06-01,8924,TPEX,息,64.5,60.2,4.3,1.07142857,4.3,0.0,0.0,0.0
2026-06-02,00939,TWSE,息,20.5,20.42,0.072,1.00352457,0.072,0.0,0.0,0.0
2026-06-02,00946,TWSE,息,15.32,15.26,0.058,1.00380029,0.058,0.0,0.0,0.0
2026-06-02,00950B,TPEX,息,14.05,13.99,0.065,1.00464784,0.065,0.0,0.0,0.0
2026-06-02,00953B,TWSE,息,9.58,9.51,0.061,1.00640824,0.061,0.0,0.0,0.0
2026-06-02,00984D,TWSE,息,10.1,10.01,0.085,1.00848727,0.085,0.0,0.0,0.0
2026-06-02,00985B,TWSE,息,10.15,10.1,0.048,1.00475153,0.048,0.0,0.0,0.0
2026-06-02,00986B,TPEX,息,9.9,9.86,0.042,1.0042605,0.042,0.0,0.0,0.0
2026-06-02,1323,TWSE,息,20.95,20.05,0.9,1.04488778,0.9,0.0,0.0,0.0
2026-06-02,2313,TWSE,息,282.0,279.2,2.8,1.01002865,2.8,0.0,0.0,0.0
2026-06-02,2548,TWSE,息,122.5,114.5,8.0,1.069869,8.0,0.0,0.0,0.0
2026-06-02,4555,TWSE,息,57.1,56.6,0.5,1.00883392,0.5,0.0,0.0,0.0
2026-06-02,4912,TWSE,息,113.5,112.5,1.0,1.00888889,1.0,0.0,0.0,0.0
2026-06-02,6716,TPEX,息,104.5,102.9,1.601481,1.0155637,1.60148138,0.0,0.0,0.0
2026-06-02,6788,TPEX,息,425.5,410.5,15.0,1.0365408,15.0,0.0,0.0,0.0
2026-06-02,7744,TPEX,息,504.0,497.0,7.0,1.01408451,7.0,0.0,0.0,0.0
2026-06-02,8487,TWSE,息,82.0,77.19,4.806,1.06225872,4.806,0.0,0.0,0.0
2026-06-03,00959B,TPEX,息,9.46,9.41,0.048,1.00509987,0.048,0.0,0.0,0.0
2026-06-03,00966B,TPEX,息,14.1,14.03,0.068,1.00484607,0.068,0.0,0.0,0.0
2026-06-03,00983B,TPEX,息,15.66,15.6,0.061,1.00391051,0.061,0.0,0.0,0.0
2026-06-03,00984B,TPEX,息,16.52,16.44,0.08,1.00486618,0.08,0.0,0.0,0.0
2026-06-03,2642,TWSE,息,20.95,20.45,0.5,1.02444988,0.5,0.0,0.0,0.0
2026-06-03,5236,TPEX,息,181.0,172.0,9.0,1.05232558,9.0,0.0,0.0,0.0
2026-06-03,5309,TPEX,息,78.6,78.1,0.498904,1.00638793,0.49890434,0.0,0.0,0.0
2026-06-04,3356,TWSE,息,61.7,58.2,3.5,1.06013746,3.5,0.0,0.0,0.0
2026-06-04,4939,TPEX,息,53.4,53.15,0.25,1.00470367,0.25,0.0,0.0,0.0
2026-06-04,5878,TPEX,息,41.7,39.3,2.4,1.0610687,2.4,0.0,0.0,0.0
2026-06-04,7828,TPEX,息,1625.0,1620.47,4.529806,1.00279537,4.52980585,0.0,0.0,0.0
2026-06-05,4951,TPEX,息,119.5,115.0,4.5,1.03913043,4.5,0.0,0.0,0.0
2026-06-05,6263,TPEX,息,181.5,173.7,7.8,1.04490501,7.8,0.0,0.0,0.0
2026-06-05,6525,TWSE,息,119.5,114.5,5.0,1.04366812,5.0,0.0,0.0,0.0
2026-06-08,01010T,TWSE,息,10.0,9.9,0.098474,1.00994534,0.098474,0.0,0.0,0.0
2026-06-08,1219,TWSE,息,13.0,12.5,0.5,1.04,0.5,0.0,0.0,0.0
2026-06-08,3036,TWSE,息,281.0,273.2,7.795026,1.02853179,7.795026,0.0,0.0,0.0
2026-06-08,3310,TPEX,息,72.2,68.7,3.5,1.05094614,3.5,0.0,0.0,0.0
2026-06-08,3406,TWSE,息,682.0,665.0,17.0,1.02556391,17.0,0.0,0.0,0.0
2026-06-08,3443,TWSE,息,4410.0,4390.0,20.0,1.00455581,20.0,0.0,0.0,0.0
2026-06-08,4958,TWSE,息,504.0,500.57,3.421698,1.00683549,3.421698,0.0,0.0,0.0
2026-06-08,5213,TPEX,息,26.8,24.0,2.8,1.11666667,2.8,0.0,0.0,0.0
2026-06-08,6658,TWSE,息,188.0,186.8,1.2,1.00642398,1.2,0.0,0.0,0.0
2026-06-09,00940,TWSE,息,11.99,11.94,0.05,1.0041876,0.05,0.0,0.0,0.0
2026-06-09,1416,TWSE,息,11.65,11.08,0.57,1.05144404,0.57,0.0,0.0,0.0
2026-06-09,1733,TWSE,息,29.9,28.6,1.3,1.04545455,1.3,0.0,0.0,0.0
2026-06-09,2114,TWSE,息,93.4,88.4,5.0,1.05656109,5.0,0.0,0.0,0.0
2026-06-09,2731,TWSE,息,172.0,159.2,12.8,1.08040201,12.8,0.0,0.0,0.0
2026-06-09,3441,TPEX,息,54.6,53.75,0.85,1.01581395,0.85,0.0,0.0,0.0
2026-06-09,3531,TPEX,息,23.55,23.05,0.5,1.02169197,0.5,0.0,0.0,0.0
2026-06-09,4994,TWSE,息,90.0,87.0,3.0,1.03448276,3.0,0.0,0.0,0.0
2026-06-09,6412,TWSE,息,94.0,90.3,3.7,1.04097453,3.7,0.0,0.0,0.0
2026-06-09,6516,TPEX,息,60.3,57.96,2.34,1.04037267,2.34,0.0,0.0,0.0
2026-06-09,6936,TWSE,息,34.3,32.79,1.51,1.04605063,1.51,0.0,0.0,0.0
2026-06-09,7704,TPEX,息,60.2,58.4,1.8,1.03082192,1.79999999,0.0,0.0,0.0
2026-06-09,7757,TPEX,息,110.5,102.75,7.75,1.07542579,7.75,0.0,0.0,0.0
2026-06-09,7791,TWSE,息,67.5,63.69,3.81,1.05982101,3.81,0.0,0.0,0.0
2026-06-09,8042,TPEX,息,132.0,130.8,1.19592,1.00914284,1.19592012,0.0,0.0,0.0
2026-06-09,9924,TWSE,息,42.8,40.3,2.5,1.06203474,2.5,0.0,0.0,0.0
2026-06-09,9940,TWSE,息,19.3,18.7,0.6,1.03208556,0.6,0.0,0.0,0.0
2026-06-10,1473,TWSE,息,20.9,20.4,0.5,1.0245098,0.5,0.0,0.0,0.0
2026-06-10,1515,TWSE,息,23.85,23.25,0.6,1.02580645,0.6,0.0,0.0,0.0
2026-06-10,2421,TWSE,息,160.0,154.75,5.24042,1.03386168,5.24042,0.0,0.0,0.0
2026-06-10,2637,TWSE,息,80.9,77.4,3.5,1.04521964,3.5,0.0,0.0,0.0
2026-06-10,3118,TPEX,息,33.7,31.5,2.2,1.06984127,2.2,0.0,0.0,0.0
2026-06-10,3540,TPEX,權,27.2,26.32,0.880906,1.03343465,0.0,0.0,0.13248954423,21.0
2026-06-10,5340,TPEX,息,92.0,91.4,0.6,1.00656455,0.6,0.0,0.0,0.0
2026-06-10,6271,TWSE,息,240.0,237.0,3.0,1.01265823,3.0,0.0,0.0,0.0
2026-06-10,6913,TPEX,息,136.0,133.5,2.5,1.01872659,2.5,0.0,0.0,0.0
2026-06-10,7718,TPEX,息,48.85,46.35,2.5,1.05393743,2.5,0.0,0.0,0.0
2026-06-10,910322,TWSE,息,24.1,22.25,1.840312,1.08267465,1.840312,0.0,0.0,0.0
2026-06-11,1312,TWSE,權,13.2,13.4,-0.209613,0.98507463,0.0,0.0,0.28403535073,14.0
2026-06-11,1312A,TWSE,權,22.2,22.37,-0.170421,0.99240054,0.0,0.0,0.0,14.0
2026-06-11,1605,TWSE,息,34.8,34.3,0.5,1.01457726,0.5,0.0,0.0,0.0
2026-06-11,1760,TWSE,息,61.5,59.5,2.0,1.03361345,2.0,0.0,0.0,0.0
2026-06-11,2030,TWSE,息,18.65,18.15,0.5,1.02754821,0.5,0.0,0.0,0.0
2026-06-11,2329,TWSE,息,52.7,51.69,1.000042,1.01934319,1.000042,0.0,0.0,0.0
2026-06-11,2330,TWSE,息,2255.0,2248.99,6.000035,1.00266787,6.000035,0.0,0.0,0.0
2026-06-11,3030,TWSE,息,323.0,316.0,7.0,1.0221519,7.0,0.0,0.0,0.0
2026-06-11,3105,TPEX,息,478.0,476.0,2.0,1.00420168,2.0,0.0,0.0,0.0
2026-06-11,3481,TWSE,息,44.3,43.3,1.0,1.02309469,1.0,0.0,0.0,0.0
2026-06-11,4749,TPEX,權息,925.0,915.12,9.878968,1.0107964,8.0,0.0,0.0172538614,828.0
2026-06-11,6146,TPEX,息,214.0,202.0,12.0,1.05940594,12.0,0.0,0.0,0.0
2026-06-11,6266,TPEX,息,27.4,25.62,1.78,1.06947697,1.78,0.0,0.0,0.0
2026-06-11,6834,TWSE,息,70.0,69.6,0.4,1.00574713,0.4,0.0,0.0,0.0
2026-06-11,6925,TPEX,息,70.0,68.0,2.0,1.02941176,2.0,0.0,0.0,0.0
2026-06-11,6951,TWSE,息,83.0,79.0,4.0,1.05063291,4.0,0.0,0.0,0.0
2026-06-11,6961,TPEX,息,61.4,56.4,5.0,1.08865248,5.0,0.0,0.0,0.0
2026-06-11,8111,TPEX,息,56.4,55.8,0.6,1.01075269,0.6,0.0,0.0,0.0
2026-06-11,8424,TPEX,息,73.1,68.1,5.0,1.07342144,5.0,0.0,0.0,0.0
2026-06-11,8454,TWSE,息,449.5,439.5,10.0,1.02275313,10.0,0.0,0.0,0.0
2026-06-12,1218,TWSE,息,19.2,17.88,1.32,1.0738255,1.32,0.0,0.0,0.0
2026-06-12,1776,TWSE,息,17.85,17.25,0.6,1.03478261,0.6,0.0,0.0,0.0
2026-06-12,1810,TWSE,息,20.7,20.5,0.2,1.0097561,0.2,0.0,0.0,0.0
2026-06-12,2207,TWSE,息,489.5,469.5,20.0,1.04259851,20.0,0.0,0.0,0.0
2026-06-12,2327,TWSE,息,842.0,836.0,5.998525,1.00717526,5.998525,0.0,0.0,0.0
2026-06-12,3679,TWSE,息,123.5,114.5,9.0,1.07860262,9.0,0.0,0.0,0.0
2026-06-12,4153,TPEX,息,32.35,30.35,2.0,1.06589786,2.0,0.0,0.0,0.0
2026-06-12,6418,TPEX,息,31.85,31.47,0.38,1.01207499,0.38,0.0,0.0,0.0
2026-06-12,6739,TPEX,息,1100.0,1087.0,13.0,1.01195952,13.0,0.0,0.0,0.0
2026-06-12,8028,TWSE,息,304.0,301.29,2.701988,1.00896783,2.701988,0.0,0.0,0.0
2026-06-12,8432,TPEX,息,53.1,50.49,2.61,1.0516934,2.61,0.0,0.0,0.0
2026-06-15,00936,TWSE,息,20.55,20.43,0.12,1.00587372,0.12,0.0,0.0,0.0
2026-06-15,00942B,TPEX,息,14.46,14.4,0.062,1.00430615,0.062,0.0,0.0,0.0
2026-06-15,00962,TWSE,息,14.67,14.59,0.08,1.00548321,0.08,0.0,0.0,0.0
2026-06-15,00970B,TPEX,息,9.5,9.45,0.05,1.00529101,0.05,0.0,0.0,0.0
2026-06-15,009803,TWSE,息,21.59,21.09,0.5,1.02370792,0.5,0.0,0.0,0.0
2026-06-15,00980B,TPEX,息,9.57,9.52,0.047,1.00493542,0.047,0.0,0.0,0.0
2026-06-15,00988B,TPEX,息,19.89,19.74,0.153,1.00775194,0.153,0.0,0.0,0.0
2026-06-15,1232,TWSE,息,150.5,143.3,7.2,1.05024424,7.2,0.0,0.0,0.0
2026-06-15,2031,TWSE,息,41.75,39.25,2.5,1.06369427,2.5,0.0,0.0,0.0
2026-06-15,2107,TWSE,息,26.45,25.05,1.4,1.05588822,1.4,0.0,0.0,0.0
2026-06-15,2385,TWSE,息,141.0,133.8,7.2,1.05381166,7.2,0.0,0.0,0.0
2026-06-15,2608,TWSE,息,30.2,28.55,1.65,1.05779335,1.65,0.0,0.0,0.0
2026-06-15,2832,TWSE,息,54.9,51.4,3.5,1.06809339,3.5,0.0,0.0,0.0
2026-06-15,3556,TPEX,息,69.6,67.65,1.95,1.02882483,1.95,0.0,0.0,0.0
2026-06-15,4735,TPEX,息,32.6,31.6,1.0,1.03164557,1.0,0.0,0.0,0.0
2026-06-15,4938,TWSE,息,93.1,89.09,4.009436,1.04500405,4.009436,0.0,0.0,0.0
2026-06-15,6272,TWSE,息,35.25,33.23,2.015579,1.06064733,2.015579,0.0,0.0,0.0
2026-06-15,6532,TPEX,息,88.9,85.9,3.0,1.03492433,3.0,0.0,0.0,0.0
2026-06-15,6741,TPEX,息,62.6,60.55,2.054663,1.03393594,2.05466318,0.0,0.0,0.0
2026-06-15,6861,TWSE,息,304.0,302.0,2.0,1.00662252,2.0,0.0,0.0,0.0
2026-06-15,7703,TPEX,息,203.5,196.5,7.0,1.03562341,7.0,0.0,0.0,0.0
2026-06-15,7722,TWSE,息,333.5,332.0,1.5,1.00451807,1.5,0.0,0.0,0.0
2026-06-15,8016,TWSE,息,289.5,278.0,11.5,1.04136691,11.5,0.0,0.0,0.0
2026-06-15,8435,TPEX,息,56.8,53.6,3.2,1.05970149,3.2,0.0,0.0,0.0
2026-06-15,9910,TWSE,息,91.9,87.8,4.1,1.04669704,4.1,0.0,0.0,0.0
2026-06-16,00687B,TPEX,息,28.15,27.89,0.262,1.00939472,0.262,0.0,0.0,0.0
2026-06-16,00730,TWSE,息,29.52,29.41,0.11,1.00374022,0.11,0.0,0.0,0.0
2026-06-16,00740B,TPEX,息,39.06,38.89,0.175,1.00450045,0.175,0.0,0.0,0.0
2026-06-16,00741B,TPEX,息,37.28,37.08,0.199,1.00536663,0.199,0.0,0.0,0.0
2026-06-16,00764B,TPEX,息,28.1,27.79,0.312,1.01122787,0.312,0.0,0.0,0.0
2026-06-16,00772B,TPEX,息,34.0,33.86,0.14,1.00413467,0.14,0.0,0.0,0.0
2026-06-16,00773B,TPEX,息,36.16,36.02,0.145,1.0040261,0.145,0.0,0.0,0.0
2026-06-16,00777B,TPEX,息,32.99,32.85,0.14,1.0042618,0.14,0.0,0.0,0.0
2026-06-16,00778B,TPEX,息,34.88,34.74,0.14,1.00402994,0.14,0.0,0.0,0.0
2026-06-16,00779B,TPEX,息,28.48,28.12,0.36,1.01280228,0.36,0.0,0.0,0.0
2026-06-16,00781B,TPEX,息,29.03,28.48,0.55,1.0193118,0.55,0.0,0.0,0.0
2026-06-16,00792B,TPEX,息,32.28,31.83,0.453,1.0142332,0.453,0.0,0.0,0.0
2026-06-16,00793B,TPEX,息,31.24,30.83,0.41,1.01329873,0.41,0.0,0.0,0.0
2026-06-16,00840B,TPEX,息,30.38,30.26,0.123,1.00406518,0.123,0.0,0.0,0.0
2026-06-16,00853B,TPEX,息,28.16,27.81,0.347,1.01247618,0.347,0.0,0.0,0.0
2026-06-16,00859B,TPEX,息,41.06,40.45,0.611,1.01510544,0.611,0.0,0.0,0.0
2026-06-16,00862B,TPEX,息,32.33,31.91,0.42,1.01316202,0.42,0.0,0.0,0.0
2026-06-16,00863B,TPEX,息,32.62,32.24,0.38,1.0117866,0.38,0.0,0.0,0.0
2026-06-16,00890B,TPEX,息,32.75,32.61,0.145,1.00444717,0.145,0.0,0.0,0.0
2026-06-16,00896,TWSE,息,29.0,27.75,1.25,1.04504505,1.25,0.0,0.0,0.0
2026-06-16,00900,TWSE,息,19.51,19.43,0.075,1.00385902,0.075,0.0,0.0,0.0
2026-06-16,00915,TWSE,息,31.46,31.01,0.45,1.01451145,0.45,0.0,0.0,0.0
2026-06-16,00916,TWSE,息,27.9,25.98,1.92,1.073903,1.92,0.0,0.0,0.0
2026-06-16,00919,TWSE,息,30.69,29.69,1.0,1.03368137,1.0,0.0,0.0,0.0
2026-06-16,00921,TWSE,息,23.12,22.8,0.32,1.01403509,0.32,0.0,0.0,0.0
2026-06-16,00933B,TPEX,息,16.15,16.08,0.073,1.00454065,0.073,0.0,0.0,0.0
2026-06-16,00934,TWSE,息,28.77,28.52,0.25,1.00876578,0.25,0.0,0.0,0.0
2026-06-16,00937B,TPEX,息,15.04,14.97,0.072,1.00481026,0.072,0.0,0.0,0.0
2026-06-16,00943,TWSE,息,22.3,22.18,0.12,1.00541028,0.12,0.0,0.0,0.0
2026-06-16,00944,TWSE,息,21.36,21.3,0.054,1.0025345,0.054,0.0,0.0,0.0
2026-06-16,00945B,TWSE,息,14.5,14.41,0.087,1.00603622,0.087,0.0,0.0,0.0
2026-06-16,00948B,TPEX,息,9.59,9.55,0.042,1.00439883,0.042,0.0,0.0,0.0
2026-06-16,00952,TWSE,息,18.53,18.41,0.12,1.0065182,0.12,0.0,0.0,0.0
2026-06-16,00957B,TPEX,息,13.65,13.59,0.058,1.00426722,0.058,0.0,0.0,0.0
2026-06-16,00961,TWSE,息,12.94,12.79,0.15,1.01172791,0.15,0.0,0.0,0.0
2026-06-16,00963,TWSE,息,12.88,12.79,0.09,1.00703675,0.09,0.0,0.0,0.0
2026-06-16,00964,TWSE,息,14.78,14.67,0.106,1.00722366,0.106,0.0,0.0,0.0
2026-06-16,00972,TWSE,息,19.84,19.62,0.22,1.01121305,0.22,0.0,0.0,0.0
2026-06-16,009802,TWSE,息,19.92,19.72,0.198,1.01003955,0.198,0.0,0.0,0.0
2026-06-16,009809,TWSE,息,17.41,17.31,0.1,1.00577701,0.1,0.0,0.0,0.0
2026-06-16,00980D,TPEX,息,20.51,20.4,0.114,1.00558933,0.114,0.0,0.0,0.0
2026-06-16,00981A,TWSE,息,31.47,30.84,0.63,1.02042802,0.63,0.0,0.0,0.0
2026-06-16,00981D,TPEX,息,10.4,10.33,0.07,1.00677638,0.07,0.0,0.0,0.0
2026-06-16,00981T,TWSE,息,12.22,12.14,0.071,1.0058441,0.071,0.0,0.0,0.0
2026-06-16,00982B,TPEX,息,9.98,9.94,0.042,1.0042262,0.042,0.0,0.0,0.0
2026-06-16,00982D,TWSE,息,10.02,9.96,0.052,1.00521669,0.052,0.0,0.0,0.0
2026-06-16,00983D,TWSE,息,10.16,10.1,0.06,1.00594059,0.06,0.0,0.0,0.0
2026-06-16,00985D,TPEX,息,10.3,10.24,0.0592,1.0057808,0.0592,0.0,0.0,0.0
2026-06-16,1582,TWSE,息,91.7,88.7,3.0,1.03382187,3.0,0.0,0.0,0.0
2026-06-16,1788,TPEX,息,136.0,129.0,7.0,1.05426357,7.0,0.0,0.0,0.0
2026-06-16,2069,TWSE,息,20.15,19.15,1.0,1.05221932,1.0,0.0,0.0,0.0
2026-06-16,2459,TWSE,息,68.6,64.4,4.2,1.06521739,4.2,0.0,0.0,0.0
2026-06-16,2480,TWSE,息,156.5,148.7,7.8,1.05245461,7.8,0.0,0.0,0.0
2026-06-16,2606,TWSE,息,67.2,64.4,2.8,1.04347826,2.8,0.0,0.0,0.0
2026-06-16,2816,TWSE,息,33.8,32.3,1.5,1.04643963,1.5,0.0,0.0,0.0
2026-06-16,2850,TWSE,息,148.0,140.73,7.27,1.05165921,7.27,0.0,0.0,0.0
2026-06-16,2908,TWSE,息,21.5,20.95,0.55,1.02625298,0.55,0.0,0.0,0.0
2026-06-16,3015,TWSE,息,60.6,58.4,2.2,1.03767123,2.2,0.0,0.0,0.0
2026-06-16,3035,TWSE,息,202.0,200.2,1.8,1.00899101,1.8,0.0,0.0,0.0
2026-06-16,3042,TWSE,息,243.5,238.7,4.8,1.02010892,4.8,0.0,0.0,0.0
2026-06-16,4133,TWSE,息,20.8,20.68,0.112,1.00541377,0.112,0.0,0.0,0.0
2026-06-16,4550,TPEX,息,25.95,24.73,1.22,1.04933279,1.22,0.0,0.0,0.0
2026-06-16,4974,TPEX,息,76.4,72.5,3.9,1.0537931,3.9,0.0,0.0,0.0
2026-06-16,5278,TPEX,息,25.55,24.83,0.722893,1.02911709,0.72289304,0.0,0.0,0.0
2026-06-16,6123,TPEX,息,45.8,43.2,2.6,1.06018519,2.6,0.0,0.0,0.0
2026-06-16,6242,TPEX,息,38.15,36.15,2.0,1.05532503,2.0,0.0,0.0,0.0
2026-06-16,6414,TWSE,息,381.5,367.71,13.784207,1.03748603,13.784207,0.0,0.0,0.0
2026-06-16,6465,TPEX,息,66.9,66.7,0.2,1.0029985,0.2,0.0,0.0,0.0
2026-06-16,6722,TWSE,息,39.2,37.2,2.0,1.05376344,2.0,0.0,0.0,0.0
2026-06-16,7642,TPEX,息,73.6,70.6,3.0,1.04249292,3.0,0.0,0.0,0.0
2026-06-16,7820,TPEX,息,120.0,118.5,1.5,1.01265823,1.5,0.0,0.0,0.0
2026-06-16,8091,TPEX,息,251.0,246.78,4.215132,1.01708019,4.21513178,0.0,0.0,0.0
2026-06-16,8289,TPEX,息,69.4,69.25,0.15,1.00216606,0.15,0.0,0.0,0.0
2026-06-17,00710B,TWSE,息,19.03,18.72,0.31,1.01655983,0.31,0.0,0.0,0.0
2026-06-17,00711B,TWSE,息,16.22,16.02,0.2,1.01248439,0.2,0.0,0.0,0.0
2026-06-17,00712,TWSE,息,8.84,8.6,0.235,1.0273097,0.235,0.0,0.0,0.0
2026-06-17,00929,TWSE,息,30.63,30.37,0.26,1.00856108,0.26,0.0,0.0,0.0
2026-06-17,00986D,TPEX,息,14.83,14.74,0.09,1.00610583,0.09,0.0,0.0,0.0
2026-06-17,00998A,TPEX,息,17.26,16.86,0.404,1.02396773,0.404,0.0,0.0,0.0
2026-06-17,1476,TWSE,息,343.5,328.5,15.0,1.0456621,15.0,0.0,0.0,0.0
2026-06-17,1504,TWSE,息,71.8,69.8,2.0,1.0286533,2.0,0.0,0.0,0.0
2026-06-17,1593,TPEX,息,32.25,30.25,2.0,1.0661157,2.0,0.0,0.0,0.0
2026-06-17,1707,TWSE,息,103.0,99.2,3.8,1.03830645,3.8,0.0,0.0,0.0
2026-06-17,1773,TWSE,息,177.5,173.5,4.0,1.02305476,4.0,0.0,0.0,0.0
2026-06-17,2105,TWSE,息,33.95,32.15,1.8,1.05598756,1.8,0.0,0.0,0.0
2026-06-17,2115,TWSE,息,22.4,20.9,1.5,1.07177033,1.5,0.0,0.0,0.0
2026-06-17,2308,TWSE,息,2230.0,2218.4,11.6,1.00522899,11.6,0.0,0.0,0.0
2026-06-17,2353,TWSE,息,38.9,37.6,1.3,1.03457447,1.3,0.0,0.0,0.0
2026-06-17,2360,TWSE,息,2325.0,2305.5,19.5,1.00845804,19.5,0.0,0.0,0.0
2026-06-17,2450,TWSE,息,31.0,29.45,1.55,1.05263158,1.55,0.0,0.0,0.0
2026-06-17,2504,TWSE,息,36.25,33.65,2.6,1.07726597,2.6,0.0,0.0,0.0
2026-06-17,2603,TWSE,息,220.5,204.5,16.0,1.07823961,16.0,0.0,0.0,0.0
2026-06-17,2852,TWSE,息,27.85,26.19,1.66,1.06338297,1.66,0.0,0.0,0.0
2026-06-17,2926,TPEX,息,35.1,34.64,0.46,1.01327945,0.46,0.0,0.0,0.0
2026-06-17,3028,TWSE,息,74.8,71.8,3.0,1.04178273,3.0,0.0,0.0,0.0
2026-06-17,3168,TWSE,息,48.65,45.65,3.0,1.06571742,3.0,0.0,0.0,0.0
2026-06-17,3324,TPEX,息,1050.0,1038.1,11.903306,1.01146647,11.90330569,0.0,0.0,0.0
2026-06-17,3450,TWSE,息,499.5,498.5,1.0,1.00200602,1.0,0.0,0.0,0.0
2026-06-17,3543,TWSE,息,31.6,31.0,0.6,1.01935484,0.6,0.0,0.0,0.0
2026-06-17,4714,TPEX,權,13.3,12.85,0.453596,1.03501946,0.0,0.0,0.1842514114399999,11.0
2026-06-17,5201,TPEX,息,28.25,27.75,0.5,1.01801802,0.5,0.0,0.0,0.0
2026-06-17,5371,TPEX,息,67.8,67.3,0.5,1.00742942,0.5,0.0,0.0,0.0
2026-06-17,5443,TPEX,息,104.0,101.8,2.2,1.021611,2.2,0.0,0.0,0.0
2026-06-17,5609,TPEX,息,82.4,76.8,5.6,1.07291667,5.6,0.0,0.0,0.0
2026-06-17,5902,TPEX,息,36.5,34.85,1.65,1.04734577,1.65,0.0,0.0,0.0
2026-06-17,6147,TPEX,息,227.5,224.7,2.8,1.01246106,2.8,0.0,0.0,0.0
2026-06-17,6154,TPEX,息,14.2,13.69,0.51,1.03725347,0.51,0.0,0.0,0.0
2026-06-17,6438,TWSE,息,149.0,147.0,2.0,1.01360544,2.0,0.0,0.0,0.0
2026-06-17,6494,TPEX,息,68.8,67.8,1.0,1.01474926,1.0,0.0,0.0,0.0
2026-06-17,6548,TPEX,息,91.9,91.45,0.45,1.00492072,0.45,0.0,0.0,0.0
2026-06-17,6577,TPEX,息,79.3,74.3,5.0,1.06729475,5.0,0.0,0.0,0.0
2026-06-17,6579,TWSE,息,165.0,161.25,3.75,1.02325581,3.75,0.0,0.0,0.0
2026-06-17,6606,TWSE,息,25.8,24.77,1.03,1.04158256,1.03,0.0,0.0,0.0
2026-06-17,6640,TPEX,息,1115.0,1100.0,15.0,1.01363636,15.0,0.0,0.0,0.0
2026-06-17,6792,TWSE,息,68.5,66.0,2.5,1.03787879,2.5,0.0,0.0,0.0
2026-06-17,6923,TWSE,息,80.0,76.96,3.034796,1.03943075,3.034796,0.0,0.0,0.0
2026-06-17,7709,TPEX,息,118.0,116.5,1.5,1.01287554,1.5,0.0,0.0,0.0
2026-06-17,7792,TPEX,息,259.5,251.5,8.0,1.03180915,8.0,0.0,0.0,0.0
2026-06-17,8011,TWSE,息,18.4,17.7,0.7,1.03954802,0.7,0.0,0.0,0.0
2026-06-17,8070,TWSE,息,55.8,53.8,1.999999,1.0371747,1.999999,0.0,0.0,0.0
2026-06-17,8162,TWSE,息,70.0,68.5,1.5,1.02189781,1.5,0.0,0.0,0.0
2026-06-17,8163,TWSE,息,43.6,43.1,0.5,1.01160093,0.5,0.0,0.0,0.0
2026-06-17,8416,TPEX,息,180.0,171.5,8.5,1.04956268,8.5,0.0,0.0,0.0
2026-06-17,8440,TPEX,息,22.25,22.05,0.2,1.00907029,0.2,0.0,0.0,0.0
2026-06-18,00728,TWSE,息,63.65,62.99,0.66,1.01047785,0.66,0.0,0.0,0.0
2026-06-18,00918,TWSE,息,32.66,31.4,1.26,1.04012739,1.26,0.0,0.0,0.0
2026-06-18,00981B,TPEX,息,9.24,9.18,0.062,1.00675528,0.062,0.0,0.0,0.0
2026-06-18,00994A,TWSE,息,18.3,17.83,0.462,1.02589976,0.462,0.0,0.0,0.0
2026-06-18,1423,TWSE,息,44.9,41.3,3.6,1.08716707,3.6,0.0,0.0,0.0
2026-06-18,1586,TPEX,權,21.4,20.57,0.831384,1.04035002,0.0,0.0,0.19744220144,17.2
2026-06-18,2467,TWSE,息,585.0,579.5,5.5,1.00949094,5.5,0.0,0.0,0.0
2026-06-18,2597,TWSE,息,183.5,173.83,9.67,1.05562906,9.67,0.0,0.0,0.0
2026-06-18,4754,TPEX,息,39.35,37.05,2.3,1.06207827,2.3,0.0,0.0,0.0
2026-06-18,6721,TPEX,權息,58.8,55.05,3.74898,1.06811989,3.3,0.0,0.07111111111,50.0
2026-06-18,6881,TPEX,息,268.5,250.0,18.5,1.074,18.5,0.0,0.0,0.0
2026-06-18,7765,TWSE,息,250.0,240.33,9.666295,1.04022031,9.666295,0.0,0.0,0.0
2026-06-18,7819,TPEX,息,45.2,43.46,1.738754,1.04000699,1.73875353,0.0,0.0,0.0
2026-06-18,8462,TWSE,息,144.5,137.22,7.277777,1.05303643,7.277777,0.0,0.0,0.0
2026-06-18,8463,TWSE,息,22.1,21.3,0.8,1.03755869,0.8,0.0,0.0,0.0
2026-06-22,00697B,TPEX,息,35.63,35.32,0.31,1.0087769,0.31,0.0,0.0,0.0
2026-06-22,00713,TWSE,息,61.7,60.7,1.0,1.01647446,1.0,0.0,0.0,0.0
2026-06-22,00751B,TPEX,息,32.26,31.83,0.43,1.01350927,0.43,0.0,0.0,0.0
2026-06-22,00787B,TPEX,息,33.15,32.74,0.41,1.01252291,0.41,0.0,0.0,0.0
2026-06-22,00967B,TPEX,息,9.23,9.2,0.033,1.00358813,0.033,0.0,0.0,0.0
2026-06-22,00968B,TPEX,息,9.39,9.35,0.043,1.00460041,0.043,0.0,0.0,0.0
2026-06-22,1313,TWSE,息,11.6,11.5,0.1,1.00869565,0.1,0.0,0.0,0.0
2026-06-22,1319,TWSE,息,99.2,94.2,5.0,1.05307856,5.0,0.0,0.0,0.0
2026-06-22,1584,TPEX,息,19.65,19.39,0.258355,1.01332301,0.258355,0.0,0.0,0.0
2026-06-22,1735,TWSE,息,23.15,22.5,0.65,1.02888889,0.65,0.0,0.0,0.0
2026-06-22,1904,TWSE,息,23.1,22.65,0.45,1.01986755,0.45,0.0,0.0,0.0
2026-06-22,2106,TWSE,息,17.85,17.2,0.65,1.0377907,0.65,0.0,0.0,0.0
2026-06-22,2313,TWSE,權,259.5,257.64,1.855213,1.00721938,0.0,0.0,0.02819216273,205.0
2026-06-22,2388,TWSE,息,81.4,81.35,0.05,1.00061463,0.05,0.0,0.0,0.0
2026-06-22,2498,TWSE,息,46.4,45.9,0.5,1.01089325,0.5,0.0,0.0,0.0
2026-06-22,3026,TWSE,息,902.0,896.2,5.8,1.00647177,5.8,0.0,0.0,0.0
2026-06-22,3094,TWSE,息,38.25,38.0,0.25,1.00657895,0.25,0.0,0.0,0.0
2026-06-22,3447,TWSE,息,40.2,39.1,1.1,1.02813299,1.1,0.0,0.0,0.0
2026-06-22,4739,TWSE,息,123.5,122.5,0.999983,1.00816313,0.999983,0.0,0.0,0.0
2026-06-22,4741,TPEX,息,64.6,64.3,0.3,1.00466563,0.3,0.0,0.0,0.0
2026-06-22,4906,TWSE,息,43.8,43.32,0.473163,1.01092078,0.473163,0.0,0.0,0.0
2026-06-22,5601,TPEX,息,32.75,32.37,0.38,1.01173926,0.38,0.0,0.0,0.0
2026-06-22,6120,TWSE,息,15.05,14.8,0.25,1.01689189,0.25,0.0,0.0,0.0
2026-06-22,6531,TWSE,息,1025.0,1018.01,6.985647,1.00686203,6.985647,0.0,0.0,0.0
2026-06-22,6669,TWSE,息,5130.0,4985.6,144.391544,1.02896167,144.391544,0.0,0.0,0.0
2026-06-22,6965,TWSE,息,82.0,77.0,5.0,1.06493506,5.0,0.0,0.0,0.0
2026-06-22,7780,TWSE,息,19.2,18.3,0.893401,1.04880213,0.893401,0.0,0.0,0.0
2026-06-22,9907,TWSE,息,16.7,15.52,1.18,1.07603093,1.18,0.0,0.0,0.0
2026-06-23,1341,TWSE,息,61.9,57.9,4.0,1.06908463,4.0,0.0,0.0,0.0
2026-06-23,1432,TWSE,息,18.0,16.0,2.0,1.125,2.0,0.0,0.0,0.0
2026-06-23,1609,TWSE,息,38.65,37.95,0.7,1.01844532,0.7,0.0,0.0,0.0
2026-06-23,2312,TWSE,息,35.85,35.25,0.599867,1.01701744,0.599867,0.0,0.0,0.0
2026-06-23,2368,TWSE,息,1395.0,1385.19,9.803012,1.00707698,9.803012,0.0,0.0,0.0
2026-06-23,2534,TWSE,息,18.3,16.8,1.5,1.08928571,1.5,0.0,0.0,0.0
2026-06-23,2641,TPEX,息,18.7,18.2,0.5,1.02747253,0.5,0.0,0.0,0.0
2026-06-23,2855,TWSE,息,52.0,49.89,2.11,1.04229304,2.11,0.0,0.0,0.0
2026-06-23,3010,TWSE,息,131.5,126.2,5.3,1.04199683,5.3,0.0,0.0,0.0
2026-06-23,3388,TPEX,息,92.2,88.86,3.337405,1.03755692,3.33740548,0.0,0.0,0.0
2026-06-23,3597,TPEX,息,26.4,26.0,0.4,1.01538462,0.4,0.0,0.0,0.0
2026-06-23,3684,TPEX,息,59.8,57.03,2.773662,1.04863826,2.77366165,0.0,0.0,0.0
2026-06-23,4442,TPEX,息,56.0,52.6,3.402679,1.06469302,3.40267927,0.0,0.0,0.0
2026-06-23,4766,TWSE,息,372.0,354.0,18.0,1.05084746,18.0,0.0,0.0,0.0
2026-06-23,6214,TWSE,息,141.0,135.0,6.0,1.04444444,6.0,0.0,0.0,0.0
2026-06-23,6292,TPEX,息,68.0,66.2,1.8,1.02719033,1.8,0.0,0.0,0.0
2026-06-23,6449,TWSE,息,428.5,424.29,4.200947,1.00990091,4.200947,0.0,0.0,0.0
2026-06-23,6505,TWSE,息,54.0,52.8,1.2,1.02272727,1.2,0.0,0.0,0.0
2026-06-23,6530,TPEX,息,99.7,97.7,2.0,1.02047083,2.0,0.0,0.0,0.0
2026-06-23,6667,TPEX,息,292.0,280.29,11.705169,1.0417602,11.70516944,0.0,0.0,0.0
2026-06-23,6903,TPEX,息,390.5,382.0,8.5,1.02225131,8.5,0.0,0.0,0.0
2026-06-23,7760,TWSE,息,34.0,32.0,2.0,1.0625,2.0,0.0,0.0,0.0
2026-06-24,00836B,TPEX,息,29.2,28.82,0.382,1.0132556,0.382,0.0,0.0,0.0
2026-06-24,00856B,TPEX,息,37.63,37.3,0.335,1.00898244,0.335,0.0,0.0,0.0
2026-06-24,00857B,TPEX,息,23.47,23.22,0.25,1.01076658,0.25,0.0,0.0,0.0
2026-06-24,00907,TWSE,息,16.61,16.4,0.205,1.01249619,0.205,0.0,0.0,0.0
2026-06-24,00958B,TPEX,息,9.35,9.31,0.041,1.00440434,0.041,0.0,0.0,0.0
2026-06-24,1104,TWSE,息,28.95,27.1,1.85,1.06826568,1.85,0.0,0.0,0.0
2026-06-24,1326,TWSE,息,53.1,52.5,0.6,1.01142857,0.6,0.0,0.0,0.0
2026-06-24,2103,TWSE,息,21.15,20.88,0.27,1.01293103,0.27,0.0,0.0,0.0
2026-06-24,2423,TWSE,息,80.0,77.5,2.5,1.03225806,2.5,0.0,0.0,0.0
2026-06-24,3019,TWSE,息,157.0,152.4,4.6,1.03018373,4.6,0.0,0.0,0.0
2026-06-24,3169,TPEX,息,114.5,111.3,3.2,1.02875112,3.2,0.0,0.0,0.0
2026-06-24,3374,TPEX,息,303.5,301.0,2.5,1.00830565,2.5,0.0,0.0,0.0
2026-06-24,3530,TWSE,息,73.6,72.8,0.8,1.01098901,0.8,0.0,0.0,0.0
2026-06-24,3705,TWSE,息,57.0,54.0,3.0,1.05555556,3.0,0.0,0.0,0.0
2026-06-24,4557,TWSE,息,49.55,47.55,2.0,1.04206099,2.0,0.0,0.0,0.0
2026-06-24,4571,TWSE,息,179.0,173.72,5.271732,1.0303447,5.271732,0.0,0.0,0.0
2026-06-24,4952,TWSE,息,58.0,57.0,1.0,1.01754386,1.0,0.0,0.0,0.0
2026-06-24,5230,TPEX,息,20.5,20.0,0.5,1.025,0.5,0.0,0.0,0.0
2026-06-24,5291,TPEX,權,62.7,62.24,0.463111,1.00739075,0.0,0.0,0.0401096939999999,53.0
2026-06-24,6184,TWSE,息,46.95,43.95,3.0,1.06825939,3.0,0.0,0.0,0.0
2026-06-24,6196,TWSE,息,541.0,534.55,6.448786,1.01206393,6.448786,0.0,0.0,0.0
2026-06-24,6538,TPEX,息,138.0,136.47,1.532656,1.01123094,1.53265649,0.0,0.0,0.0
2026-06-24,6629,TPEX,息,114.5,110.3,4.199087,1.03806937,4.19908679,0.0,0.0,0.0
2026-06-24,6670,TWSE,息,287.0,271.0,16.0,1.05904059,16.0,0.0,0.0,0.0
2026-06-24,6982,TPEX,息,58.6,57.0,1.595945,1.02799704,1.59594502,0.0,0.0,0.0
2026-06-24,8249,TWSE,息,51.4,49.32,2.078778,1.04214774,2.078778,0.0,0.0,0.0
2026-06-24,9917,TWSE,息,116.0,110.3,5.7,1.05167724,5.7,0.0,0.0,0.0
2026-06-24,9930,TWSE,息,70.1,66.1,4.0,1.06051437,4.0,0.0,0.0,0.0
2026-06-24,9934,TWSE,息,10.2,10.1,0.1,1.00990099,0.1,0.0,0.0,0.0
2026-06-25,1259,TPEX,息,57.6,56.4,1.2,1.0212766,1.2,0.0,0.0,0.0
2026-06-25,1525,TWSE,息,65.8,63.0,2.8,1.04444444,2.8,0.0,0.0,0.0
2026-06-25,2362,TWSE,息,46.1,44.1,2.0,1.04535147,2.0,0.0,0.0,0.0
2026-06-25,2432,TWSE,息,31.95,30.25,1.7,1.05619835,1.7,0.0,0.0,0.0
2026-06-25,2451,TWSE,息,294.0,282.21,11.782382,1.04174928,11.782382,0.0,0.0,0.0
2026-06-25,2489,TWSE,息,47.1,45.9,1.2,1.02614379,1.2,0.0,0.0,0.0
2026-06-25,3046,TWSE,息,56.0,53.0,3.0,1.05660377,3.0,0.0,0.0,0.0
2026-06-25,3338,TWSE,息,74.8,73.5,1.3,1.01768707,1.3,0.0,0.0,0.0
2026-06-25,3529,TPEX,息,3170.0,3149.5,20.5,1.00650897,20.5,0.0,0.0,0.0
2026-06-25,4935,TWSE,息,38.75,37.75,1.0,1.02649007,1.0,0.0,0.0,0.0
2026-06-25,5227,TPEX,權,39.2,35.5,3.704167,1.10422535,0.0,0.0,0.32941176471,26.5
2026-06-25,5285,TWSE,息,110.0,108.5,1.5,1.01382488,1.5,0.0,0.0,0.0
2026-06-25,5312,TPEX,息,96.6,90.1,6.5,1.07214206,6.5,0.0,0.0,0.0
2026-06-25,5515,TWSE,息,41.55,38.25,3.3,1.08627451,3.3,0.0,0.0,0.0
2026-06-25,5521,TWSE,息,10.4,10.25,0.15,1.01463415,0.15,0.0,0.0,0.0
2026-06-25,5522,TWSE,息,71.5,66.0,5.5,1.08333333,5.5,0.0,0.0,0.0
2026-06-25,6189,TWSE,息,53.4,50.7,2.699525,1.05324457,2.699525,0.0,0.0,0.0
2026-06-25,6205,TWSE,息,80.7,79.2,1.5,1.01893939,1.5,0.0,0.0,0.0
2026-06-25,6208,TPEX,息,105.0,103.0,2.0,1.01941748,2.0,0.0,0.0,0.0
2026-06-25,6585,TWSE,息,142.0,137.5,4.5,1.03272727,4.5,0.0,0.0,0.0
2026-06-25,6690,TPEX,息,173.5,164.5,9.0,1.05471125,9.0,0.0,0.0,0.0
2026-06-25,6751,TPEX,息,49.5,46.5,3.0,1.06451613,3.0,0.0,0.0,0.0
2026-06-25,6771,TWSE,息,41.95,38.75,3.2,1.08258065,3.2,0.0,0.0,0.0
2026-06-25,6776,TWSE,息,57.8,54.8,3.0,1.05474453,3.0,0.0,0.0,0.0
2026-06-25,6811,TPEX,息,225.0,214.5,10.5,1.04895105,10.5,0.0,0.0,0.0
2026-06-25,6846,TPEX,息,67.0,63.06,3.944481,1.06255567,3.94448057,0.0,0.0,0.0
2026-06-25,6884,TPEX,息,34.0,32.5,1.5,1.04615385,1.5,0.0,0.0,0.0
2026-06-25,6908,TWSE,息,38.5,37.26,1.24,1.03327966,1.24,0.0,0.0,0.0
2026-06-25,7728,TPEX,息,700.0,695.0,5.000003,1.00719425,5.00000345,0.0,0.0,0.0
2026-06-25,7767,TPEX,息,44.15,41.15,3.0,1.07290401,3.0,0.0,0.0,0.0
2026-06-25,7777,TPEX,權息,41.3,40.37,0.933252,1.02311932,0.025,0.0225,0.0,0.0
2026-06-25,8046,TWSE,息,955.0,953.0,2.0,1.00209864,2.0,0.0,0.0,0.0
2026-06-25,8114,TWSE,息,208.5,197.03,11.467,1.05819837,11.467,0.0,0.0,0.0
2026-06-25,8210,TWSE,息,1325.0,1311.0,14.0,1.01067887,14.0,0.0,0.0,0.0
2026-06-25,8227,TPEX,息,189.0,187.3,1.7,1.00907635,1.7,0.0,0.0,0.0
2026-06-25,8279,TPEX,息,95.0,90.0,5.0,1.05555556,5.0,0.0,0.0,0.0
2026-06-25,8342,TPEX,息,90.9,85.9,5.0,1.05820722,5.0,0.0,0.0,0.0
2026-06-25,9944,TWSE,息,17.85,17.55,0.3,1.01709402,0.3,0.0,0.0,0.0
2026-06-26,1570,TPEX,息,40.2,39.2,1.0,1.0255102,1.0,0.0,0.0,0.0
2026-06-26,2455,TWSE,息,388.5,385.87,2.620556,1.00679113,2.620556,0.0,0.0,0.0
2026-06-26,2643,TPEX,息,68.5,64.0,4.5,1.0703125,4.5,0.0,0.0,0.0
2026-06-26,3054,TWSE,息,65.6,64.8,0.8,1.01234568,0.8,0.0,0.0,0.0
2026-06-26,3669,TWSE,息,35.4,34.4,1.0,1.02906977,1.0,0.0,0.0,0.0
2026-06-26,3708,TWSE,息,115.0,108.5,6.49582,1.059867,6.49582,0.0,0.0,0.0
2026-06-26,5244,TWSE,息,37.1,36.7,0.4,1.01089918,0.4,0.0,0.0,0.0
2026-06-26,5274,TPEX,息,17425.0,17345.0,80.0,1.00461228,80.0,0.0,0.0,0.0
2026-06-26,6768,TWSE,息,86.0,80.84,5.155125,1.06376564,5.155125,0.0,0.0,0.0
2026-06-26,6789,TWSE,息,537.0,534.0,3.0,1.00561798,3.0,0.0,0.0,0.0
2026-06-26,8349,TPEX,息,40.6,39.06,1.535998,1.03932004,1.5359981,0.0,0.0,0.0
2026-06-26,8349A,TPEX,息,47.35,44.95,2.396726,1.05331594,2.396726,0.0,0.0,0.0
2026-06-29,1234,TWSE,息,34.95,33.3,1.65,1.04954955,1.65,0.0,0.0,0.0
2026-06-29,1295,TPEX,權,47.2,47.02,0.182847,1.00382816,0.0,0.0,0.0679844408099999,45.0
2026-06-29,1472,TWSE,息,90.5,84.5,6.0,1.07100592,6.0,0.0,0.0,0.0
2026-06-29,1717,TWSE,權,69.5,69.3,0.197595,1.002886,0.0,0.0,0.0076775726999999,50.0
2026-06-29,2851,TWSE,息,37.15,34.95,2.2,1.06294707,2.2,0.0,0.0,0.0
2026-06-29,3016,TWSE,息,124.5,124.0,0.496874,1.00400695,0.496874,0.0,0.0,0.0
2026-06-29,3213,TPEX,息,121.5,114.5,7.0,1.06113537,7.0,0.0,0.0,0.0
2026-06-29,3357,TPEX,息,300.5,295.42,5.08481,1.01721242,5.08481026,0.0,0.0,0.0
2026-06-29,3563,TWSE,息,675.0,663.0,12.0,1.01809955,12.0,0.0,0.0,0.0
2026-06-29,3580,TPEX,息,91.8,90.6,1.2,1.01324503,1.2,0.0,0.0,0.0
2026-06-29,4164,TWSE,息,29.6,28.49,1.107736,1.03887848,1.107736,0.0,0.0,0.0
2026-06-29,4915,TWSE,息,73.5,68.93,4.569244,1.06628745,4.569244,0.0,0.0,0.0
2026-06-29,4989,TWSE,權,82.4,77.86,4.537655,1.05830979,0.0,0.0,0.20322769122,60.0
2026-06-29,5009,TPEX,息,33.2,32.0,1.2,1.0375,1.2,0.0,0.0,0.0
2026-06-29,5016,TPEX,息,25.25,24.25,1.0,1.04123711,1.0,0.0,0.0,0.0
2026-06-29,5306,TWSE,息,84.7,83.86,0.834859,1.00995478,0.834859,0.0,0.0,0.0
2026-06-29,5438,TPEX,息,18.95,18.2,0.75,1.04120879,0.75,0.0,0.0,0.0
2026-06-29,5706,TWSE,息,51.5,46.96,4.538839,1.09665091,4.538839,0.0,0.0,0.0
2026-06-29,6195,TPEX,息,24.65,23.65,1.0,1.0422833,1.0,0.0,0.0,0.0
2026-06-29,6465,TPEX,權,65.5,61.68,3.818959,1.06193256,0.0,0.0,0.19118962112,46.7
2026-06-29,6498,TPEX,息,95.0,90.5,4.5,1.04972376,4.5,0.0,0.0,0.0
2026-06-29,6613,TPEX,息,344.0,337.0,7.0,1.02077151,7.0,0.0,0.0,0.0
2026-06-29,6859,TPEX,息,125.0,123.0,2.0,1.01626016,2.0,0.0,0.0,0.0
2026-06-29,7631,TWSE,息,164.0,162.4,1.6,1.00985222,1.6,0.0,0.0,0.0
2026-06-29,8034,TPEX,息,22.8,21.6,1.2,1.05555556,1.2,0.0,0.0,0.0
2026-06-29,8045,TWSE,息,58.8,57.8,0.999821,1.01729789,0.999821,0.0,0.0,0.0
2026-06-29,8064,TPEX,息,134.0,133.02,0.980964,1.00737461,0.98096387,0.0,0.0,0.0
2026-06-29,8150,TWSE,息,97.5,96.27,1.23,1.01277657,1.23,0.0,0.0,0.0
2026-06-29,8272,TPEX,息,69.5,66.7,2.8,1.04197901,2.8,0.0,0.0,0.0
2026-06-29,8341,TWSE,息,78.1,74.1,4.0,1.05398111,4.0,0.0,0.0,0.0
2026-06-29,8422,TWSE,息,28.25,27.05,1.198132,1.04429018,1.198132,0.0,0.0,0.0
2026-06-30,1301,TWSE,息,53.2,52.7,0.5,1.00948767,0.5,0.0,0.0,0.0
2026-06-30,1410,TWSE,息,25.5,25.3,0.2,1.00790514,0.2,0.0,0.0,0.0
2026-06-30,1521,TWSE,息,25.95,25.2,0.75,1.0297619,0.75,0.0,0.0,0.0
2026-06-30,1598,TWSE,息,19.35,18.85,0.5,1.0265252,0.5,0.0,0.0,0.0
2026-06-30,1727,TWSE,息,88.0,87.85,0.15,1.00170746,0.15,0.0,0.0,0.0
2026-06-30,1731,TWSE,息,21.8,20.58,1.22,1.05928086,1.22,0.0,0.0,0.0
2026-06-30,1817,TWSE,息,40.15,37.95,2.2,1.05797101,2.2,0.0,0.0,0.0
2026-06-30,2328,TWSE,息,48.75,47.85,0.9,1.01880878,0.9,0.0,0.0,0.0
2026-06-30,2397,TWSE,息,57.6,55.15,2.45,1.0444243,2.45,0.0,0.0,0.0
2026-06-30,2436,TWSE,息,71.5,69.54,1.956716,1.02813666,1.956716,0.0,0.0,0.0
2026-06-30,2605,TWSE,息,29.9,28.9,1.0,1.03460208,1.0,0.0,0.0,0.0
2026-06-30,2882,TWSE,息,101.5,98.0,3.5,1.03571429,3.5,0.0,0.0,0.0
2026-06-30,2882A,TWSE,息,61.9,59.37,2.526,1.04254387,2.526,0.0,0.0,0.0
2026-06-30,2882B,TWSE,息,60.8,58.51,2.280657,1.0389727,2.280657,0.0,0.0,0.0
2026-06-30,2883,TWSE,息,29.65,28.65,1.0,1.03490401,1.0,0.0,0.0,0.0
2026-06-30,2883B,TWSE,息,8.27,7.91,0.355,1.04485155,0.355,0.0,0.0,0.0
2026-06-30,3264,TPEX,息,215.5,211.3,4.2,1.01987695,4.2,0.0,0.0,0.0
2026-06-30,3372,TPEX,權,20.65,19.67,0.981625,1.04982206,0.0,0.0,0.27377883233,16.8
2026-06-30,3416,TWSE,息,166.5,161.4,5.095945,1.0315726,5.095945,0.0,0.0,0.0
2026-06-30,3714,TWSE,息,62.4,61.5,0.9,1.01463415,0.9,0.0,0.0,0.0
2026-06-30,4541,TPEX,息,48.65,47.25,1.4,1.02962963,1.4,0.0,0.0,0.0
2026-06-30,4722,TWSE,息,306.5,305.31,1.184076,1.0038782,1.184076,0.0,0.0,0.0
2026-06-30,4953,TPEX,息,125.0,119.86,5.140554,1.04288818,5.14055403,0.0,0.0,0.0
2026-06-30,6026,TPEX,息,16.5,15.14,1.36414,1.09012635,1.36413977,0.0,0.0,0.0
2026-06-30,6569,TPEX,權息,106.0,101.69,4.313616,1.04238372,3.0,0.0,0.07678379309,88.0
2026-06-30,6592,TWSE,權息,64.0,59.22,4.7767,1.08065574,3.0,0.03,0.0,0.0
2026-06-30,6592A,TWSE,息,98.0,93.8,4.2,1.04477612,4.2,0.0,0.0,0.0
2026-06-30,6592B,TWSE,息,98.1,93.6,4.5,1.04807692,4.5,0.0,0.0,0.0
2026-06-30,6835,TWSE,息,35.15,34.14,1.006755,1.02948621,1.006755,0.0,0.0,0.0
2026-06-30,7711,TWSE,息,324.0,315.01,8.987093,1.02852928,8.987093,0.0,0.0,0.0
2026-06-30,8039,TWSE,息,137.5,135.5,1.993351,1.01471036,1.993351,0.0,0.0,0.0
2026-06-30,8299,TPEX,息,2340.0,2323.04,16.964257,1.00730262,16.96425749,0.0,0.0,0.0
2026-06-30,9931,TWSE,息,35.1,33.3,1.8,1.05405405,1.8,0.0,0.0,0.0
2026-07-01,1101,TWSE,息,24.05,23.25,0.8,1.0344086,0.8,0.0,0.0,0.0
2026-07-01,1101B,TWSE,息,45.6,43.57,2.02625,1.04650162,2.02625,0.0,0.0,0.0
2026-07-01,1470,TWSE,息,21.3,20.65,0.65,1.031477,0.65,0.0,0.0,0.0
2026-07-01,1725,TWSE,息,34.75,33.68,1.07,1.0317696,1.07,0.0,0.0,0.0
2026-07-01,2230,TPEX,息,25.55,24.94,0.608951,1.02441562,0.60895126,0.0,0.0,0.0
2026-07-01,2302,TWSE,息,47.85,47.5,0.35,1.00736842,0.35,0.0,0.0,0.0
2026-07-01,2357,TWSE,息,700.0,658.0,42.0,1.06382979,42.0,0.0,0.0,0.0
2026-07-01,2881,TWSE,息,129.5,125.25,4.25,1.03393214,4.25,0.0,0.0,0.0
2026-07-01,2881A,TWSE,息,63.6,60.85,2.74875,1.04517163,2.74875,0.0,0.0,0.0
2026-07-01,2881B,TWSE,息,62.9,60.32,2.572356,1.04263976,2.572356,0.0,0.0,0.0
2026-07-01,2881C,TWSE,息,51.7,49.9,1.8,1.03607214,1.8,0.0,0.0,0.0
2026-07-01,2884,TWSE,息,34.45,33.05,1.4,1.04236006,1.4,0.0,0.0,0.0
2026-07-01,2887E,TWSE,息,51.1,48.66,2.43625,1.05006293,2.43625,0.0,0.0,0.0
2026-07-01,2887F,TWSE,息,47.4,45.46,1.933601,1.04252813,1.933601,0.0,0.0,0.0
2026-07-01,2887G,TWSE,息,43.55,41.84,1.71,1.04086998,1.71,0.0,0.0,0.0
2026-07-01,2887H,TWSE,息,41.5,39.7,1.8,1.04534005,1.8,0.0,0.0,0.0
2026-07-01,2887I,TWSE,息,9.51,9.43,0.073442,1.00778271,0.073442,0.0,0.0,0.0
2026-07-01,2903,TWSE,息,23.0,21.75,1.25,1.05747126,1.25,0.0,0.0,0.0
2026-07-01,3515,TWSE,息,234.0,222.99,11.001795,1.0493358,11.001795,0.0,0.0,0.0
2026-07-01,3607,TWSE,息,16.8,16.0,0.8,1.05,0.8,0.0,0.0,0.0
2026-07-01,4116,TPEX,息,38.5,36.5,2.0,1.05479452,2.0,0.0,0.0,0.0
2026-07-01,4119,TWSE,息,44.8,44.05,0.75,1.01702611,0.75,0.0,0.0,0.0
2026-07-01,4305,TPEX,息,45.95,42.85,3.1,1.07234539,3.1,0.0,0.0,0.0
2026-07-01,4523,TPEX,息,30.1,27.46,2.64194,1.0962173,2.64194037,0.0,0.0,0.0
2026-07-01,4755,TWSE,息,139.5,135.8,3.7,1.02724595,3.7,0.0,0.0,0.0
2026-07-01,4961,TWSE,息,165.0,157.28,7.72,1.04908444,7.72,0.0,0.0,0.0
2026-07-01,5474,TPEX,息,168.0,164.0,4.0,1.02439024,4.0,0.0,0.0,0.0
2026-07-01,6174,TPEX,息,49.8,49.46,0.34,1.00687424,0.34,0.0,0.0,0.0
2026-07-01,6285,TWSE,息,259.5,255.19,4.301769,1.01685658,4.301769,0.0,0.0,0.0
2026-07-01,6425,TPEX,息,73.2,72.21,0.989158,1.0136982,0.98915842,0.0,0.0,0.0
2026-07-01,6523,TPEX,息,98.0,96.0,2.0,1.02083333,2.0,0.0,0.0,0.0
2026-07-01,6542,TPEX,息,45.6,45.58,0.020488,1.0004495,0.0204878,0.0,0.0,0.0
2026-07-01,6655,TWSE,息,123.0,118.2,4.8,1.04060914,4.8,0.0,0.0,0.0
2026-07-01,8088,TPEX,息,64.7,63.2,1.5,1.02373418,1.5,0.0,0.0,0.0
2026-07-01,8240,TPEX,息,53.2,51.9,1.3,1.02504817,1.3,0.0,0.0,0.0
2026-07-01,8271,TWSE,息,194.5,190.05,4.448443,1.02340651,4.448443,0.0,0.0,0.0
2026-07-01,8482,TWSE,息,50.0,48.04,1.96,1.04079933,1.96,0.0,0.0,0.0
2026-07-02,00939,TWSE,息,21.27,21.14,0.125,1.00591156,0.125,0.0,0.0,0.0
2026-07-02,00950B,TPEX,息,14.26,14.2,0.063,1.00443756,0.063,0.0,0.0,0.0
2026-07-02,00959B,TPEX,息,9.51,9.46,0.048,1.00507292,0.048,0.0,0.0,0.0
2026-07-02,00966B,TPEX,息,14.16,14.09,0.068,1.00482543,0.068,0.0,0.0,0.0
2026-07-02,00983B,TPEX,息,15.86,15.8,0.063,1.0039881,0.063,0.0,0.0,0.0
2026-07-02,00984B,TPEX,息,16.54,16.46,0.082,1.00498238,0.082,0.0,0.0,0.0
2026-07-02,00984D,TWSE,息,10.18,10.09,0.085,1.00842001,0.085,0.0,0.0,0.0
2026-07-02,00986B,TPEX,息,10.02,9.98,0.042,1.00420926,0.042,0.0,0.0,0.0
2026-07-02,1452,TWSE,息,10.9,10.7,0.2,1.01869159,0.2,0.0,0.0,0.0
2026-07-02,1612,TWSE,息,37.1,34.6,2.5,1.07225434,2.5,0.0,0.0,0.0
2026-07-02,1752,TWSE,息,33.2,31.6,1.6,1.05063291,1.6,0.0,0.0,0.0
2026-07-02,1789,TWSE,息,20.8,20.51,0.29,1.01413944,0.29,0.0,0.0,0.0
2026-07-02,2010,TWSE,息,23.7,21.7,2.0,1.0921659,2.0,0.0,0.0,0.0
2026-07-02,2317,TWSE,息,248.0,240.82,7.171792,1.0297797,7.171792,0.0,0.0,0.0
2026-07-02,2354,TWSE,息,55.0,53.5,1.5,1.02803738,1.5,0.0,0.0,0.0
2026-07-02,2433,TWSE,息,44.8,42.1,2.7,1.06413302,2.7,0.0,0.0,0.0
2026-07-02,2462,TWSE,息,23.35,23.15,0.2,1.00863931,0.2,0.0,0.0,0.0
2026-07-02,2607,TWSE,息,48.65,45.95,2.7,1.05875952,2.7,0.0,0.0,0.0
2026-07-02,2753,TWSE,息,188.5,181.0,7.5,1.04143646,7.5,0.0,0.0,0.0
2026-07-02,2820,TWSE,息,17.75,16.85,0.9,1.05341246,0.9,0.0,0.0,0.0
2026-07-02,3006,TWSE,息,213.0,212.0,1.0,1.00471698,1.0,0.0,0.0,0.0
2026-07-02,3090,TWSE,息,316.0,311.2,4.8,1.01542416,4.8,0.0,0.0,0.0
2026-07-02,3093,TPEX,息,75.0,73.85,1.15,1.01557211,1.15,0.0,0.0,0.0
2026-07-02,3189,TWSE,息,888.0,886.48,1.517564,1.00171189,1.517564,0.0,0.0,0.0
2026-07-02,3211,TPEX,息,408.0,396.53,11.46554,1.02891436,11.46554,0.0,0.0,0.0
2026-07-02,3311,TWSE,息,38.05,37.45,0.6,1.01602136,0.6,0.0,0.0,0.0
2026-07-02,3570,TPEX,息,176.0,166.3,9.7,1.05832832,9.7,0.0,0.0,0.0
2026-07-02,3592,TWSE,息,281.5,266.9,14.6,1.05470214,14.6,0.0,0.0,0.0
2026-07-02,3703,TWSE,息,21.45,20.4,1.05,1.05147059,1.05,0.0,0.0,0.0
2026-07-02,3715,TWSE,息,172.0,170.92,1.08,1.00631875,1.08,0.0,0.0,0.0
2026-07-02,4137,TWSE,息,110.5,100.5,10.0,1.09950249,10.0,0.0,0.0,0.0
2026-07-02,4535,TPEX,息,27.3,26.5,0.8,1.03018868,0.8,0.0,0.0,0.0
2026-07-02,4931,TPEX,息,236.0,233.5,2.5,1.01070664,2.5,0.0,0.0,0.0
2026-07-02,5220,TPEX,息,20.95,20.65,0.3,1.01452785,0.3,0.0,0.0,0.0
2026-07-02,5353,TPEX,息,31.8,30.8,0.999129,1.03243833,0.99912875,0.0,0.0,0.0
2026-07-02,5490,TPEX,息,28.85,27.35,1.5,1.05484461,1.5,0.0,0.0,0.0
2026-07-02,6136,TWSE,息,25.2,24.04,1.16,1.04825291,1.16,0.0,0.0,0.0
2026-07-02,6185,TPEX,息,14.2,13.81,0.39262,1.0284355,0.39261977,0.0,0.0,0.0
2026-07-02,6197,TWSE,息,348.0,341.07,6.923259,1.02029824,6.923259,0.0,0.0,0.0
2026-07-02,6213,TWSE,息,360.0,357.0,2.998927,1.00840033,2.998927,0.0,0.0,0.0
2026-07-02,6270,TPEX,息,39.35,38.35,1.0,1.02607562,1.0,0.0,0.0,0.0
2026-07-02,6715,TWSE,息,443.5,441.55,1.943104,1.00440057,1.943104,0.0,0.0,0.0
2026-07-02,6844,TPEX,息,65.4,61.4,4.0,1.06514658,4.0,0.0,0.0,0.0
2026-07-02,6907,TPEX,息,142.0,141.01,0.994384,1.00705209,0.99438385,0.0,0.0,0.0
2026-07-02,8032,TPEX,息,42.7,41.5,1.2,1.02891566,1.2,0.0,0.0,0.0
2026-07-02,8081,TWSE,息,309.0,293.0,16.0,1.05460751,16.0,0.0,0.0,0.0
2026-07-02,8415,TPEX,息,35.3,33.8,1.5,1.0443787,1.5,0.0,0.0,0.0
2026-07-02,8917,TPEX,息,54.0,51.9,2.1,1.04046243,2.1,0.0,0.0,0.0
2026-07-02,8926,TWSE,息,74.3,72.18,2.119737,1.02936727,2.119737,0.0,0.0,0.0
2026-07-02,8941,TPEX,息,44.15,43.15,1.0,1.02317497,1.0,0.0,0.0,0.0
2026-07-02,9904,TWSE,息,25.0,23.7,1.3,1.05485232,1.3,0.0,0.0,0.0
2026-07-02,9939,TWSE,息,127.5,121.3,6.2,1.05111294,6.2,0.0,0.0,0.0
2026-07-03,1294,TPEX,權息,79.5,63.75,15.749999,1.2470588,3.0,0.1999999801799999,0.0,0.0
2026-07-03,1455,TWSE,息,10.2,10.04,0.16,1.01593625,0.16,0.0,0.0,0.0
2026-07-03,1730,TWSE,息,53.3,50.3,3.0,1.05964215,3.0,0.0,0.0,0.0
2026-07-03,2013,TWSE,息,44.0,41.6,2.4,1.05769231,2.4,0.0,0.0,0.0
2026-07-03,2425,TWSE,息,42.15,42.05,0.1,1.00237812,0.1,0.0,0.0,0.0
2026-07-03,2838A,TWSE,息,54.6,51.96,2.630625,1.05061875,2.630625,0.0,0.0,0.0
2026-07-03,2945,TWSE,息,42.45,40.95,1.5,1.03663004,1.5,0.0,0.0,0.0
2026-07-03,3265,TPEX,息,188.5,184.4,4.1,1.02223427,4.1,0.0,0.0,0.0
2026-07-03,3479,TPEX,息,146.5,141.88,4.623053,1.03258495,4.6230529,0.0,0.0,0.0
2026-07-03,3711,TWSE,息,727.0,720.41,6.584838,1.00914034,6.584838,0.0,0.0,0.0
2026-07-03,5209,TPEX,息,172.0,159.05,12.945792,1.08139233,12.94579196,0.0,0.0,0.0
2026-07-03,5315,TPEX,息,23.0,21.4,1.6,1.07476636,1.6,0.0,0.0,0.0
2026-07-03,5864,TPEX,權息,46.15,41.13,5.023874,1.12215772,0.5,0.10999999798,0.0,0.0
2026-07-03,6803,TPEX,息,291.0,275.22,15.784633,1.05735375,15.78463295,0.0,0.0,0.0
2026-07-03,7839,TPEX,息,47.3,45.26,2.035292,1.04496421,2.03529174,0.0,0.0,0.0
2026-07-03,8255,TPEX,息,195.0,191.5,3.495125,1.01825084,3.4951245,0.0,0.0,0.0
2026-07-03,8921,TPEX,息,18.25,17.98,0.2659,1.01478528,0.2659,0.0,0.0,0.0
2026-07-03,910861,TWSE,息,4.44,4.36,0.072018,1.01648771,0.072018,0.0,0.0,0.0
2026-07-06,00946,TWSE,息,15.7,15.64,0.058,1.00370797,0.058,0.0,0.0,0.0
2026-07-06,00953B,TWSE,息,9.74,9.67,0.061,1.0063023,0.061,0.0,0.0,0.0
2026-07-06,00985B,TWSE,息,10.33,10.28,0.048,1.00466835,0.048,0.0,0.0,0.0
2026-07-06,00997A,TWSE,息,13.63,13.26,0.37,1.02790347,0.37,0.0,0.0,0.0
2026-07-06,1307,TWSE,息,35.8,33.6,2.2,1.06547619,2.2,0.0,0.0,0.0
2026-07-06,2373,TWSE,息,57.3,53.6,3.7,1.06902985,3.7,0.0,0.0,0.0
2026-07-06,2474,TWSE,息,207.0,199.88,7.113868,1.0355896,7.113868,0.0,0.0,0.0
2026-07-06,2615,TWSE,息,82.8,79.8,3.0,1.03759398,3.0,0.0,0.0,0.0
2026-07-06,2904,TWSE,息,14.4,13.7,0.7,1.05109489,0.7,0.0,0.0,0.0
2026-07-06,2947,TPEX,權,79.5,72.27,7.227273,1.1,0.0,0.1,0.0,0.0
2026-07-06,3037,TWSE,息,969.0,967.01,1.980153,1.00204769,1.980153,0.0,0.0,0.0
2026-07-06,3071,TPEX,息,32.85,32.05,0.8,1.024961,0.8,0.0,0.0,0.0
2026-07-06,3557,TWSE,息,26.4,26.1,0.3,1.01149425,0.3,0.0,0.0,0.0
2026-07-06,3704,TWSE,息,46.95,46.55,0.4,1.00859291,0.4,0.0,0.0,0.0
2026-07-06,4702,TPEX,息,10.25,9.75,0.5,1.05128205,0.5,0.0,0.0,0.0
2026-07-06,4747,TPEX,息,50.2,49.15,1.05,1.02136317,1.05,0.0,0.0,0.0
2026-07-06,5347,TPEX,息,193.5,189.03,4.473773,1.02366747,4.47377334,0.0,0.0,0.0
2026-07-06,5536,TPEX,息,1430.0,1415.5,14.5,1.01024373,14.5,0.0,0.0,0.0
2026-07-06,5538,TWSE,息,33.9,32.4,1.5,1.0462963,1.5,0.0,0.0,0.0
2026-07-06,6155,TWSE,息,87.0,86.2,0.8,1.00928074,0.8,0.0,0.0,0.0
2026-07-06,6620,TPEX,息,102.5,100.43,2.073848,1.02065048,2.07384778,0.0,0.0,0.0
2026-07-06,6730,TPEX,息,38.2,36.7,1.5,1.04087193,1.5,0.0,0.0,0.0
2026-07-06,6754,TWSE,息,46.3,42.8,3.5,1.0817757,3.5,0.0,0.0,0.0
2026-07-06,6856,TPEX,息,45.6,42.6,3.0,1.07042254,3.0,0.0,0.0,0.0
2026-07-06,6922,TPEX,息,186.0,181.17,4.83,1.02666004,4.83,0.0,0.0,0.0
2026-07-06,7705,TWSE,息,32.9,31.3,1.6,1.05111821,1.6,0.0,0.0,0.0
2026-07-06,7716,TPEX,息,26.8,25.1,1.7,1.06772908,1.7,0.0,0.0,0.0
2026-07-06,7734,TPEX,息,3190.0,3170.15,19.850633,1.00626173,19.8506333,0.0,0.0,0.0
2026-07-06,8072,TWSE,息,30.25,29.25,1.0,1.03418803,1.0,0.0,0.0,0.0
2026-07-06,8083,TPEX,息,172.0,162.0,10.0,1.0617284,10.0,0.0,0.0,0.0
2026-07-06,8112,TWSE,權息,92.9,87.53,5.36055,1.06135039,3.800548,0.0,0.05794025389,66.0
2026-07-06,8112A,TWSE,權息,47.4,44.12,3.272454,1.0743427,2.025,0.0,0.0,66.0
2026-07-06,8476,TWSE,息,24.45,24.25,0.2,1.00824742,0.2,0.0,0.0,0.0
2026-07-06,9935,TWSE,息,20.5,19.3,1.2,1.06217617,1.2,0.0,0.0,0.0
2026-07-06,9943,TWSE,息,56.5,53.0,3.5,1.06603774,3.5,0.0,0.0,0.0
2026-07-07,2408,TWSE,息,420.5,419.15,1.347149,1.00321398,1.347149,0.0,0.0,0.0
2026-07-07,2417,TWSE,息,47.45,47.19,0.250119,1.00529914,0.250119,0.0,0.0,0.0
2026-07-07,2454,TWSE,息,4125.0,4100.49,24.500215,1.00597493,24.500215,0.0,0.0,0.0
2026-07-07,2536,TWSE,息,21.6,19.6,2.0,1.10204082,2.0,0.0,0.0,0.0
2026-07-07,3048,TWSE,息,64.6,63.6,1.0,1.01572327,1.0,0.0,0.0,0.0
2026-07-07,3290,TPEX,息,70.4,68.9,1.5,1.02177068,1.5,0.0,0.0,0.0
2026-07-07,3546,TPEX,權息,83.5,77.62,5.880953,1.07576689,2.0,0.05000001455,0.0,0.0
2026-07-07,4175,TPEX,息,53.5,50.5,3.0,1.05940594,3.0,0.0,0.0,0.0
2026-07-07,4772,TPEX,息,283.0,280.0,3.0,1.01071429,3.0,0.0,0.0,0.0
2026-07-07,5015,TPEX,息,22.45,21.95,0.5,1.02277904,0.5,0.0,0.0,0.0
2026-07-07,5274,TPEX,權,16270.0,14790.91,1479.090731,1.09999999,0.0,0.09999998677,0.0,0.0
2026-07-07,5547,TPEX,權息,23.2,20.0,3.20224,1.16012993,0.68,0.12612612613,0.0,0.0
2026-07-07,6257,TWSE,息,273.0,268.75,4.249688,1.01581277,4.249688,0.0,0.0,0.0
2026-07-07,6526,TWSE,息,686.0,672.5,13.5,1.02007435,13.5,0.0,0.0,0.0
2026-07-07,6546,TPEX,息,73.6,71.1,2.5,1.03516174,2.5,0.0,0.0,0.0
2026-07-07,6591,TWSE,息,55.8,51.8,4.0,1.07722008,4.0,0.0,0.0,0.0
2026-07-07,6683,TPEX,息,1780.0,1771.0,9.00147,1.00508271,9.00146991,0.0,0.0,0.0
2026-07-07,6804,TPEX,息,16.3,15.8,0.5,1.03164557,0.5,0.0,0.0,0.0
2026-07-07,6840,TPEX,息,65.0,64.0,0.999159,1.01561165,0.99915904,0.0,0.0,0.0
2026-07-07,6862,TWSE,息,195.0,190.0,5.0,1.02631579,5.0,0.0,0.0,0.0
2026-07-07,8923,TPEX,息,20.0,19.1,0.9,1.04712042,0.9,0.0,0.0,0.0
2026-07-07,9945,TWSE,息,26.5,25.4,1.1,1.04330709,1.1,0.0,0.0,0.0
2026-07-08,1229,TWSE,權息,42.7,40.09,2.603622,1.06492049,1.801172,0.02,0.0,0.0
2026-07-08,1303,TWSE,息,166.5,165.7,0.8,1.004828,0.8,0.0,0.0,0.0
2026-07-08,2028,TWSE,息,16.1,15.9,0.2,1.01257862,0.2,0.0,0.0,0.0
2026-07-08,2049,TWSE,息,344.5,342.5,2.0,1.00583942,2.0,0.0,0.0,0.0
2026-07-08,2303,TWSE,息,155.0,152.39,2.608082,1.01711431,2.608082,0.0,0.0,0.0
2026-07-08,2405,TWSE,息,17.2,17.1,0.1,1.00584795,0.1,0.0,0.0,0.0
2026-07-08,2545,TWSE,息,37.5,34.7,2.8,1.08069164,2.8,0.0,0.0,0.0
2026-07-08,2618,TWSE,息,42.4,40.4,2.0,1.04950495,2.0,0.0,0.0,0.0
2026-07-08,2634,TWSE,息,58.4,57.62,0.778,1.01350179,0.778,0.0,0.0,0.0
2026-07-08,3221,TPEX,息,57.1,56.82,0.276994,1.00487468,0.27699409,0.0,0.0,0.0
2026-07-08,3231,TWSE,息,155.5,149.99,5.500622,1.03667097,5.500622,0.0,0.0,0.0
2026-07-08,3293,TPEX,息,770.0,734.0,36.0,1.04904632,36.0,0.0,0.0,0.0
2026-07-08,3624,TPEX,息,133.5,132.4,1.1,1.00830816,1.1,0.0,0.0,0.0
2026-07-08,4148,TWSE,息,30.45,29.45,1.0,1.03395586,1.0,0.0,0.0,0.0
2026-07-08,4576,TWSE,息,223.0,222.2,0.8,1.00360036,0.8,0.0,0.0,0.0
2026-07-08,4904,TWSE,息,103.0,99.19,3.809281,1.0384036,3.809281,0.0,0.0,0.0
2026-07-08,5356,TPEX,息,27.85,25.85,2.0,1.07736944,2.0,0.0,0.0,0.0
2026-07-08,6170,TPEX,息,52.3,48.3,4.0,1.08281573,4.0,0.0,0.0,0.0
2026-07-08,6233,TPEX,息,25.25,24.5,0.750475,1.03063222,0.75047485,0.0,0.0,0.0
2026-07-08,6561,TPEX,息,337.0,329.3,7.698755,1.02337906,7.69875469,0.0,0.0,0.0
2026-07-08,6641,TWSE,息,19.1,18.7,0.4,1.02139037,0.4,0.0,0.0,0.0
2026-07-08,6693,TPEX,息,249.0,248.4,0.6,1.00241546,0.6,0.0,0.0,0.0
2026-07-08,6829,TPEX,息,208.5,205.0,3.5,1.01707317,3.5,0.0,0.0,0.0
2026-07-08,6924,TWSE,息,123.5,118.5,5.0,1.04219409,5.0,0.0,0.0,0.0
2026-07-08,6937,TWSE,息,264.0,262.6,1.4,1.0053313,1.4,0.0,0.0,0.0
2026-07-08,8155,TPEX,息,350.0,344.84,5.15772,1.01495675,5.15772039,0.0,0.0,0.0
2026-07-08,8284,TPEX,息,63.3,59.3,4.002875,1.06750538,4.00287477,0.0,0.0,0.0
2026-07-08,8426,TPEX,息,20.85,20.05,0.8,1.03990025,0.8,0.0,0.0,0.0
2026-07-09,00400A,TWSE,息,14.29,14.17,0.12,1.0084686,0.12,0.0,0.0,0.0
2026-07-09,00940,TWSE,息,12.59,12.54,0.05,1.00398724,0.05,0.0,0.0,0.0
2026-07-09,1110,TWSE,息,15.95,15.65,0.3,1.01916933,0.3,0.0,0.0,0.0
2026-07-09,1236,TWSE,息,26.3,24.65,1.65,1.06693712,1.65,0.0,0.0,0.0
2026-07-09,1256,TWSE,息,199.5,192.9,6.6,1.03421462,6.6,0.0,0.0,0.0
2026-07-09,1338,TWSE,息,17.35,17.03,0.311445,1.01827884,0.311445,0.0,0.0,0.0
2026-07-09,1446,TWSE,息,17.2,15.7,1.5,1.0955414,1.5,0.0,0.0,0.0
2026-07-09,1513,TWSE,息,171.5,165.5,6.0,1.03625378,6.0,0.0,0.0,0.0
2026-07-09,1616,TWSE,息,23.25,21.89,1.3584,1.0620512,1.3584,0.0,0.0,0.0
2026-07-09,1723,TWSE,息,82.6,80.75,1.85,1.02291022,1.85,0.0,0.0,0.0
2026-07-09,2412,TWSE,息,139.5,134.3,5.2,1.03871929,5.2,0.0,0.0,0.0
2026-07-09,2453,TWSE,息,56.7,53.9,2.8,1.05194805,2.8,0.0,0.0,0.0
2026-07-09,2478,TWSE,息,181.0,179.0,2.0,1.01117318,2.0,0.0,0.0,0.0
2026-07-09,2488,TWSE,息,53.7,50.7,3.0,1.0591716,3.0,0.0,0.0,0.0
2026-07-09,2492,TWSE,息,474.0,471.49,2.503091,1.00530882,2.503091,0.0,0.0,0.0
2026-07-09,2493,TWSE,息,270.0,266.0,4.0,1.01503759,4.0,0.0,0.0,0.0
2026-07-09,2739,TWSE,息,37.1,34.52,2.58,1.07473928,2.58,0.0,0.0,0.0
2026-07-09,3014,TWSE,息,153.5,144.99,8.50169,1.05863303,8.50169,0.0,0.0,0.0
2026-07-09,3024,TWSE,息,12.45,12.23,0.22,1.01798855,0.22,0.0,0.0,0.0
2026-07-09,3044,TWSE,息,472.0,459.3,12.7,1.02765077,12.7,0.0,0.0,0.0
2026-07-09,3045,TWSE,息,113.0,108.25,4.74428,1.04382475,4.74428,0.0,0.0,0.0
2026-07-09,3060,TWSE,息,35.8,35.6,0.2,1.00561798,0.2,0.0,0.0,0.0
2026-07-09,3162,TPEX,息,83.6,82.73,0.865103,1.01045632,0.86510256,0.0,0.0,0.0
2026-07-09,3167,TWSE,息,810.0,806.08,3.914761,1.00485651,3.914761,0.0,0.0,0.0
2026-07-09,3171,TPEX,息,69.9,65.26,4.640344,1.07110587,4.64034443,0.0,0.0,0.0
2026-07-09,3284,TPEX,息,29.0,28.5,0.5,1.01754386,0.5,0.0,0.0,0.0
2026-07-09,3430,TPEX,息,129.5,127.9,1.6,1.01250977,1.6,0.0,0.0,0.0
2026-07-09,3438,TPEX,息,70.5,69.0,1.5,1.02173913,1.5,0.0,0.0,0.0
2026-07-09,3588,TWSE,息,68.0,67.5,0.498574,1.00738613,0.498574,0.0,0.0,0.0
2026-07-09,4433,TPEX,息,21.2,20.2,1.0,1.04950495,1.0,0.0,0.0,0.0
2026-07-09,4556,TPEX,息,92.7,92.1,0.6,1.00651466,0.6,0.0,0.0,0.0
2026-07-09,4590,TWSE,息,91.5,89.2,2.3,1.02578475,2.3,0.0,0.0,0.0
2026-07-09,4720,TWSE,息,23.85,23.45,0.4,1.01705757,0.4,0.0,0.0,0.0
2026-07-09,5215,TWSE,息,44.1,42.1,2.0,1.04750594,2.0,0.0,0.0,0.0
2026-07-09,5284,TWSE,權息,343.0,334.81,8.182653,1.02446163,5.0,0.0,0.03403117213,260.0
2026-07-09,5292,TWSE,權息,223.5,198.18,25.318182,1.12775229,5.5,0.1,0.0,0.0
2026-07-09,5452,TPEX,息,32.15,31.9,0.25,1.00783699,0.25,0.0,0.0,0.0
2026-07-09,5469,TWSE,息,83.5,80.97,2.521177,1.03113378,2.521177,0.0,0.0,0.0
2026-07-09,5511,TPEX,權息,79.7,63.48,16.223647,1.25558568,3.6,0.19887165021,0.0,0.0
2026-07-09,5533,TWSE,息,14.1,13.5,0.6,1.04444444,0.6,0.0,0.0,0.0
2026-07-09,6115,TWSE,息,48.2,45.4,2.8,1.06167401,2.8,0.0,0.0,0.0
2026-07-09,6166,TWSE,息,135.5,134.3,1.198986,1.0089276,1.198986,0.0,0.0,0.0
2026-07-09,6173,TPEX,息,273.0,271.2,1.8,1.00663717,1.8,0.0,0.0,0.0
2026-07-09,6191,TWSE,息,105.5,102.9,2.6,1.02526725,2.6,0.0,0.0,0.0
2026-07-09,6220,TPEX,息,34.7,34.0,0.7,1.02058824,0.7,0.0,0.0,0.0
2026-07-09,6223,TPEX,息,6460.0,6438.0,22.0,1.00341721,22.0,0.0,0.0,0.0
2026-07-09,6278,TWSE,息,200.0,194.43,5.564956,1.02862116,5.564956,0.0,0.0,0.0
2026-07-09,6284,TPEX,息,100.0,98.11,1.8896,1.01925994,1.88959997,0.0,0.0,0.0
2026-07-09,6446,TWSE,權息,1530.0,1377.93,152.067614,1.11038146,1.490152,0.1093,0.0,0.0
2026-07-09,6510,TPEX,息,2840.0,2824.77,15.234897,1.00539333,15.23489734,0.0,0.0,0.0
2026-07-09,6605,TWSE,息,134.0,127.5,6.5,1.05098039,6.5,0.0,0.0,0.0
2026-07-09,6692,TPEX,息,25.8,25.6,0.203027,1.00793168,0.2030269,0.0,0.0,0.0
2026-07-09,6781,TWSE,息,1165.0,1145.9,19.1,1.01666812,19.1,0.0,0.0,0.0
2026-07-09,6899,TPEX,息,58.2,55.4,2.8,1.05054152,2.8,0.0,0.0,0.0
2026-07-09,7556,TPEX,權息,282.0,264.9,17.10122,1.06455756,4.0423906,0.04929742832,0.0,0.0
2026-07-09,8110,TWSE,息,51.3,49.8,1.494171,1.02999992,1.494171,0.0,0.0,0.0
2026-07-09,8147,TPEX,息,154.0,151.0,2.997503,1.01985068,2.99750251,0.0,0.0,0.0
2026-07-09,8183,TPEX,息,33.8,33.0,0.8,1.02424242,0.8,0.0,0.0,0.0
2026-07-09,8261,TWSE,息,348.0,343.0,5.0,1.01457726,5.0,0.0,0.0,0.0
2026-07-09,8374,TWSE,息,85.7,85.5,0.2,1.00233918,0.2,0.0,0.0,0.0
2026-07-09,8499,TWSE,息,306.5,298.5,8.0,1.02680067,8.0,0.0,0.0,0.0
2026-07-09,9905,TWSE,息,21.3,20.2,1.1,1.05445545,1.1,0.0,0.0,0.0
2026-07-10,2008,TWSE,息,29.85,28.85,1.0,1.03466205,1.0,0.0,0.0,0.0
2026-07-10,2610,TWSE,息,21.4,20.58,0.814457,1.03956451,0.814457,0.0,0.0,0.0
2026-07-10,2891,TWSE,息,69.9,67.39,2.500239,1.03709567,2.500239,0.0,0.0,0.0
2026-07-10,2891B,TWSE,息,64.9,62.1,2.796,1.04502125,2.796,0.0,0.0,0.0
2026-07-10,2891C,TWSE,息,63.0,61.08,1.92,1.03143418,1.92,0.0,0.0,0.0
2026-07-10,3034,TWSE,息,542.0,519.0,23.0,1.04431599,23.0,0.0,0.0,0.0
2026-07-10,3055,TWSE,息,158.0,157.5,0.5,1.0031746,0.5,0.0,0.0,0.0
2026-07-10,3217,TPEX,息,173.5,163.5,10.0,1.06116208,10.0,0.0,0.0,0.0
2026-07-10,3303,TPEX,息,59.2,56.2,3.0,1.05338078,3.0,0.0,0.0,0.0
2026-07-10,3467,TPEX,息,58.8,58.3,0.5,1.00857633,0.5,0.0,0.0,0.0
2026-07-10,3489,TPEX,息,24.2,21.2,3.0,1.14150943,3.0,0.0,0.0,0.0
2026-07-10,3564,TPEX,息,54.1,53.83,0.27,1.00501579,0.27,0.0,0.0,0.0
2026-07-10,4711,TPEX,息,17.35,16.85,0.5,1.02967359,0.5,0.0,0.0,0.0
2026-07-10,4968,TWSE,息,111.5,109.9,1.6,1.01455869,1.6,0.0,0.0,0.0
2026-07-10,5519,TWSE,權息,34.45,29.66,4.783334,1.16123596,3.3,0.05,0.0,0.0
2026-07-10,6477,TWSE,息,39.85,39.5,0.35,1.00886076,0.35,0.0,0.0,0.0
2026-07-10,6762,TPEX,權息,176.5,167.62,8.880956,1.05298298,0.5,0.05000002559,0.0,0.0
2026-07-10,7747,TPEX,權息,129.0,114.55,14.454545,1.12619048,3.0,0.1,0.0,0.0
2026-07-10,7811,TPEX,息,80.5,74.83,5.669956,1.07577112,5.66995644,0.0,0.0,0.0
2026-07-13,1907,TWSE,息,27.75,26.75,1.0,1.03738318,1.0,0.0,0.0,0.0
2026-07-13,2248,TWSE,息,59.0,55.89,3.1055,1.05556003,3.1055,0.0,0.0,0.0
2026-07-13,2316,TWSE,息,208.0,206.0,2.0,1.00970874,2.0,0.0,0.0,0.0
2026-07-13,2347,TWSE,息,88.5,84.3,4.2,1.04982206,4.2,0.0,0.0,0.0
2026-07-13,2359,TWSE,息,139.0,138.0,1.0,1.00724638,1.0,0.0,0.0,0.0
2026-07-13,2645,TWSE,息,240.0,235.0,5.0,1.0212766,5.0,0.0,0.0,0.0
2026-07-13,3227,TPEX,息,221.5,211.49,10.007005,1.04731601,10.00700533,0.0,0.0,0.0
2026-07-13,4306,TWSE,息,15.5,14.8,0.7,1.0472973,0.7,0.0,0.0,0.0
2026-07-13,4417,TPEX,息,48.05,44.55,3.5,1.07856341,3.5,0.0,0.0,0.0
2026-07-13,4999,TWSE,息,20.05,19.8,0.25,1.01262626,0.25,0.0,0.0,0.0
2026-07-13,5432,TPEX,息,141.0,139.5,1.5,1.01075269,1.5,0.0,0.0,0.0
2026-07-13,5493,TPEX,息,88.8,86.1,2.7,1.03135889,2.7,0.0,0.0,0.0
2026-07-13,6121,TPEX,息,420.5,408.2,12.3,1.03013229,12.3,0.0,0.0,0.0
2026-07-13,6763,TPEX,息,45.9,43.85,2.05,1.04675029,2.05,0.0,0.0,0.0
2026-07-13,6790,TWSE,息,40.6,37.95,2.65,1.06982872,2.65,0.0,0.0,0.0
2026-07-13,6843,TPEX,息,40.15,38.15,2.0,1.05242464,2.0,0.0,0.0,0.0
2026-07-13,6890,TWSE,息,206.0,197.03,8.967789,1.04551433,8.967789,0.0,0.0,0.0
2026-07-13,6951,TWSE,權,78.7,69.61,9.08077,1.1304,0.0,0.1304,0.0,0.0
2026-07-13,7610,TWSE,權息,2650.0,2181.01,468.983979,1.2150334,0.5,0.2001,0.03087343732,1400.0
2026-07-13,7772,TPEX,息,121.5,120.0,1.5,1.0125,1.5,0.0,0.0,0.0
2026-07-13,8103,TWSE,息,92.0,89.2,2.8,1.03139013,2.8,0.0,0.0,0.0
2026-07-14,1402,TWSE,息,26.85,25.6,1.25,1.04882812,1.25,0.0,0.0,0.0
2026-07-14,1580,TPEX,息,123.5,115.0,8.5,1.07391304,8.5,0.0,0.0,0.0
2026-07-14,1603,TWSE,息,31.85,29.85,2.0,1.06700168,2.0,0.0,0.0,0.0
2026-07-14,1796,TPEX,息,33.0,32.3,0.7,1.02167183,0.7,0.0,0.0,0.0
2026-07-14,2027,TWSE,息,39.5,38.0,1.5,1.03947368,1.5,0.0,0.0,0.0
2026-07-14,2029,TWSE,息,20.95,20.35,0.6,1.02948403,0.6,0.0,0.0,0.0
2026-07-14,2501,TWSE,息,23.5,22.3,1.2,1.05381166,1.2,0.0,0.0,0.0
2026-07-14,2609,TWSE,息,50.1,48.1,2.0,1.04158004,2.0,0.0,0.0,0.0
2026-07-14,2633,TWSE,息,26.45,25.3,1.15,1.04545455,1.15,0.0,0.0,0.0
2026-07-14,2836A,TWSE,息,24.85,24.07,0.775,1.03219107,0.775,0.0,0.0,0.0
2026-07-14,2849,TWSE,息,14.65,14.14,0.51,1.03606789,0.51,0.0,0.0,0.0
2026-07-14,3013,TWSE,息,99.5,99.1,0.4,1.00403633,0.4,0.0,0.0,0.0
2026-07-14,3130,TWSE,息,221.0,206.29,14.70435,1.07127804,14.70435,0.0,0.0,0.0
2026-07-14,3150,TWSE,息,18.05,17.55,0.5,1.02849003,0.5,0.0,0.0,0.0
2026-07-14,3465,TPEX,權,34.85,34.05,0.802034,1.02349486,0.0,0.0,0.15850613852,30.0
2026-07-14,3490,TPEX,息,31.4,30.9,0.5,1.01618123,0.5,0.0,0.0,0.0
2026-07-14,3512,TPEX,息,21.45,19.65,1.8,1.09160305,1.8,0.0,0.0,0.0
2026-07-14,3532,TWSE,息,465.5,464.5,1.0,1.00215285,1.0,0.0,0.0,0.0
2026-07-14,3567,TPEX,息,29.8,28.8,1.0,1.03472222,1.0,0.0,0.0,0.0
2026-07-14,3577,TPEX,息,132.5,130.5,2.0,1.01532567,2.0,0.0,0.0,0.0
2026-07-14,3581,TPEX,息,134.0,133.4,0.6,1.00449775,0.6,0.0,0.0,0.0
2026-07-14,3645,TWSE,息,79.5,78.3,1.2,1.01532567,1.2,0.0,0.0,0.0
2026-07-14,3717,TWSE,息,25.4,25.2,0.197058,1.00781885,0.197058,0.0,0.0,0.0
2026-07-14,4588,TWSE,息,58.7,55.7,3.0,1.05385996,3.0,0.0,0.0,0.0
2026-07-14,4979,TPEX,息,419.0,416.85,2.15335,1.00516581,2.15335026,0.0,0.0,0.0
2026-07-14,5299,TPEX,息,115.5,111.84,3.66,1.03272532,3.66,0.0,0.0,0.0
2026-07-14,5465,TPEX,息,24.85,23.65,1.2,1.05073996,1.2,0.0,0.0,0.0
2026-07-14,5471,TWSE,息,65.0,64.2,0.8,1.01246106,0.8,0.0,0.0,0.0
2026-07-14,6156,TPEX,息,28.35,28.15,0.2,1.0071048,0.2,0.0,0.0,0.0
2026-07-14,6237,TPEX,息,41.3,41.2,0.1,1.00242718,0.1,0.0,0.0,0.0
2026-07-14,6556,TPEX,息,69.3,65.8,3.5,1.05319149,3.5,0.0,0.0,0.0
2026-07-14,6698,TWSE,息,39.9,39.4,0.5,1.01269036,0.5,0.0,0.0,0.0
2026-07-14,6906,TWSE,息,80.3,78.5,1.8,1.02292994,1.8,0.0,0.0,0.0
2026-07-14,7402,TPEX,息,144.0,143.5,0.499361,1.00347985,0.49936115,0.0,0.0,0.0
2026-07-14,7770,TPEX,息,43.2,41.2,2.0,1.04854369,2.0,0.0,0.0,0.0
2026-07-15,00734B,TPEX,息,16.15,15.99,0.16,1.01000625,0.16,0.0,0.0,0.0
2026-07-15,00842B,TPEX,息,31.13,30.33,0.8,1.02637652,0.8,0.0,0.0,0.0
2026-07-15,00904,TWSE,息,41.0,40.32,0.68,1.01686508,0.68,0.0,0.0,0.0
2026-07-15,00936,TWSE,息,20.43,20.31,0.12,1.00590842,0.12,0.0,0.0,0.0
2026-07-15,00942B,TPEX,息,14.21,14.15,0.062,1.00438224,0.062,0.0,0.0,0.0
2026-07-15,00947,TWSE,息,35.15,34.85,0.3,1.00860832,0.3,0.0,0.0,0.0
2026-07-15,00962,TWSE,息,14.49,14.41,0.08,1.0055517,0.08,0.0,0.0,0.0
2026-07-15,00970B,TPEX,息,9.35,9.3,0.05,1.00537634,0.05,0.0,0.0,0.0
2026-07-15,009805,TWSE,息,16.44,16.34,0.1,1.00611995,0.1,0.0,0.0,0.0
2026-07-15,00980B,TPEX,息,9.47,9.42,0.047,1.0049878,0.047,0.0,0.0,0.0
2026-07-15,00989B,TPEX,息,10.3,10.22,0.082,1.00802505,0.082,0.0,0.0,0.0
2026-07-15,1240,TPEX,息,58.1,55.1,3.0,1.05444646,3.0,0.0,0.0,0.0
2026-07-15,1264,TPEX,息,271.5,256.5,15.0,1.05847953,15.0,0.0,0.0,0.0
2026-07-15,1336,TPEX,息,15.95,15.69,0.26,1.01657106,0.26,0.0,0.0,0.0
2026-07-15,1563,TWSE,息,64.5,62.5,2.0,1.032,2.0,0.0,0.0,0.0
2026-07-15,2221,TPEX,息,49.85,48.35,1.5,1.03102378,1.5,0.0,0.0,0.0
2026-07-15,2228,TWSE,息,83.7,79.2,4.5,1.05681818,4.5,0.0,0.0,0.0
2026-07-15,2235,TPEX,息,28.5,27.0,1.5,1.05555556,1.5,0.0,0.0,0.0
2026-07-15,2356,TWSE,息,63.7,61.7,2.0,1.03241491,2.0,0.0,0.0,0.0
2026-07-15,2617,TWSE,息,30.0,28.5,1.5,1.05263158,1.5,0.0,0.0,0.0
2026-07-15,2636,TWSE,息,68.6,63.6,5.0,1.07861635,5.0,0.0,0.0,0.0
2026-07-15,2838,TWSE,權息,22.95,21.21,1.733019,1.08168075,0.46,0.06,0.0,0.0
2026-07-15,3081,TPEX,權息,1925.0,1747.27,177.727261,1.10171695,3.0,0.09999999243,0.0,0.0
2026-07-15,3305,TWSE,息,119.5,117.21,2.283304,1.01947934,2.283304,0.0,0.0,0.0
2026-07-15,3652,TWSE,息,32.05,30.85,1.195417,1.03874358,1.195417,0.0,0.0,0.0
2026-07-15,3665,TWSE,息,1775.0,1759.81,15.184938,1.00862871,15.184938,0.0,0.0,0.0
2026-07-15,4126,TPEX,息,81.3,76.8,4.5,1.05859375,4.5,0.0,0.0,0.0
2026-07-15,4721,TPEX,息,78.7,76.4,2.3,1.03010471,2.3,0.0,0.0,0.0
2026-07-15,6215,TWSE,息,105.0,104.0,1.0,1.00961538,1.0,0.0,0.0,0.0
2026-07-15,6442,TWSE,息,1315.0,1303.74,11.258666,1.00863566,11.258666,0.0,0.0,0.0
2026-07-15,6486,TPEX,息,84.9,78.9,6.0,1.07604563,6.0,0.0,0.0,0.0
2026-07-15,6614,TWSE,息,39.75,38.1,1.65,1.04330709,1.65,0.0,0.0,0.0
2026-07-15,6933,TWSE,息,163.0,160.5,2.498033,1.01556388,2.498033,0.0,0.0,0.0
2026-07-15,7717,TPEX,息,498.0,494.71,3.292848,1.00665616,3.29284754,0.0,0.0,0.0
2026-07-15,8021,TWSE,息,487.5,485.52,1.972185,1.00406194,1.972185,0.0,0.0,0.0
2026-07-15,8131,TWSE,息,74.9,73.9,1.0,1.0135318,1.0,0.0,0.0,0.0
2026-07-15,8182,TPEX,息,45.5,45.25,0.25,1.00552486,0.25,0.0,0.0,0.0
2026-07-15,8383,TPEX,息,84.2,81.7,2.5,1.03059976,2.5,0.0,0.0,0.0
2026-07-15,8438,TWSE,息,90.8,89.5,1.3,1.01452514,1.3,0.0,0.0,0.0
2026-07-15,9908,TWSE,息,29.9,28.7,1.2,1.04181185,1.2,0.0,0.0,0.0
2026-07-16,006208,TWSE,息,246.6,241.85,4.75,1.01964027,4.75,0.0,0.0,0.0
2026-07-16,00692,TWSE,息,92.0,90.08,1.92,1.02131439,1.92,0.0,0.0,0.0
2026-07-16,00694B,TPEX,息,42.45,42.13,0.317,1.00752379,0.317,0.0,0.0,0.0
2026-07-16,00695B,TPEX,息,35.61,35.27,0.339,1.0096113,0.339,0.0,0.0,0.0
2026-07-16,00696B,TPEX,息,29.12,28.82,0.297,1.01030427,0.297,0.0,0.0,0.0
2026-07-16,00702,TWSE,息,25.33,24.65,0.68,1.02758621,0.68,0.0,0.0,0.0
2026-07-16,00714,TWSE,息,22.2,22.07,0.123,1.00557141,0.123,0.0,0.0,0.0
2026-07-16,00717,TWSE,息,14.97,14.82,0.141,1.0095084,0.141,0.0,0.0,0.0
2026-07-16,00722B,TPEX,息,35.65,35.13,0.52,1.01480216,0.52,0.0,0.0,0.0
2026-07-16,00723B,TPEX,息,30.47,30.03,0.44,1.01465201,0.44,0.0,0.0,0.0
2026-07-16,00724B,TPEX,息,33.87,33.39,0.483,1.01446671,0.483,0.0,0.0,0.0
2026-07-16,00725B,TPEX,息,35.19,34.7,0.49,1.01412104,0.49,0.0,0.0,0.0
2026-07-16,00727B,TPEX,息,40.26,39.41,0.85,1.02156813,0.85,0.0,0.0,0.0
2026-07-16,00730,TWSE,息,28.5,28.39,0.11,1.0038746,0.11,0.0,0.0,0.0
2026-07-16,00735,TWSE,息,106.9,103.9,3.0,1.02887392,3.0,0.0,0.0,0.0
2026-07-16,00736,TWSE,息,31.78,31.53,0.25,1.00792896,0.25,0.0,0.0,0.0
2026-07-16,00740B,TPEX,息,38.5,38.33,0.175,1.00456621,0.175,0.0,0.0,0.0
2026-07-16,00741B,TPEX,息,37.79,37.59,0.199,1.00529382,0.199,0.0,0.0,0.0
2026-07-16,00746B,TPEX,息,35.62,35.19,0.433,1.01230568,0.433,0.0,0.0,0.0
2026-07-16,00749B,TPEX,息,32.02,31.59,0.43,1.0136119,0.43,0.0,0.0,0.0
2026-07-16,00750B,TPEX,息,32.9,32.49,0.41,1.01261927,0.41,0.0,0.0,0.0
2026-07-16,00772B,TPEX,息,33.51,33.37,0.14,1.00419539,0.14,0.0,0.0,0.0
2026-07-16,00773B,TPEX,息,35.78,35.64,0.145,1.00406903,0.145,0.0,0.0,0.0
2026-07-16,00777B,TPEX,息,32.34,32.2,0.14,1.00434783,0.14,0.0,0.0,0.0
2026-07-16,00778B,TPEX,息,34.15,34.01,0.14,1.00411644,0.14,0.0,0.0,0.0
2026-07-16,00782B,TPEX,息,30.69,30.19,0.5,1.01656178,0.5,0.0,0.0,0.0
2026-07-16,00785B,TPEX,息,35.1,34.65,0.453,1.01307473,0.453,0.0,0.0,0.0
2026-07-16,00840B,TPEX,息,29.78,29.66,0.123,1.00414742,0.123,0.0,0.0,0.0
2026-07-16,00848B,TPEX,息,34.5,34.13,0.37,1.0108409,0.37,0.0,0.0,0.0
2026-07-16,00849B,TPEX,息,37.99,37.66,0.33,1.00876261,0.33,0.0,0.0,0.0
2026-07-16,00882,TWSE,息,15.16,14.61,0.55,1.03764545,0.55,0.0,0.0,0.0
2026-07-16,00884B,TPEX,息,29.84,29.48,0.36,1.01221167,0.36,0.0,0.0,0.0
2026-07-16,00890B,TPEX,息,32.18,32.04,0.145,1.0045263,0.145,0.0,0.0,0.0
2026-07-16,00892,TWSE,息,43.18,40.72,2.46,1.06041257,2.46,0.0,0.0,0.0
2026-07-16,00900,TWSE,息,19.0,18.92,0.075,1.00396301,0.075,0.0,0.0,0.0
2026-07-16,00905,TWSE,息,27.56,26.5,1.058,1.03992152,1.058,0.0,0.0,0.0
2026-07-16,00908,TWSE,息,15.44,15.29,0.142,1.00928226,0.142,0.0,0.0,0.0
2026-07-16,00911,TWSE,息,62.6,59.1,3.5,1.05922166,3.5,0.0,0.0,0.0
2026-07-16,00912,TWSE,息,34.16,33.16,1.0,1.03015682,1.0,0.0,0.0,0.0
2026-07-16,00927,TWSE,息,41.29,39.41,1.88,1.04770363,1.88,0.0,0.0,0.0
2026-07-16,00928,TPEX,息,35.61,32.86,2.75,1.08368837,2.75,0.0,0.0,0.0
2026-07-16,00933B,TPEX,息,16.0,15.93,0.073,1.00458341,0.073,0.0,0.0,0.0
2026-07-16,00934,TWSE,息,27.89,27.59,0.3,1.0108735,0.3,0.0,0.0,0.0
2026-07-16,00937B,TPEX,息,14.8,14.73,0.072,1.00488865,0.072,0.0,0.0,0.0
2026-07-16,00943,TWSE,息,22.42,22.3,0.12,1.00538117,0.12,0.0,0.0,0.0
2026-07-16,00944,TWSE,息,21.7,21.59,0.109,1.0050484,0.109,0.0,0.0,0.0
2026-07-16,00945B,TWSE,息,14.67,14.58,0.09,1.00617284,0.09,0.0,0.0,0.0
2026-07-16,00948B,TPEX,息,9.43,9.39,0.042,1.0044738,0.042,0.0,0.0,0.0
2026-07-16,00952,TWSE,息,18.48,18.36,0.12,1.00653595,0.12,0.0,0.0,0.0
2026-07-16,00956,TWSE,息,12.75,12.45,0.3,1.02409639,0.3,0.0,0.0,0.0
2026-07-16,00957B,TPEX,息,13.4,13.34,0.06,1.00449775,0.06,0.0,0.0,0.0
2026-07-16,00960,TWSE,息,18.14,17.91,0.225,1.01255931,0.225,0.0,0.0,0.0
2026-07-16,00961,TWSE,息,12.75,12.56,0.19,1.01512739,0.19,0.0,0.0,0.0
2026-07-16,00963,TWSE,息,12.99,12.89,0.095,1.0073672,0.095,0.0,0.0,0.0
2026-07-16,00964,TWSE,息,14.21,14.09,0.12,1.00851668,0.12,0.0,0.0,0.0
2026-07-16,009804,TWSE,息,23.77,22.24,1.53,1.06879496,1.53,0.0,0.0,0.0
2026-07-16,00980D,TPEX,息,20.51,20.4,0.114,1.00558933,0.114,0.0,0.0,0.0
2026-07-16,009814,TPEX,息,11.32,11.28,0.042,1.00372406,0.042,0.0,0.0,0.0
2026-07-16,00981D,TPEX,息,10.52,10.45,0.07,1.00669856,0.07,0.0,0.0,0.0
2026-07-16,00981T,TWSE,息,12.22,12.13,0.082,1.00675564,0.082,0.0,0.0,0.0
2026-07-16,00982B,TPEX,息,9.79,9.75,0.045,1.00461775,0.045,0.0,0.0,0.0
2026-07-16,00982D,TWSE,息,9.93,9.87,0.052,1.00526422,0.052,0.0,0.0,0.0
2026-07-16,00983D,TWSE,息,10.15,10.09,0.06,1.00594648,0.06,0.0,0.0,0.0
2026-07-16,00984A,TWSE,息,16.3,15.88,0.415,1.02612528,0.415,0.0,0.0,0.0
2026-07-16,00988B,TPEX,息,20.09,19.93,0.157,1.00787639,0.157,0.0,0.0,0.0
2026-07-16,00992A,TWSE,息,17.49,17.02,0.47,1.02761457,0.47,0.0,0.0,0.0
2026-07-16,1102,TWSE,息,34.8,32.5,2.3,1.07076923,2.3,0.0,0.0,0.0
2026-07-16,1108,TWSE,息,13.7,12.7,1.0,1.07874016,1.0,0.0,0.0,0.0
2026-07-16,1109,TWSE,息,14.65,13.75,0.9,1.06545455,0.9,0.0,0.0,0.0
2026-07-16,1220,TWSE,息,11.4,11.2,0.2,1.01785714,0.2,0.0,0.0,0.0
2026-07-16,1434,TWSE,息,19.55,19.05,0.5,1.02624672,0.5,0.0,0.0,0.0
2026-07-16,1440,TWSE,息,13.45,13.15,0.3,1.02281369,0.3,0.0,0.0,0.0
2026-07-16,1522,TWSE,息,30.1,28.9,1.2,1.04152249,1.2,0.0,0.0,0.0
2026-07-16,1522A,TWSE,息,50.1,48.1,2.0,1.04158004,2.0,0.0,0.0,0.0
2026-07-16,1560,TWSE,息,742.0,737.05,4.942056,1.00670511,4.942056,0.0,0.0,0.0
2026-07-16,1614,TWSE,息,32.4,31.43,0.967772,1.03078916,0.967772,0.0,0.0,0.0
2026-07-16,1777,TPEX,息,75.3,71.3,4.0,1.05610098,4.0,0.0,0.0,0.0
2026-07-16,1785,TPEX,息,121.0,119.0,2.000099,1.01680757,2.000099,0.0,0.0,0.0
2026-07-16,2034,TWSE,息,20.75,19.75,1.0,1.05063291,1.0,0.0,0.0,0.0
2026-07-16,2247,TWSE,息,230.0,222.0,7.999782,1.03603502,7.999782,0.0,0.0,0.0
2026-07-16,2365,TWSE,息,32.7,32.4,0.3,1.00925926,0.3,0.0,0.0,0.0
2026-07-16,2382,TWSE,息,381.0,365.4,15.6,1.04269294,15.6,0.0,0.0,0.0
2026-07-16,2404,TWSE,息,1285.0,1245.0,40.0,1.03212851,40.0,0.0,0.0,0.0
2026-07-16,2506,TWSE,息,8.95,8.75,0.2,1.02285714,0.2,0.0,0.0,0.0
2026-07-16,2515,TWSE,權,13.9,13.23,0.663166,1.0501,0.0,0.0501,0.0,0.0
2026-07-16,2727,TWSE,息,233.5,217.38,16.117149,1.07414177,16.117149,0.0,0.0,0.0
2026-07-16,2755,TPEX,權息,137.5,107.54,29.955703,1.27854292,3.45042781,0.24645913503,0.0,0.0
2026-07-16,3380,TWSE,息,32.9,32.4,0.5,1.0154321,0.5,0.0,0.0,0.0
2026-07-16,3551,TPEX,息,225.0,220.2,4.8,1.02179837,4.8,0.0,0.0,0.0
2026-07-16,3615,TPEX,息,44.25,43.55,0.7,1.01607348,0.7,0.0,0.0,0.0
2026-07-16,3628,TPEX,息,73.2,69.95,3.25,1.04646176,3.25,0.0,0.0,0.0
2026-07-16,3673,TWSE,息,74.2,72.4,1.8,1.02486188,1.8,0.0,0.0,0.0
2026-07-16,3687,TPEX,息,76.5,74.5,2.002839,1.02688478,2.00283945,0.0,0.0,0.0
2026-07-16,4161,TPEX,息,23.1,22.4,0.7,1.03125,0.7,0.0,0.0,0.0
2026-07-16,4413,TPEX,息,14.9,14.6,0.3,1.02054795,0.3,0.0,0.0,0.0
2026-07-16,4439,TWSE,息,107.5,103.44,4.052853,1.03917801,4.052853,0.0,0.0,0.0
2026-07-16,4536,TWSE,息,171.0,163.0,8.0,1.04907975,8.0,0.0,0.0,0.0
2026-07-16,4568,TPEX,息,40.35,38.37,1.980271,1.05161025,1.98027127,0.0,0.0,0.0
2026-07-16,4572,TWSE,息,153.0,148.0,4.997666,1.03376748,4.997666,0.0,0.0,0.0
2026-07-16,5206,TPEX,權息,22.6,20.57,2.028571,1.09861111,1.0,0.05,0.0,0.0
2026-07-16,5434,TWSE,息,556.0,542.58,13.418095,1.02473008,13.418095,0.0,0.0,0.0
2026-07-16,5904,TPEX,息,677.0,651.5,25.5,1.03914045,25.5,0.0,0.0,0.0
2026-07-16,6112,TWSE,息,43.65,42.0,1.65,1.03928571,1.65,0.0,0.0,0.0
2026-07-16,6150,TPEX,息,62.3,61.7,0.6,1.00972447,0.6,0.0,0.0,0.0
2026-07-16,6161,TPEX,息,55.0,52.8,2.2,1.04166667,2.2,0.0,0.0,0.0
2026-07-16,6190,TPEX,息,78.1,76.17,1.933038,1.02537896,1.93303817,0.0,0.0,0.0
2026-07-16,6229,TPEX,息,26.35,25.75,0.6,1.02330097,0.6,0.0,0.0,0.0
2026-07-16,6488,TPEX,息,1480.0,1474.3,5.7,1.00386624,5.7,0.0,0.0,0.0
2026-07-16,6508,TPEX,息,26.0,25.5,0.5,1.01960784,0.5,0.0,0.0,0.0
2026-07-16,6703,TPEX,權,117.0,106.36,10.636365,1.10000001,0.0,0.10000000916,0.0,0.0
2026-07-16,6727,TPEX,息,417.5,413.0,4.5,1.01089588,4.5,0.0,0.0,0.0
2026-07-16,7721,TWSE,息,68.0,67.0,1.0,1.01492537,1.0,0.0,0.0,0.0
2026-07-16,7749,TWSE,息,401.0,392.0,9.0,1.02295918,9.0,0.0,0.0,0.0
2026-07-16,8222,TWSE,息,41.95,41.6,0.35,1.00841346,0.35,0.0,0.0,0.0
2026-07-16,9937,TWSE,息,56.9,54.7,2.2,1.04021938,2.2,0.0,0.0,0.0
2026-07-17,00931B,TPEX,息,13.58,13.44,0.141,1.01049185,0.141,0.0,0.0,0.0
2026-07-17,00985D,TPEX,息,10.22,10.16,0.061,1.00600453,0.061,0.0,0.0,0.0
2026-07-17,2395,TWSE,息,530.0,518.84,11.158556,1.02150668,11.158556,0.0,0.0,0.0
2026-07-17,2547,TWSE,息,11.1,10.3,0.8,1.0776699,0.8,0.0,0.0,0.0
2026-07-17,2915,TWSE,息,52.8,50.9,1.9,1.03732809,1.9,0.0,0.0,0.0
2026-07-17,3028,TWSE,權,73.1,71.72,1.372721,1.01924149,0.0,0.0,0.0799995977,58.0
2026-07-17,3083,TPEX,息,26.7,26.37,0.33,1.01251422,0.33,0.0,0.0,0.0
2026-07-17,3149,TWSE,權,93.5,86.68,6.812618,1.0786802,0.0,0.0,0.21217007178,61.0
2026-07-17,4114,TPEX,權息,33.25,30.01,3.244281,1.10812208,0.8483847,0.07984797904,0.0,0.0
2026-07-17,4205,TPEX,息,74.7,71.2,3.5,1.0491573,3.5,0.0,0.0,0.0
2026-07-17,6023,TPEX,權息,106.0,88.7,17.304348,1.19509804,4.0,0.1500000025,0.0,0.0
2026-07-17,6194,TPEX,息,31.4,29.9,1.5,1.05016722,1.5,0.0,0.0,0.0
2026-07-17,6207,TPEX,息,140.5,139.9,0.602759,1.00430858,0.60275886,0.0,0.0,0.0
2026-07-17,6464,TWSE,權息,78.4,74.1,4.294231,1.05794732,1.33,0.04,0.0,0.0
2026-07-17,6515,TWSE,息,6735.0,6685.56,49.43752,1.00739467,49.43752,0.0,0.0,0.0
2026-07-17,8358,TPEX,息,439.0,437.0,2.0,1.00457666,2.0,0.0,0.0,0.0
2026-07-17,8390,TPEX,息,102.5,98.7,3.8,1.03850051,3.8,0.0,0.0,0.0
2026-07-20,1464,TWSE,息,10.6,10.35,0.25,1.02415459,0.25,0.0,0.0,0.0
2026-07-20,2211,TWSE,息,94.2,87.7,6.5,1.07411631,6.5,0.0,0.0,0.0
2026-07-20,2392,TWSE,息,35.55,34.55,1.0,1.02894356,1.0,0.0,0.0,0.0
2026-07-20,2640,TPEX,息,161.0,153.0,8.0,1.05228758,8.0,0.0,0.0,0.0
2026-07-20,3031,TWSE,息,26.2,25.2,1.0,1.03968254,1.0,0.0,0.0,0.0
2026-07-20,3276,TPEX,息,16.0,15.94,0.06,1.00376412,0.06,0.0,0.0,0.0
2026-07-20,3611,TPEX,息,192.5,182.5,10.0,1.05479452,10.0,0.0,0.0,0.0
2026-07-20,4120,TPEX,息,48.0,44.0,4.0,1.09090909,4.0,0.0,0.0,0.0
2026-07-20,4169,TWSE,息,252.0,251.68,0.31999,1.00127142,0.31999,0.0,0.0,0.0
2026-07-20,4560,TWSE,息,33.8,31.8,2.0,1.06289308,2.0,0.0,0.0,0.0
2026-07-20,5386,TPEX,權息,378.0,251.0,127.000002,1.50597611,1.5,0.50000001386,0.0,0.0
2026-07-20,6277,TWSE,息,80.5,78.0,2.5,1.03205128,2.5,0.0,0.0,0.0
2026-07-20,6877,TPEX,息,125.0,124.5,0.5,1.00401606,0.5,0.0,0.0,0.0
2026-07-20,6887,TWSE,息,39.45,37.02,2.420931,1.0653792,2.420931,0.0,0.0,0.0
2026-07-20,8069,TPEX,息,181.5,175.61,5.888207,1.03352968,5.88820682,0.0,0.0,0.0
2026-07-20,8213,TWSE,息,32.8,31.66,1.14,1.03600758,1.14,0.0,0.0,0.0
2026-07-20,8481,TWSE,息,41.6,38.85,2.75,1.07078507,2.75,0.0,0.0,0.0
2026-07-21,0050,TWSE,息,99.2,98.6,0.6,1.00608519,0.6,0.0,0.0,0.0
2026-07-21,0056,TWSE,息,49.95,48.6,1.35,1.02777778,1.35,0.0,0.0,0.0
2026-07-21,006203,TWSE,息,181.0,179.75,1.25,1.0069541,1.25,0.0,0.0,0.0
2026-07-21,00719B,TPEX,息,31.75,31.48,0.27,1.00857687,0.27,0.0,0.0,0.0
2026-07-21,00720B,TPEX,息,33.36,32.89,0.47,1.01429006,0.47,0.0,0.0,0.0
2026-07-21,00788B,TPEX,息,30.49,30.12,0.37,1.0122842,0.37,0.0,0.0,0.0
2026-07-21,00789B,TPEX,息,48.51,47.86,0.65,1.01358128,0.65,0.0,0.0,0.0
2026-07-21,00791B,TPEX,息,58.25,57.65,0.6,1.01040763,0.6,0.0,0.0,0.0
2026-07-21,00834B,TPEX,息,34.56,34.15,0.406,1.01188733,0.406,0.0,0.0,0.0
2026-07-21,00870B,TPEX,息,28.7,28.32,0.38,1.01341808,0.38,0.0,0.0,0.0
2026-07-21,00929,TWSE,息,27.94,27.56,0.38,1.0137881,0.38,0.0,0.0,0.0
2026-07-21,00967B,TPEX,息,9.25,9.22,0.033,1.00358034,0.033,0.0,0.0,0.0
2026-07-21,00968B,TPEX,息,9.32,9.28,0.043,1.00463512,0.043,0.0,0.0,0.0
2026-07-21,00981B,TPEX,息,9.38,9.32,0.063,1.00676183,0.063,0.0,0.0,0.0
2026-07-21,00986D,TPEX,息,14.9,14.81,0.09,1.00607698,0.09,0.0,0.0,0.0
2026-07-21,00991A,TWSE,息,16.5,15.73,0.77,1.04895105,0.77,0.0,0.0,0.0
2026-07-21,1233,TWSE,息,29.0,28.8,0.2,1.00694444,0.2,0.0,0.0,0.0
2026-07-21,1529,TWSE,權息,20.4,18.17,2.22699,1.12272977,0.5,0.05,0.19342974103,15.0
2026-07-21,1535,TWSE,息,50.3,47.3,3.0,1.06342495,3.0,0.0,0.0,0.0
2026-07-21,1615,TWSE,權息,46.55,43.61,2.936139,1.06732123,2.5,0.01,0.0,0.0
2026-07-21,1726,TWSE,息,80.2,76.5,3.7,1.04836601,3.7,0.0,0.0,0.0
2026-07-21,2355,TWSE,息,42.55,41.54,1.000377,1.02407668,1.000377,0.0,0.0,0.0
2026-07-21,2704,TWSE,息,45.3,44.8,0.5,1.01116071,0.5,0.0,0.0,0.0
2026-07-21,2885,TWSE,息,62.9,61.1,1.8,1.0294599,1.8,0.0,0.0,0.0
2026-07-21,2887,TWSE,權息,35.15,33.81,1.338119,1.0395754,1.0,0.01,0.0,0.0
2026-07-21,5269,TWSE,息,1470.0,1424.62,45.376699,1.03185172,45.376699,0.0,0.0,0.0
2026-07-21,5276,TPEX,息,19.2,18.4,0.8,1.04347826,0.8,0.0,0.0,0.0
2026-07-21,5548,TPEX,權息,24.05,21.18,2.872459,1.13563709,0.98846548,0.08896190778,0.0,0.0
2026-07-21,6527,TPEX,息,70.4,67.5,2.9,1.04296296,2.9,0.0,0.0,0.0
2026-07-21,6719,TWSE,息,218.0,213.4,4.598343,1.02154783,4.598343,0.0,0.0,0.0
2026-07-21,6735,TPEX,息,66.8,66.1,0.7,1.01059002,0.7,0.0,0.0,0.0
2026-07-21,6870,TPEX,權息,319.5,264.09,55.405384,1.20979369,3.21161109,0.19763285303,0.0,0.0
2026-07-21,6967,TPEX,權,75.5,71.73,3.770338,1.0525582,0.0,0.0,0.16902636348,55.0
2026-07-21,8215,TWSE,息,24.45,24.15,0.3,1.01242236,0.3,0.0,0.0,0.0
2026-07-21,9926,TWSE,息,50.8,48.7,2.1,1.04312115,2.1,0.0,0.0,0.0
2026-07-22,1608,TWSE,息,31.8,29.8,2.0,1.06711409,2.0,0.0,0.0,0.0
2026-07-22,2206,TWSE,息,63.9,60.84,3.058256,1.05026575,3.058256,0.0,0.0,0.0
2026-07-22,2471,TWSE,息,52.0,48.68,3.311836,1.06802138,3.311836,0.0,0.0,0.0
2026-07-22,2548,TWSE,權,102.0,97.14,4.857142,1.05,0.0,0.05,0.0,0.0
2026-07-22,2906,TWSE,息,14.1,13.5,0.6,1.04444444,0.6,0.0,0.0,0.0
2026-07-22,3138,TWSE,息,101.5,99.95,1.546282,1.01546998,1.546282,0.0,0.0,0.0
2026-07-22,3266,TWSE,息,13.95,13.45,0.5,1.03717472,0.5,0.0,0.0,0.0
2026-07-22,3402,TPEX,息,144.0,138.0,6.0,1.04347826,6.0,0.0,0.0,0.0
2026-07-22,3617,TWSE,息,211.5,201.56,9.937105,1.04930027,9.937105,0.0,0.0,0.0
2026-07-22,3653,TWSE,息,3520.0,3498.27,21.720712,1.00620897,21.720712,0.0,0.0,0.0
2026-07-22,4506,TPEX,息,125.0,119.7,5.3,1.04427736,5.3,0.0,0.0,0.0
2026-07-22,4977,TWSE,息,134.0,131.81,2.181974,1.01655293,2.181974,0.0,0.0,0.0
2026-07-22,5439,TPEX,息,256.5,249.3,7.199923,1.02888055,7.19992263,0.0,0.0,0.0
2026-07-22,5508,TPEX,息,53.4,50.62,2.77637,1.05484336,2.77637,0.0,0.0,0.0
2026-07-22,6206,TWSE,息,120.5,115.0,5.5,1.04782609,5.5,0.0,0.0,0.0
2026-07-22,6231,TPEX,息,238.0,232.3,5.7,1.02453724,5.7,0.0,0.0,0.0
2026-07-22,6244,TPEX,息,25.85,25.71,0.14,1.00544535,0.14,0.0,0.0,0.0
2026-07-22,6275,TPEX,息,44.7,42.71,1.992014,1.04664265,1.99201364,0.0,0.0,0.0
2026-07-22,6782,TWSE,息,194.5,186.1,8.4,1.04513702,8.4,0.0,0.0,0.0
2026-07-22,6904,TPEX,息,127.0,122.0,5.0,1.04098361,5.0,0.0,0.0,0.0
2026-07-22,8411,TWSE,息,12.7,12.6,0.1,1.00793651,0.1,0.0,0.0,0.0
2026-07-23,1103,TWSE,息,13.55,13.02,0.521797,1.04005134,0.521797,0.0,0.0,0.0
2026-07-23,1201,TWSE,息,12.65,12.44,0.21,1.01688103,0.21,0.0,0.0,0.0
2026-07-23,1227,TWSE,息,29.95,28.61,1.34,1.04683677,1.34,0.0,0.0,0.0
2026-07-23,1304,TWSE,息,13.35,13.2,0.15,1.01136364,0.15,0.0,0.0,0.0
2026-07-23,1305,TWSE,息,12.7,12.6,0.1,1.00793651,0.1,0.0,0.0,0.0
2026-07-23,1308,TWSE,息,14.6,14.4,0.2,1.01388889,0.2,0.0,0.0,0.0
2026-07-23,1309,TWSE,息,14.8,14.65,0.15,1.01023891,0.15,0.0,0.0,0.0
2026-07-23,1417,TWSE,息,8.8,8.55,0.25,1.02923977,0.25,0.0,0.0,0.0
2026-07-23,1436,TWSE,息,45.3,40.25,5.047596,1.12539862,5.047596,0.0,0.0,0.0
2026-07-23,1503,TWSE,息,211.5,206.5,5.0,1.02421308,5.0,0.0,0.0,0.0
2026-07-23,1558,TWSE,息,93.6,88.6,5.0,1.05643341,5.0,0.0,0.0,0.0
2026-07-23,1590,TWSE,息,1430.0,1400.89,29.1078,1.02077804,29.1078,0.0,0.0,0.0
2026-07-23,1720,TWSE,權息,63.5,55.9,7.59091,1.13577236,2.0,0.1,0.0,0.0
2026-07-23,1806,TWSE,息,8.38,8.23,0.15,1.018226,0.15,0.0,0.0,0.0
2026-07-23,1809,TWSE,息,40.0,39.75,0.25,1.00628931,0.25,0.0,0.0,0.0
2026-07-23,2204,TWSE,息,55.5,51.9,3.6,1.06936416,3.6,0.0,0.0,0.0
2026-07-23,2352,TWSE,息,30.4,29.4,1.0,1.03401361,1.0,0.0,0.0,0.0
2026-07-23,2414,TWSE,息,57.3,54.3,3.0,1.05524862,3.0,0.0,0.0,0.0
2026-07-23,2745,TPEX,息,103.0,95.5,7.5,1.07853403,7.5,0.0,0.0,0.0
2026-07-23,2890,TWSE,權息,40.4,38.52,1.870589,1.04854962,1.1,0.02,0.0,0.0
2026-07-23,2897,TWSE,息,10.5,9.98,0.52,1.05210421,0.52,0.0,0.0,0.0
2026-07-23,2897B,TWSE,息,11.95,11.41,0.54,1.04732691,0.54,0.0,0.0,0.0
2026-07-23,3056,TWSE,息,14.85,14.23,0.616413,1.04330693,0.616413,0.0,0.0,0.0
2026-07-23,3088,TPEX,息,147.5,144.57,2.930445,1.02027014,2.93044459,0.0,0.0,0.0
2026-07-23,3206,TPEX,息,35.4,33.9,1.5,1.04424779,1.5,0.0,0.0,0.0
2026-07-23,3219,TPEX,息,66.1,64.74,1.359535,1.02099977,1.359535,0.0,0.0,0.0
2026-07-23,3444,TPEX,息,77.3,75.5,1.8,1.02384106,1.8,0.0,0.0,0.0
2026-07-23,3491,TPEX,息,1300.0,1293.2,6.8,1.00525827,6.8,0.0,0.0,0.0
2026-07-23,3716,TWSE,息,34.65,33.64,1.00373,1.02983184,1.00373,0.0,0.0,0.0
2026-07-23,4129,TPEX,息,91.7,87.2,4.5,1.0516055,4.5,0.0,0.0,0.0
2026-07-23,4545,TWSE,息,34.5,34.37,0.13,1.00378237,0.13,0.0,0.0,0.0
2026-07-23,4933,TPEX,息,58.3,55.41,2.887441,1.05210805,2.88744052,0.0,0.0,0.0
2026-07-23,5483,TPEX,息,234.0,231.5,2.5,1.01079914,2.5,0.0,0.0,0.0
2026-07-23,6290,TPEX,息,250.0,243.81,6.192344,1.02539848,6.192344,0.0,0.0,0.0
2026-07-23,6409,TWSE,息,998.0,961.22,36.770247,1.03825334,36.770247,0.0,0.0,0.0
2026-07-23,6506,TPEX,息,18.4,17.4,1.0,1.05747126,1.0,0.0,0.0,0.0
2026-07-23,6671,TWSE,息,24.0,22.8,1.2,1.05263158,1.2,0.0,0.0,0.0
2026-07-23,6944,TWSE,權息,1030.0,779.23,250.769231,1.32181639,17.0,0.3,0.0,0.0
2026-07-23,7722,TWSE,權,312.5,297.61,14.880953,1.05,0.0,0.05,0.0,0.0
2026-07-23,7768,TWSE,息,296.0,292.49,3.50049,1.01196751,3.50049,0.0,0.0,0.0
2026-07-23,8048,TPEX,權息,57.0,53.4,3.601941,1.06745454,2.0,0.0299999903,0.0,0.0
2026-07-23,8942,TPEX,息,38.85,37.85,1.0,1.02642008,1.0,0.0,0.0,0.0
2026-07-23,9918,TWSE,息,43.5,42.0,1.5,1.03571429,1.5,0.0,0.0,0.0
2026-07-23,9958,TWSE,息,115.5,111.0,4.5,1.04054054,4.5,0.0,0.0,0.0
2026-07-24,1617,TWSE,息,19.25,18.65,0.6,1.03217158,0.6,0.0,0.0,0.0
2026-07-24,1734,TWSE,息,32.55,31.55,1.0,1.03169572,1.0,0.0,0.0,0.0
2026-07-24,2002,TWSE,息,19.1,18.95,0.15,1.00791557,0.15,0.0,0.0,0.0
2026-07-24,2002A,TWSE,息,38.85,37.45,1.4,1.03738318,1.4,0.0,0.0,0.0
2026-07-24,2073,TPEX,息,28.15,27.85,0.3,1.01077199,0.3,0.0,0.0,0.0
2026-07-24,2495,TWSE,息,38.8,38.0,0.8,1.02105263,0.8,0.0,0.0,0.0
2026-07-24,3694,TWSE,息,64.1,61.79,2.300571,1.03722641,2.300571,0.0,0.0,0.0
2026-07-24,4561,TPEX,息,36.8,36.6,0.2,1.00546448,0.2,0.0,0.0,0.0
2026-07-24,4764,TWSE,權,309.5,304.28,5.21072,1.01715525,0.0,0.0,0.0526056994,230.0
2026-07-24,4771,TWSE,息,194.5,187.52,6.972245,1.0371798,6.972245,0.0,0.0,0.0
2026-07-24,5263,TPEX,權,97.7,96.92,0.783545,1.00804787,0.0,0.0,0.05638814929,85.8
2026-07-24,5488,TPEX,息,14.55,14.49,0.06,1.00414079,0.06,0.0,0.0,0.0
2026-07-24,6435,TPEX,息,293.0,285.5,7.5,1.0262697,7.5,0.0,0.0,0.0
2026-07-24,6796,TWSE,息,60.0,59.75,0.25,1.0041841,0.25,0.0,0.0,0.0
2026-07-24,6863,TWSE,息,109.5,108.0,1.5,1.01388889,1.5,0.0,0.0,0.0
2026-07-24,7740,TWSE,權息,157.0,137.38,19.610999,1.14272088,2.05,0.1278,0.0,0.0
2026-07-24,7788,TWSE,息,230.0,228.0,2.0,1.00877193,2.0,0.0,0.0,0.0
2026-07-24,8050,TPEX,息,63.0,60.85,2.147657,1.03529291,2.14765656,0.0,0.0,0.0
2026-07-24,9925,TWSE,息,41.4,39.4,2.0,1.05076142,2.0,0.0,0.0,0.0
2026-07-27,00858,TPEX,息,36.53,35.13,1.4,1.03985198,1.4,0.0,0.0,0.0
2026-07-27,00888,TPEX,息,34.25,32.5,1.753,1.05394344,1.753,0.0,0.0,0.0
2026-07-27,00930,TWSE,息,24.03,23.78,0.25,1.01051304,0.25,0.0,0.0,0.0
2026-07-27,00958B,TPEX,息,9.27,9.23,0.041,1.00444252,0.041,0.0,0.0,0.0
2026-07-27,1530,TWSE,權息,31.1,28.44,2.659634,1.09351613,0.1,0.09,0.0,0.0
2026-07-27,3002,TWSE,息,17.95,17.62,0.329867,1.01872103,0.329867,0.0,0.0,0.0
2026-07-27,3285,TPEX,息,39.85,39.35,0.5,1.01270648,0.5,0.0,0.0,0.0
2026-07-27,3379,TPEX,息,31.15,29.95,1.2,1.04006678,1.2,0.0,0.0,0.0
2026-07-27,3552,TPEX,息,47.8,47.3,0.5,1.01057082,0.5,0.0,0.0,0.0
2026-07-27,3587,TPEX,息,258.0,253.79,4.208319,1.01658178,4.20831878,0.0,0.0,0.0
2026-07-27,4767,TPEX,息,27.5,26.4,1.1,1.04166667,1.1,0.0,0.0,0.0
2026-07-27,4971,TPEX,息,402.0,401.15,0.847412,1.00211244,0.84741153,0.0,0.0,0.0
2026-07-27,5425,TPEX,息,85.0,82.98,2.02155,1.02436235,2.02154968,0.0,0.0,0.0
2026-07-27,5546,TWSE,息,15.85,14.85,1.0,1.06734007,1.0,0.0,0.0,0.0
2026-07-27,6016,TPEX,權息,24.45,21.6,2.854444,1.1321774,0.155,0.12499999927,0.0,0.0
2026-07-27,6259,TPEX,息,32.05,31.7,0.348752,1.01100122,0.34875249,0.0,0.0,0.0
2026-07-27,6451,TWSE,息,437.5,437.28,0.217665,1.00049777,0.217665,0.0,0.0,0.0
2026-07-27,6643,TPEX,息,425.0,423.81,1.191674,1.00281182,1.19167362,0.0,0.0,0.0
2026-07-27,6931,TWSE,息,39.25,39.13,0.12,1.0030667,0.12,0.0,0.0,0.0
2026-07-28,00726B,TPEX,息,33.33,32.83,0.5,1.01522997,0.5,0.0,0.0,0.0
2026-07-28,2449,TWSE,權息,276.0,261.9,14.095236,1.05381818,1.0,0.05,0.0,0.0
2026-07-28,2497,TWSE,息,52.8,50.8,2.0,1.03937008,2.0,0.0,0.0,0.0
2026-07-28,2528,TWSE,權,22.0,19.13,2.869566,1.15,0.0,0.15,0.0,0.0
2026-07-28,3163,TPEX,權息,743.0,630.85,112.148932,1.17777402,1.75,0.17499999162,0.0,0.0
2026-07-28,3548,TPEX,息,76.0,75.0,1.0,1.01333333,1.0,0.0,0.0,0.0
2026-07-28,4107,TPEX,息,119.5,114.0,5.5,1.04824561,5.5,0.0,0.0,0.0
2026-07-28,4167,TPEX,權息,20.4,18.35,2.052213,1.11185071,0.80456341,0.06800000233,0.0,0.0
2026-07-28,4911,TPEX,權息,35.15,31.47,3.683396,1.11705732,1.1660682,0.07999999309,0.0,0.0
2026-07-28,5876,TWSE,權息,47.0,44.75,2.247525,1.05022124,1.8,0.01,0.0,0.0
2026-07-28,6175,TPEX,息,81.7,80.2,1.5,1.01870324,1.5,0.0,0.0,0.0
2026-07-28,6416,TWSE,息,102.0,99.2,2.8,1.02822581,2.8,0.0,0.0,0.0
2026-07-28,6492,TPEX,權,40.6,39.81,0.78819,1.01984426,0.0,0.0,0.22425139838,37.0
2026-07-28,6517,TPEX,息,67.3,65.8,1.5,1.02279635,1.5,0.0,0.0,0.0
2026-07-28,6664,TPEX,息,371.0,360.86,10.142498,1.02810666,10.14249808,0.0,0.0,0.0
2026-07-28,6757,TWSE,息,55.5,53.07,2.42027,1.04559688,2.42027,0.0,0.0,0.0
2026-07-28,7786,TWSE,息,128.0,122.4,5.6,1.04575163,5.6,0.0,0.0,0.0
2026-07-29,1540,TWSE,息,20.75,19.75,1.0,1.05063291,1.0,0.0,0.0,0.0
2026-07-29,2009,TWSE,息,36.75,36.35,0.4,1.01100413,0.4,0.0,0.0,0.0
2026-07-29,2402,TWSE,息,55.0,53.0,2.0,1.03773585,2.0,0.0,0.0,0.0
2026-07-29,2482,TWSE,息,17.25,17.15,0.1,1.0058309,0.1,0.0,0.0,0.0
2026-07-29,2836,TWSE,權息,13.0,12.47,0.524753,1.04206349,0.4,0.01,0.0,0.0
2026-07-29,3131,TPEX,息,2550.0,2503.92,46.084461,1.01840496,46.08446132,0.0,0.0,0.0
2026-07-29,3527,TPEX,息,52.5,51.5,1.0,1.01941748,1.0,0.0,0.0,0.0
2026-07-29,3537,TPEX,息,51.2,49.2,2.0,1.04065041,2.0,0.0,0.0,0.0
2026-07-29,3540,TPEX,息,20.6,20.34,0.257376,1.01265203,0.25737554,0.0,0.0,0.0
2026-07-29,4549,TPEX,息,92.5,89.5,3.0,1.03351955,3.0,0.0,0.0,0.0
2026-07-29,4942,TWSE,息,36.65,34.65,2.0,1.05772006,2.0,0.0,0.0,0.0
2026-07-29,5871,TWSE,權息,120.0,111.96,8.039215,1.07180385,5.8,0.02,0.0,0.0
2026-07-29,5871A,TWSE,息,103.0,98.82,4.179463,1.04229347,4.179463,0.0,0.0,0.0
2026-07-29,6114,TPEX,息,26.85,26.35,0.5,1.01897533,0.5,0.0,0.0,0.0
2026-07-29,6411,TPEX,息,75.6,73.38,2.21608,1.03019844,2.21608,0.0,0.0,0.0
2026-07-29,6689,TWSE,息,59.1,57.1,2.0,1.03502627,2.0,0.0,0.0,0.0
2026-07-29,6715,TWSE,權,360.0,355.94,4.055467,1.01140642,0.0,0.0,0.070615,310.0
2026-07-29,7753,TPEX,息,39.4,37.9,1.5,1.03957784,1.5,0.0,0.0,0.0
2026-07-30,1216,TWSE,息,78.2,75.2,3.0,1.03989362,3.0,0.0,0.0,0.0
2026-07-30,1231,TWSE,權息,90.3,80.72,9.572727,1.11858108,1.5,0.1,0.0,0.0
2026-07-30,1514,TWSE,權息,98.7,94.8,3.896078,1.04109617,2.0,0.02,0.0,0.0
2026-07-30,2233,TWSE,息,185.5,181.5,3.999946,1.02203826,3.999946,0.0,0.0,0.0
2026-07-30,2345,TWSE,息,1910.0,1895.0,15.0,1.00791557,15.0,0.0,0.0,0.0
2026-07-30,2409,TWSE,息,23.65,23.25,0.4,1.0172043,0.4,0.0,0.0,0.0
2026-07-30,2511,TWSE,息,8.43,8.13,0.3,1.03690037,0.3,0.0,0.0,0.0
2026-07-30,2538,TWSE,息,10.0,9.5,0.5,1.05263158,0.5,0.0,0.0,0.0
2026-07-30,2596,TPEX,息,30.9,29.4,1.5,1.05102041,1.5,0.0,0.0,0.0
2026-07-30,2748,TWSE,息,39.8,38.05,1.75,1.04599212,1.75,0.0,0.0,0.0
2026-07-30,2912,TWSE,息,241.0,232.0,9.0,1.0387931,9.0,0.0,0.0,0.0
2026-07-30,2949,TPEX,息,59.0,56.97,2.030996,1.0356509,2.03099616,0.0,0.0,0.0
2026-07-30,3485,TPEX,息,192.0,187.5,4.5,1.024,4.5,0.0,0.0,0.0
2026-07-30,3583,TWSE,息,624.0,618.25,5.747619,1.00929656,5.747619,0.0,0.0,0.0
2026-07-30,4106,TWSE,息,24.5,23.5,1.0,1.04255319,1.0,0.0,0.0,0.0
2026-07-30,4401,TPEX,息,14.1,13.5,0.6,1.04444444,0.6,0.0,0.0,0.0
2026-07-30,4526,TWSE,息,27.55,26.55,1.0,1.03766478,1.0,0.0,0.0,0.0
2026-07-30,4551,TWSE,息,160.5,156.3,4.2,1.0268714,4.2,0.0,0.0,0.0
2026-07-30,4584,TPEX,息,39.7,37.7,2.0,1.0530504,2.0,0.0,0.0,0.0
2026-07-30,4916,TWSE,息,90.2,89.7,0.498505,1.00555738,0.498505,0.0,0.0,0.0
2026-07-30,5410,TPEX,息,35.2,33.13,2.074697,1.06263179,2.07469706,0.0,0.0,0.0
2026-07-30,5457,TPEX,息,28.65,27.15,1.500203,1.05525651,1.50020312,0.0,0.0,0.0
2026-07-30,5607,TWSE,息,49.1,47.3,1.8,1.03805497,1.8,0.0,0.0,0.0
2026-07-30,6180,TPEX,息,41.8,40.77,1.025244,1.02514407,1.02524353,0.0,0.0,0.0
2026-07-30,6239,TWSE,息,233.0,228.5,4.5,1.01969365,4.5,0.0,0.0,0.0
2026-07-30,6509,TPEX,息,42.5,41.11,1.393682,1.03390433,1.39368235,0.0,0.0,0.0
2026-07-30,6962,TWSE,息,30.15,29.15,1.0,1.03430532,1.0,0.0,0.0,0.0
2026-07-30,7708,TPEX,息,94.0,88.5,5.5,1.06214689,5.5,0.0,0.0,0.0
2026-07-30,7769,TWSE,息,5175.0,5110.0,64.990246,1.01271822,64.990246,0.0,0.0,0.0
2026-07-30,7810,TPEX,息,176.5,171.5,5.0,1.02915452,5.0,0.0,0.0,0.0
2026-07-30,8054,TPEX,權,79.0,78.95,0.04618,1.00063331,0.0,0.0,0.0177267137499999,77.0
2026-07-30,8931,TPEX,息,42.2,40.6,1.6,1.03940887,1.6,0.0,0.0,0.0
2026-07-30,9942,TWSE,息,120.0,113.0,7.0,1.0619469,7.0,0.0,0.0,0.0
2026-07-30,9955,TWSE,權,22.85,22.49,0.357967,1.01600711,0.0,0.0,0.11491541904,20.0
2026-07-31,00406A,TWSE,息,8.06,7.93,0.128,1.01613717,0.128,0.0,0.0,0.0
2026-07-31,00939,TWSE,息,21.41,21.28,0.125,1.00587268,0.125,0.0,0.0,0.0
2026-07-31,00950B,TPEX,息,13.96,13.9,0.063,1.00453335,0.063,0.0,0.0,0.0
2026-07-31,00959B,TPEX,息,9.28,9.23,0.048,1.00519931,0.048,0.0,0.0,0.0
2026-07-31,00966B,TPEX,息,13.71,13.64,0.068,1.00498461,0.068,0.0,0.0,0.0
2026-07-31,00983B,TPEX,息,15.48,15.42,0.063,1.0040864,0.063,0.0,0.0,0.0
2026-07-31,00984B,TPEX,息,16.08,16.0,0.081,1.00506282,0.081,0.0,0.0,0.0
2026-07-31,00984D,TWSE,息,10.21,10.12,0.085,1.00839506,0.085,0.0,0.0,0.0
2026-07-31,00986B,TPEX,息,9.68,9.64,0.042,1.00435775,0.042,0.0,0.0,0.0
2026-07-31,1532,TWSE,息,22.55,21.75,0.8,1.03678161,0.8,0.0,0.0,0.0
2026-07-31,2616,TWSE,息,13.6,13.3,0.3,1.02255639,0.3,0.0,0.0,0.0
2026-07-31,6024,TWSE,權息,62.9,56.32,6.573852,1.11671048,2.8,0.067,0.0,0.0
2026-07-31,6138,TPEX,息,257.5,246.55,10.948006,1.04440445,10.94800583,0.0,0.0,0.0
2026-07-31,6470,TPEX,息,43.35,40.85,2.5,1.06119951,2.5,0.0,0.0,0.0
2026-07-31,6472,TWSE,息,384.0,374.0,10.0,1.02673797,10.0,0.0,0.0,0.0
2026-07-31,8467,TWSE,息,99.7,96.7,3.0,1.03102378,3.0,0.0,0.0,0.0
2026-07-31,8905,TPEX,息,28.4,27.69,0.71,1.02564103,0.71,0.0,0.0,0.0
2026-08-03,1465,TWSE,息,12.7,12.4,0.3,1.02419355,0.3,0.0,0.0,0.0
2026-08-03,1527,TWSE,息,33.75,32.25,1.5,1.04651163,1.5,0.0,0.0,0.0
2026-08-03,2367,TWSE,息,36.3,36.1,0.2,1.00554017,0.2,0.0,0.0,0.0
2026-08-03,2376,TWSE,息,336.5,324.5,12.0,1.03697997,12.0,0.0,0.0,0.0
2026-08-03,3051,TWSE,息,22.15,21.65,0.5,1.02309469,0.5,0.0,0.0,0.0
2026-08-03,3306,TPEX,息,43.75,42.05,1.7,1.04042806,1.7,0.0,0.0,0.0
2026-08-03,3501,TWSE,息,39.95,37.95,2.0,1.05270092,2.0,0.0,0.0,0.0
2026-08-03,3689,TPEX,息,105.0,101.35,3.648399,1.03599745,3.64839886,0.0,0.0,0.0
2026-08-03,5014,TPEX,息,10.95,10.45,0.5,1.04784689,0.5,0.0,0.0,0.0
2026-08-03,6122,TPEX,息,50.3,46.9,3.4,1.07249467,3.4,0.0,0.0,0.0
2026-08-03,6187,TPEX,息,929.0,917.34,11.660591,1.01271132,11.66059068,0.0,0.0,0.0
2026-08-03,6957,TWSE,息,226.0,216.89,9.104411,1.04197601,9.104411,0.0,0.0,0.0
2026-08-04,00946,TWSE,息,14.56,14.5,0.058,1.00399945,0.058,0.0,0.0,0.0
2026-08-04,00953B,TWSE,息,9.83,9.76,0.061,1.00624424,0.061,0.0,0.0,0.0
2026-08-04,00985B,TWSE,息,10.41,10.35,0.053,1.00511731,0.053,0.0,0.0,0.0
2026-08-04,1474,TWSE,息,10.25,10.0,0.25,1.025,0.25,0.0,0.0,0.0
2026-08-04,1736,TWSE,息,130.0,125.5,4.5,1.03585657,4.5,0.0,0.0,0.0
2026-08-04,2348,TWSE,權息,74.4,66.09,8.304762,1.12564841,5.0,0.05,0.0,0.0
2026-08-04,2348A,TWSE,息,38.1,36.5,1.6,1.04383562,1.6,0.0,0.0,0.0
2026-08-04,2351,TWSE,息,156.5,155.47,1.028839,1.00661756,1.028839,0.0,0.0,0.0
2026-08-04,2393,TWSE,息,61.5,57.0,4.5,1.07894737,4.5,0.0,0.0,0.0
2026-08-04,2543,TWSE,息,37.45,36.42,1.027678,1.02821561,1.027678,0.0,0.0,0.0
2026-08-04,2812,TWSE,權息,20.65,18.98,1.662184,1.08753949,0.39,0.067,0.0,0.0
2026-08-04,2834,TWSE,權息,18.2,16.72,1.471029,1.08793296,0.3,0.07,0.0,0.0
2026-08-04,3332,TPEX,息,63.9,61.9,2.0,1.03231018,2.0,0.0,0.0,0.0
2026-08-04,3483,TPEX,息,76.4,73.4,3.0,1.04087193,3.0,0.0,0.0,0.0
2026-08-04,3533,TWSE,息,2005.0,1970.06,34.93436,1.01773259,34.93436,0.0,0.0,0.0
2026-08-04,3545,TWSE,息,50.1,49.28,0.81494,1.01653523,0.81494,0.0,0.0,0.0
2026-08-04,4190,TWSE,息,25.5,25.0,0.499953,1.01999808,0.499953,0.0,0.0,0.0
2026-08-04,5450,TPEX,息,14.25,14.0,0.25,1.01785714,0.25,0.0,0.0,0.0
2026-08-04,6203,TPEX,息,64.3,60.3,4.0,1.06633499,4.0,0.0,0.0,0.0
2026-08-04,6209,TWSE,息,69.8,69.3,0.495687,1.00715233,0.495687,0.0,0.0,0.0
2026-08-04,6417,TPEX,息,114.0,111.6,2.4,1.02150538,2.4,0.0,0.0,0.0
2026-08-04,6469,TPEX,權息,77.4,70.04,7.357072,1.10503662,3.15763797,0.05995515051,0.0,0.0
2026-08-04,6728,TPEX,息,109.5,103.0,6.5,1.0631068,6.5,0.0,0.0,0.0
2026-08-04,6743,TWSE,息,30.3,27.3,3.0,1.10989011,3.0,0.0,0.0,0.0
2026-08-04,8404,TWSE,息,16.65,16.15,0.5,1.03095975,0.5,0.0,0.0,0.0
2026-08-04,9938,TWSE,息,45.9,42.9,3.0,1.06993007,3.0,0.0,0.0,0.0
2026-08-05,00400A,TWSE,息,13.57,13.45,0.12,1.00892193,0.12,0.0,0.0,0.0
2026-08-05,1437,TWSE,息,30.85,30.36,0.481191,1.01584491,0.481191,0.0,0.0,0.0
2026-08-05,1519,TWSE,權息,713.0,638.18,74.818182,1.11723647,11.0,0.1,0.0,0.0
2026-08-05,2427,TWSE,息,23.05,22.35,0.7,1.03131991,0.7,0.0,0.0,0.0
2026-08-05,2801,TWSE,權息,25.2,23.8,1.395122,1.05860656,0.8,0.025,0.0,0.0
2026-08-05,3289,TPEX,息,145.0,143.8,1.198413,1.0083338,1.1984133,0.0,0.0,0.0
2026-08-05,5903,TPEX,息,189.0,182.5,6.5,1.03561644,6.5,0.0,0.0,0.0
2026-08-05,6134,TPEX,息,26.3,26.1,0.2,1.00766284,0.2,0.0,0.0,0.0
2026-08-05,6201,TWSE,息,49.15,46.05,3.1,1.06731813,3.1,0.0,0.0,0.0
2026-08-05,6725,TPEX,息,256.0,249.0,7.0,1.02811245,7.0,0.0,0.0,0.0
2026-08-05,6997,TPEX,息,76.6,72.0,4.6,1.06388889,4.6,0.0,0.0,0.0
2026-08-05,8354,TPEX,息,15.8,15.69,0.11,1.00701083,0.11,0.0,0.0,0.0
2026-08-06,1419,TWSE,息,65.6,63.8,1.8,1.02821317,1.8,0.0,0.0,0.0
2026-08-06,1439,TWSE,息,29.1,28.6,0.5,1.01748252,0.5,0.0,0.0,0.0
2026-08-06,1713,TWSE,息,46.95,43.85,3.1,1.07069555,3.1,0.0,0.0,0.0
2026-08-06,2375,TWSE,息,123.5,122.3,1.2,1.00981194,1.2,0.0,0.0,0.0
2026-08-06,2762,TWSE,息,85.4,81.76,3.636991,1.04448211,3.636991,0.0,0.0,0.0
2026-08-06,3003,TWSE,息,59.5,58.5,1.0,1.01709402,1.0,0.0,0.0,0.0
2026-08-06,3033,TWSE,息,47.8,45.88,1.919856,1.04184503,1.919856,0.0,0.0,0.0
2026-08-06,3152,TPEX,息,232.0,224.89,7.111024,1.03162015,7.11102372,0.0,0.0,0.0
2026-08-06,3376,TWSE,息,185.0,181.0,3.999665,1.02209756,3.999665,0.0,0.0,0.0
2026-08-06,3516,TPEX,息,27.05,26.85,0.2,1.00744879,0.2,0.0,0.0,0.0
2026-08-06,5288,TWSE,息,191.5,184.99,6.502918,1.03515146,6.502918,0.0,0.0,0.0
2026-08-06,5525,TWSE,息,23.25,22.05,1.2,1.05442177,1.2,0.0,0.0,0.0
2026-08-06,6125,TPEX,息,49.1,48.6,0.5,1.01028807,0.5,0.0,0.0,0.0
2026-08-06,6186,TPEX,息,42.45,37.44,5.007933,1.13375151,5.00793304,0.0,0.0,0.0
2026-08-06,6855,TPEX,息,119.5,114.0,5.5,1.04824561,5.5,0.0,0.0,0.0
2026-08-06,9914,TWSE,息,78.3,75.5,2.8,1.03708609,2.8,0.0,0.0,0.0
2026-08-06,9960,TPEX,息,32.9,31.35,1.550369,1.04945415,1.55036921,0.0,0.0,0.0
2026-08-07,1210,TWSE,息,55.2,52.2,3.0,1.05747126,3.0,0.0,0.0,0.0
2026-08-07,6491,TWSE,息,379.0,368.99,10.00513,1.02711455,10.00513,0.0,0.0,0.0
2026-08-07,6662,TPEX,息,30.2,28.65,1.55,1.05410122,1.55,0.0,0.0,0.0
2026-08-10,2520,TWSE,息,34.7,33.08,1.615933,1.04884324,1.615933,0.0,0.0,0.0
2026-08-10,2540,TWSE,息,54.9,48.9,6.0,1.12269939,6.0,0.0,0.0,0.0
2026-08-10,2546,TWSE,權息,99.1,84.19,14.903572,1.17700954,4.8,0.12,0.0,0.0
2026-08-10,2948,TPEX,權息,38.65,35.57,3.076192,1.08647352,1.92865032,0.03225806452,0.0,0.0
2026-08-10,3023,TWSE,息,318.0,308.0,10.0,1.03246753,10.0,0.0,0.0,0.0
2026-08-10,3709,TPEX,息,79.4,77.24,2.156521,1.02791849,2.15652134,0.0,0.0,0.0
2026-08-10,6680,TPEX,權,57.8,56.12,1.68029,1.02994117,0.0,0.02994116692,0.0,0.0
2026-08-10,6869,TWSE,息,68.0,66.0,2.0,1.03030303,2.0,0.0,0.0,0.0
2026-08-10,7743,TPEX,息,21.2,20.7,0.5,1.02415459,0.5,0.0,0.0,0.0
2026-08-10,8421,TPEX,權,15.3,14.68,0.618733,1.04223433,0.0,0.0,0.13446096281,11.0
2026-08-10,8478,TWSE,息,151.5,145.0,6.5,1.04482759,6.5,0.0,0.0,0.0
2026-08-10,8927,TPEX,息,21.05,20.74,0.306248,1.01476339,0.30624815,0.0,0.0,0.0
2026-08-11,00940,TWSE,息,12.44,12.39,0.05,1.00403551,0.05,0.0,0.0,0.0
2026-08-11,2892,TWSE,息,34.95,33.65,1.3,1.03863299,1.3,0.0,0.0,0.0
2026-08-11,3390,TPEX,息,22.85,22.65,0.199064,1.00878832,0.19906365,0.0,0.0,0.0
2026-08-11,4580,TPEX,息,82.4,78.4,4.0,1.05102041,4.0,0.0,0.0,0.0
2026-08-11,4744,TPEX,息,28.75,27.75,1.0,1.03603604,1.0,0.0,0.0,0.0
2026-08-11,5880,TWSE,權息,26.1,24.68,1.417074,1.05741107,0.8,0.025,0.0,0.0
2026-08-11,6005,TWSE,權息,33.8,29.53,4.268612,1.14454491,0.4,0.131,0.0,0.0
2026-08-11,6958,TWSE,權,18.65,17.75,0.89231,1.0502,0.0,0.0502,0.0,0.0
2026-08-12,3605,TWSE,息,111.0,109.42,1.572032,1.01436591,1.572032,0.0,0.0,0.0
2026-08-12,4569,TWSE,息,167.0,163.75,3.25,1.01984733,3.25,0.0,0.0,0.0
2026-08-12,4581,TWSE,息,51.5,48.5,3.0,1.06185567,3.0,0.0,0.0,0.0
2026-08-12,5203,TWSE,息,65.8,62.1,3.693092,1.05946347,3.693092,0.0,0.0,0.0
2026-08-12,6023,TPEX,權,87.0,84.59,2.410861,1.02849037,0.0,0.0,0.17392593101,73.5
2026-08-12,8916,TPEX,息,43.25,40.22,3.033984,1.07544219,3.03398441,0.0,0.0,0.0
2026-08-13,2476,TWSE,息,128.0,125.02,2.973128,1.02377991,2.973128,0.0,0.0,0.0
2026-08-13,2754,TPEX,息,72.6,71.6,1.0,1.01396648,1.0,0.0,0.0,0.0
2026-08-13,2880,TWSE,權息,43.2,41.43,1.764357,1.04258065,1.35,0.01,0.0,0.0
2026-08-13,2886,TWSE,息,48.7,46.95,1.75,1.0372737,1.75,0.0,0.0,0.0
2026-08-13,3008,TWSE,息,4585.0,4543.5,41.5,1.00913393,41.5,0.0,0.0,0.0
2026-08-13,3050,TWSE,息,11.55,11.3,0.25,1.02212389,0.25,0.0,0.0,0.0
2026-08-13,3232,TPEX,息,19.9,19.4,0.5,1.0257732,0.5,0.0,0.0,0.0
2026-08-13,6117,TWSE,息,66.8,64.8,1.999441,1.0308553,1.999441,0.0,0.0,0.0
2026-08-13,6202,TWSE,息,63.8,63.12,0.68,1.01077313,0.68,0.0,0.0,0.0
2026-08-13,6485,TPEX,息,66.6,66.12,0.478255,1.00723294,0.47825482,0.0,0.0,0.0
2026-08-13,7712,TPEX,息,151.0,147.0,4.0,1.02721088,4.0,0.0,0.0,0.0
2026-08-14,00401A,TWSE,息,13.81,13.68,0.121,1.00883921,0.121,0.0,0.0,0.0
2026-08-14,5314,TPEX,權,61.3,14.75,46.553893,4.15702936,0.0,3.15702936097,0.0,0.0
2026-08-14,6179,TPEX,息,27.85,27.35,0.5,1.01828154,0.5,0.0,0.0,0.0
2026-08-14,6188,TPEX,息,72.2,71.4,0.8,1.01120448,0.8,0.0,0.0,0.0
2026-08-17,00775B,TWSE,息,31.46,31.11,0.35,1.0112504,0.35,0.0,0.0,0.0
2026-08-17,00844B,TPEX,息,31.34,30.93,0.41,1.01325574,0.41,0.0,0.0,0.0
2026-08-17,00867B,TPEX,息,30.26,29.85,0.41,1.01373534,0.41,0.0,0.0,0.0
2026-08-17,00936,TWSE,息,21.47,21.35,0.12,1.00562061,0.12,0.0,0.0,0.0
2026-08-17,00942B,TPEX,息,13.92,13.86,0.062,1.00447395,0.062,0.0,0.0,0.0
2026-08-17,00962,TWSE,息,15.65,15.49,0.16,1.01032924,0.16,0.0,0.0,0.0
2026-08-17,00970B,TPEX,息,9.18,9.13,0.05,1.00547645,0.05,0.0,0.0,0.0
2026-08-17,00980B,TPEX,息,9.29,9.24,0.047,1.00508493,0.047,0.0,0.0,0.0
2026-08-17,00989B,TPEX,息,10.28,10.19,0.088,1.00863422,0.088,0.0,0.0,0.0
2026-08-17,1477,TWSE,息,218.0,212.0,6.0,1.02830189,6.0,0.0,0.0,0.0
2026-08-17,1618,TWSE,息,41.7,40.0,1.7,1.0425,1.7,0.0,0.0,0.0
2026-08-17,2231,TWSE,息,102.0,101.5,0.5,1.00492611,0.5,0.0,0.0,0.0
2026-08-17,4123,TPEX,權息,34.3,31.01,3.294062,1.10623971,1.74669389,0.04990554083,0.0,0.0
2026-08-17,4162,TPEX,息,62.1,60.1,2.0,1.03327787,2.0,0.0,0.0,0.0
2026-08-17,4432,TPEX,息,16.55,16.15,0.4,1.0247678,0.4,0.0,0.0,0.0
2026-08-17,4967,TWSE,息,275.0,266.38,8.619904,1.03235941,8.619904,0.0,0.0,0.0
2026-08-17,6282,TWSE,息,47.8,47.0,0.799933,1.01701983,0.799933,0.0,0.0,0.0
2026-08-17,6698,TWSE,權,31.45,31.02,0.420271,1.01386202,0.0,0.0,0.05700149083,25.5
2026-08-17,8049,TPEX,息,26.45,25.05,1.4,1.05588822,1.4,0.0,0.0,0.0
2026-08-18,00690,TWSE,息,80.2,78.01,2.19,1.02807332,2.19,0.0,0.0,0.0
2026-08-18,00701,TWSE,息,38.75,37.15,1.6,1.04306864,1.6,0.0,0.0,0.0
2026-08-18,00730,TWSE,息,29.3,29.19,0.11,1.00376841,0.11,0.0,0.0,0.0
2026-08-18,00740B,TPEX,息,37.56,37.38,0.185,1.00494983,0.185,0.0,0.0,0.0
2026-08-18,00741B,TPEX,息,37.6,37.4,0.199,1.00532071,0.199,0.0,0.0,0.0
2026-08-18,00754B,TPEX,息,31.95,31.48,0.475,1.01509134,0.475,0.0,0.0,0.0
2026-08-18,00755B,TPEX,息,32.01,31.54,0.47,1.01490171,0.47,0.0,0.0,0.0
2026-08-18,00756B,TPEX,息,31.18,30.67,0.506,1.01649606,0.506,0.0,0.0,0.0
2026-08-18,00761B,TPEX,息,33.55,33.1,0.45,1.01359517,0.45,0.0,0.0,0.0
2026-08-18,00772B,TPEX,息,32.68,32.54,0.14,1.0043024,0.14,0.0,0.0,0.0
2026-08-18,00773B,TPEX,息,35.07,34.93,0.145,1.00415175,0.145,0.0,0.0,0.0
2026-08-18,00777B,TPEX,息,31.4,31.26,0.14,1.00447857,0.14,0.0,0.0,0.0
2026-08-18,00778B,TPEX,息,33.42,33.28,0.142,1.00426708,0.142,0.0,0.0,0.0
2026-08-18,00780B,TPEX,息,37.05,36.55,0.5,1.01367989,0.5,0.0,0.0,0.0
2026-08-18,00795B,TPEX,息,26.23,25.9,0.33,1.01274131,0.33,0.0,0.0,0.0
2026-08-18,00799B,TPEX,息,28.94,28.54,0.4,1.01401542,0.4,0.0,0.0,0.0
2026-08-18,00840B,TPEX,息,28.9,28.77,0.127,1.00441386,0.127,0.0,0.0,0.0
2026-08-18,00841B,TPEX,息,27.77,27.43,0.34,1.01239519,0.34,0.0,0.0,0.0
2026-08-18,00845B,TPEX,息,33.21,32.79,0.417,1.01271613,0.417,0.0,0.0,0.0
2026-08-18,00846B,TPEX,息,35.95,35.49,0.465,1.01310413,0.465,0.0,0.0,0.0
2026-08-18,00847B,TPEX,息,24.9,24.55,0.35,1.01425662,0.35,0.0,0.0,0.0
2026-08-18,00860B,TPEX,息,38.46,38.04,0.42,1.01104101,0.42,0.0,0.0,0.0
2026-08-18,00864B,TPEX,息,46.68,46.12,0.56,1.01214224,0.56,0.0,0.0,0.0
2026-08-18,00878,TWSE,息,33.75,32.74,1.01,1.03084911,1.01,0.0,0.0,0.0
2026-08-18,00881,TWSE,息,55.15,50.55,4.6,1.09099901,4.6,0.0,0.0,0.0
2026-08-18,00890B,TPEX,息,31.37,31.23,0.145,1.00464371,0.145,0.0,0.0,0.0
2026-08-18,00891,TWSE,息,36.23,34.68,1.55,1.04469435,1.55,0.0,0.0,0.0
2026-08-18,00894,TWSE,息,49.9,47.85,2.05,1.04284222,2.05,0.0,0.0,0.0
2026-08-18,00900,TWSE,息,18.74,18.66,0.075,1.00401822,0.075,0.0,0.0,0.0
2026-08-18,00913,TWSE,息,49.36,47.58,1.78,1.03741068,1.78,0.0,0.0,0.0
2026-08-18,00923,TWSE,息,42.89,39.84,3.05,1.07655622,3.05,0.0,0.0,0.0
2026-08-18,00932,TWSE,息,17.67,17.44,0.23,1.01318807,0.23,0.0,0.0,0.0
2026-08-18,00933B,TPEX,息,15.75,15.68,0.073,1.0046565,0.073,0.0,0.0,0.0
2026-08-18,00934,TWSE,息,29.15,28.85,0.3,1.01039861,0.3,0.0,0.0,0.0
2026-08-18,00937B,TPEX,息,14.41,14.34,0.072,1.00502162,0.072,0.0,0.0,0.0
2026-08-18,00938,TWSE,息,25.09,24.77,0.32,1.01291885,0.32,0.0,0.0,0.0
2026-08-18,00943,TWSE,息,21.63,21.51,0.12,1.0055788,0.12,0.0,0.0,0.0
2026-08-18,00944,TWSE,息,20.87,20.76,0.109,1.00525023,0.109,0.0,0.0,0.0
2026-08-18,00945B,TWSE,息,14.57,14.48,0.09,1.00621547,0.09,0.0,0.0,0.0
2026-08-18,00948B,TPEX,息,9.19,9.15,0.042,1.00459117,0.042,0.0,0.0,0.0
2026-08-18,00952,TWSE,息,18.17,18.05,0.12,1.0066482,0.12,0.0,0.0,0.0
2026-08-18,00957B,TPEX,息,13.02,12.96,0.062,1.00478469,0.062,0.0,0.0,0.0
2026-08-18,00961,TWSE,息,13.3,13.11,0.19,1.01449275,0.19,0.0,0.0,0.0
2026-08-18,00963,TWSE,息,13.23,13.13,0.1,1.00761615,0.1,0.0,0.0,0.0
2026-08-18,00964,TWSE,息,14.6,14.48,0.12,1.00828729,0.12,0.0,0.0,0.0
2026-08-18,009801,TWSE,息,12.57,11.57,1.0,1.08643042,1.0,0.0,0.0,0.0
2026-08-18,009808,TWSE,息,31.12,30.55,0.57,1.01865794,0.57,0.0,0.0,0.0
2026-08-18,00980A,TWSE,息,25.62,24.98,0.638,1.02553839,0.638,0.0,0.0,0.0
2026-08-18,00980D,TPEX,息,20.3,20.19,0.114,1.00564748,0.114,0.0,0.0,0.0
2026-08-18,00981D,TPEX,息,10.45,10.38,0.07,1.00674374,0.07,0.0,0.0,0.0
2026-08-18,00981T,TWSE,息,11.94,11.85,0.082,1.00691516,0.082,0.0,0.0,0.0
2026-08-18,00982A,TWSE,息,23.45,22.81,0.64,1.02805787,0.64,0.0,0.0,0.0
2026-08-18,00982B,TPEX,息,9.54,9.5,0.045,1.00473934,0.045,0.0,0.0,0.0
2026-08-18,00982D,TWSE,息,9.79,9.73,0.052,1.00533991,0.052,0.0,0.0,0.0
2026-08-18,00983D,TWSE,息,10.0,9.94,0.06,1.00603622,0.06,0.0,0.0,0.0
2026-08-18,00985D,TPEX,息,9.9,9.84,0.061,1.00619982,0.061,0.0,0.0,0.0
2026-08-18,00987B,TPEX,息,16.12,15.92,0.202,1.01269004,0.202,0.0,0.0,0.0
2026-08-18,00988B,TPEX,息,19.86,19.71,0.153,1.00776374,0.153,0.0,0.0,0.0
2026-08-18,2885,TWSE,權,68.3,65.67,2.626924,1.04,0.0,0.04,0.0,0.0
2026-08-18,3022,TWSE,息,96.5,93.0,3.5,1.03763441,3.5,0.0,0.0,0.0
2026-08-18,6225,TWSE,權,44.4,30.04,14.355834,1.47802929,0.0,0.0,0.86870503597,17.65
2026-08-18,6432,TPEX,息,71.5,70.5,0.99906,1.01417088,0.99906019,0.0,0.0,0.0
2026-08-18,6799,TWSE,息,84.1,81.59,2.501141,1.03065167,2.501141,0.0,0.0,0.0
2026-08-18,6986,TPEX,息,43.0,42.81,0.194115,1.00453478,0.19411516,0.0,0.0,0.0
2026-08-18,7714,TPEX,息,166.0,164.0,2.0,1.01219512,2.0,0.0,0.0,0.0
2026-08-18,8928,TPEX,息,23.85,23.05,0.8,1.03470716,0.8,0.0,0.0,0.0
2026-08-19,00731,TWSE,息,91.75,90.29,1.458,1.01614761,1.458,0.0,0.0,0.0
2026-08-19,00758B,TPEX,息,50.1,49.5,0.6,1.01212121,0.6,0.0,0.0,0.0
2026-08-19,00759B,TPEX,息,52.7,52.07,0.63,1.0120991,0.63,0.0,0.0,0.0
2026-08-19,00760B,TPEX,息,53.2,52.49,0.71,1.01352639,0.71,0.0,0.0,0.0
2026-08-19,00768B,TPEX,息,48.31,47.46,0.85,1.01790982,0.85,0.0,0.0,0.0
2026-08-19,00929,TWSE,息,28.87,28.49,0.38,1.01333801,0.38,0.0,0.0,0.0
2026-08-19,00986D,TPEX,息,14.49,14.4,0.09,1.00625,0.09,0.0,0.0,0.0
2026-08-19,1537,TWSE,息,127.5,120.3,7.2,1.05985037,7.2,0.0,0.0,0.0
2026-08-19,2301,TWSE,息,273.5,271.0,2.5,1.00922509,2.5,0.0,0.0,0.0
2026-08-19,2363,TWSE,息,51.3,50.69,0.605882,1.01195172,0.605882,0.0,0.0,0.0
2026-08-19,2374,TWSE,息,69.3,67.3,1.991664,1.02959015,1.991664,0.0,0.0,0.0
2026-08-19,2496,TWSE,權息,59.4,55.14,4.257143,1.07720207,1.5,0.05,0.0,0.0
2026-08-19,3017,TWSE,息,3035.0,3014.11,20.881604,1.00692793,20.881604,0.0,0.0,0.0
2026-08-19,5489,TPEX,息,44.4,42.88,1.515233,1.03533266,1.51523284,0.0,0.0,0.0
2026-08-19,6574,TPEX,息,126.0,123.0,3.0,1.02439024,3.0,0.0,0.0,0.0
2026-08-19,8043,TPEX,息,138.5,137.6,0.9,1.0065407,0.9,0.0,0.0,0.0
2026-08-20,00981B,TPEX,息,9.25,9.19,0.064,1.00696712,0.064,0.0,0.0,0.0
2026-08-20,1597,TWSE,息,135.0,134.3,0.7,1.00521221,0.7,0.0,0.0,0.0
2026-08-20,1714,TWSE,息,16.75,16.57,0.18,1.01086301,0.18,0.0,0.0,0.0
2026-08-20,2377,TWSE,息,146.5,142.3,4.2,1.02951511,4.2,0.0,0.0,0.0
2026-08-20,2472,TWSE,息,234.0,230.5,3.5,1.01518438,3.5,0.0,0.0,0.0
2026-08-20,2505,TWSE,息,18.2,17.2,1.0,1.05813953,1.0,0.0,0.0,0.0
2026-08-20,2539,TWSE,權息,41.25,33.31,7.930328,1.23800738,0.6,0.22,0.0,0.0
2026-08-20,4441,TWSE,息,196.5,185.7,10.8,1.05815832,10.8,0.0,0.0,0.0
2026-08-20,4764,TWSE,權,203.0,200.77,2.228484,1.01110724,0.0,0.0,0.0526056994,169.0
2026-08-20,4908,TPEX,息,152.5,151.5,1.0,1.00660066,1.0,0.0,0.0,0.0
2026-08-20,4966,TPEX,息,582.0,573.12,8.881773,1.01549728,8.8817731,0.0,0.0,0.0
2026-08-20,5206,TPEX,權,23.0,22.69,0.313287,1.01366241,0.0,0.0,0.09328494177,20.0
2026-08-20,5222,TWSE,權,117.5,106.82,10.678579,1.1,0.0,0.1,0.0,0.0
2026-08-20,6177,TWSE,息,48.4,45.4,3.0,1.0660793,3.0,0.0,0.0,0.0
2026-08-20,6666,TWSE,息,43.5,41.5,2.0,1.04819277,2.0,0.0,0.0,0.0
2026-08-20,6691,TWSE,權息,706.0,622.72,83.272728,1.13372263,21.0,0.1,0.0,0.0
2026-08-20,6805,TWSE,息,1800.0,1787.5,12.5,1.00699301,12.5,0.0,0.0,0.0
2026-08-20,8077,TPEX,息,44.9,42.9,2.0,1.04662005,2.0,0.0,0.0,0.0
2026-08-21,00679B,TPEX,息,26.36,26.08,0.28,1.0107362,0.28,0.0,0.0,0.0
2026-08-21,00771,TWSE,息,15.65,15.44,0.21,1.01360104,0.21,0.0,0.0,0.0
2026-08-21,00786B,TPEX,息,32.46,32.08,0.38,1.01184539,0.38,0.0,0.0,0.0
2026-08-21,00850,TWSE,息,89.2,88.35,0.85,1.00962083,0.85,0.0,0.0,0.0
2026-08-21,00967B,TPEX,息,9.02,8.99,0.033,1.00367197,0.033,0.0,0.0,0.0
2026-08-21,00968B,TPEX,息,9.09,9.05,0.043,1.00475296,0.043,0.0,0.0,0.0
2026-08-21,2066,TPEX,息,58.0,55.85,2.15,1.03849597,2.15,0.0,0.0,0.0
2026-08-21,2458,TWSE,息,146.0,141.57,4.426,1.0312628,4.426,0.0,0.0,0.0
2026-08-21,3147,TPEX,息,224.0,217.5,6.5,1.02988506,6.5,0.0,0.0,0.0
2026-08-21,4430,TPEX,息,19.0,18.5,0.5,1.02702703,0.5,0.0,0.0,0.0
2026-08-21,7547,TPEX,息,54.4,52.62,1.778005,1.03378826,1.77800547,0.0,0.0,0.0
2026-08-24,1454,TWSE,息,12.4,12.3,0.1,1.00813008,0.1,0.0,0.0,0.0
2026-08-24,1737,TWSE,息,32.5,31.1,1.4,1.04501608,1.4,0.0,0.0,0.0
2026-08-24,2070,TPEX,息,68.8,68.3,0.5,1.00732064,0.5,0.0,0.0,0.0
2026-08-24,2413,TWSE,息,43.8,43.3,0.5,1.01154734,0.5,0.0,0.0,0.0
2026-08-24,2468,TWSE,息,35.05,34.05,1.0,1.02936858,1.0,0.0,0.0,0.0
2026-08-24,2484,TWSE,息,76.5,75.8,0.7,1.00923483,0.7,0.0,0.0,0.0
2026-08-24,2527,TWSE,息,44.4,42.9,1.5,1.03496503,1.5,0.0,0.0,0.0
2026-08-24,3434,TPEX,息,31.1,29.9,1.2,1.04013378,1.2,0.0,0.0,0.0
2026-08-24,3646,TPEX,息,23.95,23.05,0.9,1.03904555,0.9,0.0,0.0,0.0
2026-08-24,4746,TWSE,息,53.9,50.9,3.0,1.0589391,3.0,0.0,0.0,0.0
2026-08-24,6968,TPEX,權息,44.0,41.86,2.137254,1.05105385,1.3,0.01999998665,0.0,0.0
2026-08-24,7805,TPEX,權息,678.0,533.33,144.666677,1.27125003,38.0,0.20000002415,0.0,0.0
2026-08-24,9958,TWSE,權,102.0,100.57,1.423772,1.01421895,0.0,0.0,0.06075416207,83.0
2026-08-25,00907,TWSE,息,17.47,17.23,0.24,1.01392919,0.24,0.0,0.0,0.0
2026-08-25,00958B,TPEX,息,9.09,9.05,0.041,1.00453089,0.041,0.0,0.0,0.0
2026-08-25,1722,TWSE,息,46.2,44.2,2.0,1.04524887,2.0,0.0,0.0,0.0
2026-08-25,2012,TWSE,息,14.95,14.65,0.3,1.02047782,0.3,0.0,0.0,0.0
2026-08-25,2201,TWSE,息,29.1,28.54,0.56,1.01962158,0.56,0.0,0.0,0.0
2026-08-25,2729,TPEX,息,162.5,155.57,6.930038,1.04454612,6.93003843,0.0,0.0,0.0
2026-08-25,3317,TPEX,息,65.0,64.5,0.5,1.00775194,0.5,0.0,0.0,0.0
2026-08-25,3594,TPEX,息,51.1,50.7,0.397632,1.00784248,0.39763206,0.0,0.0,0.0
2026-08-25,4111,TPEX,息,30.1,28.8,1.3,1.04513889,1.3,0.0,0.0,0.0
2026-08-25,4543,TPEX,權息,32.75,31.0,1.75,1.05645161,0.2,0.05,0.0,0.0
2026-08-25,4554,TPEX,權息,32.75,28.04,4.706522,1.16782947,0.5,0.15000001519,0.0,0.0
2026-08-25,4768,TPEX,權息,315.0,309.51,5.492607,1.01774629,0.85,0.01499998873,0.0,0.0
2026-08-25,4907,TPEX,息,48.7,47.2,1.5,1.03177966,1.5,0.0,0.0,0.0
2026-08-25,5284,TWSE,權,318.5,315.7,2.795022,1.00886918,0.0,0.0,0.03403117213,250.0
2026-08-25,5534,TWSE,息,80.2,75.13,5.063943,1.06739698,5.063943,0.0,0.0,0.0
2026-08-25,5603,TPEX,息,15.2,14.7,0.5,1.03401361,0.5,0.0,0.0,0.0
2026-08-25,6248,TPEX,息,18.3,17.08,1.21654,1.0712116,1.21654042,0.0,0.0,0.0
2026-08-25,6482,TPEX,息,29.0,27.0,2.0,1.07407407,2.0,0.0,0.0,0.0
2026-08-25,6667,TPEX,權,218.5,214.3,4.201659,1.01959869,0.0,0.0,0.0639219099099999,165.0
2026-08-25,6752,TPEX,權,99.8,96.89,2.906795,1.02999999,0.0,0.0299999889599999,0.0,0.0
2026-08-25,6785,TPEX,息,98.8,98.7,0.1,1.00101317,0.1,0.0,0.0,0.0
2026-08-25,6873,TWSE,息,68.6,66.06,2.537729,1.0384142,2.537729,0.0,0.0,0.0
2026-08-25,7777,TPEX,權,37.9,37.18,0.718635,1.01936525,0.0,0.0,0.06430652778,28.8
2026-08-25,8403,TPEX,息,19.55,18.95,0.6,1.03166227,0.6,0.0,0.0,0.0
2026-08-25,9921,TWSE,息,104.0,102.18,1.818553,1.01779729,1.818553,0.0,0.0,0.0
2026-08-26,1583,TWSE,權息,51.3,46.97,4.327523,1.09212891,0.1,0.09,0.0,0.0
2026-08-26,2227,TWSE,息,48.0,47.16,0.84,1.0178117,0.84,0.0,0.0,0.0
2026-08-26,2420,TWSE,息,56.5,53.5,3.0,1.05607477,3.0,0.0,0.0,0.0
2026-08-26,2753,TWSE,權,188.5,179.52,8.976191,1.05,0.0,0.05,0.0,0.0
2026-08-26,3128,TPEX,權息,22.95,21.27,1.676415,1.07880265,0.4,0.05999999281,0.0,0.0
2026-08-26,3234,TPEX,權,182.5,173.9,8.598558,1.04945371,0.0,0.0,0.10764775201,110.0
2026-08-26,3287,TPEX,息,39.0,37.5,1.5,1.04,1.5,0.0,0.0,0.0
2026-08-26,4582,TWSE,息,23.35,22.55,0.794117,1.03520665,0.794117,0.0,0.0,0.0
2026-08-26,6186,TPEX,權,33.65,32.92,0.726287,1.02217497,0.0,0.0,0.13134428962,28.5
2026-08-26,6216,TWSE,息,22.0,20.96,1.03002,1.04911879,1.03002,0.0,0.0,0.0
2026-08-26,6612,TPEX,權息,73.5,66.5,7.003185,1.1053161,0.3023096,0.1007698702099999,0.0,0.0
2026-08-26,6914,TWSE,權息,148.5,118.75,29.75,1.25052632,6.0,0.2,0.0,0.0
2026-08-26,6955,TWSE,權,120.0,97.95,22.040811,1.225,0.0,0.225,0.0,0.0
2026-08-26,7818,TWSE,息,63.0,60.96,2.036375,1.03340312,2.036375,0.0,0.0,0.0
2026-08-26,8084,TPEX,權,46.9,46.12,0.782883,1.0169124,0.0,0.0,1.21114911441,45.6
2026-08-26,8410,TPEX,息,32.0,30.4,1.6,1.05263158,1.6,0.0,0.0,0.0
2026-08-26,8442,TWSE,息,49.6,46.6,3.0,1.06437768,3.0,0.0,0.0,0.0
2026-08-27,1315,TWSE,息,66.3,64.3,2.0,1.0311042,2.0,0.0,0.0,0.0
2026-08-27,1339,TWSE,息,46.3,43.8,2.5,1.05707763,2.5,0.0,0.0,0.0
2026-08-27,1409,TWSE,息,24.85,23.95,0.9,1.03757829,0.9,0.0,0.0,0.0
2026-08-27,1734,TWSE,權,32.5,30.66,1.839623,1.06,0.0,0.06,0.0,0.0
2026-08-27,2059,TWSE,息,14510.0,14459.0,51.0,1.00352721,51.0,0.0,0.0,0.0
2026-08-27,2415,TWSE,權息,30.8,27.28,3.512,1.12868997,0.48,0.1110999999999999,0.0,0.0
2026-08-27,2428,TWSE,息,252.0,246.1,5.9,1.02397399,5.9,0.0,0.0,0.0
2026-08-27,2439,TWSE,息,82.1,78.01,4.084236,1.05235142,4.084236,0.0,0.0,0.0
2026-08-27,2441,TWSE,息,118.0,114.99,3.009077,1.02616795,3.009077,0.0,0.0,0.0
2026-08-27,2718,TPEX,息,49.35,45.28,4.070014,1.0898855,4.07001412,0.0,0.0,0.0
2026-08-27,2901,TWSE,息,23.55,23.17,0.37317,1.01610099,0.37317,0.0,0.0,0.0
2026-08-27,3016,TWSE,權,102.0,101.8,0.197359,1.00196464,0.0,0.0,0.00747470554,82.0
2026-08-27,3025,TWSE,息,57.2,54.0,3.2,1.05925926,3.2,0.0,0.0,0.0
2026-08-27,3236,TPEX,息,43.9,43.4,0.5,1.01152074,0.5,0.0,0.0,0.0
2026-08-27,3528,TWSE,息,83.4,82.02,1.38,1.01682516,1.38,0.0,0.0,0.0
2026-08-27,3558,TPEX,息,130.0,127.0,3.0,1.02362205,3.0,0.0,0.0,0.0
2026-08-27,3702,TWSE,息,108.0,104.35,3.643236,1.03491135,3.643236,0.0,0.0,0.0
2026-08-27,4303,TPEX,權息,54.6,38.29,16.314286,1.42611941,1.0,0.40000000211,0.0,0.0
2026-08-27,4706,TPEX,息,32.6,32.3,0.3,1.00928793,0.3,0.0,0.0,0.0
2026-08-27,4707,TPEX,權息,34.65,33.56,1.089024,1.03244913,0.25,0.02499999814,0.0,0.0
2026-08-27,4736,TWSE,權息,139.0,121.59,17.403104,1.14310206,5.070926,0.1014,0.0,0.0
2026-08-27,5202,TPEX,息,12.05,11.85,0.2,1.01687764,0.2,0.0,0.0,0.0
2026-08-27,5287,TPEX,權息,154.0,135.64,18.357892,1.13534066,6.15,0.09000075443,0.0,0.0
2026-08-27,5289,TPEX,權息,1500.0,1454.19,45.806767,1.03149978,16.83491506,0.01992297288,0.0,0.0
2026-08-27,6221,TPEX,息,23.05,21.85,1.199851,1.05491269,1.19985054,0.0,0.0,0.0
2026-08-27,6227,TPEX,息,118.5,114.0,4.5,1.03947368,4.5,0.0,0.0,0.0
2026-08-27,6261,TPEX,息,82.4,79.9,2.5,1.03128911,2.5,0.0,0.0,0.0
2026-08-27,6624,TPEX,息,42.0,41.71,0.287591,1.00689463,0.28759145,0.0,0.0,0.0
2026-08-27,6637,TPEX,息,62.7,58.2,4.5,1.07731959,4.5,0.0,0.0,0.0
2026-08-27,6770,TWSE,息,70.2,69.97,0.23,1.00328712,0.23,0.0,0.0,0.0
2026-08-27,7728,TPEX,權,633.0,626.73,6.267336,1.01000001,0.0,0.01000001444,0.0,0.0
2026-08-27,8941,TPEX,息,44.5,43.0,1.5,1.03488372,1.5,0.0,0.0,0.0
2026-08-27,9946,TWSE,息,19.1,17.71,1.383888,1.07811466,1.383888,0.0,0.0,0.0
2026-08-28,1453,TWSE,權,11.7,11.35,0.340777,1.03,0.0,0.03,0.0,0.0
2026-08-28,1709,TWSE,息,34.15,33.15,1.0,1.03016591,1.0,0.0,0.0,0.0
2026-08-28,2072,TWSE,息,149.5,143.5,6.0,1.04181185,6.0,0.0,0.0,0.0
2026-08-28,2101,TWSE,息,32.9,32.3,0.6,1.01857585,0.6,0.0,0.0,0.0
2026-08-28,2250,TWSE,息,62.3,59.3,3.0,1.05059022,3.0,0.0,0.0,0.0
2026-08-28,2364,TWSE,權息,76.8,68.0,8.8,1.12941176,2.0,0.1,0.0,0.0
2026-08-28,2383,TWSE,息,5500.0,5475.0,25.0,1.00456621,25.0,0.0,0.0,0.0
2026-08-28,3373,TPEX,息,16.65,16.55,0.1,1.0060423,0.1,0.0,0.0,0.0
2026-08-28,3492,TPEX,息,21.55,20.45,1.1,1.05378973,1.1,0.0,0.0,0.0
2026-08-28,3693,TPEX,息,556.0,548.0,8.0,1.01459854,8.0,0.0,0.0,0.0
2026-08-28,5283,TWSE,權息,61.1,52.5,8.6,1.16380952,0.2,0.16,0.0,0.0
2026-08-28,6183,TWSE,息,94.6,91.05,3.55,1.03898957,3.55,0.0,0.0,0.0
2026-08-28,6474,TPEX,息,40.35,37.85,2.5,1.0660502,2.5,0.0,0.0,0.0
2026-08-28,7730,TWSE,權息,185.0,175.23,9.761907,1.05570652,1.0,0.05,0.0,0.0
2026-08-28,7822,TWSE,息,957.0,950.61,6.385436,1.00671717,6.385436,0.0,0.0,0.0
2026-08-28,8932,TPEX,權息,105.0,87.47,17.529107,1.20039931,0.7207,0.19216000132,0.0,0.0
2026-08-31,1531,TWSE,息,13.7,12.7,1.0,1.07874016,1.0,0.0,0.0,0.0
2026-08-31,1795,TWSE,權息,193.0,187.98,5.010442,1.02664597,2.565316,0.013,0.0,0.0
2026-08-31,2751,TPEX,息,55.5,53.5,1.996649,1.0373182,1.99664894,0.0,0.0,0.0
2026-08-31,2905,TWSE,息,17.45,17.15,0.3,1.01749271,0.3,0.0,0.0,0.0
2026-08-31,2937,TPEX,權,48.65,44.23,4.422728,1.10000001,0.0,0.10000001148,0.0,0.0
2026-08-31,3209,TWSE,權息,51.9,47.52,4.376191,1.09208417,2.0,0.05,0.0,0.0
2026-08-31,4735,TPEX,息,38.9,37.4,1.5,1.04010695,1.5,0.0,0.0,0.0
2026-08-31,4905,TPEX,息,90.1,88.6,1.5,1.01693002,1.5,0.0,0.0,0.0
2026-08-31,5013,TPEX,息,29.8,29.1,0.7,1.02405498,0.7,0.0,0.0,0.0
2026-08-31,5392,TPEX,權息,48.3,47.16,1.143137,1.02424116,0.2,0.02000000057,0.0,0.0
2026-08-31,7584,TPEX,權息,27.1,26.1,1.003852,1.03846744,0.04099607,0.03689647539,0.0,0.0
2026-08-31,9105,TWSE,息,8.35,8.28,0.067011,1.0080902,0.067011,0.0,0.0,0.0
2026-08-31,9917,TWSE,權,111.0,105.71,5.285715,1.05,0.0,0.05,0.0,0.0
2026-09-01,00939,TWSE,息,23.17,23.04,0.125,1.00542417,0.125,0.0,0.0,0.0
2026-09-01,00966B,TPEX,息,13.54,13.47,0.068,1.00504751,0.068,0.0,0.0,0.0
2026-09-01,00984D,TWSE,息,10.01,9.92,0.085,1.00856423,0.085,0.0,0.0,0.0
2026-09-01,00986B,TPEX,息,9.55,9.51,0.042,1.00441733,0.042,0.0,0.0,0.0
2026-09-01,1732,TWSE,息,26.45,25.85,0.6,1.02321083,0.6,0.0,0.0,0.0
2026-09-01,1783,TWSE,息,41.35,39.35,1.999598,1.05081519,1.999598,0.0,0.0,0.0
2026-09-01,2701,TWSE,息,10.65,10.37,0.28,1.02700096,0.28,0.0,0.0,0.0
2026-09-01,2889,TWSE,權息,15.95,15.31,0.636293,1.04155049,0.5,0.0089,0.0,0.0
2026-09-01,3052,TWSE,息,11.15,10.55,0.6,1.05687204,0.6,0.0,0.0,0.0
2026-09-01,3078,TPEX,息,51.9,47.9,4.0,1.08350731,4.0,0.0,0.0,0.0
2026-09-01,3135,TWSE,權息,182.5,171.08,11.416952,1.06674704,3.258584,0.0477,0.0,0.0
2026-09-01,3416,TWSE,權,182.0,173.37,8.627321,1.0498,0.0,0.0498,0.0,0.0
2026-09-01,3455,TPEX,息,260.5,257.0,3.5,1.01361868,3.5,0.0,0.0,0.0
2026-09-01,4760,TPEX,權,261.0,255.9,5.100626,1.01993215,0.0,0.01993215453,0.0,0.0
2026-09-01,4977,TWSE,權,175.0,168.61,6.385328,1.03789811,0.0,0.0,0.08030006975,105.0
2026-09-01,6245,TPEX,息,81.8,78.0,3.8,1.04871795,3.8,0.0,0.0,0.0
2026-09-01,6534,TWSE,息,92.0,90.99,1.008501,1.01108346,1.008501,0.0,0.0,0.0
2026-09-01,8086,TPEX,息,118.0,116.32,1.68,1.01444292,1.68,0.0,0.0,0.0
2026-09-01,8436,TPEX,息,126.0,119.99,6.013434,1.05011756,6.01343369,0.0,0.0,0.0
2026-09-01,9941,TWSE,權息,86.9,80.9,5.99804,1.0741396,4.38,0.02,0.0,0.0
2026-09-01,9941A,TWSE,息,51.4,49.06,2.339375,1.04768335,2.339375,0.0,0.0,0.0
2026-09-02,00406A,TWSE,息,9.96,9.82,0.138,1.01405009,0.138,0.0,0.0,0.0
2026-09-02,00946,TWSE,息,15.74,15.68,0.058,1.00369851,0.058,0.0,0.0,0.0
2026-09-02,00950B,TPEX,息,13.58,13.52,0.063,1.0046608,0.063,0.0,0.0,0.0
2026-09-02,00953B,TWSE,息,9.63,9.56,0.067,1.00700617,0.067,0.0,0.0,0.0
2026-09-02,00959B,TPEX,息,9.09,9.04,0.048,1.00530856,0.048,0.0,0.0,0.0
2026-09-02,00983B,TPEX,息,15.03,14.97,0.06,1.00400802,0.06,0.0,0.0,0.0
2026-09-02,00984B,TPEX,息,15.74,15.66,0.079,1.00504438,0.079,0.0,0.0,0.0
2026-09-02,00985B,TWSE,息,10.16,10.1,0.053,1.00524389,0.053,0.0,0.0,0.0
2026-09-02,1240,TPEX,權,58.0,55.24,2.761905,1.05000001,0.0,0.05000000791,0.0,0.0
2026-09-02,2464,TWSE,權息,184.5,182.3,2.192145,1.01206802,0.471403,0.0,0.0310688290299999,138.0
2026-09-02,2845,TWSE,權息,13.65,12.98,0.669122,1.05159866,0.514,0.012,0.0,0.0
2026-09-02,2923,TWSE,息,24.75,24.63,0.12,1.00487211,0.12,0.0,0.0,0.0
2026-09-02,3013,TWSE,權,92.4,88.84,3.553847,1.04,0.0,0.04,0.0,0.0
2026-09-02,3346,TWSE,息,19.6,19.49,0.11,1.00564392,0.11,0.0,0.0,0.0
2026-09-02,4438,TWSE,息,60.8,58.5,2.3,1.03931624,2.3,0.0,0.0,0.0
2026-09-02,6139,TWSE,息,770.0,747.0,22.996187,1.03078456,22.996187,0.0,0.0,0.0
2026-09-02,6426,TWSE,息,270.0,269.5,0.5,1.00185529,0.5,0.0,0.0,0.0
2026-09-02,6669,TWSE,權,7800.0,2614.99,5185.002642,2.9828,0.0,1.9828,0.0,0.0
2026-09-02,6753,TWSE,息,142.5,141.25,1.249351,1.00884492,1.249351,0.0,0.0,0.0
2026-09-02,8076,TPEX,息,23.3,22.6,0.7,1.03097345,0.7,0.0,0.0,0.0
2026-09-03,1203,TWSE,息,44.35,43.35,1.0,1.02306805,1.0,0.0,0.0,0.0
2026-09-03,2732,TPEX,息,65.3,63.3,2.0,1.03159558,2.0,0.0,0.0,0.0
2026-09-03,2756,TPEX,息,64.0,62.5,1.5,1.024,1.5,0.0,0.0,0.0
2026-09-03,3114,TPEX,權息,34.65,32.36,2.294231,1.07090639,1.0,0.0400000049399999,0.0,0.0
2026-09-03,3484,TPEX,息,51.0,48.5,2.5,1.05154639,2.5,0.0,0.0,0.0
2026-09-03,3661,TWSE,息,4200.0,4167.44,32.551656,1.00781093,32.551656,0.0,0.0,0.0
2026-09-03,6126,TPEX,息,30.2,29.6,0.597917,1.02019849,0.59791726,0.0,0.0,0.0
2026-09-03,6146,TPEX,息,192.5,187.0,5.5,1.02941176,5.5,0.0,0.0,0.0
2026-09-03,6234,TPEX,息,35.55,35.3,0.25,1.00708215,0.25,0.0,0.0,0.0
2026-09-03,6279,TPEX,息,127.0,121.5,5.5,1.04526749,5.5,0.0,0.0,0.0
2026-09-03,6874,TPEX,權息,83.6,73.27,10.327273,1.14094293,3.0,0.1,0.0,0.0
2026-09-03,7780,TWSE,息,17.05,16.93,0.116588,1.00688509,0.116588,0.0,0.0,0.0
2026-09-03,8466,TWSE,息,15.65,15.34,0.301938,1.01967271,0.301938,0.0,0.0,0.0
2026-09-03,8908,TPEX,權,41.4,40.18,1.222757,1.03043406,0.0,0.03043406242,0.0,0.0
2026-09-03,9951,TPEX,息,54.3,51.05,3.253214,1.06373005,3.2532142,0.0,0.0,0.0
2026-09-07,00400A,TWSE,息,15.17,15.05,0.12,1.00797342,0.12,0.0,0.0,0.0
2026-09-07,01010T,TWSE,息,10.0,9.9,0.09872,1.00997043,0.09872,0.0,0.0,0.0
2026-09-07,1268,TPEX,息,182.0,174.0,8.0,1.04597701,8.0,0.0,0.0,0.0
2026-09-07,1466,TWSE,息,15.95,15.75,0.2,1.01269841,0.2,0.0,0.0,0.0
2026-09-07,6533,TWSE,權,264.0,255.83,8.166973,1.03193527,0.0,0.0,0.10740181948,195.0
2026-09-07,7738,TPEX,息,175.0,165.0,10.0,1.06060606,10.0,0.0,0.0,0.0
2026-09-07,8099,TPEX,息,61.2,59.1,2.1,1.03553299,2.1,0.0,0.0,0.0
2026-09-08,00940,TWSE,息,12.99,12.93,0.055,1.00425203,0.055,0.0,0.0,0.0
2026-09-08,2379,TWSE,息,729.0,704.0,25.0,1.03551136,25.0,0.0,0.0,0.0
2026-09-08,2442,TWSE,權息,19.45,16.26,3.188314,1.19604597,2.031861,0.0711,0.0,0.0
2026-09-08,2706,TWSE,息,12.55,12.2,0.35,1.02868852,0.35,0.0,0.0,0.0
2026-09-08,2743,TPEX,息,59.3,56.1,3.2,1.057041,3.2,0.0,0.0,0.0
2026-09-08,3312,TWSE,息,52.6,51.3,1.3,1.02534113,1.3,0.0,0.0,0.0
2026-09-08,3622,TWSE,息,53.5,50.3,3.2,1.06361829,3.2,0.0,0.0,0.0
2026-09-08,4549,TPEX,權,103.5,101.47,2.02941,1.01999998,0.0,0.01999998421,0.0,0.0
2026-09-08,6584,TPEX,息,619.0,616.56,2.440707,1.00395859,2.44070731,0.0,0.0,0.0
2026-09-08,6590,TPEX,權,67.0,58.26,8.740959,1.15003609,0.0,0.15003609244,0.0,0.0
2026-09-08,8473,TWSE,權息,45.5,40.43,5.065544,1.12524796,0.782345,0.1059,0.0,0.0
2026-09-08,9933,TWSE,權息,40.3,38.79,1.503161,1.03876845,0.763056,0.0191,0.0,0.0
2026-09-09,1438,TWSE,權息,23.3,21.38,1.911112,1.08935065,0.2,0.08,0.0,0.0
2026-09-09,1815,TPEX,權息,135.0,128.1,6.904987,1.0539052,0.50001709,0.05000171092,0.0,0.0
2026-09-09,3059,TWSE,息,38.5,37.5,0.998614,1.02662872,0.998614,0.0,0.0,0.0
2026-09-09,3706,TWSE,權息,91.3,80.27,11.027273,1.13737259,3.0,0.1,0.0,0.0
2026-09-09,4160,TPEX,權,39.8,37.92,1.880196,1.04958349,0.0,0.049583493410000005,0.0,0.0
2026-09-09,6133,TWSE,息,24.5,23.5,1.0,1.04255319,1.0,0.0,0.0,0.0
2026-09-09,6163,TPEX,息,40.65,40.07,0.577664,1.01441552,0.57766376,0.0,0.0,0.0
2026-09-09,6603,TPEX,息,24.95,24.55,0.401354,1.01634932,0.40135362,0.0,0.0,0.0
2026-09-09,6971,TPEX,息,26.65,25.15,1.5,1.05964215,1.5,0.0,0.0,0.0
2026-09-09,8096,TPEX,息,101.0,100.5,0.5,1.00497512,0.5,0.0,0.0,0.0
2026-09-10,2062,TWSE,息,19.55,18.55,1.0,1.05390836,1.0,0.0,0.0,0.0
2026-09-10,4541,TPEX,權,60.0,59.31,0.688259,1.01163379,0.0,0.0,0.05913042676,50.0
2026-09-10,4912,TWSE,息,97.5,96.69,0.800477,1.00827798,0.800477,0.0,0.0,0.0
2026-09-10,5328,TPEX,息,58.8,58.45,0.35,1.00598802,0.35,0.0,0.0,0.0
2026-09-10,5906,TWSE,權息,41.55,39.38,2.169048,1.0550786,0.2,0.05,0.0,0.0
2026-09-10,6504,TWSE,息,37.9,36.9,1.0,1.02710027,1.0,0.0,0.0,0.0
2026-09-10,8234,TPEX,息,65.6,65.2,0.4,1.00613497,0.4,0.0,0.0,0.0
2026-09-10,9802,TWSE,息,71.2,68.1,3.1,1.04552129,3.1,0.0,0.0,0.0
2026-09-10,9906,TWSE,權,41.4,41.05,0.348374,1.0085,0.0,0.0085,0.0,0.0
2026-09-11,3141,TPEX,息,92.1,91.74,0.357788,1.00389993,0.35778786,0.0,0.0,0.0
2026-09-14,00401A,TWSE,息,14.07,13.94,0.125,1.00896379,0.125,0.0,0.0,0.0
2026-09-14,2530,TWSE,息,20.1,19.64,0.46,1.02342159,0.46,0.0,0.0,0.0
2026-09-14,5243,TWSE,息,89.6,87.4,2.2,1.02517162,2.2,0.0,0.0,0.0
2026-09-14,5278,TPEX,息,23.9,23.63,0.266182,1.01126274,0.26618165,0.0,0.0,0.0
2026-09-14,6204,TPEX,息,88.8,88.3,0.5,1.00566251,0.5,0.0,0.0,0.0
2026-09-14,8423,TPEX,息,18.35,17.65,0.7,1.03966006,0.7,0.0,0.0,0.0
2026-09-15,00936,TWSE,息,21.28,21.12,0.16,1.00757576,0.16,0.0,0.0,0.0
2026-09-15,00942B,TPEX,息,13.52,13.46,0.062,1.00460693,0.062,0.0,0.0,0.0
2026-09-15,00962,TWSE,息,15.0,14.75,0.25,1.01694915,0.25,0.0,0.0,0.0
2026-09-15,00970B,TPEX,息,8.92,8.87,0.05,1.00563698,0.05,0.0,0.0,0.0
2026-09-15,009803,TWSE,息,21.64,20.74,0.9,1.04339441,0.9,0.0,0.0,0.0
2026-09-15,00980B,TPEX,息,9.03,8.98,0.047,1.00523211,0.047,0.0,0.0,0.0
2026-09-15,00988B,TPEX,息,19.41,19.27,0.141,1.00731745,0.141,0.0,0.0,0.0
2026-09-15,00989B,TPEX,息,10.02,9.93,0.088,1.00886025,0.088,0.0,0.0,0.0
2026-09-15,01009T,TWSE,息,5.67,5.53,0.130476,1.02355365,0.130476,0.0,0.0,0.0
2026-09-15,3675,TPEX,息,284.5,280.5,4.0,1.01426025,4.0,0.0,0.0,0.0
2026-09-15,5426,TPEX,息,27.75,27.45,0.3,1.01092896,0.3,0.0,0.0,0.0
2026-09-15,6924,TWSE,息,142.5,139.0,3.5,1.02517986,3.5,0.0,0.0,0.0
2026-09-16,00404A,TWSE,息,9.72,9.36,0.36,1.03846154,0.36,0.0,0.0,0.0
2026-09-16,00687B,TPEX,息,26.66,26.33,0.335,1.01272555,0.335,0.0,0.0,0.0
2026-09-16,00730,TWSE,息,28.19,28.08,0.11,1.00391738,0.11,0.0,0.0,0.0
2026-09-16,00740B,TPEX,息,36.85,36.67,0.185,1.00504568,0.185,0.0,0.0,0.0
2026-09-16,00741B,TPEX,息,37.06,36.86,0.199,1.00539866,0.199,0.0,0.0,0.0
2026-09-16,00764B,TPEX,息,26.58,26.28,0.304,1.01156949,0.304,0.0,0.0,0.0
2026-09-16,00770,TWSE,息,67.75,61.75,6.0,1.09716599,6.0,0.0,0.0,0.0
2026-09-16,00772B,TPEX,息,31.92,31.78,0.14,1.00440529,0.14,0.0,0.0,0.0
2026-09-16,00773B,TPEX,息,34.15,34.01,0.145,1.00426408,0.145,0.0,0.0,0.0
2026-09-16,00777B,TPEX,息,30.77,30.63,0.14,1.00457068,0.14,0.0,0.0,0.0
2026-09-16,00778B,TPEX,息,32.66,32.52,0.145,1.00445948,0.145,0.0,0.0,0.0
2026-09-16,00779B,TPEX,息,26.92,26.56,0.36,1.01355422,0.36,0.0,0.0,0.0
2026-09-16,00781B,TPEX,息,26.77,26.22,0.55,1.02097635,0.55,0.0,0.0,0.0
2026-09-16,00792B,TPEX,息,30.28,29.83,0.447,1.01498341,0.447,0.0,0.0,0.0
2026-09-16,00840B,TPEX,息,28.35,28.22,0.127,1.00449988,0.127,0.0,0.0,0.0
2026-09-16,00859B,TPEX,息,41.17,40.61,0.563,1.0138646,0.563,0.0,0.0,0.0
2026-09-16,00862B,TPEX,息,30.34,29.89,0.45,1.0150552,0.45,0.0,0.0,0.0
2026-09-16,00863B,TPEX,息,30.48,30.06,0.42,1.01397206,0.42,0.0,0.0,0.0
2026-09-16,00890B,TPEX,息,30.8,30.66,0.145,1.00473006,0.145,0.0,0.0,0.0
2026-09-16,00896,TWSE,息,27.69,26.24,1.45,1.05525915,1.45,0.0,0.0,0.0
2026-09-16,00900,TWSE,息,19.52,19.44,0.075,1.00385703,0.075,0.0,0.0,0.0
2026-09-16,00915,TWSE,息,32.89,32.29,0.6,1.0185816,0.6,0.0,0.0,0.0
2026-09-16,00919,TWSE,息,32.74,31.64,1.1,1.03476612,1.1,0.0,0.0,0.0
2026-09-16,00921,TWSE,息,24.04,23.04,1.0,1.04340278,1.0,0.0,0.0,0.0
2026-09-16,00933B,TPEX,息,15.3,15.23,0.073,1.00479412,0.073,0.0,0.0,0.0
2026-09-16,00934,TWSE,息,29.56,29.23,0.33,1.01128977,0.33,0.0,0.0,0.0
2026-09-16,00935,TWSE,息,57.4,55.57,1.83,1.03293144,1.83,0.0,0.0,0.0
2026-09-16,00937B,TPEX,息,14.13,14.06,0.072,1.00512164,0.072,0.0,0.0,0.0
2026-09-16,00943,TWSE,息,20.78,20.53,0.25,1.0121773,0.25,0.0,0.0,0.0
2026-09-16,00944,TWSE,息,21.42,21.31,0.109,1.00511473,0.109,0.0,0.0,0.0
2026-09-16,00945B,TWSE,息,14.41,14.31,0.097,1.00677706,0.097,0.0,0.0,0.0
2026-09-16,00948B,TPEX,息,9.03,8.99,0.045,1.00500835,0.045,0.0,0.0,0.0
2026-09-16,00952,TWSE,息,17.66,17.54,0.12,1.00684151,0.12,0.0,0.0,0.0
2026-09-16,00957B,TPEX,息,12.79,12.73,0.063,1.00495011,0.063,0.0,0.0,0.0
2026-09-16,00961,TWSE,息,13.33,13.14,0.19,1.01445967,0.19,0.0,0.0,0.0
2026-09-16,00963,TWSE,息,13.11,13.01,0.1,1.0076864,0.1,0.0,0.0,0.0
2026-09-16,00964,TWSE,息,14.85,14.65,0.2,1.01365188,0.2,0.0,0.0,0.0
2026-09-16,00972,TWSE,息,22.15,21.93,0.22,1.01003192,0.22,0.0,0.0,0.0
2026-09-16,009802,TWSE,息,19.7,19.51,0.189,1.00968684,0.189,0.0,0.0,0.0
2026-09-16,009809,TWSE,息,17.95,17.73,0.215,1.01212292,0.215,0.0,0.0,0.0
2026-09-16,00980D,TPEX,息,19.87,19.76,0.114,1.0057704,0.114,0.0,0.0,0.0
2026-09-16,00981A,TWSE,息,28.86,28.23,0.63,1.02231668,0.63,0.0,0.0,0.0
2026-09-16,00981D,TPEX,息,10.26,10.19,0.07,1.00686948,0.07,0.0,0.0,0.0
2026-09-16,00981T,TWSE,息,11.72,11.63,0.082,1.00704588,0.082,0.0,0.0,0.0
2026-09-16,00982B,TPEX,息,9.34,9.3,0.045,1.00484131,0.045,0.0,0.0,0.0
2026-09-16,00982D,TWSE,息,9.51,9.45,0.052,1.00549799,0.052,0.0,0.0,0.0
2026-09-16,00982T,TWSE,息,15.78,14.78,1.0,1.067659,1.0,0.0,0.0,0.0
2026-09-16,00983D,TWSE,息,9.77,9.7,0.061,1.00628283,0.061,0.0,0.0,0.0
2026-09-16,00999A,TWSE,息,11.18,10.89,0.29,1.02662994,0.29,0.0,0.0,0.0
2026-09-16,1517,TWSE,息,10.5,10.3,0.2,1.01941748,0.2,0.0,0.0,0.0
2026-09-16,1599,TPEX,息,23.45,22.95,0.5,1.02178649,0.5,0.0,0.0,0.0
2026-09-16,2330,TWSE,息,2385.0,2377.99,7.000001,1.00294365,7.000001,0.0,0.0,0.0
2026-09-16,4763,TWSE,息,48.1,45.05,3.05,1.06770255,3.05,0.0,0.0,0.0
2026-09-16,6830,TWSE,權,532.0,528.83,3.161725,1.00599436,0.0,0.0,0.08222731052,500.0
2026-09-17,00710B,TWSE,息,19.06,18.67,0.39,1.02088913,0.39,0.0,0.0,0.0
2026-09-17,00711B,TWSE,息,15.34,15.14,0.2,1.01321004,0.2,0.0,0.0,0.0
2026-09-17,00712,TWSE,息,8.21,8.01,0.2,1.02496879,0.2,0.0,0.0,0.0
2026-09-17,00853B,TPEX,息,26.5,26.15,0.347,1.01326808,0.347,0.0,0.0,0.0
2026-09-17,00929,TWSE,息,28.84,28.46,0.38,1.01335207,0.38,0.0,0.0,0.0
2026-09-17,00985D,TPEX,息,9.72,9.66,0.061,1.00631535,0.061,0.0,0.0,0.0
2026-09-17,00986D,TPEX,息,14.22,14.13,0.09,1.00636943,0.09,0.0,0.0,0.0
2026-09-17,00998A,TPEX,息,17.78,17.36,0.424,1.02442959,0.424,0.0,0.0,0.0
2026-09-17,4420,TPEX,息,38.5,36.5,2.0,1.05479452,2.0,0.0,0.0,0.0
2026-09-17,4533,TPEX,息,24.9,24.72,0.177595,1.00718355,0.1775947,0.0,0.0,0.0
2026-09-17,5306,TWSE,息,89.7,88.62,1.074628,1.01212551,1.074628,0.0,0.0,0.0
2026-09-17,5498,TPEX,息,50.8,50.55,0.25,1.0049456,0.25,0.0,0.0,0.0
2026-09-18,00728,TWSE,息,68.5,67.73,0.77,1.01136867,0.77,0.0,0.0,0.0
2026-09-18,00918,TWSE,息,36.25,34.5,1.75,1.05072464,1.75,0.0,0.0,0.0
2026-09-18,00994A,TWSE,息,16.37,16.11,0.257,1.01594985,0.257,0.0,0.0,0.0
2026-09-21,00697B,TPEX,息,34.82,34.51,0.31,1.0089829,0.31,0.0,0.0,0.0
2026-09-21,00713,TWSE,息,65.1,63.85,1.25,1.01957713,1.25,0.0,0.0,0.0
2026-09-21,00751B,TPEX,息,30.47,30.04,0.43,1.01431425,0.43,0.0,0.0,0.0
2026-09-21,00787B,TPEX,息,31.74,31.33,0.41,1.0130865,0.41,0.0,0.0,0.0
2026-09-21,00967B,TPEX,息,8.84,8.81,0.033,1.00374702,0.033,0.0,0.0,0.0
2026-09-21,00968B,TPEX,息,8.98,8.94,0.043,1.00481146,0.043,0.0,0.0,0.0
2026-09-21,00981B,TPEX,息,9.14,9.08,0.063,1.00694062,0.063,0.0,0.0,0.0
2026-09-21,3260,TPEX,權息,396.5,373.35,23.145117,1.06200616,18.00773559,0.0,0.04622447459,290.0
2026-09-21,5314,TPEX,息,30.5,30.45,0.048527,1.00159358,0.04852674,0.0,0.0,0.0
2026-09-22,8042,TPEX,權,113.5,112.52,0.976512,1.00870956,0.0,0.0,0.05378940051,98.0
2026-09-23,00836B,TPEX,息,27.81,27.43,0.382,1.01392737,0.382,0.0,0.0,0.0
2026-09-23,00856B,TPEX,息,37.21,36.88,0.335,1.00908475,0.335,0.0,0.0,0.0
2026-09-23,00857B,TPEX,息,22.38,22.13,0.255,1.01152542,0.255,0.0,0.0,0.0
2026-09-23,00930,TWSE,息,24.81,23.99,0.815,1.03396541,0.815,0.0,0.0,0.0
2026-09-23,00958B,TPEX,息,8.97,8.93,0.041,1.00459178,0.041,0.0,0.0,0.0
2026-09-23,00990B,TPEX,息,9.96,9.88,0.08,1.00809717,0.08,0.0,0.0,0.0
2026-09-23,1442,TWSE,息,31.15,28.75,2.4,1.08347826,2.4,0.0,0.0,0.0
2026-09-23,1595,TPEX,息,74.6,74.13,0.467447,1.00630556,0.46744739,0.0,0.0,0.0
2026-09-23,1808,TWSE,息,35.0,33.5,1.5,1.04477612,1.5,0.0,0.0,0.0
2026-09-23,2542,TWSE,息,45.45,41.45,4.0,1.09650181,4.0,0.0,0.0,0.0
2026-09-23,4109,TPEX,息,11.1,10.9,0.2,1.01834862,0.2,0.0,0.0,0.0
2026-09-23,5258,TWSE,息,42.4,41.39,1.007326,1.02433585,1.007326,0.0,0.0,0.0
2026-09-24,1235,TWSE,權息,41.15,38.71,2.435714,1.06291513,0.5,0.05,0.0,0.0
2026-09-29,2109,TWSE,息,15.0,14.5,0.5,1.03448276,0.5,0.0,0.0,0.0
2026-09-29,7631,TWSE,息,138.5,137.7,0.8,1.00580973,0.8,0.0,0.0,0.0
2026-09-30,01004T,TWSE,息,10.17,9.94,0.221074,1.02222089,0.221074,0.0,0.0,0.0
2026-09-30,8440,TPEX,息,20.95,20.6,0.35,1.01699029,0.35,0.0,0.0,0.0
2026-10-01,1784,TPEX,息,61.2,60.32,0.880964,1.01460507,0.880964,0.0,0.0,0.0
2026-10-01,6523,TPEX,息,91.0,89.0,2.0,1.02247191,2.0,0.0,0.0,0.0
2026-10-01,9927,TWSE,息,70.1,65.1,5.0,1.07680492,5.0,0.0,0.0,0.0
2026-10-02,6171,TPEX,息,27.35,25.35,2.0,1.07889546,2.0,0.0,0.0,0.0
2026-10-02,6834,TWSE,權,119.5,115.48,4.01133,1.03481122,0.0,0.0,0.09042502724,80.0
2026-10-05,00406A,TWSE,息,10.13,9.99,0.138,1.01381105,0.138,0.0,0.0,0.0
2026-10-05,00939,TWSE,息,24.0,23.87,0.125,1.0052356,0.125,0.0,0.0,0.0
2026-10-05,00950B,TPEX,息,13.12,13.06,0.063,1.004825,0.063,0.0,0.0,0.0
2026-10-05,00959B,TPEX,息,8.72,8.67,0.048,1.00553506,0.048,0.0,0.0,0.0
2026-10-05,00966B,TPEX,息,12.96,12.89,0.068,1.00527459,0.068,0.0,0.0,0.0
2026-10-05,00983B,TPEX,息,14.41,14.35,0.06,1.00418118,0.06,0.0,0.0,0.0
2026-10-05,00984B,TPEX,息,15.13,15.05,0.079,1.00524882,0.079,0.0,0.0,0.0
2026-10-05,00984D,TWSE,息,9.74,9.65,0.085,1.00880373,0.085,0.0,0.0,0.0
2026-10-05,00986B,TPEX,息,9.19,9.15,0.042,1.00459117,0.042,0.0,0.0,0.0
2026-10-05,020035,TPEX,息,14.04,13.69,0.348,1.0254163,0.348,0.0,0.0,0.0
2026-10-05,5512,TPEX,息,7.69,7.59,0.1,1.01317523,0.1,0.0,0.0,0.0
2026-10-06,2614,TWSE,權息,19.1,16.13,2.964737,1.18412895,0.4,0.08,0.30556282065,12.8
2026-10-06,8021,TWSE,權,560.0,555.45,4.546368,1.00819156,0.0,0.0,0.02172000885,388.0
2026-10-07,00940,TWSE,息,13.3,13.24,0.055,1.00415251,0.055,0.0,0.0,0.0
2026-10-07,00946,TWSE,息,15.56,15.5,0.058,1.00374145,0.058,0.0,0.0,0.0
2026-10-07,00953B,TWSE,息,9.48,9.41,0.067,1.00711782,0.067,0.0,0.0,0.0
2026-10-07,00985B,TWSE,息,10.05,9.99,0.053,1.00530159,0.053,0.0,0.0,0.0
2026-10-07,2890,TWSE,權,45.4,44.97,0.425362,1.00956193,0.0,0.0,0.03461290969,35.15
2026-10-07,2947,TPEX,息,62.6,61.6,1.0,1.01623377,1.0,0.0,0.0,0.0
2026-10-07,6108,TWSE,息,25.4,24.4,1.0,1.04098361,1.0,0.0,0.0,0.0
2026-10-07,6129,TPEX,權,14.4,14.11,0.293508,1.0205528,0.0,0.0,0.09341480432999999,11.75
2026-10-07,6947,TWSE,息,68.8,68.26,0.533326,1.00781239,0.533326,0.0,0.0,0.0
2026-10-08,00400A,TWSE,息,16.47,16.35,0.12,1.00733945,0.12,0.0,0.0,0.0
