code,ym,shares,src
1101,2025-09,7523181742.0,backfill
1101,2025-10,7523181742.0,backfill
1101,2025-11,7523181742.0,backfill
1101,2025-12,7523181742.0,backfill
1101,2026-01,7523181742.0,backfill
1101,2026-02,7523181742.0,backfill
1101,2026-03,7523181742.0,backfill
1101,2026-04,7523181742.0,backfill
1101,2026-05,7523181742.0,backfill
1101,2026-06,7523181742.0,backfill
1101,2026-07,7523181742.0,backfill
1101,2026-08,7523181742.0,backfill
1101,2026-09,7523181742.0,backfill
1101,2026-10,7523181742.0,snap
1102,2025-09,3546562881.0,backfill
1102,2025-10,3546562881.0,backfill
1102,2025-11,3546562881.0,backfill
1102,2025-12,3546562881.0,backfill
1102,2026-01,3546562881.0,backfill
1102,2026-02,3546562881.0,backfill
1102,2026-03,3546562881.0,backfill
1102,2026-04,3546562881.0,backfill
1102,2026-05,3546562881.0,backfill
1102,2026-06,3546562881.0,backfill
1102,2026-07,3546562881.0,backfill
1102,2026-08,3546562881.0,backfill
1102,2026-09,3546562881.0,backfill
1102,2026-10,3546562881.0,snap
1103,2025-09,832874553.0,backfill
1103,2025-10,832874553.0,backfill
1103,2025-11,832874553.0,backfill
1103,2025-12,832874553.0,backfill
1103,2026-01,832874553.0,backfill
1103,2026-02,832874553.0,backfill
1103,2026-03,832874553.0,backfill
1103,2026-04,832874553.0,backfill
1103,2026-05,832874553.0,backfill
1103,2026-06,832874553.0,backfill
1103,2026-07,832874553.0,backfill
1103,2026-08,832874553.0,backfill
1103,2026-09,832874553.0,backfill
1103,2026-10,832874553.0,snap
1104,2025-09,686681816.0,backfill
1104,2025-10,686681816.0,backfill
1104,2025-11,686681816.0,backfill
1104,2025-12,686681816.0,backfill
1104,2026-01,686681816.0,backfill
1104,2026-02,686681816.0,backfill
1104,2026-03,686681816.0,backfill
1104,2026-04,686681816.0,backfill
1104,2026-05,686681816.0,backfill
1104,2026-06,686681816.0,backfill
1104,2026-07,686681816.0,backfill
1104,2026-08,686681816.0,backfill
1104,2026-09,686681816.0,backfill
1104,2026-10,686681816.0,snap
1108,2025-09,404738049.0,backfill
1108,2025-10,404738049.0,backfill
1108,2025-11,404738049.0,backfill
1108,2025-12,404738049.0,backfill
1108,2026-01,404738049.0,backfill
1108,2026-02,404738049.0,backfill
1108,2026-03,404738049.0,backfill
1108,2026-04,404738049.0,backfill
1108,2026-05,404738049.0,backfill
1108,2026-06,404738049.0,backfill
1108,2026-07,404738049.0,backfill
1108,2026-08,404738049.0,backfill
1108,2026-09,404738049.0,backfill
1108,2026-10,404738049.0,snap
1109,2025-09,341158868.0,backfill
1109,2025-10,341158868.0,backfill
1109,2025-11,341158868.0,backfill
1109,2025-12,341158868.0,backfill
1109,2026-01,341158868.0,backfill
1109,2026-02,341158868.0,backfill
1109,2026-03,341158868.0,backfill
1109,2026-04,341158868.0,backfill
1109,2026-05,341158868.0,backfill
1109,2026-06,341158868.0,backfill
1109,2026-07,341158868.0,backfill
1109,2026-08,341158868.0,backfill
1109,2026-09,341158868.0,backfill
1109,2026-10,341158868.0,snap
1110,2025-09,572000797.0,backfill
1110,2025-10,572000797.0,backfill
1110,2025-11,572000797.0,backfill
1110,2025-12,572000797.0,backfill
1110,2026-01,572000797.0,backfill
1110,2026-02,572000797.0,backfill
1110,2026-03,572000797.0,backfill
1110,2026-04,572000797.0,backfill
1110,2026-05,572000797.0,backfill
1110,2026-06,572000797.0,backfill
1110,2026-07,572000797.0,backfill
1110,2026-08,572000797.0,backfill
1110,2026-09,572000797.0,backfill
1110,2026-10,572000797.0,snap
1201,2025-09,506062914.0,backfill
1201,2025-10,506062914.0,backfill
1201,2025-11,506062914.0,backfill
1201,2025-12,506062914.0,backfill
1201,2026-01,506062914.0,backfill
1201,2026-02,506062914.0,backfill
1201,2026-03,506062914.0,backfill
1201,2026-04,506062914.0,backfill
1201,2026-05,506062914.0,backfill
1201,2026-06,506062914.0,backfill
1201,2026-07,506062914.0,backfill
1201,2026-08,506062914.0,backfill
1201,2026-09,506062914.0,backfill
1201,2026-10,506062914.0,snap
1203,2025-09,240000000.0,backfill
1203,2025-10,240000000.0,backfill
1203,2025-11,240000000.0,backfill
1203,2025-12,240000000.0,backfill
1203,2026-01,240000000.0,backfill
1203,2026-02,240000000.0,backfill
1203,2026-03,240000000.0,backfill
1203,2026-04,240000000.0,backfill
1203,2026-05,240000000.0,backfill
1203,2026-06,240000000.0,backfill
1203,2026-07,240000000.0,backfill
1203,2026-08,240000000.0,backfill
1203,2026-09,240000000.0,backfill
1203,2026-10,240000000.0,snap
1210,2025-09,894767222.0,backfill
1210,2025-10,894767222.0,backfill
1210,2025-11,894767222.0,backfill
1210,2025-12,894767222.0,backfill
1210,2026-01,894767222.0,backfill
1210,2026-02,894767222.0,backfill
1210,2026-03,894767222.0,backfill
1210,2026-04,894767222.0,backfill
1210,2026-05,894767222.0,backfill
1210,2026-06,894767222.0,backfill
1210,2026-07,894767222.0,backfill
1210,2026-08,894767222.0,backfill
1210,2026-09,894767222.0,backfill
1210,2026-10,894767222.0,snap
1213,2025-09,56622627.0,backfill
1213,2025-10,56622627.0,backfill
1213,2025-11,56622627.0,backfill
1213,2025-12,56622627.0,backfill
1213,2026-01,56622627.0,backfill
1213,2026-02,56622627.0,backfill
1213,2026-03,56622627.0,backfill
1213,2026-04,56622627.0,backfill
1213,2026-05,56622627.0,backfill
1213,2026-06,56622627.0,backfill
1213,2026-07,56622627.0,backfill
1213,2026-08,56622627.0,backfill
1213,2026-09,56622627.0,backfill
1213,2026-10,56622627.0,snap
1215,2025-09,294790098.0,backfill
1215,2025-10,294790098.0,backfill
1215,2025-11,294790098.0,backfill
1215,2025-12,294790098.0,backfill
1215,2026-01,294790098.0,backfill
1215,2026-02,294790098.0,backfill
1215,2026-03,294790098.0,backfill
1215,2026-04,294790098.0,backfill
1215,2026-05,294790098.0,backfill
1215,2026-06,294790098.0,backfill
1215,2026-07,294790098.0,backfill
1215,2026-08,294790098.0,backfill
1215,2026-09,294790098.0,backfill
1215,2026-10,294790098.0,snap
1216,2025-09,5682015421.0,backfill
1216,2025-10,5682015421.0,backfill
1216,2025-11,5682015421.0,backfill
1216,2025-12,5682015421.0,backfill
1216,2026-01,5682015421.0,backfill
1216,2026-02,5682015421.0,backfill
1216,2026-03,5682015421.0,backfill
1216,2026-04,5682015421.0,backfill
1216,2026-05,5682015421.0,backfill
1216,2026-06,5682015421.0,backfill
1216,2026-07,5682015421.0,backfill
1216,2026-08,5682015421.0,backfill
1216,2026-09,5682015421.0,backfill
1216,2026-10,5682015421.0,snap
1217,2025-09,494513336.0,backfill
1217,2025-10,494513336.0,backfill
1217,2025-11,494513336.0,backfill
1217,2025-12,494513336.0,backfill
1217,2026-01,494513336.0,backfill
1217,2026-02,494513336.0,backfill
1217,2026-03,494513336.0,backfill
1217,2026-04,494513336.0,backfill
1217,2026-05,494513336.0,backfill
1217,2026-06,494513336.0,backfill
1217,2026-07,494513336.0,backfill
1217,2026-08,494513336.0,backfill
1217,2026-09,494513336.0,backfill
1217,2026-10,494513336.0,snap
1218,2025-09,499999038.0,backfill
1218,2025-10,499999038.0,backfill
1218,2025-11,499999038.0,backfill
1218,2025-12,499999038.0,backfill
1218,2026-01,499999038.0,backfill
1218,2026-02,499999038.0,backfill
1218,2026-03,499999038.0,backfill
1218,2026-04,499999038.0,backfill
1218,2026-05,499999038.0,backfill
1218,2026-06,499999038.0,backfill
1218,2026-07,499999038.0,backfill
1218,2026-08,499999038.0,backfill
1218,2026-09,499999038.0,backfill
1218,2026-10,499999038.0,snap
1219,2025-09,341238364.0,backfill
1219,2025-10,341238364.0,backfill
1219,2025-11,341238364.0,backfill
1219,2025-12,341238364.0,backfill
1219,2026-01,341238364.0,backfill
1219,2026-02,341238364.0,backfill
1219,2026-03,341238364.0,backfill
1219,2026-04,341238364.0,backfill
1219,2026-05,341238364.0,backfill
1219,2026-06,341238364.0,backfill
1219,2026-07,341238364.0,backfill
1219,2026-08,341238364.0,backfill
1219,2026-09,341238364.0,backfill
1219,2026-10,341238364.0,snap
1220,2025-09,177077944.0,backfill
1220,2025-10,177077944.0,backfill
1220,2025-11,177077944.0,backfill
1220,2025-12,177077944.0,backfill
1220,2026-01,177077944.0,backfill
1220,2026-02,177077944.0,backfill
1220,2026-03,177077944.0,backfill
1220,2026-04,177077944.0,backfill
1220,2026-05,177077944.0,backfill
1220,2026-06,177077944.0,backfill
1220,2026-07,177077944.0,backfill
1220,2026-08,177077944.0,backfill
1220,2026-09,177077944.0,backfill
1220,2026-10,177077944.0,snap
1225,2025-09,242268306.0,backfill
1225,2025-10,242268306.0,backfill
1225,2025-11,242268306.0,backfill
1225,2025-12,242268306.0,backfill
1225,2026-01,242268306.0,backfill
1225,2026-02,242268306.0,backfill
1225,2026-03,242268306.0,backfill
1225,2026-04,242268306.0,backfill
1225,2026-05,242268306.0,backfill
1225,2026-06,242268306.0,backfill
1225,2026-07,242268306.0,backfill
1225,2026-08,242268306.0,backfill
1225,2026-09,242268306.0,backfill
1225,2026-10,242268306.0,snap
1227,2025-09,915089591.0,backfill
1227,2025-10,915089591.0,backfill
1227,2025-11,915089591.0,backfill
1227,2025-12,915089591.0,backfill
1227,2026-01,915089591.0,backfill
1227,2026-02,915089591.0,backfill
1227,2026-03,915089591.0,backfill
1227,2026-04,915089591.0,backfill
1227,2026-05,915089591.0,backfill
1227,2026-06,915089591.0,backfill
1227,2026-07,915089591.0,backfill
1227,2026-08,915089591.0,backfill
1227,2026-09,915089591.0,backfill
1227,2026-10,915089591.0,snap
1229,2025-09,1831879881.0,backfill
1229,2025-10,1831879881.0,backfill
1229,2025-11,1831879881.0,backfill
1229,2025-12,1831879881.0,backfill
1229,2026-01,1831879881.0,backfill
1229,2026-02,1831879881.0,backfill
1229,2026-03,1831879881.0,backfill
1229,2026-04,1831879881.0,backfill
1229,2026-05,1831879881.0,backfill
1229,2026-06,1831879881.0,backfill
1229,2026-07,1831879881.0,backfill
1229,2026-08,1831879881.0,backfill
1229,2026-09,1831879881.0,backfill
1229,2026-10,1831879881.0,snap
1231,2025-09,328299922.0,backfill
1231,2025-10,328299922.0,backfill
1231,2025-11,328299922.0,backfill
1231,2025-12,328299922.0,backfill
1231,2026-01,328299922.0,backfill
1231,2026-02,328299922.0,backfill
1231,2026-03,328299922.0,backfill
1231,2026-04,328299922.0,backfill
1231,2026-05,328299922.0,backfill
1231,2026-06,328299922.0,backfill
1231,2026-07,328299922.0,backfill
1231,2026-08,328299922.0,backfill
1231,2026-09,328299922.0,backfill
1231,2026-10,328299922.0,snap
1232,2025-09,159974915.0,backfill
1232,2025-10,159974915.0,backfill
1232,2025-11,159974915.0,backfill
1232,2025-12,159974915.0,backfill
1232,2026-01,159974915.0,backfill
1232,2026-02,159974915.0,backfill
1232,2026-03,159974915.0,backfill
1232,2026-04,159974915.0,backfill
1232,2026-05,159974915.0,backfill
1232,2026-06,159974915.0,backfill
1232,2026-07,159974915.0,backfill
1232,2026-08,159974915.0,backfill
1232,2026-09,159974915.0,backfill
1232,2026-10,159974915.0,snap
1233,2025-09,90591948.0,backfill
1233,2025-10,90591948.0,backfill
1233,2025-11,90591948.0,backfill
1233,2025-12,90591948.0,backfill
1233,2026-01,90591948.0,backfill
1233,2026-02,90591948.0,backfill
1233,2026-03,90591948.0,backfill
1233,2026-04,90591948.0,backfill
1233,2026-05,90591948.0,backfill
1233,2026-06,90591948.0,backfill
1233,2026-07,90591948.0,backfill
1233,2026-08,90591948.0,backfill
1233,2026-09,90591948.0,backfill
1233,2026-10,90591948.0,snap
1234,2025-09,401871094.0,backfill
1234,2025-10,401871094.0,backfill
1234,2025-11,401871094.0,backfill
1234,2025-12,401871094.0,backfill
1234,2026-01,401871094.0,backfill
1234,2026-02,401871094.0,backfill
1234,2026-03,401871094.0,backfill
1234,2026-04,401871094.0,backfill
1234,2026-05,401871094.0,backfill
1234,2026-06,401871094.0,backfill
1234,2026-07,401871094.0,backfill
1234,2026-08,401871094.0,backfill
1234,2026-09,401871094.0,backfill
1234,2026-10,401871094.0,snap
1235,2025-09,188577836.0,backfill
1235,2025-10,188577836.0,backfill
1235,2025-11,188577836.0,backfill
1235,2025-12,188577836.0,backfill
1235,2026-01,188577836.0,backfill
1235,2026-02,188577836.0,backfill
1235,2026-03,188577836.0,backfill
1235,2026-04,188577836.0,backfill
1235,2026-05,188577836.0,backfill
1235,2026-06,188577836.0,backfill
1235,2026-07,188577836.0,backfill
1235,2026-08,188577836.0,backfill
1235,2026-09,188577836.0,backfill
1235,2026-10,188577836.0,snap
1236,2025-09,86674008.0,backfill
1236,2025-10,86674008.0,backfill
1236,2025-11,86674008.0,backfill
1236,2025-12,86674008.0,backfill
1236,2026-01,86674008.0,backfill
1236,2026-02,86674008.0,backfill
1236,2026-03,86674008.0,backfill
1236,2026-04,86674008.0,backfill
1236,2026-05,86674008.0,backfill
1236,2026-06,86674008.0,backfill
1236,2026-07,86674008.0,backfill
1236,2026-08,86674008.0,backfill
1236,2026-09,86674008.0,backfill
1236,2026-10,86674008.0,snap
1240,2025-09,46443992.0,backfill
1240,2025-10,46443992.0,backfill
1240,2025-11,46443992.0,backfill
1240,2025-12,46443992.0,backfill
1240,2026-01,46443992.0,backfill
1240,2026-02,46443992.0,backfill
1240,2026-03,46443992.0,backfill
1240,2026-04,46443992.0,backfill
1240,2026-05,46443992.0,backfill
1240,2026-06,46443992.0,backfill
1240,2026-07,46443992.0,backfill
1240,2026-08,46443992.0,backfill
1240,2026-09,46443992.0,backfill
1240,2026-10,46443992.0,snap
1256,2025-09,35781378.0,backfill
1256,2025-10,35781378.0,backfill
1256,2025-11,35781378.0,backfill
1256,2025-12,35781378.0,backfill
1256,2026-01,35781378.0,backfill
1256,2026-02,35781378.0,backfill
1256,2026-03,35781378.0,backfill
1256,2026-04,35781378.0,backfill
1256,2026-05,35781378.0,backfill
1256,2026-06,35781378.0,backfill
1256,2026-07,35781378.0,backfill
1256,2026-08,35781378.0,backfill
1256,2026-09,35781378.0,backfill
1256,2026-10,35781378.0,snap
1259,2025-09,32389500.0,backfill
1259,2025-10,32389500.0,backfill
1259,2025-11,32389500.0,backfill
1259,2025-12,32389500.0,backfill
1259,2026-01,32389500.0,backfill
1259,2026-02,32389500.0,backfill
1259,2026-03,32389500.0,backfill
1259,2026-04,32389500.0,backfill
1259,2026-05,32389500.0,backfill
1259,2026-06,32389500.0,backfill
1259,2026-07,32389500.0,backfill
1259,2026-08,32389500.0,backfill
1259,2026-09,32389500.0,backfill
1259,2026-10,32389500.0,snap
1264,2025-09,37052367.0,backfill
1264,2025-10,37052367.0,backfill
1264,2025-11,37052367.0,backfill
1264,2025-12,37052367.0,backfill
1264,2026-01,37052367.0,backfill
1264,2026-02,37052367.0,backfill
1264,2026-03,37052367.0,backfill
1264,2026-04,37052367.0,backfill
1264,2026-05,37052367.0,backfill
1264,2026-06,37052367.0,backfill
1264,2026-07,37052367.0,backfill
1264,2026-08,37052367.0,backfill
1264,2026-09,37052367.0,backfill
1264,2026-10,37052367.0,snap
1268,2025-09,42223730.0,backfill
1268,2025-10,42223730.0,backfill
1268,2025-11,42223730.0,backfill
1268,2025-12,42223730.0,backfill
1268,2026-01,42223730.0,backfill
1268,2026-02,42223730.0,backfill
1268,2026-03,42223730.0,backfill
1268,2026-04,42223730.0,backfill
1268,2026-05,42223730.0,backfill
1268,2026-06,42223730.0,backfill
1268,2026-07,42223730.0,backfill
1268,2026-08,42223730.0,backfill
1268,2026-09,42223730.0,backfill
1268,2026-10,42223730.0,snap
1294,2025-09,36625875.0,backfill
1294,2025-10,36625875.0,backfill
1294,2025-11,36625875.0,backfill
1294,2025-12,36625875.0,backfill
1294,2026-01,36625875.0,backfill
1294,2026-02,36625875.0,backfill
1294,2026-03,36625875.0,backfill
1294,2026-04,36625875.0,backfill
1294,2026-05,36625875.0,backfill
1294,2026-06,36625875.0,backfill
1294,2026-07,36625875.0,backfill
1294,2026-08,36625875.0,backfill
1294,2026-09,36625875.0,backfill
1294,2026-10,36625875.0,snap
1295,2025-09,37599800.0,backfill
1295,2025-10,37599800.0,backfill
1295,2025-11,37599800.0,backfill
1295,2025-12,37599800.0,backfill
1295,2026-01,37599800.0,backfill
1295,2026-02,37599800.0,backfill
1295,2026-03,37599800.0,backfill
1295,2026-04,37599800.0,backfill
1295,2026-05,37599800.0,backfill
1295,2026-06,37599800.0,backfill
1295,2026-07,37599800.0,backfill
1295,2026-08,37599800.0,backfill
1295,2026-09,37599800.0,backfill
1295,2026-10,37599800.0,snap
1301,2025-09,6365740781.0,backfill
1301,2025-10,6365740781.0,backfill
1301,2025-11,6365740781.0,backfill
1301,2025-12,6365740781.0,backfill
1301,2026-01,6365740781.0,backfill
1301,2026-02,6365740781.0,backfill
1301,2026-03,6365740781.0,backfill
1301,2026-04,6365740781.0,backfill
1301,2026-05,6365740781.0,backfill
1301,2026-06,6365740781.0,backfill
1301,2026-07,6365740781.0,backfill
1301,2026-08,6365740781.0,backfill
1301,2026-09,6365740781.0,backfill
1301,2026-10,6365740781.0,snap
1303,2025-09,7930821589.0,backfill
1303,2025-10,7930821589.0,backfill
1303,2025-11,7930821589.0,backfill
1303,2025-12,7930821589.0,backfill
1303,2026-01,7930821589.0,backfill
1303,2026-02,7930821589.0,backfill
1303,2026-03,7930821589.0,backfill
1303,2026-04,7930821589.0,backfill
1303,2026-05,7930821589.0,backfill
1303,2026-06,7930821589.0,backfill
1303,2026-07,7930821589.0,backfill
1303,2026-08,7930821589.0,backfill
1303,2026-09,7930821589.0,backfill
1303,2026-10,7930821589.0,snap
1304,2025-09,1188763500.0,backfill
1304,2025-10,1188763500.0,backfill
1304,2025-11,1188763500.0,backfill
1304,2025-12,1188763500.0,backfill
1304,2026-01,1188763500.0,backfill
1304,2026-02,1188763500.0,backfill
1304,2026-03,1188763500.0,backfill
1304,2026-04,1188763500.0,backfill
1304,2026-05,1188763500.0,backfill
1304,2026-06,1188763500.0,backfill
1304,2026-07,1188763500.0,backfill
1304,2026-08,1188763500.0,backfill
1304,2026-09,1188763500.0,backfill
1304,2026-10,1188763500.0,snap
1305,2025-09,581050494.0,backfill
1305,2025-10,581050494.0,backfill
1305,2025-11,581050494.0,backfill
1305,2025-12,581050494.0,backfill
1305,2026-01,581050494.0,backfill
1305,2026-02,581050494.0,backfill
1305,2026-03,581050494.0,backfill
1305,2026-04,581050494.0,backfill
1305,2026-05,581050494.0,backfill
1305,2026-06,581050494.0,backfill
1305,2026-07,581050494.0,backfill
1305,2026-08,581050494.0,backfill
1305,2026-09,581050494.0,backfill
1305,2026-10,581050494.0,snap
1307,2025-09,397818126.0,backfill
1307,2025-10,397818126.0,backfill
1307,2025-11,397818126.0,backfill
1307,2025-12,397818126.0,backfill
1307,2026-01,397818126.0,backfill
1307,2026-02,397818126.0,backfill
1307,2026-03,397818126.0,backfill
1307,2026-04,397818126.0,backfill
1307,2026-05,397818126.0,backfill
1307,2026-06,397818126.0,backfill
1307,2026-07,397818126.0,backfill
1307,2026-08,397818126.0,backfill
1307,2026-09,397818126.0,backfill
1307,2026-10,397818126.0,snap
1308,2025-09,593743919.0,backfill
1308,2025-10,593743919.0,backfill
1308,2025-11,593743919.0,backfill
1308,2025-12,593743919.0,backfill
1308,2026-01,593743919.0,backfill
1308,2026-02,593743919.0,backfill
1308,2026-03,593743919.0,backfill
1308,2026-04,593743919.0,backfill
1308,2026-05,593743919.0,backfill
1308,2026-06,593743919.0,backfill
1308,2026-07,593743919.0,backfill
1308,2026-08,593743919.0,backfill
1308,2026-09,593743919.0,backfill
1308,2026-10,593743919.0,snap
1309,2025-09,397586848.0,backfill
1309,2025-10,397586848.0,backfill
1309,2025-11,397586848.0,backfill
1309,2025-12,397586848.0,backfill
1309,2026-01,397586848.0,backfill
1309,2026-02,397586848.0,backfill
1309,2026-03,397586848.0,backfill
1309,2026-04,397586848.0,backfill
1309,2026-05,397586848.0,backfill
1309,2026-06,397586848.0,backfill
1309,2026-07,397586848.0,backfill
1309,2026-08,397586848.0,backfill
1309,2026-09,397586848.0,backfill
1309,2026-10,397586848.0,snap
1310,2025-09,527869764.0,backfill
1310,2025-10,527869764.0,backfill
1310,2025-11,527869764.0,backfill
1310,2025-12,527869764.0,backfill
1310,2026-01,527869764.0,backfill
1310,2026-02,527869764.0,backfill
1310,2026-03,527869764.0,backfill
1310,2026-04,527869764.0,backfill
1310,2026-05,527869764.0,backfill
1310,2026-06,527869764.0,backfill
1310,2026-07,527869764.0,backfill
1310,2026-08,527869764.0,backfill
1310,2026-09,527869764.0,backfill
1310,2026-10,527869764.0,snap
1312,2025-09,1506620328.0,backfill
1312,2025-10,1506620328.0,backfill
1312,2025-11,1506620328.0,backfill
1312,2025-12,1506620328.0,backfill
1312,2026-01,1506620328.0,backfill
1312,2026-02,1506620328.0,backfill
1312,2026-03,1506620328.0,backfill
1312,2026-04,1506620328.0,backfill
1312,2026-05,1506620328.0,backfill
1312,2026-06,1506620328.0,backfill
1312,2026-07,1506620328.0,backfill
1312,2026-08,1506620328.0,backfill
1312,2026-09,1506620328.0,backfill
1312,2026-10,1506620328.0,snap
1313,2025-09,1330846107.0,backfill
1313,2025-10,1330846107.0,backfill
1313,2025-11,1330846107.0,backfill
1313,2025-12,1330846107.0,backfill
1313,2026-01,1330846107.0,backfill
1313,2026-02,1330846107.0,backfill
1313,2026-03,1330846107.0,backfill
1313,2026-04,1330846107.0,backfill
1313,2026-05,1330846107.0,backfill
1313,2026-06,1330846107.0,backfill
1313,2026-07,1330846107.0,backfill
1313,2026-08,1330846107.0,backfill
1313,2026-09,1330846107.0,backfill
1313,2026-10,1330846107.0,snap
1314,2025-09,3784850130.0,backfill
1314,2025-10,3784850130.0,backfill
1314,2025-11,3784850130.0,backfill
1314,2025-12,3784850130.0,backfill
1314,2026-01,3784850130.0,backfill
1314,2026-02,3784850130.0,backfill
1314,2026-03,3784850130.0,backfill
1314,2026-04,3784850130.0,backfill
1314,2026-05,3784850130.0,backfill
1314,2026-06,3784850130.0,backfill
1314,2026-07,3784850130.0,backfill
1314,2026-08,3784850130.0,backfill
1314,2026-09,3784850130.0,backfill
1314,2026-10,3784850130.0,snap
1315,2025-09,99099000.0,backfill
1315,2025-10,99099000.0,backfill
1315,2025-11,99099000.0,backfill
1315,2025-12,99099000.0,backfill
1315,2026-01,99099000.0,backfill
1315,2026-02,99099000.0,backfill
1315,2026-03,99099000.0,backfill
1315,2026-04,99099000.0,backfill
1315,2026-05,99099000.0,backfill
1315,2026-06,99099000.0,backfill
1315,2026-07,99099000.0,backfill
1315,2026-08,99099000.0,backfill
1315,2026-09,99099000.0,backfill
1315,2026-10,99099000.0,snap
1316,2025-09,401646150.0,backfill
1316,2025-10,401646150.0,backfill
1316,2025-11,401646150.0,backfill
1316,2025-12,401646150.0,backfill
1316,2026-01,401646150.0,backfill
1316,2026-02,401646150.0,backfill
1316,2026-03,401646150.0,backfill
1316,2026-04,401646150.0,backfill
1316,2026-05,401646150.0,backfill
1316,2026-06,401646150.0,backfill
1316,2026-07,401646150.0,backfill
1316,2026-08,401646150.0,backfill
1316,2026-09,401646150.0,backfill
1316,2026-10,401646150.0,snap
1319,2025-09,591477068.0,backfill
1319,2025-10,591477068.0,backfill
1319,2025-11,591477068.0,backfill
1319,2025-12,591477068.0,backfill
1319,2026-01,591477068.0,backfill
1319,2026-02,591477068.0,backfill
1319,2026-03,591477068.0,backfill
1319,2026-04,591477068.0,backfill
1319,2026-05,591477068.0,backfill
1319,2026-06,591477068.0,backfill
1319,2026-07,591477068.0,backfill
1319,2026-08,591477068.0,backfill
1319,2026-09,591477068.0,backfill
1319,2026-10,591477068.0,snap
1321,2025-09,227228268.0,backfill
1321,2025-10,227228268.0,backfill
1321,2025-11,227228268.0,backfill
1321,2025-12,227228268.0,backfill
1321,2026-01,227228268.0,backfill
1321,2026-02,227228268.0,backfill
1321,2026-03,227228268.0,backfill
1321,2026-04,227228268.0,backfill
1321,2026-05,227228268.0,backfill
1321,2026-06,227228268.0,backfill
1321,2026-07,227228268.0,backfill
1321,2026-08,227228268.0,backfill
1321,2026-09,227228268.0,backfill
1321,2026-10,227228268.0,snap
1323,2025-09,91274554.0,backfill
1323,2025-10,91274554.0,backfill
1323,2025-11,91274554.0,backfill
1323,2025-12,91274554.0,backfill
1323,2026-01,91274554.0,backfill
1323,2026-02,91274554.0,backfill
1323,2026-03,91274554.0,backfill
1323,2026-04,91274554.0,backfill
1323,2026-05,91274554.0,backfill
1323,2026-06,91274554.0,backfill
1323,2026-07,91274554.0,backfill
1323,2026-08,91274554.0,backfill
1323,2026-09,91274554.0,backfill
1323,2026-10,91274554.0,snap
1324,2025-09,75121882.0,backfill
1324,2025-10,75121882.0,backfill
1324,2025-11,75121882.0,backfill
1324,2025-12,75121882.0,backfill
1324,2026-01,75121882.0,backfill
1324,2026-02,75121882.0,backfill
1324,2026-03,75121882.0,backfill
1324,2026-04,75121882.0,backfill
1324,2026-05,75121882.0,backfill
1324,2026-06,75121882.0,backfill
1324,2026-07,75121882.0,backfill
1324,2026-08,75121882.0,backfill
1324,2026-09,75121882.0,backfill
1324,2026-10,75121882.0,snap
1325,2025-09,85281198.0,backfill
1325,2025-10,85281198.0,backfill
1325,2025-11,85281198.0,backfill
1325,2025-12,85281198.0,backfill
1325,2026-01,85281198.0,backfill
1325,2026-02,85281198.0,backfill
1325,2026-03,85281198.0,backfill
1325,2026-04,85281198.0,backfill
1325,2026-05,85281198.0,backfill
1325,2026-06,85281198.0,backfill
1325,2026-07,85281198.0,backfill
1325,2026-08,85281198.0,backfill
1325,2026-09,85281198.0,backfill
1325,2026-10,85281198.0,snap
1326,2025-09,5861186291.0,backfill
1326,2025-10,5861186291.0,backfill
1326,2025-11,5861186291.0,backfill
1326,2025-12,5861186291.0,backfill
1326,2026-01,5861186291.0,backfill
1326,2026-02,5861186291.0,backfill
1326,2026-03,5861186291.0,backfill
1326,2026-04,5861186291.0,backfill
1326,2026-05,5861186291.0,backfill
1326,2026-06,5861186291.0,backfill
1326,2026-07,5861186291.0,backfill
1326,2026-08,5861186291.0,backfill
1326,2026-09,5861186291.0,backfill
1326,2026-10,5861186291.0,snap
1336,2025-09,77614419.0,backfill
1336,2025-10,77614419.0,backfill
1336,2025-11,77614419.0,backfill
1336,2025-12,77614419.0,backfill
1336,2026-01,77614419.0,backfill
1336,2026-02,77614419.0,backfill
1336,2026-03,77614419.0,backfill
1336,2026-04,77614419.0,backfill
1336,2026-05,77614419.0,backfill
1336,2026-06,77614419.0,backfill
1336,2026-07,77614419.0,backfill
1336,2026-08,77614419.0,backfill
1336,2026-09,77614419.0,backfill
1336,2026-10,77614419.0,snap
1337,2025-09,268954729.0,backfill
1337,2025-10,268954729.0,backfill
1337,2025-11,268954729.0,backfill
1337,2025-12,268954729.0,backfill
1337,2026-01,268954729.0,backfill
1337,2026-02,268954729.0,backfill
1337,2026-03,268954729.0,backfill
1337,2026-04,268954729.0,backfill
1337,2026-05,268954729.0,backfill
1337,2026-06,268954729.0,backfill
1337,2026-07,268954729.0,backfill
1337,2026-08,268954729.0,backfill
1337,2026-09,268954729.0,backfill
1337,2026-10,268954729.0,snap
1338,2025-09,83840000.0,backfill
1338,2025-10,83840000.0,backfill
1338,2025-11,83840000.0,backfill
1338,2025-12,83840000.0,backfill
1338,2026-01,83840000.0,backfill
1338,2026-02,83840000.0,backfill
1338,2026-03,83840000.0,backfill
1338,2026-04,83840000.0,backfill
1338,2026-05,83840000.0,backfill
1338,2026-06,83840000.0,backfill
1338,2026-07,83840000.0,backfill
1338,2026-08,83840000.0,backfill
1338,2026-09,83840000.0,backfill
1338,2026-10,83840000.0,snap
1339,2025-09,74123875.0,backfill
1339,2025-10,74123875.0,backfill
1339,2025-11,74123875.0,backfill
1339,2025-12,74123875.0,backfill
1339,2026-01,74123875.0,backfill
1339,2026-02,74123875.0,backfill
1339,2026-03,74123875.0,backfill
1339,2026-04,74123875.0,backfill
1339,2026-05,74123875.0,backfill
1339,2026-06,74123875.0,backfill
1339,2026-07,74123875.0,backfill
1339,2026-08,74123875.0,backfill
1339,2026-09,74123875.0,backfill
1339,2026-10,74123875.0,snap
1340,2025-09,152922855.0,backfill
1340,2025-10,152922855.0,backfill
1340,2025-11,152922855.0,backfill
1340,2025-12,152922855.0,backfill
1340,2026-01,152922855.0,backfill
1340,2026-02,152922855.0,backfill
1340,2026-03,152922855.0,backfill
1340,2026-04,152922855.0,backfill
1340,2026-05,152922855.0,backfill
1340,2026-06,152922855.0,backfill
1340,2026-07,152922855.0,backfill
1340,2026-08,152922855.0,backfill
1340,2026-09,152922855.0,backfill
1340,2026-10,152922855.0,snap
1341,2025-09,52850634.0,backfill
1341,2025-10,52850634.0,backfill
1341,2025-11,52850634.0,backfill
1341,2025-12,52850634.0,backfill
1341,2026-01,52850634.0,backfill
1341,2026-02,52850634.0,backfill
1341,2026-03,52850634.0,backfill
1341,2026-04,52850634.0,backfill
1341,2026-05,52850634.0,backfill
1341,2026-06,52850634.0,backfill
1341,2026-07,52850634.0,backfill
1341,2026-08,52850634.0,backfill
1341,2026-09,52850634.0,backfill
1341,2026-10,52850634.0,snap
1342,2025-09,78500902.0,backfill
1342,2025-10,78500902.0,backfill
1342,2025-11,78500902.0,backfill
1342,2025-12,78500902.0,backfill
1342,2026-01,78500902.0,backfill
1342,2026-02,78500902.0,backfill
1342,2026-03,78500902.0,backfill
1342,2026-04,78500902.0,backfill
1342,2026-05,78500902.0,backfill
1342,2026-06,78500902.0,backfill
1342,2026-07,78500902.0,backfill
1342,2026-08,78500902.0,backfill
1342,2026-09,78500902.0,backfill
1342,2026-10,78500902.0,snap
1402,2025-09,5352875227.0,backfill
1402,2025-10,5352875227.0,backfill
1402,2025-11,5352875227.0,backfill
1402,2025-12,5352875227.0,backfill
1402,2026-01,5352875227.0,backfill
1402,2026-02,5352875227.0,backfill
1402,2026-03,5352875227.0,backfill
1402,2026-04,5352875227.0,backfill
1402,2026-05,5352875227.0,backfill
1402,2026-06,5352875227.0,backfill
1402,2026-07,5352875227.0,backfill
1402,2026-08,5352875227.0,backfill
1402,2026-09,5352875227.0,backfill
1402,2026-10,5352875227.0,snap
1409,2025-09,1618409286.0,backfill
1409,2025-10,1618409286.0,backfill
1409,2025-11,1618409286.0,backfill
1409,2025-12,1618409286.0,backfill
1409,2026-01,1618409286.0,backfill
1409,2026-02,1618409286.0,backfill
1409,2026-03,1618409286.0,backfill
1409,2026-04,1618409286.0,backfill
1409,2026-05,1618409286.0,backfill
1409,2026-06,1618409286.0,backfill
1409,2026-07,1618409286.0,backfill
1409,2026-08,1618409286.0,backfill
1409,2026-09,1618409286.0,backfill
1409,2026-10,1618409286.0,snap
1410,2025-09,62000000.0,backfill
1410,2025-10,62000000.0,backfill
1410,2025-11,62000000.0,backfill
1410,2025-12,62000000.0,backfill
1410,2026-01,62000000.0,backfill
1410,2026-02,62000000.0,backfill
1410,2026-03,62000000.0,backfill
1410,2026-04,62000000.0,backfill
1410,2026-05,62000000.0,backfill
1410,2026-06,62000000.0,backfill
1410,2026-07,62000000.0,backfill
1410,2026-08,62000000.0,backfill
1410,2026-09,62000000.0,backfill
1410,2026-10,62000000.0,snap
1413,2025-09,132112454.0,backfill
1413,2025-10,132112454.0,backfill
1413,2025-11,132112454.0,backfill
1413,2025-12,132112454.0,backfill
1413,2026-01,132112454.0,backfill
1413,2026-02,132112454.0,backfill
1413,2026-03,132112454.0,backfill
1413,2026-04,132112454.0,backfill
1413,2026-05,132112454.0,backfill
1413,2026-06,132112454.0,backfill
1413,2026-07,132112454.0,backfill
1413,2026-08,132112454.0,backfill
1413,2026-09,132112454.0,backfill
1413,2026-10,132112454.0,snap
1414,2025-09,198000000.0,backfill
1414,2025-10,198000000.0,backfill
1414,2025-11,198000000.0,backfill
1414,2025-12,198000000.0,backfill
1414,2026-01,198000000.0,backfill
1414,2026-02,198000000.0,backfill
1414,2026-03,198000000.0,backfill
1414,2026-04,198000000.0,backfill
1414,2026-05,198000000.0,backfill
1414,2026-06,198000000.0,backfill
1414,2026-07,198000000.0,backfill
1414,2026-08,198000000.0,backfill
1414,2026-09,198000000.0,backfill
1414,2026-10,198000000.0,snap
1416,2025-09,185342168.0,backfill
1416,2025-10,185342168.0,backfill
1416,2025-11,185342168.0,backfill
1416,2025-12,185342168.0,backfill
1416,2026-01,185342168.0,backfill
1416,2026-02,185342168.0,backfill
1416,2026-03,185342168.0,backfill
1416,2026-04,185342168.0,backfill
1416,2026-05,185342168.0,backfill
1416,2026-06,185342168.0,backfill
1416,2026-07,185342168.0,backfill
1416,2026-08,185342168.0,backfill
1416,2026-09,185342168.0,backfill
1416,2026-10,185342168.0,snap
1417,2025-09,189941840.0,backfill
1417,2025-10,189941840.0,backfill
1417,2025-11,189941840.0,backfill
1417,2025-12,189941840.0,backfill
1417,2026-01,189941840.0,backfill
1417,2026-02,189941840.0,backfill
1417,2026-03,189941840.0,backfill
1417,2026-04,189941840.0,backfill
1417,2026-05,189941840.0,backfill
1417,2026-06,189941840.0,backfill
1417,2026-07,189941840.0,backfill
1417,2026-08,189941840.0,backfill
1417,2026-09,189941840.0,backfill
1417,2026-10,189941840.0,snap
1418,2025-09,56834309.0,backfill
1418,2025-10,56834309.0,backfill
1418,2025-11,56834309.0,backfill
1418,2025-12,56834309.0,backfill
1418,2026-01,56834309.0,backfill
1418,2026-02,56834309.0,backfill
1418,2026-03,56834309.0,backfill
1418,2026-04,56834309.0,backfill
1418,2026-05,56834309.0,backfill
1418,2026-06,56834309.0,backfill
1418,2026-07,56834309.0,backfill
1418,2026-08,56834309.0,backfill
1418,2026-09,56834309.0,backfill
1418,2026-10,56834309.0,snap
1419,2025-09,300041280.0,backfill
1419,2025-10,300041280.0,backfill
1419,2025-11,300041280.0,backfill
1419,2025-12,300041280.0,backfill
1419,2026-01,300041280.0,backfill
1419,2026-02,300041280.0,backfill
1419,2026-03,300041280.0,backfill
1419,2026-04,300041280.0,backfill
1419,2026-05,300041280.0,backfill
1419,2026-06,300041280.0,backfill
1419,2026-07,300041280.0,backfill
1419,2026-08,300041280.0,backfill
1419,2026-09,300041280.0,backfill
1419,2026-10,300041280.0,snap
1423,2025-09,99648000.0,backfill
1423,2025-10,99648000.0,backfill
1423,2025-11,99648000.0,backfill
1423,2025-12,99648000.0,backfill
1423,2026-01,99648000.0,backfill
1423,2026-02,99648000.0,backfill
1423,2026-03,99648000.0,backfill
1423,2026-04,99648000.0,backfill
1423,2026-05,99648000.0,backfill
1423,2026-06,99648000.0,backfill
1423,2026-07,99648000.0,backfill
1423,2026-08,99648000.0,backfill
1423,2026-09,99648000.0,backfill
1423,2026-10,99648000.0,snap
1432,2025-09,108000000.0,backfill
1432,2025-10,108000000.0,backfill
1432,2025-11,108000000.0,backfill
1432,2025-12,108000000.0,backfill
1432,2026-01,108000000.0,backfill
1432,2026-02,108000000.0,backfill
1432,2026-03,108000000.0,backfill
1432,2026-04,108000000.0,backfill
1432,2026-05,108000000.0,backfill
1432,2026-06,108000000.0,backfill
1432,2026-07,108000000.0,backfill
1432,2026-08,108000000.0,backfill
1432,2026-09,108000000.0,backfill
1432,2026-10,108000000.0,snap
1434,2025-09,1684664637.0,backfill
1434,2025-10,1684664637.0,backfill
1434,2025-11,1684664637.0,backfill
1434,2025-12,1684664637.0,backfill
1434,2026-01,1684664637.0,backfill
1434,2026-02,1684664637.0,backfill
1434,2026-03,1684664637.0,backfill
1434,2026-04,1684664637.0,backfill
1434,2026-05,1684664637.0,backfill
1434,2026-06,1684664637.0,backfill
1434,2026-07,1684664637.0,backfill
1434,2026-08,1684664637.0,backfill
1434,2026-09,1684664637.0,backfill
1434,2026-10,1684664637.0,snap
1435,2025-09,139780080.0,backfill
1435,2025-10,139780080.0,backfill
1435,2025-11,139780080.0,backfill
1435,2025-12,139780080.0,backfill
1435,2026-01,139780080.0,backfill
1435,2026-02,139780080.0,backfill
1435,2026-03,139780080.0,backfill
1435,2026-04,139780080.0,backfill
1435,2026-05,139780080.0,backfill
1435,2026-06,139780080.0,backfill
1435,2026-07,139780080.0,backfill
1435,2026-08,139780080.0,backfill
1435,2026-09,139780080.0,backfill
1435,2026-10,139780080.0,snap
1436,2025-09,194151795.0,backfill
1436,2025-10,194151795.0,backfill
1436,2025-11,194151795.0,backfill
1436,2025-12,194151795.0,backfill
1436,2026-01,194151795.0,backfill
1436,2026-02,194151795.0,backfill
1436,2026-03,194151795.0,backfill
1436,2026-04,194151795.0,backfill
1436,2026-05,194151795.0,backfill
1436,2026-06,194151795.0,backfill
1436,2026-07,194151795.0,backfill
1436,2026-08,194151795.0,backfill
1436,2026-09,194151795.0,backfill
1436,2026-10,194151795.0,snap
1437,2025-09,201871284.0,backfill
1437,2025-10,201871284.0,backfill
1437,2025-11,201871284.0,backfill
1437,2025-12,201871284.0,backfill
1437,2026-01,201871284.0,backfill
1437,2026-02,201871284.0,backfill
1437,2026-03,201871284.0,backfill
1437,2026-04,201871284.0,backfill
1437,2026-05,201871284.0,backfill
1437,2026-06,201871284.0,backfill
1437,2026-07,201871284.0,backfill
1437,2026-08,201871284.0,backfill
1437,2026-09,201871284.0,backfill
1437,2026-10,201871284.0,snap
1438,2025-09,111205759.0,backfill
1438,2025-10,111205759.0,backfill
1438,2025-11,111205759.0,backfill
1438,2025-12,111205759.0,backfill
1438,2026-01,111205759.0,backfill
1438,2026-02,111205759.0,backfill
1438,2026-03,111205759.0,backfill
1438,2026-04,111205759.0,backfill
1438,2026-05,111205759.0,backfill
1438,2026-06,111205759.0,backfill
1438,2026-07,111205759.0,backfill
1438,2026-08,111205759.0,backfill
1438,2026-09,111205759.0,backfill
1438,2026-10,111205759.0,snap
1439,2025-09,92000000.0,backfill
1439,2025-10,92000000.0,backfill
1439,2025-11,92000000.0,backfill
1439,2025-12,92000000.0,backfill
1439,2026-01,92000000.0,backfill
1439,2026-02,92000000.0,backfill
1439,2026-03,92000000.0,backfill
1439,2026-04,92000000.0,backfill
1439,2026-05,92000000.0,backfill
1439,2026-06,92000000.0,backfill
1439,2026-07,92000000.0,backfill
1439,2026-08,92000000.0,backfill
1439,2026-09,92000000.0,backfill
1439,2026-10,92000000.0,snap
1440,2025-09,1656815857.0,backfill
1440,2025-10,1656815857.0,backfill
1440,2025-11,1656815857.0,backfill
1440,2025-12,1656815857.0,backfill
1440,2026-01,1656815857.0,backfill
1440,2026-02,1656815857.0,backfill
1440,2026-03,1656815857.0,backfill
1440,2026-04,1656815857.0,backfill
1440,2026-05,1656815857.0,backfill
1440,2026-06,1656815857.0,backfill
1440,2026-07,1656815857.0,backfill
1440,2026-08,1656815857.0,backfill
1440,2026-09,1656815857.0,backfill
1440,2026-10,1656815857.0,snap
1441,2025-09,61744387.0,backfill
1441,2025-10,61744387.0,backfill
1441,2025-11,61744387.0,backfill
1441,2025-12,61744387.0,backfill
1441,2026-01,61744387.0,backfill
1441,2026-02,61744387.0,backfill
1441,2026-03,61744387.0,backfill
1441,2026-04,61744387.0,backfill
1441,2026-05,61744387.0,backfill
1441,2026-06,61744387.0,backfill
1441,2026-07,61744387.0,backfill
1441,2026-08,61744387.0,backfill
1441,2026-09,61744387.0,backfill
1441,2026-10,61744387.0,snap
1442,2025-09,366211358.0,backfill
1442,2025-10,366211358.0,backfill
1442,2025-11,366211358.0,backfill
1442,2025-12,366211358.0,backfill
1442,2026-01,366211358.0,backfill
1442,2026-02,366211358.0,backfill
1442,2026-03,366211358.0,backfill
1442,2026-04,366211358.0,backfill
1442,2026-05,366211358.0,backfill
1442,2026-06,366211358.0,backfill
1442,2026-07,366211358.0,backfill
1442,2026-08,366211358.0,backfill
1442,2026-09,366211358.0,backfill
1442,2026-10,366211358.0,snap
1443,2025-09,135343011.0,backfill
1443,2025-10,135343011.0,backfill
1443,2025-11,135343011.0,backfill
1443,2025-12,135343011.0,backfill
1443,2026-01,135343011.0,backfill
1443,2026-02,135343011.0,backfill
1443,2026-03,135343011.0,backfill
1443,2026-04,135343011.0,backfill
1443,2026-05,135343011.0,backfill
1443,2026-06,135343011.0,backfill
1443,2026-07,135343011.0,backfill
1443,2026-08,135343011.0,backfill
1443,2026-09,135343011.0,backfill
1443,2026-10,135343011.0,snap
1444,2025-09,995595059.0,backfill
1444,2025-10,995595059.0,backfill
1444,2025-11,995595059.0,backfill
1444,2025-12,995595059.0,backfill
1444,2026-01,995595059.0,backfill
1444,2026-02,995595059.0,backfill
1444,2026-03,995595059.0,backfill
1444,2026-04,995595059.0,backfill
1444,2026-05,995595059.0,backfill
1444,2026-06,995595059.0,backfill
1444,2026-07,995595059.0,backfill
1444,2026-08,995595059.0,backfill
1444,2026-09,995595059.0,backfill
1444,2026-10,995595059.0,snap
1445,2025-09,130666034.0,backfill
1445,2025-10,130666034.0,backfill
1445,2025-11,130666034.0,backfill
1445,2025-12,130666034.0,backfill
1445,2026-01,130666034.0,backfill
1445,2026-02,130666034.0,backfill
1445,2026-03,130666034.0,backfill
1445,2026-04,130666034.0,backfill
1445,2026-05,130666034.0,backfill
1445,2026-06,130666034.0,backfill
1445,2026-07,130666034.0,backfill
1445,2026-08,130666034.0,backfill
1445,2026-09,130666034.0,backfill
1445,2026-10,130666034.0,snap
1446,2025-09,137709513.0,backfill
1446,2025-10,137709513.0,backfill
1446,2025-11,137709513.0,backfill
1446,2025-12,137709513.0,backfill
1446,2026-01,137709513.0,backfill
1446,2026-02,137709513.0,backfill
1446,2026-03,137709513.0,backfill
1446,2026-04,137709513.0,backfill
1446,2026-05,137709513.0,backfill
1446,2026-06,137709513.0,backfill
1446,2026-07,137709513.0,backfill
1446,2026-08,137709513.0,backfill
1446,2026-09,137709513.0,backfill
1446,2026-10,137709513.0,snap
1447,2025-09,910071242.0,backfill
1447,2025-10,910071242.0,backfill
1447,2025-11,910071242.0,backfill
1447,2025-12,910071242.0,backfill
1447,2026-01,910071242.0,backfill
1447,2026-02,910071242.0,backfill
1447,2026-03,910071242.0,backfill
1447,2026-04,910071242.0,backfill
1447,2026-05,910071242.0,backfill
1447,2026-06,910071242.0,backfill
1447,2026-07,910071242.0,backfill
1447,2026-08,910071242.0,backfill
1447,2026-09,910071242.0,backfill
1447,2026-10,910071242.0,snap
1449,2025-09,127114572.0,backfill
1449,2025-10,127114572.0,backfill
1449,2025-11,127114572.0,backfill
1449,2025-12,127114572.0,backfill
1449,2026-01,127114572.0,backfill
1449,2026-02,127114572.0,backfill
1449,2026-03,127114572.0,backfill
1449,2026-04,127114572.0,backfill
1449,2026-05,127114572.0,backfill
1449,2026-06,127114572.0,backfill
1449,2026-07,127114572.0,backfill
1449,2026-08,127114572.0,backfill
1449,2026-09,127114572.0,backfill
1449,2026-10,127114572.0,snap
1451,2025-09,198000000.0,backfill
1451,2025-10,198000000.0,backfill
1451,2025-11,198000000.0,backfill
1451,2025-12,198000000.0,backfill
1451,2026-01,198000000.0,backfill
1451,2026-02,198000000.0,backfill
1451,2026-03,198000000.0,backfill
1451,2026-04,198000000.0,backfill
1451,2026-05,198000000.0,backfill
1451,2026-06,198000000.0,backfill
1451,2026-07,198000000.0,backfill
1451,2026-08,198000000.0,backfill
1451,2026-09,198000000.0,backfill
1451,2026-10,198000000.0,snap
1452,2025-09,132641400.0,backfill
1452,2025-10,132641400.0,backfill
1452,2025-11,132641400.0,backfill
1452,2025-12,132641400.0,backfill
1452,2026-01,132641400.0,backfill
1452,2026-02,132641400.0,backfill
1452,2026-03,132641400.0,backfill
1452,2026-04,132641400.0,backfill
1452,2026-05,132641400.0,backfill
1452,2026-06,132641400.0,backfill
1452,2026-07,132641400.0,backfill
1452,2026-08,132641400.0,backfill
1452,2026-09,132641400.0,backfill
1452,2026-10,132641400.0,snap
1453,2025-09,116640340.0,backfill
1453,2025-10,116640340.0,backfill
1453,2025-11,116640340.0,backfill
1453,2025-12,116640340.0,backfill
1453,2026-01,116640340.0,backfill
1453,2026-02,116640340.0,backfill
1453,2026-03,116640340.0,backfill
1453,2026-04,116640340.0,backfill
1453,2026-05,116640340.0,backfill
1453,2026-06,116640340.0,backfill
1453,2026-07,116640340.0,backfill
1453,2026-08,116640340.0,backfill
1453,2026-09,116640340.0,backfill
1453,2026-10,116640340.0,snap
1454,2025-09,129833848.0,backfill
1454,2025-10,129833848.0,backfill
1454,2025-11,129833848.0,backfill
1454,2025-12,129833848.0,backfill
1454,2026-01,129833848.0,backfill
1454,2026-02,129833848.0,backfill
1454,2026-03,129833848.0,backfill
1454,2026-04,129833848.0,backfill
1454,2026-05,129833848.0,backfill
1454,2026-06,129833848.0,backfill
1454,2026-07,129833848.0,backfill
1454,2026-08,129833848.0,backfill
1454,2026-09,129833848.0,backfill
1454,2026-10,129833848.0,snap
1455,2025-09,531688380.0,backfill
1455,2025-10,531688380.0,backfill
1455,2025-11,531688380.0,backfill
1455,2025-12,531688380.0,backfill
1455,2026-01,531688380.0,backfill
1455,2026-02,531688380.0,backfill
1455,2026-03,531688380.0,backfill
1455,2026-04,531688380.0,backfill
1455,2026-05,531688380.0,backfill
1455,2026-06,531688380.0,backfill
1455,2026-07,531688380.0,backfill
1455,2026-08,531688380.0,backfill
1455,2026-09,531688380.0,backfill
1455,2026-10,531688380.0,snap
1456,2025-09,93720000.0,backfill
1456,2025-10,93720000.0,backfill
1456,2025-11,93720000.0,backfill
1456,2025-12,93720000.0,backfill
1456,2026-01,93720000.0,backfill
1456,2026-02,93720000.0,backfill
1456,2026-03,93720000.0,backfill
1456,2026-04,93720000.0,backfill
1456,2026-05,93720000.0,backfill
1456,2026-06,93720000.0,backfill
1456,2026-07,93720000.0,backfill
1456,2026-08,93720000.0,backfill
1456,2026-09,93720000.0,backfill
1456,2026-10,93720000.0,snap
1457,2025-09,316730022.0,backfill
1457,2025-10,316730022.0,backfill
1457,2025-11,316730022.0,backfill
1457,2025-12,316730022.0,backfill
1457,2026-01,316730022.0,backfill
1457,2026-02,316730022.0,backfill
1457,2026-03,316730022.0,backfill
1457,2026-04,316730022.0,backfill
1457,2026-05,316730022.0,backfill
1457,2026-06,316730022.0,backfill
1457,2026-07,316730022.0,backfill
1457,2026-08,316730022.0,backfill
1457,2026-09,316730022.0,backfill
1457,2026-10,316730022.0,snap
1459,2025-09,268971680.0,backfill
1459,2025-10,268971680.0,backfill
1459,2025-11,268971680.0,backfill
1459,2025-12,268971680.0,backfill
1459,2026-01,268971680.0,backfill
1459,2026-02,268971680.0,backfill
1459,2026-03,268971680.0,backfill
1459,2026-04,268971680.0,backfill
1459,2026-05,268971680.0,backfill
1459,2026-06,268971680.0,backfill
1459,2026-07,268971680.0,backfill
1459,2026-08,268971680.0,backfill
1459,2026-09,268971680.0,backfill
1459,2026-10,268971680.0,snap
1460,2025-09,694643484.0,backfill
1460,2025-10,694643484.0,backfill
1460,2025-11,694643484.0,backfill
1460,2025-12,694643484.0,backfill
1460,2026-01,694643484.0,backfill
1460,2026-02,694643484.0,backfill
1460,2026-03,694643484.0,backfill
1460,2026-04,694643484.0,backfill
1460,2026-05,694643484.0,backfill
1460,2026-06,694643484.0,backfill
1460,2026-07,694643484.0,backfill
1460,2026-08,694643484.0,backfill
1460,2026-09,694643484.0,backfill
1460,2026-10,694643484.0,snap
1463,2025-09,173268381.0,backfill
1463,2025-10,173268381.0,backfill
1463,2025-11,173268381.0,backfill
1463,2025-12,173268381.0,backfill
1463,2026-01,173268381.0,backfill
1463,2026-02,173268381.0,backfill
1463,2026-03,173268381.0,backfill
1463,2026-04,173268381.0,backfill
1463,2026-05,173268381.0,backfill
1463,2026-06,173268381.0,backfill
1463,2026-07,173268381.0,backfill
1463,2026-08,173268381.0,backfill
1463,2026-09,173268381.0,backfill
1463,2026-10,173268381.0,snap
1464,2025-09,425575733.0,backfill
1464,2025-10,425575733.0,backfill
1464,2025-11,425575733.0,backfill
1464,2025-12,425575733.0,backfill
1464,2026-01,425575733.0,backfill
1464,2026-02,425575733.0,backfill
1464,2026-03,425575733.0,backfill
1464,2026-04,425575733.0,backfill
1464,2026-05,425575733.0,backfill
1464,2026-06,425575733.0,backfill
1464,2026-07,425575733.0,backfill
1464,2026-08,425575733.0,backfill
1464,2026-09,425575733.0,backfill
1464,2026-10,425575733.0,snap
1465,2025-09,103607267.0,backfill
1465,2025-10,103607267.0,backfill
1465,2025-11,103607267.0,backfill
1465,2025-12,103607267.0,backfill
1465,2026-01,103607267.0,backfill
1465,2026-02,103607267.0,backfill
1465,2026-03,103607267.0,backfill
1465,2026-04,103607267.0,backfill
1465,2026-05,103607267.0,backfill
1465,2026-06,103607267.0,backfill
1465,2026-07,103607267.0,backfill
1465,2026-08,103607267.0,backfill
1465,2026-09,103607267.0,backfill
1465,2026-10,103607267.0,snap
1466,2025-09,111157320.0,backfill
1466,2025-10,111157320.0,backfill
1466,2025-11,111157320.0,backfill
1466,2025-12,111157320.0,backfill
1466,2026-01,111157320.0,backfill
1466,2026-02,111157320.0,backfill
1466,2026-03,111157320.0,backfill
1466,2026-04,111157320.0,backfill
1466,2026-05,111157320.0,backfill
1466,2026-06,111157320.0,backfill
1466,2026-07,111157320.0,backfill
1466,2026-08,111157320.0,backfill
1466,2026-09,111157320.0,backfill
1466,2026-10,111157320.0,snap
1467,2025-09,233624667.0,backfill
1467,2025-10,233624667.0,backfill
1467,2025-11,233624667.0,backfill
1467,2025-12,233624667.0,backfill
1467,2026-01,233624667.0,backfill
1467,2026-02,233624667.0,backfill
1467,2026-03,233624667.0,backfill
1467,2026-04,233624667.0,backfill
1467,2026-05,233624667.0,backfill
1467,2026-06,233624667.0,backfill
1467,2026-07,233624667.0,backfill
1467,2026-08,233624667.0,backfill
1467,2026-09,233624667.0,backfill
1467,2026-10,233624667.0,snap
1468,2025-09,160405244.0,backfill
1468,2025-10,160405244.0,backfill
1468,2025-11,160405244.0,backfill
1468,2025-12,160405244.0,backfill
1468,2026-01,160405244.0,backfill
1468,2026-02,160405244.0,backfill
1468,2026-03,160405244.0,backfill
1468,2026-04,160405244.0,backfill
1468,2026-05,160405244.0,backfill
1468,2026-06,160405244.0,backfill
1468,2026-07,160405244.0,backfill
1468,2026-08,160405244.0,backfill
1468,2026-09,160405244.0,backfill
1468,2026-10,160405244.0,snap
1470,2025-09,85767000.0,backfill
1470,2025-10,85767000.0,backfill
1470,2025-11,85767000.0,backfill
1470,2025-12,85767000.0,backfill
1470,2026-01,85767000.0,backfill
1470,2026-02,85767000.0,backfill
1470,2026-03,85767000.0,backfill
1470,2026-04,85767000.0,backfill
1470,2026-05,85767000.0,backfill
1470,2026-06,85767000.0,backfill
1470,2026-07,85767000.0,backfill
1470,2026-08,85767000.0,backfill
1470,2026-09,85767000.0,backfill
1470,2026-10,85767000.0,snap
1471,2025-09,150414536.0,backfill
1471,2025-10,150414536.0,backfill
1471,2025-11,150414536.0,backfill
1471,2025-12,150414536.0,backfill
1471,2026-01,150414536.0,backfill
1471,2026-02,150414536.0,backfill
1471,2026-03,150414536.0,backfill
1471,2026-04,150414536.0,backfill
1471,2026-05,150414536.0,backfill
1471,2026-06,150414536.0,backfill
1471,2026-07,150414536.0,backfill
1471,2026-08,150414536.0,backfill
1471,2026-09,150414536.0,backfill
1471,2026-10,150414536.0,snap
1472,2025-09,52488082.0,backfill
1472,2025-10,52488082.0,backfill
1472,2025-11,52488082.0,backfill
1472,2025-12,52488082.0,backfill
1472,2026-01,52488082.0,backfill
1472,2026-02,52488082.0,backfill
1472,2026-03,52488082.0,backfill
1472,2026-04,52488082.0,backfill
1472,2026-05,52488082.0,backfill
1472,2026-06,52488082.0,backfill
1472,2026-07,52488082.0,backfill
1472,2026-08,52488082.0,backfill
1472,2026-09,52488082.0,backfill
1472,2026-10,52488082.0,snap
1473,2025-09,146153534.0,backfill
1473,2025-10,146153534.0,backfill
1473,2025-11,146153534.0,backfill
1473,2025-12,146153534.0,backfill
1473,2026-01,146153534.0,backfill
1473,2026-02,146153534.0,backfill
1473,2026-03,146153534.0,backfill
1473,2026-04,146153534.0,backfill
1473,2026-05,146153534.0,backfill
1473,2026-06,146153534.0,backfill
1473,2026-07,146153534.0,backfill
1473,2026-08,146153534.0,backfill
1473,2026-09,146153534.0,backfill
1473,2026-10,146153534.0,snap
1474,2025-09,129896969.0,backfill
1474,2025-10,129896969.0,backfill
1474,2025-11,129896969.0,backfill
1474,2025-12,129896969.0,backfill
1474,2026-01,129896969.0,backfill
1474,2026-02,129896969.0,backfill
1474,2026-03,129896969.0,backfill
1474,2026-04,129896969.0,backfill
1474,2026-05,129896969.0,backfill
1474,2026-06,129896969.0,backfill
1474,2026-07,129896969.0,backfill
1474,2026-08,129896969.0,backfill
1474,2026-09,129896969.0,backfill
1474,2026-10,129896969.0,snap
1475,2025-09,66016749.0,backfill
1475,2025-10,66016749.0,backfill
1475,2025-11,66016749.0,backfill
1475,2025-12,66016749.0,backfill
1475,2026-01,66016749.0,backfill
1475,2026-02,66016749.0,backfill
1475,2026-03,66016749.0,backfill
1475,2026-04,66016749.0,backfill
1475,2026-05,66016749.0,backfill
1475,2026-06,66016749.0,backfill
1475,2026-07,66016749.0,backfill
1475,2026-08,66016749.0,backfill
1475,2026-09,66016749.0,backfill
1475,2026-10,66016749.0,snap
1476,2025-09,274367111.0,backfill
1476,2025-10,274367111.0,backfill
1476,2025-11,274367111.0,backfill
1476,2025-12,274367111.0,backfill
1476,2026-01,274367111.0,backfill
1476,2026-02,274367111.0,backfill
1476,2026-03,274367111.0,backfill
1476,2026-04,274367111.0,backfill
1476,2026-05,274367111.0,backfill
1476,2026-06,274367111.0,backfill
1476,2026-07,274367111.0,backfill
1476,2026-08,274367111.0,backfill
1476,2026-09,274367111.0,backfill
1476,2026-10,274367111.0,snap
1477,2025-09,246693713.0,backfill
1477,2025-10,246693713.0,backfill
1477,2025-11,246693713.0,backfill
1477,2025-12,246693713.0,backfill
1477,2026-01,246693713.0,backfill
1477,2026-02,246693713.0,backfill
1477,2026-03,246693713.0,backfill
1477,2026-04,246693713.0,backfill
1477,2026-05,246693713.0,backfill
1477,2026-06,246693713.0,backfill
1477,2026-07,246693713.0,backfill
1477,2026-08,246693713.0,backfill
1477,2026-09,246693713.0,backfill
1477,2026-10,246693713.0,snap
1503,2025-09,520972223.0,backfill
1503,2025-10,520972223.0,backfill
1503,2025-11,520972223.0,backfill
1503,2025-12,520972223.0,backfill
1503,2026-01,520972223.0,backfill
1503,2026-02,520972223.0,backfill
1503,2026-03,520972223.0,backfill
1503,2026-04,520972223.0,backfill
1503,2026-05,520972223.0,backfill
1503,2026-06,520972223.0,backfill
1503,2026-07,520972223.0,backfill
1503,2026-08,520972223.0,backfill
1503,2026-09,520972223.0,backfill
1503,2026-10,520972223.0,snap
1504,2025-09,2376440684.0,backfill
1504,2025-10,2376440684.0,backfill
1504,2025-11,2376440684.0,backfill
1504,2025-12,2376440684.0,backfill
1504,2026-01,2376440684.0,backfill
1504,2026-02,2376440684.0,backfill
1504,2026-03,2376440684.0,backfill
1504,2026-04,2376440684.0,backfill
1504,2026-05,2376440684.0,backfill
1504,2026-06,2376440684.0,backfill
1504,2026-07,2376440684.0,backfill
1504,2026-08,2376440684.0,backfill
1504,2026-09,2376440684.0,backfill
1504,2026-10,2376440684.0,snap
1506,2025-09,300388501.0,backfill
1506,2025-10,300388501.0,backfill
1506,2025-11,300388501.0,backfill
1506,2025-12,300388501.0,backfill
1506,2026-01,300388501.0,backfill
1506,2026-02,300388501.0,backfill
1506,2026-03,300388501.0,backfill
1506,2026-04,300388501.0,backfill
1506,2026-05,300388501.0,backfill
1506,2026-06,300388501.0,backfill
1506,2026-07,300388501.0,backfill
1506,2026-08,300388501.0,backfill
1506,2026-09,300388501.0,backfill
1506,2026-10,300388501.0,snap
1512,2025-09,98183498.0,backfill
1512,2025-10,98183498.0,backfill
1512,2025-11,98183498.0,backfill
1512,2025-12,98183498.0,backfill
1512,2026-01,98183498.0,backfill
1512,2026-02,98183498.0,backfill
1512,2026-03,98183498.0,backfill
1512,2026-04,98183498.0,backfill
1512,2026-05,98183498.0,backfill
1512,2026-06,98183498.0,backfill
1512,2026-07,98183498.0,backfill
1512,2026-08,98183498.0,backfill
1512,2026-09,98183498.0,backfill
1512,2026-10,98183498.0,snap
1513,2025-09,503112515.0,backfill
1513,2025-10,503112515.0,backfill
1513,2025-11,503112515.0,backfill
1513,2025-12,503112515.0,backfill
1513,2026-01,503112515.0,backfill
1513,2026-02,503112515.0,backfill
1513,2026-03,503112515.0,backfill
1513,2026-04,503112515.0,backfill
1513,2026-05,503112515.0,backfill
1513,2026-06,503112515.0,backfill
1513,2026-07,503112515.0,backfill
1513,2026-08,503112515.0,backfill
1513,2026-09,503112515.0,backfill
1513,2026-10,503112515.0,snap
1514,2025-09,278570642.0,backfill
1514,2025-10,278570642.0,backfill
1514,2025-11,278570642.0,backfill
1514,2025-12,278570642.0,backfill
1514,2026-01,278570642.0,backfill
1514,2026-02,278570642.0,backfill
1514,2026-03,278570642.0,backfill
1514,2026-04,278570642.0,backfill
1514,2026-05,278570642.0,backfill
1514,2026-06,278570642.0,backfill
1514,2026-07,278570642.0,backfill
1514,2026-08,278570642.0,backfill
1514,2026-09,278570642.0,backfill
1514,2026-10,278570642.0,snap
1515,2025-09,181473500.0,backfill
1515,2025-10,181473500.0,backfill
1515,2025-11,181473500.0,backfill
1515,2025-12,181473500.0,backfill
1515,2026-01,181473500.0,backfill
1515,2026-02,181473500.0,backfill
1515,2026-03,181473500.0,backfill
1515,2026-04,181473500.0,backfill
1515,2026-05,181473500.0,backfill
1515,2026-06,181473500.0,backfill
1515,2026-07,181473500.0,backfill
1515,2026-08,181473500.0,backfill
1515,2026-09,181473500.0,backfill
1515,2026-10,181473500.0,snap
1516,2025-09,30008195.0,backfill
1516,2025-10,30008195.0,backfill
1516,2025-11,30008195.0,backfill
1516,2025-12,30008195.0,backfill
1516,2026-01,30008195.0,backfill
1516,2026-02,30008195.0,backfill
1516,2026-03,30008195.0,backfill
1516,2026-04,30008195.0,backfill
1516,2026-05,30008195.0,backfill
1516,2026-06,30008195.0,backfill
1516,2026-07,30008195.0,backfill
1516,2026-08,30008195.0,backfill
1516,2026-09,30008195.0,backfill
1516,2026-10,30008195.0,snap
1517,2025-09,220000007.0,backfill
1517,2025-10,220000007.0,backfill
1517,2025-11,220000007.0,backfill
1517,2025-12,220000007.0,backfill
1517,2026-01,220000007.0,backfill
1517,2026-02,220000007.0,backfill
1517,2026-03,220000007.0,backfill
1517,2026-04,220000007.0,backfill
1517,2026-05,220000007.0,backfill
1517,2026-06,220000007.0,backfill
1517,2026-07,220000007.0,backfill
1517,2026-08,220000007.0,backfill
1517,2026-09,220000007.0,backfill
1517,2026-10,220000007.0,snap
1519,2025-09,347468929.0,backfill
1519,2025-10,347468929.0,backfill
1519,2025-11,347468929.0,backfill
1519,2025-12,347468929.0,backfill
1519,2026-01,347468929.0,backfill
1519,2026-02,347468929.0,backfill
1519,2026-03,347468929.0,backfill
1519,2026-04,347468929.0,backfill
1519,2026-05,347468929.0,backfill
1519,2026-06,347468929.0,backfill
1519,2026-07,347468929.0,backfill
1519,2026-08,347468929.0,backfill
1519,2026-09,347468929.0,backfill
1519,2026-10,347468929.0,snap
1521,2025-09,76230000.0,backfill
1521,2025-10,76230000.0,backfill
1521,2025-11,76230000.0,backfill
1521,2025-12,76230000.0,backfill
1521,2026-01,76230000.0,backfill
1521,2026-02,76230000.0,backfill
1521,2026-03,76230000.0,backfill
1521,2026-04,76230000.0,backfill
1521,2026-05,76230000.0,backfill
1521,2026-06,76230000.0,backfill
1521,2026-07,76230000.0,backfill
1521,2026-08,76230000.0,backfill
1521,2026-09,76230000.0,backfill
1521,2026-10,76230000.0,snap
1522,2025-09,312897881.0,backfill
1522,2025-10,312897881.0,backfill
1522,2025-11,312897881.0,backfill
1522,2025-12,312897881.0,backfill
1522,2026-01,312897881.0,backfill
1522,2026-02,312897881.0,backfill
1522,2026-03,312897881.0,backfill
1522,2026-04,312897881.0,backfill
1522,2026-05,312897881.0,backfill
1522,2026-06,312897881.0,backfill
1522,2026-07,312897881.0,backfill
1522,2026-08,312897881.0,backfill
1522,2026-09,312897881.0,backfill
1522,2026-10,312897881.0,snap
1524,2025-09,165310397.0,backfill
1524,2025-10,165310397.0,backfill
1524,2025-11,165310397.0,backfill
1524,2025-12,165310397.0,backfill
1524,2026-01,165310397.0,backfill
1524,2026-02,165310397.0,backfill
1524,2026-03,165310397.0,backfill
1524,2026-04,165310397.0,backfill
1524,2026-05,165310397.0,backfill
1524,2026-06,165310397.0,backfill
1524,2026-07,165310397.0,backfill
1524,2026-08,165310397.0,backfill
1524,2026-09,165310397.0,backfill
1524,2026-10,165310397.0,snap
1525,2025-09,73400135.0,backfill
1525,2025-10,73400135.0,backfill
1525,2025-11,73400135.0,backfill
1525,2025-12,73400135.0,backfill
1525,2026-01,73400135.0,backfill
1525,2026-02,73400135.0,backfill
1525,2026-03,73400135.0,backfill
1525,2026-04,73400135.0,backfill
1525,2026-05,73400135.0,backfill
1525,2026-06,73400135.0,backfill
1525,2026-07,73400135.0,backfill
1525,2026-08,73400135.0,backfill
1525,2026-09,73400135.0,backfill
1525,2026-10,73400135.0,snap
1526,2025-09,60000000.0,backfill
1526,2025-10,60000000.0,backfill
1526,2025-11,60000000.0,backfill
1526,2025-12,60000000.0,backfill
1526,2026-01,60000000.0,backfill
1526,2026-02,60000000.0,backfill
1526,2026-03,60000000.0,backfill
1526,2026-04,60000000.0,backfill
1526,2026-05,60000000.0,backfill
1526,2026-06,60000000.0,backfill
1526,2026-07,60000000.0,backfill
1526,2026-08,60000000.0,backfill
1526,2026-09,60000000.0,backfill
1526,2026-10,60000000.0,snap
1527,2025-09,138570640.0,backfill
1527,2025-10,138570640.0,backfill
1527,2025-11,138570640.0,backfill
1527,2025-12,138570640.0,backfill
1527,2026-01,138570640.0,backfill
1527,2026-02,138570640.0,backfill
1527,2026-03,138570640.0,backfill
1527,2026-04,138570640.0,backfill
1527,2026-05,138570640.0,backfill
1527,2026-06,138570640.0,backfill
1527,2026-07,138570640.0,backfill
1527,2026-08,138570640.0,backfill
1527,2026-09,138570640.0,backfill
1527,2026-10,138570640.0,snap
1528,2025-09,191331000.0,backfill
1528,2025-10,191331000.0,backfill
1528,2025-11,191331000.0,backfill
1528,2025-12,191331000.0,backfill
1528,2026-01,191331000.0,backfill
1528,2026-02,191331000.0,backfill
1528,2026-03,191331000.0,backfill
1528,2026-04,191331000.0,backfill
1528,2026-05,191331000.0,backfill
1528,2026-06,191331000.0,backfill
1528,2026-07,191331000.0,backfill
1528,2026-08,191331000.0,backfill
1528,2026-09,191331000.0,backfill
1528,2026-10,191331000.0,snap
1529,2025-09,202849827.0,backfill
1529,2025-10,202849827.0,backfill
1529,2025-11,202849827.0,backfill
1529,2025-12,202849827.0,backfill
1529,2026-01,202849827.0,backfill
1529,2026-02,202849827.0,backfill
1529,2026-03,202849827.0,backfill
1529,2026-04,202849827.0,backfill
1529,2026-05,202849827.0,backfill
1529,2026-06,202849827.0,backfill
1529,2026-07,202849827.0,backfill
1529,2026-08,202849827.0,backfill
1529,2026-09,202849827.0,backfill
1529,2026-10,202849827.0,snap
1530,2025-09,103107647.0,backfill
1530,2025-10,103107647.0,backfill
1530,2025-11,103107647.0,backfill
1530,2025-12,103107647.0,backfill
1530,2026-01,103107647.0,backfill
1530,2026-02,103107647.0,backfill
1530,2026-03,103107647.0,backfill
1530,2026-04,103107647.0,backfill
1530,2026-05,103107647.0,backfill
1530,2026-06,103107647.0,backfill
1530,2026-07,103107647.0,backfill
1530,2026-08,103107647.0,backfill
1530,2026-09,103107647.0,backfill
1530,2026-10,103107647.0,snap
1531,2025-09,182108080.0,backfill
1531,2025-10,182108080.0,backfill
1531,2025-11,182108080.0,backfill
1531,2025-12,182108080.0,backfill
1531,2026-01,182108080.0,backfill
1531,2026-02,182108080.0,backfill
1531,2026-03,182108080.0,backfill
1531,2026-04,182108080.0,backfill
1531,2026-05,182108080.0,backfill
1531,2026-06,182108080.0,backfill
1531,2026-07,182108080.0,backfill
1531,2026-08,182108080.0,backfill
1531,2026-09,182108080.0,backfill
1531,2026-10,182108080.0,snap
1532,2025-09,422604271.0,backfill
1532,2025-10,422604271.0,backfill
1532,2025-11,422604271.0,backfill
1532,2025-12,422604271.0,backfill
1532,2026-01,422604271.0,backfill
1532,2026-02,422604271.0,backfill
1532,2026-03,422604271.0,backfill
1532,2026-04,422604271.0,backfill
1532,2026-05,422604271.0,backfill
1532,2026-06,422604271.0,backfill
1532,2026-07,422604271.0,backfill
1532,2026-08,422604271.0,backfill
1532,2026-09,422604271.0,backfill
1532,2026-10,422604271.0,snap
1533,2025-09,98547486.0,backfill
1533,2025-10,98547486.0,backfill
1533,2025-11,98547486.0,backfill
1533,2025-12,98547486.0,backfill
1533,2026-01,98547486.0,backfill
1533,2026-02,98547486.0,backfill
1533,2026-03,98547486.0,backfill
1533,2026-04,98547486.0,backfill
1533,2026-05,98547486.0,backfill
1533,2026-06,98547486.0,backfill
1533,2026-07,98547486.0,backfill
1533,2026-08,98547486.0,backfill
1533,2026-09,98547486.0,backfill
1533,2026-10,98547486.0,snap
1535,2025-09,123742552.0,backfill
1535,2025-10,123742552.0,backfill
1535,2025-11,123742552.0,backfill
1535,2025-12,123742552.0,backfill
1535,2026-01,123742552.0,backfill
1535,2026-02,123742552.0,backfill
1535,2026-03,123742552.0,backfill
1535,2026-04,123742552.0,backfill
1535,2026-05,123742552.0,backfill
1535,2026-06,123742552.0,backfill
1535,2026-07,123742552.0,backfill
1535,2026-08,123742552.0,backfill
1535,2026-09,123742552.0,backfill
1535,2026-10,123742552.0,snap
1536,2025-09,278959513.0,backfill
1536,2025-10,278959513.0,backfill
1536,2025-11,278959513.0,backfill
1536,2025-12,278959513.0,backfill
1536,2026-01,278959513.0,backfill
1536,2026-02,278959513.0,backfill
1536,2026-03,278959513.0,backfill
1536,2026-04,278959513.0,backfill
1536,2026-05,278959513.0,backfill
1536,2026-06,278959513.0,backfill
1536,2026-07,278959513.0,backfill
1536,2026-08,278959513.0,backfill
1536,2026-09,278959513.0,backfill
1536,2026-10,278959513.0,snap
1537,2025-09,82062794.0,backfill
1537,2025-10,82062794.0,backfill
1537,2025-11,82062794.0,backfill
1537,2025-12,82062794.0,backfill
1537,2026-01,82062794.0,backfill
1537,2026-02,82062794.0,backfill
1537,2026-03,82062794.0,backfill
1537,2026-04,82062794.0,backfill
1537,2026-05,82062794.0,backfill
1537,2026-06,82062794.0,backfill
1537,2026-07,82062794.0,backfill
1537,2026-08,82062794.0,backfill
1537,2026-09,82062794.0,backfill
1537,2026-10,82062794.0,snap
1538,2025-09,32300000.0,backfill
1538,2025-10,32300000.0,backfill
1538,2025-11,32300000.0,backfill
1538,2025-12,32300000.0,backfill
1538,2026-01,32300000.0,backfill
1538,2026-02,32300000.0,backfill
1538,2026-03,32300000.0,backfill
1538,2026-04,32300000.0,backfill
1538,2026-05,32300000.0,backfill
1538,2026-06,32300000.0,backfill
1538,2026-07,32300000.0,backfill
1538,2026-08,32300000.0,backfill
1538,2026-09,32300000.0,backfill
1538,2026-10,32300000.0,snap
1539,2025-09,65370000.0,backfill
1539,2025-10,65370000.0,backfill
1539,2025-11,65370000.0,backfill
1539,2025-12,65370000.0,backfill
1539,2026-01,65370000.0,backfill
1539,2026-02,65370000.0,backfill
1539,2026-03,65370000.0,backfill
1539,2026-04,65370000.0,backfill
1539,2026-05,65370000.0,backfill
1539,2026-06,65370000.0,backfill
1539,2026-07,65370000.0,backfill
1539,2026-08,65370000.0,backfill
1539,2026-09,65370000.0,backfill
1539,2026-10,65370000.0,snap
1540,2025-09,85473612.0,backfill
1540,2025-10,85473612.0,backfill
1540,2025-11,85473612.0,backfill
1540,2025-12,85473612.0,backfill
1540,2026-01,85473612.0,backfill
1540,2026-02,85473612.0,backfill
1540,2026-03,85473612.0,backfill
1540,2026-04,85473612.0,backfill
1540,2026-05,85473612.0,backfill
1540,2026-06,85473612.0,backfill
1540,2026-07,85473612.0,backfill
1540,2026-08,85473612.0,backfill
1540,2026-09,85473612.0,backfill
1540,2026-10,85473612.0,snap
1541,2025-09,78800000.0,backfill
1541,2025-10,78800000.0,backfill
1541,2025-11,78800000.0,backfill
1541,2025-12,78800000.0,backfill
1541,2026-01,78800000.0,backfill
1541,2026-02,78800000.0,backfill
1541,2026-03,78800000.0,backfill
1541,2026-04,78800000.0,backfill
1541,2026-05,78800000.0,backfill
1541,2026-06,78800000.0,backfill
1541,2026-07,78800000.0,backfill
1541,2026-08,78800000.0,backfill
1541,2026-09,78800000.0,backfill
1541,2026-10,78800000.0,snap
1558,2025-09,64535631.0,backfill
1558,2025-10,64535631.0,backfill
1558,2025-11,64535631.0,backfill
1558,2025-12,64535631.0,backfill
1558,2026-01,64535631.0,backfill
1558,2026-02,64535631.0,backfill
1558,2026-03,64535631.0,backfill
1558,2026-04,64535631.0,backfill
1558,2026-05,64535631.0,backfill
1558,2026-06,64535631.0,backfill
1558,2026-07,64535631.0,backfill
1558,2026-08,64535631.0,backfill
1558,2026-09,64535631.0,backfill
1558,2026-10,64535631.0,snap
1560,2025-09,150289456.0,backfill
1560,2025-10,150289456.0,backfill
1560,2025-11,150289456.0,backfill
1560,2025-12,150289456.0,backfill
1560,2026-01,150289456.0,backfill
1560,2026-02,150289456.0,backfill
1560,2026-03,150289456.0,backfill
1560,2026-04,150289456.0,backfill
1560,2026-05,150289456.0,backfill
1560,2026-06,150289456.0,backfill
1560,2026-07,150289456.0,backfill
1560,2026-08,150289456.0,backfill
1560,2026-09,150289456.0,backfill
1560,2026-10,150289456.0,snap
1563,2025-09,169206105.0,backfill
1563,2025-10,169206105.0,backfill
1563,2025-11,169206105.0,backfill
1563,2025-12,169206105.0,backfill
1563,2026-01,169206105.0,backfill
1563,2026-02,169206105.0,backfill
1563,2026-03,169206105.0,backfill
1563,2026-04,169206105.0,backfill
1563,2026-05,169206105.0,backfill
1563,2026-06,169206105.0,backfill
1563,2026-07,169206105.0,backfill
1563,2026-08,169206105.0,backfill
1563,2026-09,169206105.0,backfill
1563,2026-10,169206105.0,snap
1565,2025-09,50416516.0,backfill
1565,2025-10,50416516.0,backfill
1565,2025-11,50416516.0,backfill
1565,2025-12,50416516.0,backfill
1565,2026-01,50416516.0,backfill
1565,2026-02,50416516.0,backfill
1565,2026-03,50416516.0,backfill
1565,2026-04,50416516.0,backfill
1565,2026-05,50416516.0,backfill
1565,2026-06,50416516.0,backfill
1565,2026-07,50416516.0,backfill
1565,2026-08,50416516.0,backfill
1565,2026-09,50416516.0,backfill
1565,2026-10,50416516.0,snap
1568,2025-09,103086559.0,backfill
1568,2025-10,103086559.0,backfill
1568,2025-11,103086559.0,backfill
1568,2025-12,103086559.0,backfill
1568,2026-01,103086559.0,backfill
1568,2026-02,103086559.0,backfill
1568,2026-03,103086559.0,backfill
1568,2026-04,103086559.0,backfill
1568,2026-05,103086559.0,backfill
1568,2026-06,103086559.0,backfill
1568,2026-07,103086559.0,backfill
1568,2026-08,103086559.0,backfill
1568,2026-09,103086559.0,backfill
1568,2026-10,103086559.0,snap
1569,2025-09,144247441.0,backfill
1569,2025-10,144247441.0,backfill
1569,2025-11,144247441.0,backfill
1569,2025-12,144247441.0,backfill
1569,2026-01,144247441.0,backfill
1569,2026-02,144247441.0,backfill
1569,2026-03,144247441.0,backfill
1569,2026-04,144247441.0,backfill
1569,2026-05,144247441.0,backfill
1569,2026-06,144247441.0,backfill
1569,2026-07,144247441.0,backfill
1569,2026-08,144247441.0,backfill
1569,2026-09,144247441.0,backfill
1569,2026-10,144247441.0,snap
1570,2025-09,51500839.0,backfill
1570,2025-10,51500839.0,backfill
1570,2025-11,51500839.0,backfill
1570,2025-12,51500839.0,backfill
1570,2026-01,51500839.0,backfill
1570,2026-02,51500839.0,backfill
1570,2026-03,51500839.0,backfill
1570,2026-04,51500839.0,backfill
1570,2026-05,51500839.0,backfill
1570,2026-06,51500839.0,backfill
1570,2026-07,51500839.0,backfill
1570,2026-08,51500839.0,backfill
1570,2026-09,51500839.0,backfill
1570,2026-10,51500839.0,snap
1580,2025-09,49339242.0,backfill
1580,2025-10,49339242.0,backfill
1580,2025-11,49339242.0,backfill
1580,2025-12,49339242.0,backfill
1580,2026-01,49339242.0,backfill
1580,2026-02,49339242.0,backfill
1580,2026-03,49339242.0,backfill
1580,2026-04,49339242.0,backfill
1580,2026-05,49339242.0,backfill
1580,2026-06,49339242.0,backfill
1580,2026-07,49339242.0,backfill
1580,2026-08,49339242.0,backfill
1580,2026-09,49339242.0,backfill
1580,2026-10,49339242.0,snap
1582,2025-09,144268604.0,backfill
1582,2025-10,144268604.0,backfill
1582,2025-11,144268604.0,backfill
1582,2025-12,144268604.0,backfill
1582,2026-01,144268604.0,backfill
1582,2026-02,144268604.0,backfill
1582,2026-03,144268604.0,backfill
1582,2026-04,144268604.0,backfill
1582,2026-05,144268604.0,backfill
1582,2026-06,144268604.0,backfill
1582,2026-07,144268604.0,backfill
1582,2026-08,144268604.0,backfill
1582,2026-09,144268604.0,backfill
1582,2026-10,144268604.0,snap
1583,2025-09,109400372.0,backfill
1583,2025-10,109400372.0,backfill
1583,2025-11,109400372.0,backfill
1583,2025-12,109400372.0,backfill
1583,2026-01,109400372.0,backfill
1583,2026-02,109400372.0,backfill
1583,2026-03,109400372.0,backfill
1583,2026-04,109400372.0,backfill
1583,2026-05,109400372.0,backfill
1583,2026-06,109400372.0,backfill
1583,2026-07,109400372.0,backfill
1583,2026-08,109400372.0,backfill
1583,2026-09,109400372.0,backfill
1583,2026-10,109400372.0,snap
1584,2025-09,232470533.0,backfill
1584,2025-10,232470533.0,backfill
1584,2025-11,232470533.0,backfill
1584,2025-12,232470533.0,backfill
1584,2026-01,232470533.0,backfill
1584,2026-02,232470533.0,backfill
1584,2026-03,232470533.0,backfill
1584,2026-04,232470533.0,backfill
1584,2026-05,232470533.0,backfill
1584,2026-06,232470533.0,backfill
1584,2026-07,232470533.0,backfill
1584,2026-08,232470533.0,backfill
1584,2026-09,232470533.0,backfill
1584,2026-10,232470533.0,snap
1586,2025-09,129500467.0,backfill
1586,2025-10,129500467.0,backfill
1586,2025-11,129500467.0,backfill
1586,2025-12,129500467.0,backfill
1586,2026-01,129500467.0,backfill
1586,2026-02,129500467.0,backfill
1586,2026-03,129500467.0,backfill
1586,2026-04,129500467.0,backfill
1586,2026-05,129500467.0,backfill
1586,2026-06,129500467.0,backfill
1586,2026-07,129500467.0,backfill
1586,2026-08,129500467.0,backfill
1586,2026-09,129500467.0,backfill
1586,2026-10,129500467.0,snap
1587,2025-09,80055672.0,backfill
1587,2025-10,80055672.0,backfill
1587,2025-11,80055672.0,backfill
1587,2025-12,80055672.0,backfill
1587,2026-01,80055672.0,backfill
1587,2026-02,80055672.0,backfill
1587,2026-03,80055672.0,backfill
1587,2026-04,80055672.0,backfill
1587,2026-05,80055672.0,backfill
1587,2026-06,80055672.0,backfill
1587,2026-07,80055672.0,backfill
1587,2026-08,80055672.0,backfill
1587,2026-09,80055672.0,backfill
1587,2026-10,80055672.0,snap
1589,2025-09,153135941.0,backfill
1589,2025-10,153135941.0,backfill
1589,2025-11,153135941.0,backfill
1589,2025-12,153135941.0,backfill
1589,2026-01,153135941.0,backfill
1589,2026-02,153135941.0,backfill
1589,2026-03,153135941.0,backfill
1589,2026-04,153135941.0,backfill
1589,2026-05,153135941.0,backfill
1589,2026-06,153135941.0,backfill
1589,2026-07,153135941.0,backfill
1589,2026-08,153135941.0,backfill
1589,2026-09,153135941.0,backfill
1589,2026-10,153135941.0,snap
1590,2025-09,199999998.0,backfill
1590,2025-10,199999998.0,backfill
1590,2025-11,199999998.0,backfill
1590,2025-12,199999998.0,backfill
1590,2026-01,199999998.0,backfill
1590,2026-02,199999998.0,backfill
1590,2026-03,199999998.0,backfill
1590,2026-04,199999998.0,backfill
1590,2026-05,199999998.0,backfill
1590,2026-06,199999998.0,backfill
1590,2026-07,199999998.0,backfill
1590,2026-08,199999998.0,backfill
1590,2026-09,199999998.0,backfill
1590,2026-10,199999998.0,snap
1591,2025-09,38048047.0,backfill
1591,2025-10,38048047.0,backfill
1591,2025-11,38048047.0,backfill
1591,2025-12,38048047.0,backfill
1591,2026-01,38048047.0,backfill
1591,2026-02,38048047.0,backfill
1591,2026-03,38048047.0,backfill
1591,2026-04,38048047.0,backfill
1591,2026-05,38048047.0,backfill
1591,2026-06,38048047.0,backfill
1591,2026-07,38048047.0,backfill
1591,2026-08,38048047.0,backfill
1591,2026-09,38048047.0,backfill
1591,2026-10,38048047.0,snap
1593,2025-09,39784772.0,backfill
1593,2025-10,39784772.0,backfill
1593,2025-11,39784772.0,backfill
1593,2025-12,39784772.0,backfill
1593,2026-01,39784772.0,backfill
1593,2026-02,39784772.0,backfill
1593,2026-03,39784772.0,backfill
1593,2026-04,39784772.0,backfill
1593,2026-05,39784772.0,backfill
1593,2026-06,39784772.0,backfill
1593,2026-07,39784772.0,backfill
1593,2026-08,39784772.0,backfill
1593,2026-09,39784772.0,backfill
1593,2026-10,39784772.0,snap
1595,2025-09,57554896.0,backfill
1595,2025-10,57554896.0,backfill
1595,2025-11,57554896.0,backfill
1595,2025-12,57554896.0,backfill
1595,2026-01,57554896.0,backfill
1595,2026-02,57554896.0,backfill
1595,2026-03,57554896.0,backfill
1595,2026-04,57554896.0,backfill
1595,2026-05,57554896.0,backfill
1595,2026-06,57554896.0,backfill
1595,2026-07,57554896.0,backfill
1595,2026-08,57554896.0,backfill
1595,2026-09,57554896.0,backfill
1595,2026-10,57554896.0,snap
1597,2025-09,89261804.0,backfill
1597,2025-10,89261804.0,backfill
1597,2025-11,89261804.0,backfill
1597,2025-12,89261804.0,backfill
1597,2026-01,89261804.0,backfill
1597,2026-02,89261804.0,backfill
1597,2026-03,89261804.0,backfill
1597,2026-04,89261804.0,backfill
1597,2026-05,89261804.0,backfill
1597,2026-06,89261804.0,backfill
1597,2026-07,89261804.0,backfill
1597,2026-08,89261804.0,backfill
1597,2026-09,89261804.0,backfill
1597,2026-10,89261804.0,snap
1598,2025-09,179142092.0,backfill
1598,2025-10,179142092.0,backfill
1598,2025-11,179142092.0,backfill
1598,2025-12,179142092.0,backfill
1598,2026-01,179142092.0,backfill
1598,2026-02,179142092.0,backfill
1598,2026-03,179142092.0,backfill
1598,2026-04,179142092.0,backfill
1598,2026-05,179142092.0,backfill
1598,2026-06,179142092.0,backfill
1598,2026-07,179142092.0,backfill
1598,2026-08,179142092.0,backfill
1598,2026-09,179142092.0,backfill
1598,2026-10,179142092.0,snap
1599,2025-09,73028764.0,backfill
1599,2025-10,73028764.0,backfill
1599,2025-11,73028764.0,backfill
1599,2025-12,73028764.0,backfill
1599,2026-01,73028764.0,backfill
1599,2026-02,73028764.0,backfill
1599,2026-03,73028764.0,backfill
1599,2026-04,73028764.0,backfill
1599,2026-05,73028764.0,backfill
1599,2026-06,73028764.0,backfill
1599,2026-07,73028764.0,backfill
1599,2026-08,73028764.0,backfill
1599,2026-09,73028764.0,backfill
1599,2026-10,73028764.0,snap
1603,2025-09,191688000.0,backfill
1603,2025-10,191688000.0,backfill
1603,2025-11,191688000.0,backfill
1603,2025-12,191688000.0,backfill
1603,2026-01,191688000.0,backfill
1603,2026-02,191688000.0,backfill
1603,2026-03,191688000.0,backfill
1603,2026-04,191688000.0,backfill
1603,2026-05,191688000.0,backfill
1603,2026-06,191688000.0,backfill
1603,2026-07,191688000.0,backfill
1603,2026-08,191688000.0,backfill
1603,2026-09,191688000.0,backfill
1603,2026-10,191688000.0,snap
1604,2025-09,384200000.0,backfill
1604,2025-10,384200000.0,backfill
1604,2025-11,384200000.0,backfill
1604,2025-12,384200000.0,backfill
1604,2026-01,384200000.0,backfill
1604,2026-02,384200000.0,backfill
1604,2026-03,384200000.0,backfill
1604,2026-04,384200000.0,backfill
1604,2026-05,384200000.0,backfill
1604,2026-06,384200000.0,backfill
1604,2026-07,384200000.0,backfill
1604,2026-08,384200000.0,backfill
1604,2026-09,384200000.0,backfill
1604,2026-10,384200000.0,snap
1605,2025-09,4431332948.0,backfill
1605,2025-10,4431332948.0,backfill
1605,2025-11,4431332948.0,backfill
1605,2025-12,4431332948.0,backfill
1605,2026-01,4431332948.0,backfill
1605,2026-02,4431332948.0,backfill
1605,2026-03,4431332948.0,backfill
1605,2026-04,4431332948.0,backfill
1605,2026-05,4431332948.0,backfill
1605,2026-06,4431332948.0,backfill
1605,2026-07,4431332948.0,backfill
1605,2026-08,4431332948.0,backfill
1605,2026-09,4431332948.0,backfill
1605,2026-10,4431332948.0,snap
1608,2025-09,632773506.0,backfill
1608,2025-10,632773506.0,backfill
1608,2025-11,632773506.0,backfill
1608,2025-12,632773506.0,backfill
1608,2026-01,632773506.0,backfill
1608,2026-02,632773506.0,backfill
1608,2026-03,632773506.0,backfill
1608,2026-04,632773506.0,backfill
1608,2026-05,632773506.0,backfill
1608,2026-06,632773506.0,backfill
1608,2026-07,632773506.0,backfill
1608,2026-08,632773506.0,backfill
1608,2026-09,632773506.0,backfill
1608,2026-10,632773506.0,snap
1609,2025-09,785261944.0,backfill
1609,2025-10,785261944.0,backfill
1609,2025-11,785261944.0,backfill
1609,2025-12,785261944.0,backfill
1609,2026-01,785261944.0,backfill
1609,2026-02,785261944.0,backfill
1609,2026-03,785261944.0,backfill
1609,2026-04,785261944.0,backfill
1609,2026-05,785261944.0,backfill
1609,2026-06,785261944.0,backfill
1609,2026-07,785261944.0,backfill
1609,2026-08,785261944.0,backfill
1609,2026-09,785261944.0,backfill
1609,2026-10,785261944.0,snap
1611,2025-09,322735742.0,backfill
1611,2025-10,322735742.0,backfill
1611,2025-11,322735742.0,backfill
1611,2025-12,322735742.0,backfill
1611,2026-01,322735742.0,backfill
1611,2026-02,322735742.0,backfill
1611,2026-03,322735742.0,backfill
1611,2026-04,322735742.0,backfill
1611,2026-05,322735742.0,backfill
1611,2026-06,322735742.0,backfill
1611,2026-07,322735742.0,backfill
1611,2026-08,322735742.0,backfill
1611,2026-09,322735742.0,backfill
1611,2026-10,322735742.0,snap
1612,2025-09,316080063.0,backfill
1612,2025-10,316080063.0,backfill
1612,2025-11,316080063.0,backfill
1612,2025-12,316080063.0,backfill
1612,2026-01,316080063.0,backfill
1612,2026-02,316080063.0,backfill
1612,2026-03,316080063.0,backfill
1612,2026-04,316080063.0,backfill
1612,2026-05,316080063.0,backfill
1612,2026-06,316080063.0,backfill
1612,2026-07,316080063.0,backfill
1612,2026-08,316080063.0,backfill
1612,2026-09,316080063.0,backfill
1612,2026-10,316080063.0,snap
1614,2025-09,269113406.0,backfill
1614,2025-10,269113406.0,backfill
1614,2025-11,269113406.0,backfill
1614,2025-12,269113406.0,backfill
1614,2026-01,269113406.0,backfill
1614,2026-02,269113406.0,backfill
1614,2026-03,269113406.0,backfill
1614,2026-04,269113406.0,backfill
1614,2026-05,269113406.0,backfill
1614,2026-06,269113406.0,backfill
1614,2026-07,269113406.0,backfill
1614,2026-08,269113406.0,backfill
1614,2026-09,269113406.0,backfill
1614,2026-10,269113406.0,snap
1615,2025-09,198630339.0,backfill
1615,2025-10,198630339.0,backfill
1615,2025-11,198630339.0,backfill
1615,2025-12,198630339.0,backfill
1615,2026-01,198630339.0,backfill
1615,2026-02,198630339.0,backfill
1615,2026-03,198630339.0,backfill
1615,2026-04,198630339.0,backfill
1615,2026-05,198630339.0,backfill
1615,2026-06,198630339.0,backfill
1615,2026-07,198630339.0,backfill
1615,2026-08,198630339.0,backfill
1615,2026-09,198630339.0,backfill
1615,2026-10,198630339.0,snap
1616,2025-09,194148515.0,backfill
1616,2025-10,194148515.0,backfill
1616,2025-11,194148515.0,backfill
1616,2025-12,194148515.0,backfill
1616,2026-01,194148515.0,backfill
1616,2026-02,194148515.0,backfill
1616,2026-03,194148515.0,backfill
1616,2026-04,194148515.0,backfill
1616,2026-05,194148515.0,backfill
1616,2026-06,194148515.0,backfill
1616,2026-07,194148515.0,backfill
1616,2026-08,194148515.0,backfill
1616,2026-09,194148515.0,backfill
1616,2026-10,194148515.0,snap
1617,2025-09,169514700.0,backfill
1617,2025-10,169514700.0,backfill
1617,2025-11,169514700.0,backfill
1617,2025-12,169514700.0,backfill
1617,2026-01,169514700.0,backfill
1617,2026-02,169514700.0,backfill
1617,2026-03,169514700.0,backfill
1617,2026-04,169514700.0,backfill
1617,2026-05,169514700.0,backfill
1617,2026-06,169514700.0,backfill
1617,2026-07,169514700.0,backfill
1617,2026-08,169514700.0,backfill
1617,2026-09,169514700.0,backfill
1617,2026-10,169514700.0,snap
1618,2025-09,192691747.0,backfill
1618,2025-10,192691747.0,backfill
1618,2025-11,192691747.0,backfill
1618,2025-12,192691747.0,backfill
1618,2026-01,192691747.0,backfill
1618,2026-02,192691747.0,backfill
1618,2026-03,192691747.0,backfill
1618,2026-04,192691747.0,backfill
1618,2026-05,192691747.0,backfill
1618,2026-06,192691747.0,backfill
1618,2026-07,192691747.0,backfill
1618,2026-08,192691747.0,backfill
1618,2026-09,192691747.0,backfill
1618,2026-10,192691747.0,snap
1623,2025-09,66000000.0,backfill
1623,2025-10,66000000.0,backfill
1623,2025-11,66000000.0,backfill
1623,2025-12,66000000.0,backfill
1623,2026-01,66000000.0,backfill
1623,2026-02,66000000.0,backfill
1623,2026-03,66000000.0,backfill
1623,2026-04,66000000.0,backfill
1623,2026-05,66000000.0,backfill
1623,2026-06,66000000.0,backfill
1623,2026-07,66000000.0,backfill
1623,2026-08,66000000.0,backfill
1623,2026-09,66000000.0,backfill
1623,2026-10,66000000.0,snap
1626,2025-09,149821721.0,backfill
1626,2025-10,149821721.0,backfill
1626,2025-11,149821721.0,backfill
1626,2025-12,149821721.0,backfill
1626,2026-01,149821721.0,backfill
1626,2026-02,149821721.0,backfill
1626,2026-03,149821721.0,backfill
1626,2026-04,149821721.0,backfill
1626,2026-05,149821721.0,backfill
1626,2026-06,149821721.0,backfill
1626,2026-07,149821721.0,backfill
1626,2026-08,149821721.0,backfill
1626,2026-09,149821721.0,backfill
1626,2026-10,149821721.0,snap
1702,2025-09,294132962.0,backfill
1702,2025-10,294132962.0,backfill
1702,2025-11,294132962.0,backfill
1702,2025-12,294132962.0,backfill
1702,2026-01,294132962.0,backfill
1702,2026-02,294132962.0,backfill
1702,2026-03,294132962.0,backfill
1702,2026-04,294132962.0,backfill
1702,2026-05,294132962.0,backfill
1702,2026-06,294132962.0,backfill
1702,2026-07,294132962.0,backfill
1702,2026-08,294132962.0,backfill
1702,2026-09,294132962.0,backfill
1702,2026-10,294132962.0,snap
1707,2025-09,148137373.0,backfill
1707,2025-10,148137373.0,backfill
1707,2025-11,148137373.0,backfill
1707,2025-12,148137373.0,backfill
1707,2026-01,148137373.0,backfill
1707,2026-02,148137373.0,backfill
1707,2026-03,148137373.0,backfill
1707,2026-04,148137373.0,backfill
1707,2026-05,148137373.0,backfill
1707,2026-06,148137373.0,backfill
1707,2026-07,148137373.0,backfill
1707,2026-08,148137373.0,backfill
1707,2026-09,148137373.0,backfill
1707,2026-10,148137373.0,snap
1708,2025-09,249001651.0,backfill
1708,2025-10,249001651.0,backfill
1708,2025-11,249001651.0,backfill
1708,2025-12,249001651.0,backfill
1708,2026-01,249001651.0,backfill
1708,2026-02,249001651.0,backfill
1708,2026-03,249001651.0,backfill
1708,2026-04,249001651.0,backfill
1708,2026-05,249001651.0,backfill
1708,2026-06,249001651.0,backfill
1708,2026-07,249001651.0,backfill
1708,2026-08,249001651.0,backfill
1708,2026-09,249001651.0,backfill
1708,2026-10,249001651.0,snap
1709,2025-09,477016272.0,backfill
1709,2025-10,477016272.0,backfill
1709,2025-11,477016272.0,backfill
1709,2025-12,477016272.0,backfill
1709,2026-01,477016272.0,backfill
1709,2026-02,477016272.0,backfill
1709,2026-03,477016272.0,backfill
1709,2026-04,477016272.0,backfill
1709,2026-05,477016272.0,backfill
1709,2026-06,477016272.0,backfill
1709,2026-07,477016272.0,backfill
1709,2026-08,477016272.0,backfill
1709,2026-09,477016272.0,backfill
1709,2026-10,477016272.0,snap
1710,2025-09,885703029.0,backfill
1710,2025-10,885703029.0,backfill
1710,2025-11,885703029.0,backfill
1710,2025-12,885703029.0,backfill
1710,2026-01,885703029.0,backfill
1710,2026-02,885703029.0,backfill
1710,2026-03,885703029.0,backfill
1710,2026-04,885703029.0,backfill
1710,2026-05,885703029.0,backfill
1710,2026-06,885703029.0,backfill
1710,2026-07,885703029.0,backfill
1710,2026-08,885703029.0,backfill
1710,2026-09,885703029.0,backfill
1710,2026-10,885703029.0,snap
1711,2025-09,547752226.0,backfill
1711,2025-10,547752226.0,backfill
1711,2025-11,547752226.0,backfill
1711,2025-12,547752226.0,backfill
1711,2026-01,547752226.0,backfill
1711,2026-02,547752226.0,backfill
1711,2026-03,547752226.0,backfill
1711,2026-04,547752226.0,backfill
1711,2026-05,547752226.0,backfill
1711,2026-06,547752226.0,backfill
1711,2026-07,547752226.0,backfill
1711,2026-08,547752226.0,backfill
1711,2026-09,547752226.0,backfill
1711,2026-10,547752226.0,snap
1712,2025-09,420492585.0,backfill
1712,2025-10,420492585.0,backfill
1712,2025-11,420492585.0,backfill
1712,2025-12,420492585.0,backfill
1712,2026-01,420492585.0,backfill
1712,2026-02,420492585.0,backfill
1712,2026-03,420492585.0,backfill
1712,2026-04,420492585.0,backfill
1712,2026-05,420492585.0,backfill
1712,2026-06,420492585.0,backfill
1712,2026-07,420492585.0,backfill
1712,2026-08,420492585.0,backfill
1712,2026-09,420492585.0,backfill
1712,2026-10,420492585.0,snap
1713,2025-09,150951700.0,backfill
1713,2025-10,150951700.0,backfill
1713,2025-11,150951700.0,backfill
1713,2025-12,150951700.0,backfill
1713,2026-01,150951700.0,backfill
1713,2026-02,150951700.0,backfill
1713,2026-03,150951700.0,backfill
1713,2026-04,150951700.0,backfill
1713,2026-05,150951700.0,backfill
1713,2026-06,150951700.0,backfill
1713,2026-07,150951700.0,backfill
1713,2026-08,150951700.0,backfill
1713,2026-09,150951700.0,backfill
1713,2026-10,150951700.0,snap
1714,2025-09,991824808.0,backfill
1714,2025-10,991824808.0,backfill
1714,2025-11,991824808.0,backfill
1714,2025-12,991824808.0,backfill
1714,2026-01,991824808.0,backfill
1714,2026-02,991824808.0,backfill
1714,2026-03,991824808.0,backfill
1714,2026-04,991824808.0,backfill
1714,2026-05,991824808.0,backfill
1714,2026-06,991824808.0,backfill
1714,2026-07,991824808.0,backfill
1714,2026-08,991824808.0,backfill
1714,2026-09,991824808.0,backfill
1714,2026-10,991824808.0,snap
1717,2025-09,1184245483.0,backfill
1717,2025-10,1184245483.0,backfill
1717,2025-11,1184245483.0,backfill
1717,2025-12,1184245483.0,backfill
1717,2026-01,1184245483.0,backfill
1717,2026-02,1184245483.0,backfill
1717,2026-03,1184245483.0,backfill
1717,2026-04,1184245483.0,backfill
1717,2026-05,1184245483.0,backfill
1717,2026-06,1184245483.0,backfill
1717,2026-07,1184245483.0,backfill
1717,2026-08,1184245483.0,backfill
1717,2026-09,1184245483.0,backfill
1717,2026-10,1184245483.0,snap
1718,2025-09,1685905745.0,backfill
1718,2025-10,1685905745.0,backfill
1718,2025-11,1685905745.0,backfill
1718,2025-12,1685905745.0,backfill
1718,2026-01,1685905745.0,backfill
1718,2026-02,1685905745.0,backfill
1718,2026-03,1685905745.0,backfill
1718,2026-04,1685905745.0,backfill
1718,2026-05,1685905745.0,backfill
1718,2026-06,1685905745.0,backfill
1718,2026-07,1685905745.0,backfill
1718,2026-08,1685905745.0,backfill
1718,2026-09,1685905745.0,backfill
1718,2026-10,1685905745.0,snap
1720,2025-09,196565698.0,backfill
1720,2025-10,196565698.0,backfill
1720,2025-11,196565698.0,backfill
1720,2025-12,196565698.0,backfill
1720,2026-01,196565698.0,backfill
1720,2026-02,196565698.0,backfill
1720,2026-03,196565698.0,backfill
1720,2026-04,196565698.0,backfill
1720,2026-05,196565698.0,backfill
1720,2026-06,196565698.0,backfill
1720,2026-07,196565698.0,backfill
1720,2026-08,196565698.0,backfill
1720,2026-09,196565698.0,backfill
1720,2026-10,196565698.0,snap
1721,2025-09,184884092.0,backfill
1721,2025-10,184884092.0,backfill
1721,2025-11,184884092.0,backfill
1721,2025-12,184884092.0,backfill
1721,2026-01,184884092.0,backfill
1721,2026-02,184884092.0,backfill
1721,2026-03,184884092.0,backfill
1721,2026-04,184884092.0,backfill
1721,2026-05,184884092.0,backfill
1721,2026-06,184884092.0,backfill
1721,2026-07,184884092.0,backfill
1721,2026-08,184884092.0,backfill
1721,2026-09,184884092.0,backfill
1721,2026-10,184884092.0,snap
1722,2025-09,980000000.0,backfill
1722,2025-10,980000000.0,backfill
1722,2025-11,980000000.0,backfill
1722,2025-12,980000000.0,backfill
1722,2026-01,980000000.0,backfill
1722,2026-02,980000000.0,backfill
1722,2026-03,980000000.0,backfill
1722,2026-04,980000000.0,backfill
1722,2026-05,980000000.0,backfill
1722,2026-06,980000000.0,backfill
1722,2026-07,980000000.0,backfill
1722,2026-08,980000000.0,backfill
1722,2026-09,980000000.0,backfill
1722,2026-10,980000000.0,snap
1723,2025-09,236904480.0,backfill
1723,2025-10,236904480.0,backfill
1723,2025-11,236904480.0,backfill
1723,2025-12,236904480.0,backfill
1723,2026-01,236904480.0,backfill
1723,2026-02,236904480.0,backfill
1723,2026-03,236904480.0,backfill
1723,2026-04,236904480.0,backfill
1723,2026-05,236904480.0,backfill
1723,2026-06,236904480.0,backfill
1723,2026-07,236904480.0,backfill
1723,2026-08,236904480.0,backfill
1723,2026-09,236904480.0,backfill
1723,2026-10,236904480.0,snap
1725,2025-09,181829978.0,backfill
1725,2025-10,181829978.0,backfill
1725,2025-11,181829978.0,backfill
1725,2025-12,181829978.0,backfill
1725,2026-01,181829978.0,backfill
1725,2026-02,181829978.0,backfill
1725,2026-03,181829978.0,backfill
1725,2026-04,181829978.0,backfill
1725,2026-05,181829978.0,backfill
1725,2026-06,181829978.0,backfill
1725,2026-07,181829978.0,backfill
1725,2026-08,181829978.0,backfill
1725,2026-09,181829978.0,backfill
1725,2026-10,181829978.0,snap
1726,2025-09,162000000.0,backfill
1726,2025-10,162000000.0,backfill
1726,2025-11,162000000.0,backfill
1726,2025-12,162000000.0,backfill
1726,2026-01,162000000.0,backfill
1726,2026-02,162000000.0,backfill
1726,2026-03,162000000.0,backfill
1726,2026-04,162000000.0,backfill
1726,2026-05,162000000.0,backfill
1726,2026-06,162000000.0,backfill
1726,2026-07,162000000.0,backfill
1726,2026-08,162000000.0,backfill
1726,2026-09,162000000.0,backfill
1726,2026-10,162000000.0,snap
1727,2025-09,128019559.0,backfill
1727,2025-10,128019559.0,backfill
1727,2025-11,128019559.0,backfill
1727,2025-12,128019559.0,backfill
1727,2026-01,128019559.0,backfill
1727,2026-02,128019559.0,backfill
1727,2026-03,128019559.0,backfill
1727,2026-04,128019559.0,backfill
1727,2026-05,128019559.0,backfill
1727,2026-06,128019559.0,backfill
1727,2026-07,128019559.0,backfill
1727,2026-08,128019559.0,backfill
1727,2026-09,128019559.0,backfill
1727,2026-10,128019559.0,snap
1730,2025-09,63233851.0,backfill
1730,2025-10,63233851.0,backfill
1730,2025-11,63233851.0,backfill
1730,2025-12,63233851.0,backfill
1730,2026-01,63233851.0,backfill
1730,2026-02,63233851.0,backfill
1730,2026-03,63233851.0,backfill
1730,2026-04,63233851.0,backfill
1730,2026-05,63233851.0,backfill
1730,2026-06,63233851.0,backfill
1730,2026-07,63233851.0,backfill
1730,2026-08,63233851.0,backfill
1730,2026-09,63233851.0,backfill
1730,2026-10,63233851.0,snap
1731,2025-09,132915244.0,backfill
1731,2025-10,132915244.0,backfill
1731,2025-11,132915244.0,backfill
1731,2025-12,132915244.0,backfill
1731,2026-01,132915244.0,backfill
1731,2026-02,132915244.0,backfill
1731,2026-03,132915244.0,backfill
1731,2026-04,132915244.0,backfill
1731,2026-05,132915244.0,backfill
1731,2026-06,132915244.0,backfill
1731,2026-07,132915244.0,backfill
1731,2026-08,132915244.0,backfill
1731,2026-09,132915244.0,backfill
1731,2026-10,132915244.0,snap
1732,2025-09,42443957.0,backfill
1732,2025-10,42443957.0,backfill
1732,2025-11,42443957.0,backfill
1732,2025-12,42443957.0,backfill
1732,2026-01,42443957.0,backfill
1732,2026-02,42443957.0,backfill
1732,2026-03,42443957.0,backfill
1732,2026-04,42443957.0,backfill
1732,2026-05,42443957.0,backfill
1732,2026-06,42443957.0,backfill
1732,2026-07,42443957.0,backfill
1732,2026-08,42443957.0,backfill
1732,2026-09,42443957.0,backfill
1732,2026-10,42443957.0,snap
1733,2025-09,99950192.0,backfill
1733,2025-10,99950192.0,backfill
1733,2025-11,99950192.0,backfill
1733,2025-12,99950192.0,backfill
1733,2026-01,99950192.0,backfill
1733,2026-02,99950192.0,backfill
1733,2026-03,99950192.0,backfill
1733,2026-04,99950192.0,backfill
1733,2026-05,99950192.0,backfill
1733,2026-06,99950192.0,backfill
1733,2026-07,99950192.0,backfill
1733,2026-08,99950192.0,backfill
1733,2026-09,99950192.0,backfill
1733,2026-10,99950192.0,snap
1734,2025-09,201608581.0,backfill
1734,2025-10,201608581.0,backfill
1734,2025-11,201608581.0,backfill
1734,2025-12,201608581.0,backfill
1734,2026-01,201608581.0,backfill
1734,2026-02,201608581.0,backfill
1734,2026-03,201608581.0,backfill
1734,2026-04,201608581.0,backfill
1734,2026-05,201608581.0,backfill
1734,2026-06,201608581.0,backfill
1734,2026-07,201608581.0,backfill
1734,2026-08,201608581.0,backfill
1734,2026-09,201608581.0,backfill
1734,2026-10,201608581.0,snap
1735,2025-09,99388000.0,backfill
1735,2025-10,99388000.0,backfill
1735,2025-11,99388000.0,backfill
1735,2025-12,99388000.0,backfill
1735,2026-01,99388000.0,backfill
1735,2026-02,99388000.0,backfill
1735,2026-03,99388000.0,backfill
1735,2026-04,99388000.0,backfill
1735,2026-05,99388000.0,backfill
1735,2026-06,99388000.0,backfill
1735,2026-07,99388000.0,backfill
1735,2026-08,99388000.0,backfill
1735,2026-09,99388000.0,backfill
1735,2026-10,99388000.0,snap
1736,2025-09,303394617.0,backfill
1736,2025-10,303394617.0,backfill
1736,2025-11,303394617.0,backfill
1736,2025-12,303394617.0,backfill
1736,2026-01,303394617.0,backfill
1736,2026-02,303394617.0,backfill
1736,2026-03,303394617.0,backfill
1736,2026-04,303394617.0,backfill
1736,2026-05,303394617.0,backfill
1736,2026-06,303394617.0,backfill
1736,2026-07,303394617.0,backfill
1736,2026-08,303394617.0,backfill
1736,2026-09,303394617.0,backfill
1736,2026-10,303394617.0,snap
1737,2025-09,200000000.0,backfill
1737,2025-10,200000000.0,backfill
1737,2025-11,200000000.0,backfill
1737,2025-12,200000000.0,backfill
1737,2026-01,200000000.0,backfill
1737,2026-02,200000000.0,backfill
1737,2026-03,200000000.0,backfill
1737,2026-04,200000000.0,backfill
1737,2026-05,200000000.0,backfill
1737,2026-06,200000000.0,backfill
1737,2026-07,200000000.0,backfill
1737,2026-08,200000000.0,backfill
1737,2026-09,200000000.0,backfill
1737,2026-10,200000000.0,snap
1742,2025-09,92671300.0,backfill
1742,2025-10,92671300.0,backfill
1742,2025-11,92671300.0,backfill
1742,2025-12,92671300.0,backfill
1742,2026-01,92671300.0,backfill
1742,2026-02,92671300.0,backfill
1742,2026-03,92671300.0,backfill
1742,2026-04,92671300.0,backfill
1742,2026-05,92671300.0,backfill
1742,2026-06,92671300.0,backfill
1742,2026-07,92671300.0,backfill
1742,2026-08,92671300.0,backfill
1742,2026-09,92671300.0,backfill
1742,2026-10,92671300.0,snap
1752,2025-09,100988472.0,backfill
1752,2025-10,100988472.0,backfill
1752,2025-11,100988472.0,backfill
1752,2025-12,100988472.0,backfill
1752,2026-01,100988472.0,backfill
1752,2026-02,100988472.0,backfill
1752,2026-03,100988472.0,backfill
1752,2026-04,100988472.0,backfill
1752,2026-05,100988472.0,backfill
1752,2026-06,100988472.0,backfill
1752,2026-07,100988472.0,backfill
1752,2026-08,100988472.0,backfill
1752,2026-09,100988472.0,backfill
1752,2026-10,100988472.0,snap
1760,2025-09,85739013.0,backfill
1760,2025-10,85739013.0,backfill
1760,2025-11,85739013.0,backfill
1760,2025-12,85739013.0,backfill
1760,2026-01,85739013.0,backfill
1760,2026-02,85739013.0,backfill
1760,2026-03,85739013.0,backfill
1760,2026-04,85739013.0,backfill
1760,2026-05,85739013.0,backfill
1760,2026-06,85739013.0,backfill
1760,2026-07,85739013.0,backfill
1760,2026-08,85739013.0,backfill
1760,2026-09,85739013.0,backfill
1760,2026-10,85739013.0,snap
1762,2025-09,76918000.0,backfill
1762,2025-10,76918000.0,backfill
1762,2025-11,76918000.0,backfill
1762,2025-12,76918000.0,backfill
1762,2026-01,76918000.0,backfill
1762,2026-02,76918000.0,backfill
1762,2026-03,76918000.0,backfill
1762,2026-04,76918000.0,backfill
1762,2026-05,76918000.0,backfill
1762,2026-06,76918000.0,backfill
1762,2026-07,76918000.0,backfill
1762,2026-08,76918000.0,backfill
1762,2026-09,76918000.0,backfill
1762,2026-10,76918000.0,snap
1773,2025-09,300000000.0,backfill
1773,2025-10,300000000.0,backfill
1773,2025-11,300000000.0,backfill
1773,2025-12,300000000.0,backfill
1773,2026-01,300000000.0,backfill
1773,2026-02,300000000.0,backfill
1773,2026-03,300000000.0,backfill
1773,2026-04,300000000.0,backfill
1773,2026-05,300000000.0,backfill
1773,2026-06,300000000.0,backfill
1773,2026-07,300000000.0,backfill
1773,2026-08,300000000.0,backfill
1773,2026-09,300000000.0,backfill
1773,2026-10,300000000.0,snap
1776,2025-09,60106952.0,backfill
1776,2025-10,60106952.0,backfill
1776,2025-11,60106952.0,backfill
1776,2025-12,60106952.0,backfill
1776,2026-01,60106952.0,backfill
1776,2026-02,60106952.0,backfill
1776,2026-03,60106952.0,backfill
1776,2026-04,60106952.0,backfill
1776,2026-05,60106952.0,backfill
1776,2026-06,60106952.0,backfill
1776,2026-07,60106952.0,backfill
1776,2026-08,60106952.0,backfill
1776,2026-09,60106952.0,backfill
1776,2026-10,60106952.0,snap
1777,2025-09,44591713.0,backfill
1777,2025-10,44591713.0,backfill
1777,2025-11,44591713.0,backfill
1777,2025-12,44591713.0,backfill
1777,2026-01,44591713.0,backfill
1777,2026-02,44591713.0,backfill
1777,2026-03,44591713.0,backfill
1777,2026-04,44591713.0,backfill
1777,2026-05,44591713.0,backfill
1777,2026-06,44591713.0,backfill
1777,2026-07,44591713.0,backfill
1777,2026-08,44591713.0,backfill
1777,2026-09,44591713.0,backfill
1777,2026-10,44591713.0,snap
1780,2025-09,109075173.0,backfill
1780,2025-10,109075173.0,backfill
1780,2025-11,109075173.0,backfill
1780,2025-12,109075173.0,backfill
1780,2026-01,109075173.0,backfill
1780,2026-02,109075173.0,backfill
1780,2026-03,109075173.0,backfill
1780,2026-04,109075173.0,backfill
1780,2026-05,109075173.0,backfill
1780,2026-06,109075173.0,backfill
1780,2026-07,109075173.0,backfill
1780,2026-08,109075173.0,backfill
1780,2026-09,109075173.0,backfill
1780,2026-10,109075173.0,snap
1781,2025-09,47407605.0,backfill
1781,2025-10,47407605.0,backfill
1781,2025-11,47407605.0,backfill
1781,2025-12,47407605.0,backfill
1781,2026-01,47407605.0,backfill
1781,2026-02,47407605.0,backfill
1781,2026-03,47407605.0,backfill
1781,2026-04,47407605.0,backfill
1781,2026-05,47407605.0,backfill
1781,2026-06,47407605.0,backfill
1781,2026-07,47407605.0,backfill
1781,2026-08,47407605.0,backfill
1781,2026-09,47407605.0,backfill
1781,2026-10,47407605.0,snap
1783,2025-09,89698115.0,backfill
1783,2025-10,89698115.0,backfill
1783,2025-11,89698115.0,backfill
1783,2025-12,89698115.0,backfill
1783,2026-01,89698115.0,backfill
1783,2026-02,89698115.0,backfill
1783,2026-03,89698115.0,backfill
1783,2026-04,89698115.0,backfill
1783,2026-05,89698115.0,backfill
1783,2026-06,89698115.0,backfill
1783,2026-07,89698115.0,backfill
1783,2026-08,89698115.0,backfill
1783,2026-09,89698115.0,backfill
1783,2026-10,89698115.0,snap
1784,2025-09,53121191.0,backfill
1784,2025-10,53121191.0,backfill
1784,2025-11,53121191.0,backfill
1784,2025-12,53121191.0,backfill
1784,2026-01,53121191.0,backfill
1784,2026-02,53121191.0,backfill
1784,2026-03,53121191.0,backfill
1784,2026-04,53121191.0,backfill
1784,2026-05,53121191.0,backfill
1784,2026-06,53121191.0,backfill
1784,2026-07,53121191.0,backfill
1784,2026-08,53121191.0,backfill
1784,2026-09,53121191.0,backfill
1784,2026-10,53121191.0,snap
1785,2025-09,595950743.0,backfill
1785,2025-10,595950743.0,backfill
1785,2025-11,595950743.0,backfill
1785,2025-12,595950743.0,backfill
1785,2026-01,595950743.0,backfill
1785,2026-02,595950743.0,backfill
1785,2026-03,595950743.0,backfill
1785,2026-04,595950743.0,backfill
1785,2026-05,595950743.0,backfill
1785,2026-06,595950743.0,backfill
1785,2026-07,595950743.0,backfill
1785,2026-08,595950743.0,backfill
1785,2026-09,595950743.0,backfill
1785,2026-10,595950743.0,snap
1786,2025-09,74827641.0,backfill
1786,2025-10,74827641.0,backfill
1786,2025-11,74827641.0,backfill
1786,2025-12,74827641.0,backfill
1786,2026-01,74827641.0,backfill
1786,2026-02,74827641.0,backfill
1786,2026-03,74827641.0,backfill
1786,2026-04,74827641.0,backfill
1786,2026-05,74827641.0,backfill
1786,2026-06,74827641.0,backfill
1786,2026-07,74827641.0,backfill
1786,2026-08,74827641.0,backfill
1786,2026-09,74827641.0,backfill
1786,2026-10,74827641.0,snap
1788,2025-09,44520971.0,backfill
1788,2025-10,44520971.0,backfill
1788,2025-11,44520971.0,backfill
1788,2025-12,44520971.0,backfill
1788,2026-01,44520971.0,backfill
1788,2026-02,44520971.0,backfill
1788,2026-03,44520971.0,backfill
1788,2026-04,44520971.0,backfill
1788,2026-05,44520971.0,backfill
1788,2026-06,44520971.0,backfill
1788,2026-07,44520971.0,backfill
1788,2026-08,44520971.0,backfill
1788,2026-09,44520971.0,backfill
1788,2026-10,44520971.0,snap
1789,2025-09,790739222.0,backfill
1789,2025-10,790739222.0,backfill
1789,2025-11,790739222.0,backfill
1789,2025-12,790739222.0,backfill
1789,2026-01,790739222.0,backfill
1789,2026-02,790739222.0,backfill
1789,2026-03,790739222.0,backfill
1789,2026-04,790739222.0,backfill
1789,2026-05,790739222.0,backfill
1789,2026-06,790739222.0,backfill
1789,2026-07,790739222.0,backfill
1789,2026-08,790739222.0,backfill
1789,2026-09,790739222.0,backfill
1789,2026-10,790739222.0,snap
1795,2025-09,270154757.0,backfill
1795,2025-10,270154757.0,backfill
1795,2025-11,270154757.0,backfill
1795,2025-12,270154757.0,backfill
1795,2026-01,270154757.0,backfill
1795,2026-02,270154757.0,backfill
1795,2026-03,270154757.0,backfill
1795,2026-04,270154757.0,backfill
1795,2026-05,270154757.0,backfill
1795,2026-06,270154757.0,backfill
1795,2026-07,270154757.0,backfill
1795,2026-08,270154757.0,backfill
1795,2026-09,270154757.0,backfill
1795,2026-10,270154757.0,snap
1796,2025-09,41459793.0,backfill
1796,2025-10,41459793.0,backfill
1796,2025-11,41459793.0,backfill
1796,2025-12,41459793.0,backfill
1796,2026-01,41459793.0,backfill
1796,2026-02,41459793.0,backfill
1796,2026-03,41459793.0,backfill
1796,2026-04,41459793.0,backfill
1796,2026-05,41459793.0,backfill
1796,2026-06,41459793.0,backfill
1796,2026-07,41459793.0,backfill
1796,2026-08,41459793.0,backfill
1796,2026-09,41459793.0,backfill
1796,2026-10,41459793.0,snap
1799,2025-09,248775894.0,backfill
1799,2025-10,248775894.0,backfill
1799,2025-11,248775894.0,backfill
1799,2025-12,248775894.0,backfill
1799,2026-01,248775894.0,backfill
1799,2026-02,248775894.0,backfill
1799,2026-03,248775894.0,backfill
1799,2026-04,248775894.0,backfill
1799,2026-05,248775894.0,backfill
1799,2026-06,248775894.0,backfill
1799,2026-07,248775894.0,backfill
1799,2026-08,248775894.0,backfill
1799,2026-09,248775894.0,backfill
1799,2026-10,248775894.0,snap
1802,2025-09,2908060800.0,backfill
1802,2025-10,2908060800.0,backfill
1802,2025-11,2908060800.0,backfill
1802,2025-12,2908060800.0,backfill
1802,2026-01,2908060800.0,backfill
1802,2026-02,2908060800.0,backfill
1802,2026-03,2908060800.0,backfill
1802,2026-04,2908060800.0,backfill
1802,2026-05,2908060800.0,backfill
1802,2026-06,2908060800.0,backfill
1802,2026-07,2908060800.0,backfill
1802,2026-08,2908060800.0,backfill
1802,2026-09,2908060800.0,backfill
1802,2026-10,2908060800.0,snap
1805,2025-09,134970455.0,backfill
1805,2025-10,134970455.0,backfill
1805,2025-11,134970455.0,backfill
1805,2025-12,134970455.0,backfill
1805,2026-01,134970455.0,backfill
1805,2026-02,134970455.0,backfill
1805,2026-03,134970455.0,backfill
1805,2026-04,134970455.0,backfill
1805,2026-05,134970455.0,backfill
1805,2026-06,134970455.0,backfill
1805,2026-07,134970455.0,backfill
1805,2026-08,134970455.0,backfill
1805,2026-09,134970455.0,backfill
1805,2026-10,134970455.0,snap
1806,2025-09,390403870.0,backfill
1806,2025-10,390403870.0,backfill
1806,2025-11,390403870.0,backfill
1806,2025-12,390403870.0,backfill
1806,2026-01,390403870.0,backfill
1806,2026-02,390403870.0,backfill
1806,2026-03,390403870.0,backfill
1806,2026-04,390403870.0,backfill
1806,2026-05,390403870.0,backfill
1806,2026-06,390403870.0,backfill
1806,2026-07,390403870.0,backfill
1806,2026-08,390403870.0,backfill
1806,2026-09,390403870.0,backfill
1806,2026-10,390403870.0,snap
1808,2025-09,714425393.0,backfill
1808,2025-10,714425393.0,backfill
1808,2025-11,714425393.0,backfill
1808,2025-12,714425393.0,backfill
1808,2026-01,714425393.0,backfill
1808,2026-02,714425393.0,backfill
1808,2026-03,714425393.0,backfill
1808,2026-04,714425393.0,backfill
1808,2026-05,714425393.0,backfill
1808,2026-06,714425393.0,backfill
1808,2026-07,714425393.0,backfill
1808,2026-08,714425393.0,backfill
1808,2026-09,714425393.0,backfill
1808,2026-10,714425393.0,snap
1809,2025-09,167041937.0,backfill
1809,2025-10,167041937.0,backfill
1809,2025-11,167041937.0,backfill
1809,2025-12,167041937.0,backfill
1809,2026-01,167041937.0,backfill
1809,2026-02,167041937.0,backfill
1809,2026-03,167041937.0,backfill
1809,2026-04,167041937.0,backfill
1809,2026-05,167041937.0,backfill
1809,2026-06,167041937.0,backfill
1809,2026-07,167041937.0,backfill
1809,2026-08,167041937.0,backfill
1809,2026-09,167041937.0,backfill
1809,2026-10,167041937.0,snap
1810,2025-09,302303719.0,backfill
1810,2025-10,302303719.0,backfill
1810,2025-11,302303719.0,backfill
1810,2025-12,302303719.0,backfill
1810,2026-01,302303719.0,backfill
1810,2026-02,302303719.0,backfill
1810,2026-03,302303719.0,backfill
1810,2026-04,302303719.0,backfill
1810,2026-05,302303719.0,backfill
1810,2026-06,302303719.0,backfill
1810,2026-07,302303719.0,backfill
1810,2026-08,302303719.0,backfill
1810,2026-09,302303719.0,backfill
1810,2026-10,302303719.0,snap
1813,2025-09,46635510.0,backfill
1813,2025-10,46635510.0,backfill
1813,2025-11,46635510.0,backfill
1813,2025-12,46635510.0,backfill
1813,2026-01,46635510.0,backfill
1813,2026-02,46635510.0,backfill
1813,2026-03,46635510.0,backfill
1813,2026-04,46635510.0,backfill
1813,2026-05,46635510.0,backfill
1813,2026-06,46635510.0,backfill
1813,2026-07,46635510.0,backfill
1813,2026-08,46635510.0,backfill
1813,2026-09,46635510.0,backfill
1813,2026-10,46635510.0,snap
1815,2025-09,585459487.0,backfill
1815,2025-10,585459487.0,backfill
1815,2025-11,585459487.0,backfill
1815,2025-12,585459487.0,backfill
1815,2026-01,585459487.0,backfill
1815,2026-02,585459487.0,backfill
1815,2026-03,585459487.0,backfill
1815,2026-04,585459487.0,backfill
1815,2026-05,585459487.0,backfill
1815,2026-06,585459487.0,backfill
1815,2026-07,585459487.0,backfill
1815,2026-08,585459487.0,backfill
1815,2026-09,585459487.0,backfill
1815,2026-10,585459487.0,snap
1817,2025-09,72600000.0,backfill
1817,2025-10,72600000.0,backfill
1817,2025-11,72600000.0,backfill
1817,2025-12,72600000.0,backfill
1817,2026-01,72600000.0,backfill
1817,2026-02,72600000.0,backfill
1817,2026-03,72600000.0,backfill
1817,2026-04,72600000.0,backfill
1817,2026-05,72600000.0,backfill
1817,2026-06,72600000.0,backfill
1817,2026-07,72600000.0,backfill
1817,2026-08,72600000.0,backfill
1817,2026-09,72600000.0,backfill
1817,2026-10,72600000.0,snap
1903,2025-09,260039121.0,backfill
1903,2025-10,260039121.0,backfill
1903,2025-11,260039121.0,backfill
1903,2025-12,260039121.0,backfill
1903,2026-01,260039121.0,backfill
1903,2026-02,260039121.0,backfill
1903,2026-03,260039121.0,backfill
1903,2026-04,260039121.0,backfill
1903,2026-05,260039121.0,backfill
1903,2026-06,260039121.0,backfill
1903,2026-07,260039121.0,backfill
1903,2026-08,260039121.0,backfill
1903,2026-09,260039121.0,backfill
1903,2026-10,260039121.0,snap
1904,2025-09,1108274522.0,backfill
1904,2025-10,1108274522.0,backfill
1904,2025-11,1108274522.0,backfill
1904,2025-12,1108274522.0,backfill
1904,2026-01,1108274522.0,backfill
1904,2026-02,1108274522.0,backfill
1904,2026-03,1108274522.0,backfill
1904,2026-04,1108274522.0,backfill
1904,2026-05,1108274522.0,backfill
1904,2026-06,1108274522.0,backfill
1904,2026-07,1108274522.0,backfill
1904,2026-08,1108274522.0,backfill
1904,2026-09,1108274522.0,backfill
1904,2026-10,1108274522.0,snap
1905,2025-09,1102835316.0,backfill
1905,2025-10,1102835316.0,backfill
1905,2025-11,1102835316.0,backfill
1905,2025-12,1102835316.0,backfill
1905,2026-01,1102835316.0,backfill
1905,2026-02,1102835316.0,backfill
1905,2026-03,1102835316.0,backfill
1905,2026-04,1102835316.0,backfill
1905,2026-05,1102835316.0,backfill
1905,2026-06,1102835316.0,backfill
1905,2026-07,1102835316.0,backfill
1905,2026-08,1102835316.0,backfill
1905,2026-09,1102835316.0,backfill
1905,2026-10,1102835316.0,snap
1906,2025-09,151000000.0,backfill
1906,2025-10,151000000.0,backfill
1906,2025-11,151000000.0,backfill
1906,2025-12,151000000.0,backfill
1906,2026-01,151000000.0,backfill
1906,2026-02,151000000.0,backfill
1906,2026-03,151000000.0,backfill
1906,2026-04,151000000.0,backfill
1906,2026-05,151000000.0,backfill
1906,2026-06,151000000.0,backfill
1906,2026-07,151000000.0,backfill
1906,2026-08,151000000.0,backfill
1906,2026-09,151000000.0,backfill
1906,2026-10,151000000.0,snap
1907,2025-09,1660371495.0,backfill
1907,2025-10,1660371495.0,backfill
1907,2025-11,1660371495.0,backfill
1907,2025-12,1660371495.0,backfill
1907,2026-01,1660371495.0,backfill
1907,2026-02,1660371495.0,backfill
1907,2026-03,1660371495.0,backfill
1907,2026-04,1660371495.0,backfill
1907,2026-05,1660371495.0,backfill
1907,2026-06,1660371495.0,backfill
1907,2026-07,1660371495.0,backfill
1907,2026-08,1660371495.0,backfill
1907,2026-09,1660371495.0,backfill
1907,2026-10,1660371495.0,snap
1909,2025-09,1327685727.0,backfill
1909,2025-10,1327685727.0,backfill
1909,2025-11,1327685727.0,backfill
1909,2025-12,1327685727.0,backfill
1909,2026-01,1327685727.0,backfill
1909,2026-02,1327685727.0,backfill
1909,2026-03,1327685727.0,backfill
1909,2026-04,1327685727.0,backfill
1909,2026-05,1327685727.0,backfill
1909,2026-06,1327685727.0,backfill
1909,2026-07,1327685727.0,backfill
1909,2026-08,1327685727.0,backfill
1909,2026-09,1327685727.0,backfill
1909,2026-10,1327685727.0,snap
2002,2025-09,15734860997.0,backfill
2002,2025-10,15734860997.0,backfill
2002,2025-11,15734860997.0,backfill
2002,2025-12,15734860997.0,backfill
2002,2026-01,15734860997.0,backfill
2002,2026-02,15734860997.0,backfill
2002,2026-03,15734860997.0,backfill
2002,2026-04,15734860997.0,backfill
2002,2026-05,15734860997.0,backfill
2002,2026-06,15734860997.0,backfill
2002,2026-07,15734860997.0,backfill
2002,2026-08,15734860997.0,backfill
2002,2026-09,15734860997.0,backfill
2002,2026-10,15734860997.0,snap
2006,2025-09,730213818.0,backfill
2006,2025-10,730213818.0,backfill
2006,2025-11,730213818.0,backfill
2006,2025-12,730213818.0,backfill
2006,2026-01,730213818.0,backfill
2006,2026-02,730213818.0,backfill
2006,2026-03,730213818.0,backfill
2006,2026-04,730213818.0,backfill
2006,2026-05,730213818.0,backfill
2006,2026-06,730213818.0,backfill
2006,2026-07,730213818.0,backfill
2006,2026-08,730213818.0,backfill
2006,2026-09,730213818.0,backfill
2006,2026-10,730213818.0,snap
2007,2025-09,530651613.0,backfill
2007,2025-10,530651613.0,backfill
2007,2025-11,530651613.0,backfill
2007,2025-12,530651613.0,backfill
2007,2026-01,530651613.0,backfill
2007,2026-02,530651613.0,backfill
2007,2026-03,530651613.0,backfill
2007,2026-04,530651613.0,backfill
2007,2026-05,530651613.0,backfill
2007,2026-06,530651613.0,backfill
2007,2026-07,530651613.0,backfill
2007,2026-08,530651613.0,backfill
2007,2026-09,530651613.0,backfill
2007,2026-10,530651613.0,snap
2008,2025-09,190852293.0,backfill
2008,2025-10,190852293.0,backfill
2008,2025-11,190852293.0,backfill
2008,2025-12,190852293.0,backfill
2008,2026-01,190852293.0,backfill
2008,2026-02,190852293.0,backfill
2008,2026-03,190852293.0,backfill
2008,2026-04,190852293.0,backfill
2008,2026-05,190852293.0,backfill
2008,2026-06,190852293.0,backfill
2008,2026-07,190852293.0,backfill
2008,2026-08,190852293.0,backfill
2008,2026-09,190852293.0,backfill
2008,2026-10,190852293.0,snap
2009,2025-09,359622165.0,backfill
2009,2025-10,359622165.0,backfill
2009,2025-11,359622165.0,backfill
2009,2025-12,359622165.0,backfill
2009,2026-01,359622165.0,backfill
2009,2026-02,359622165.0,backfill
2009,2026-03,359622165.0,backfill
2009,2026-04,359622165.0,backfill
2009,2026-05,359622165.0,backfill
2009,2026-06,359622165.0,backfill
2009,2026-07,359622165.0,backfill
2009,2026-08,359622165.0,backfill
2009,2026-09,359622165.0,backfill
2009,2026-10,359622165.0,snap
2010,2025-09,647655390.0,backfill
2010,2025-10,647655390.0,backfill
2010,2025-11,647655390.0,backfill
2010,2025-12,647655390.0,backfill
2010,2026-01,647655390.0,backfill
2010,2026-02,647655390.0,backfill
2010,2026-03,647655390.0,backfill
2010,2026-04,647655390.0,backfill
2010,2026-05,647655390.0,backfill
2010,2026-06,647655390.0,backfill
2010,2026-07,647655390.0,backfill
2010,2026-08,647655390.0,backfill
2010,2026-09,647655390.0,backfill
2010,2026-10,647655390.0,snap
2012,2025-09,302162700.0,backfill
2012,2025-10,302162700.0,backfill
2012,2025-11,302162700.0,backfill
2012,2025-12,302162700.0,backfill
2012,2026-01,302162700.0,backfill
2012,2026-02,302162700.0,backfill
2012,2026-03,302162700.0,backfill
2012,2026-04,302162700.0,backfill
2012,2026-05,302162700.0,backfill
2012,2026-06,302162700.0,backfill
2012,2026-07,302162700.0,backfill
2012,2026-08,302162700.0,backfill
2012,2026-09,302162700.0,backfill
2012,2026-10,302162700.0,snap
2013,2025-09,200000000.0,backfill
2013,2025-10,200000000.0,backfill
2013,2025-11,200000000.0,backfill
2013,2025-12,200000000.0,backfill
2013,2026-01,200000000.0,backfill
2013,2026-02,200000000.0,backfill
2013,2026-03,200000000.0,backfill
2013,2026-04,200000000.0,backfill
2013,2026-05,200000000.0,backfill
2013,2026-06,200000000.0,backfill
2013,2026-07,200000000.0,backfill
2013,2026-08,200000000.0,backfill
2013,2026-09,200000000.0,backfill
2013,2026-10,200000000.0,snap
2014,2025-09,1435544446.0,backfill
2014,2025-10,1435544446.0,backfill
2014,2025-11,1435544446.0,backfill
2014,2025-12,1435544446.0,backfill
2014,2026-01,1435544446.0,backfill
2014,2026-02,1435544446.0,backfill
2014,2026-03,1435544446.0,backfill
2014,2026-04,1435544446.0,backfill
2014,2026-05,1435544446.0,backfill
2014,2026-06,1435544446.0,backfill
2014,2026-07,1435544446.0,backfill
2014,2026-08,1435544446.0,backfill
2014,2026-09,1435544446.0,backfill
2014,2026-10,1435544446.0,snap
2015,2025-09,581599424.0,backfill
2015,2025-10,581599424.0,backfill
2015,2025-11,581599424.0,backfill
2015,2025-12,581599424.0,backfill
2015,2026-01,581599424.0,backfill
2015,2026-02,581599424.0,backfill
2015,2026-03,581599424.0,backfill
2015,2026-04,581599424.0,backfill
2015,2026-05,581599424.0,backfill
2015,2026-06,581599424.0,backfill
2015,2026-07,581599424.0,backfill
2015,2026-08,581599424.0,backfill
2015,2026-09,581599424.0,backfill
2015,2026-10,581599424.0,snap
2017,2025-09,446874691.0,backfill
2017,2025-10,446874691.0,backfill
2017,2025-11,446874691.0,backfill
2017,2025-12,446874691.0,backfill
2017,2026-01,446874691.0,backfill
2017,2026-02,446874691.0,backfill
2017,2026-03,446874691.0,backfill
2017,2026-04,446874691.0,backfill
2017,2026-05,446874691.0,backfill
2017,2026-06,446874691.0,backfill
2017,2026-07,446874691.0,backfill
2017,2026-08,446874691.0,backfill
2017,2026-09,446874691.0,backfill
2017,2026-10,446874691.0,snap
2020,2025-09,267031320.0,backfill
2020,2025-10,267031320.0,backfill
2020,2025-11,267031320.0,backfill
2020,2025-12,267031320.0,backfill
2020,2026-01,267031320.0,backfill
2020,2026-02,267031320.0,backfill
2020,2026-03,267031320.0,backfill
2020,2026-04,267031320.0,backfill
2020,2026-05,267031320.0,backfill
2020,2026-06,267031320.0,backfill
2020,2026-07,267031320.0,backfill
2020,2026-08,267031320.0,backfill
2020,2026-09,267031320.0,backfill
2020,2026-10,267031320.0,snap
2022,2025-09,337168138.0,backfill
2022,2025-10,337168138.0,backfill
2022,2025-11,337168138.0,backfill
2022,2025-12,337168138.0,backfill
2022,2026-01,337168138.0,backfill
2022,2026-02,337168138.0,backfill
2022,2026-03,337168138.0,backfill
2022,2026-04,337168138.0,backfill
2022,2026-05,337168138.0,backfill
2022,2026-06,337168138.0,backfill
2022,2026-07,337168138.0,backfill
2022,2026-08,337168138.0,backfill
2022,2026-09,337168138.0,backfill
2022,2026-10,337168138.0,snap
2023,2025-09,1821240214.0,backfill
2023,2025-10,1821240214.0,backfill
2023,2025-11,1821240214.0,backfill
2023,2025-12,1821240214.0,backfill
2023,2026-01,1821240214.0,backfill
2023,2026-02,1821240214.0,backfill
2023,2026-03,1821240214.0,backfill
2023,2026-04,1821240214.0,backfill
2023,2026-05,1821240214.0,backfill
2023,2026-06,1821240214.0,backfill
2023,2026-07,1821240214.0,backfill
2023,2026-08,1821240214.0,backfill
2023,2026-09,1821240214.0,backfill
2023,2026-10,1821240214.0,snap
2024,2025-09,97500000.0,backfill
2024,2025-10,97500000.0,backfill
2024,2025-11,97500000.0,backfill
2024,2025-12,97500000.0,backfill
2024,2026-01,97500000.0,backfill
2024,2026-02,97500000.0,backfill
2024,2026-03,97500000.0,backfill
2024,2026-04,97500000.0,backfill
2024,2026-05,97500000.0,backfill
2024,2026-06,97500000.0,backfill
2024,2026-07,97500000.0,backfill
2024,2026-08,97500000.0,backfill
2024,2026-09,97500000.0,backfill
2024,2026-10,97500000.0,snap
2025,2025-09,172660536.0,backfill
2025,2025-10,172660536.0,backfill
2025,2025-11,172660536.0,backfill
2025,2025-12,172660536.0,backfill
2025,2026-01,172660536.0,backfill
2025,2026-02,172660536.0,backfill
2025,2026-03,172660536.0,backfill
2025,2026-04,172660536.0,backfill
2025,2026-05,172660536.0,backfill
2025,2026-06,172660536.0,backfill
2025,2026-07,172660536.0,backfill
2025,2026-08,172660536.0,backfill
2025,2026-09,172660536.0,backfill
2025,2026-10,172660536.0,snap
2027,2025-09,2584260615.0,backfill
2027,2025-10,2584260615.0,backfill
2027,2025-11,2584260615.0,backfill
2027,2025-12,2584260615.0,backfill
2027,2026-01,2584260615.0,backfill
2027,2026-02,2584260615.0,backfill
2027,2026-03,2584260615.0,backfill
2027,2026-04,2584260615.0,backfill
2027,2026-05,2584260615.0,backfill
2027,2026-06,2584260615.0,backfill
2027,2026-07,2584260615.0,backfill
2027,2026-08,2584260615.0,backfill
2027,2026-09,2584260615.0,backfill
2027,2026-10,2584260615.0,snap
2028,2025-09,325714800.0,backfill
2028,2025-10,325714800.0,backfill
2028,2025-11,325714800.0,backfill
2028,2025-12,325714800.0,backfill
2028,2026-01,325714800.0,backfill
2028,2026-02,325714800.0,backfill
2028,2026-03,325714800.0,backfill
2028,2026-04,325714800.0,backfill
2028,2026-05,325714800.0,backfill
2028,2026-06,325714800.0,backfill
2028,2026-07,325714800.0,backfill
2028,2026-08,325714800.0,backfill
2028,2026-09,325714800.0,backfill
2028,2026-10,325714800.0,snap
2029,2025-09,321180000.0,backfill
2029,2025-10,321180000.0,backfill
2029,2025-11,321180000.0,backfill
2029,2025-12,321180000.0,backfill
2029,2026-01,321180000.0,backfill
2029,2026-02,321180000.0,backfill
2029,2026-03,321180000.0,backfill
2029,2026-04,321180000.0,backfill
2029,2026-05,321180000.0,backfill
2029,2026-06,321180000.0,backfill
2029,2026-07,321180000.0,backfill
2029,2026-08,321180000.0,backfill
2029,2026-09,321180000.0,backfill
2029,2026-10,321180000.0,snap
2030,2025-09,280526027.0,backfill
2030,2025-10,280526027.0,backfill
2030,2025-11,280526027.0,backfill
2030,2025-12,280526027.0,backfill
2030,2026-01,280526027.0,backfill
2030,2026-02,280526027.0,backfill
2030,2026-03,280526027.0,backfill
2030,2026-04,280526027.0,backfill
2030,2026-05,280526027.0,backfill
2030,2026-06,280526027.0,backfill
2030,2026-07,280526027.0,backfill
2030,2026-08,280526027.0,backfill
2030,2026-09,280526027.0,backfill
2030,2026-10,280526027.0,snap
2031,2025-09,321146341.0,backfill
2031,2025-10,321146341.0,backfill
2031,2025-11,321146341.0,backfill
2031,2025-12,321146341.0,backfill
2031,2026-01,321146341.0,backfill
2031,2026-02,321146341.0,backfill
2031,2026-03,321146341.0,backfill
2031,2026-04,321146341.0,backfill
2031,2026-05,321146341.0,backfill
2031,2026-06,321146341.0,backfill
2031,2026-07,321146341.0,backfill
2031,2026-08,321146341.0,backfill
2031,2026-09,321146341.0,backfill
2031,2026-10,321146341.0,snap
2032,2025-09,130521545.0,backfill
2032,2025-10,130521545.0,backfill
2032,2025-11,130521545.0,backfill
2032,2025-12,130521545.0,backfill
2032,2026-01,130521545.0,backfill
2032,2026-02,130521545.0,backfill
2032,2026-03,130521545.0,backfill
2032,2026-04,130521545.0,backfill
2032,2026-05,130521545.0,backfill
2032,2026-06,130521545.0,backfill
2032,2026-07,130521545.0,backfill
2032,2026-08,130521545.0,backfill
2032,2026-09,130521545.0,backfill
2032,2026-10,130521545.0,snap
2033,2025-09,120000000.0,backfill
2033,2025-10,120000000.0,backfill
2033,2025-11,120000000.0,backfill
2033,2025-12,120000000.0,backfill
2033,2026-01,120000000.0,backfill
2033,2026-02,120000000.0,backfill
2033,2026-03,120000000.0,backfill
2033,2026-04,120000000.0,backfill
2033,2026-05,120000000.0,backfill
2033,2026-06,120000000.0,backfill
2033,2026-07,120000000.0,backfill
2033,2026-08,120000000.0,backfill
2033,2026-09,120000000.0,backfill
2033,2026-10,120000000.0,snap
2034,2025-09,528995589.0,backfill
2034,2025-10,528995589.0,backfill
2034,2025-11,528995589.0,backfill
2034,2025-12,528995589.0,backfill
2034,2026-01,528995589.0,backfill
2034,2026-02,528995589.0,backfill
2034,2026-03,528995589.0,backfill
2034,2026-04,528995589.0,backfill
2034,2026-05,528995589.0,backfill
2034,2026-06,528995589.0,backfill
2034,2026-07,528995589.0,backfill
2034,2026-08,528995589.0,backfill
2034,2026-09,528995589.0,backfill
2034,2026-10,528995589.0,snap
2035,2025-09,350000000.0,backfill
2035,2025-10,350000000.0,backfill
2035,2025-11,350000000.0,backfill
2035,2025-12,350000000.0,backfill
2035,2026-01,350000000.0,backfill
2035,2026-02,350000000.0,backfill
2035,2026-03,350000000.0,backfill
2035,2026-04,350000000.0,backfill
2035,2026-05,350000000.0,backfill
2035,2026-06,350000000.0,backfill
2035,2026-07,350000000.0,backfill
2035,2026-08,350000000.0,backfill
2035,2026-09,350000000.0,backfill
2035,2026-10,350000000.0,snap
2038,2025-09,194134303.0,backfill
2038,2025-10,194134303.0,backfill
2038,2025-11,194134303.0,backfill
2038,2025-12,194134303.0,backfill
2038,2026-01,194134303.0,backfill
2038,2026-02,194134303.0,backfill
2038,2026-03,194134303.0,backfill
2038,2026-04,194134303.0,backfill
2038,2026-05,194134303.0,backfill
2038,2026-06,194134303.0,backfill
2038,2026-07,194134303.0,backfill
2038,2026-08,194134303.0,backfill
2038,2026-09,194134303.0,backfill
2038,2026-10,194134303.0,snap
2049,2025-09,353792240.0,backfill
2049,2025-10,353792240.0,backfill
2049,2025-11,353792240.0,backfill
2049,2025-12,353792240.0,backfill
2049,2026-01,353792240.0,backfill
2049,2026-02,353792240.0,backfill
2049,2026-03,353792240.0,backfill
2049,2026-04,353792240.0,backfill
2049,2026-05,353792240.0,backfill
2049,2026-06,353792240.0,backfill
2049,2026-07,353792240.0,backfill
2049,2026-08,353792240.0,backfill
2049,2026-09,353792240.0,backfill
2049,2026-10,353792240.0,snap
2059,2025-09,95297072.0,backfill
2059,2025-10,95297072.0,backfill
2059,2025-11,95297072.0,backfill
2059,2025-12,95297072.0,backfill
2059,2026-01,95297072.0,backfill
2059,2026-02,95297072.0,backfill
2059,2026-03,95297072.0,backfill
2059,2026-04,95297072.0,backfill
2059,2026-05,95297072.0,backfill
2059,2026-06,95297072.0,backfill
2059,2026-07,95297072.0,backfill
2059,2026-08,95297072.0,backfill
2059,2026-09,95297072.0,backfill
2059,2026-10,95297072.0,snap
2061,2025-09,57378052.0,backfill
2061,2025-10,57378052.0,backfill
2061,2025-11,57378052.0,backfill
2061,2025-12,57378052.0,backfill
2061,2026-01,57378052.0,backfill
2061,2026-02,57378052.0,backfill
2061,2026-03,57378052.0,backfill
2061,2026-04,57378052.0,backfill
2061,2026-05,57378052.0,backfill
2061,2026-06,57378052.0,backfill
2061,2026-07,57378052.0,backfill
2061,2026-08,57378052.0,backfill
2061,2026-09,57378052.0,backfill
2061,2026-10,57378052.0,snap
2062,2025-09,199994152.0,backfill
2062,2025-10,199994152.0,backfill
2062,2025-11,199994152.0,backfill
2062,2025-12,199994152.0,backfill
2062,2026-01,199994152.0,backfill
2062,2026-02,199994152.0,backfill
2062,2026-03,199994152.0,backfill
2062,2026-04,199994152.0,backfill
2062,2026-05,199994152.0,backfill
2062,2026-06,199994152.0,backfill
2062,2026-07,199994152.0,backfill
2062,2026-08,199994152.0,backfill
2062,2026-09,199994152.0,backfill
2062,2026-10,199994152.0,snap
2063,2025-09,48101453.0,backfill
2063,2025-10,48101453.0,backfill
2063,2025-11,48101453.0,backfill
2063,2025-12,48101453.0,backfill
2063,2026-01,48101453.0,backfill
2063,2026-02,48101453.0,backfill
2063,2026-03,48101453.0,backfill
2063,2026-04,48101453.0,backfill
2063,2026-05,48101453.0,backfill
2063,2026-06,48101453.0,backfill
2063,2026-07,48101453.0,backfill
2063,2026-08,48101453.0,backfill
2063,2026-09,48101453.0,backfill
2063,2026-10,48101453.0,snap
2064,2025-09,69330000.0,backfill
2064,2025-10,69330000.0,backfill
2064,2025-11,69330000.0,backfill
2064,2025-12,69330000.0,backfill
2064,2026-01,69330000.0,backfill
2064,2026-02,69330000.0,backfill
2064,2026-03,69330000.0,backfill
2064,2026-04,69330000.0,backfill
2064,2026-05,69330000.0,backfill
2064,2026-06,69330000.0,backfill
2064,2026-07,69330000.0,backfill
2064,2026-08,69330000.0,backfill
2064,2026-09,69330000.0,backfill
2064,2026-10,69330000.0,snap
2065,2025-09,63516707.0,backfill
2065,2025-10,63516707.0,backfill
2065,2025-11,63516707.0,backfill
2065,2025-12,63516707.0,backfill
2065,2026-01,63516707.0,backfill
2065,2026-02,63516707.0,backfill
2065,2026-03,63516707.0,backfill
2065,2026-04,63516707.0,backfill
2065,2026-05,63516707.0,backfill
2065,2026-06,63516707.0,backfill
2065,2026-07,63516707.0,backfill
2065,2026-08,63516707.0,backfill
2065,2026-09,63516707.0,backfill
2065,2026-10,63516707.0,snap
2066,2025-09,44449527.0,backfill
2066,2025-10,44449527.0,backfill
2066,2025-11,44449527.0,backfill
2066,2025-12,44449527.0,backfill
2066,2026-01,44449527.0,backfill
2066,2026-02,44449527.0,backfill
2066,2026-03,44449527.0,backfill
2066,2026-04,44449527.0,backfill
2066,2026-05,44449527.0,backfill
2066,2026-06,44449527.0,backfill
2066,2026-07,44449527.0,backfill
2066,2026-08,44449527.0,backfill
2066,2026-09,44449527.0,backfill
2066,2026-10,44449527.0,snap
2067,2025-09,33858177.0,backfill
2067,2025-10,33858177.0,backfill
2067,2025-11,33858177.0,backfill
2067,2025-12,33858177.0,backfill
2067,2026-01,33858177.0,backfill
2067,2026-02,33858177.0,backfill
2067,2026-03,33858177.0,backfill
2067,2026-04,33858177.0,backfill
2067,2026-05,33858177.0,backfill
2067,2026-06,33858177.0,backfill
2067,2026-07,33858177.0,backfill
2067,2026-08,33858177.0,backfill
2067,2026-09,33858177.0,backfill
2067,2026-10,33858177.0,snap
2069,2025-09,166386836.0,backfill
2069,2025-10,166386836.0,backfill
2069,2025-11,166386836.0,backfill
2069,2025-12,166386836.0,backfill
2069,2026-01,166386836.0,backfill
2069,2026-02,166386836.0,backfill
2069,2026-03,166386836.0,backfill
2069,2026-04,166386836.0,backfill
2069,2026-05,166386836.0,backfill
2069,2026-06,166386836.0,backfill
2069,2026-07,166386836.0,backfill
2069,2026-08,166386836.0,backfill
2069,2026-09,166386836.0,backfill
2069,2026-10,166386836.0,snap
2070,2025-09,41782800.0,backfill
2070,2025-10,41782800.0,backfill
2070,2025-11,41782800.0,backfill
2070,2025-12,41782800.0,backfill
2070,2026-01,41782800.0,backfill
2070,2026-02,41782800.0,backfill
2070,2026-03,41782800.0,backfill
2070,2026-04,41782800.0,backfill
2070,2026-05,41782800.0,backfill
2070,2026-06,41782800.0,backfill
2070,2026-07,41782800.0,backfill
2070,2026-08,41782800.0,backfill
2070,2026-09,41782800.0,backfill
2070,2026-10,41782800.0,snap
2072,2025-09,192000000.0,backfill
2072,2025-10,192000000.0,backfill
2072,2025-11,192000000.0,backfill
2072,2025-12,192000000.0,backfill
2072,2026-01,192000000.0,backfill
2072,2026-02,192000000.0,backfill
2072,2026-03,192000000.0,backfill
2072,2026-04,192000000.0,backfill
2072,2026-05,192000000.0,backfill
2072,2026-06,192000000.0,backfill
2072,2026-07,192000000.0,backfill
2072,2026-08,192000000.0,backfill
2072,2026-09,192000000.0,backfill
2072,2026-10,192000000.0,snap
2073,2025-09,27500000.0,backfill
2073,2025-10,27500000.0,backfill
2073,2025-11,27500000.0,backfill
2073,2025-12,27500000.0,backfill
2073,2026-01,27500000.0,backfill
2073,2026-02,27500000.0,backfill
2073,2026-03,27500000.0,backfill
2073,2026-04,27500000.0,backfill
2073,2026-05,27500000.0,backfill
2073,2026-06,27500000.0,backfill
2073,2026-07,27500000.0,backfill
2073,2026-08,27500000.0,backfill
2073,2026-09,27500000.0,backfill
2073,2026-10,27500000.0,snap
2101,2025-09,733934904.0,backfill
2101,2025-10,733934904.0,backfill
2101,2025-11,733934904.0,backfill
2101,2025-12,733934904.0,backfill
2101,2026-01,733934904.0,backfill
2101,2026-02,733934904.0,backfill
2101,2026-03,733934904.0,backfill
2101,2026-04,733934904.0,backfill
2101,2026-05,733934904.0,backfill
2101,2026-06,733934904.0,backfill
2101,2026-07,733934904.0,backfill
2101,2026-08,733934904.0,backfill
2101,2026-09,733934904.0,backfill
2101,2026-10,733934904.0,snap
2102,2025-09,473329207.0,backfill
2102,2025-10,473329207.0,backfill
2102,2025-11,473329207.0,backfill
2102,2025-12,473329207.0,backfill
2102,2026-01,473329207.0,backfill
2102,2026-02,473329207.0,backfill
2102,2026-03,473329207.0,backfill
2102,2026-04,473329207.0,backfill
2102,2026-05,473329207.0,backfill
2102,2026-06,473329207.0,backfill
2102,2026-07,473329207.0,backfill
2102,2026-08,473329207.0,backfill
2102,2026-09,473329207.0,backfill
2102,2026-10,473329207.0,snap
2103,2025-09,825709978.0,backfill
2103,2025-10,825709978.0,backfill
2103,2025-11,825709978.0,backfill
2103,2025-12,825709978.0,backfill
2103,2026-01,825709978.0,backfill
2103,2026-02,825709978.0,backfill
2103,2026-03,825709978.0,backfill
2103,2026-04,825709978.0,backfill
2103,2026-05,825709978.0,backfill
2103,2026-06,825709978.0,backfill
2103,2026-07,825709978.0,backfill
2103,2026-08,825709978.0,backfill
2103,2026-09,825709978.0,backfill
2103,2026-10,825709978.0,snap
2104,2025-09,984733625.0,backfill
2104,2025-10,984733625.0,backfill
2104,2025-11,984733625.0,backfill
2104,2025-12,984733625.0,backfill
2104,2026-01,984733625.0,backfill
2104,2026-02,984733625.0,backfill
2104,2026-03,984733625.0,backfill
2104,2026-04,984733625.0,backfill
2104,2026-05,984733625.0,backfill
2104,2026-06,984733625.0,backfill
2104,2026-07,984733625.0,backfill
2104,2026-08,984733625.0,backfill
2104,2026-09,984733625.0,backfill
2104,2026-10,984733625.0,snap
2105,2025-09,3241415536.0,backfill
2105,2025-10,3241415536.0,backfill
2105,2025-11,3241415536.0,backfill
2105,2025-12,3241415536.0,backfill
2105,2026-01,3241415536.0,backfill
2105,2026-02,3241415536.0,backfill
2105,2026-03,3241415536.0,backfill
2105,2026-04,3241415536.0,backfill
2105,2026-05,3241415536.0,backfill
2105,2026-06,3241415536.0,backfill
2105,2026-07,3241415536.0,backfill
2105,2026-08,3241415536.0,backfill
2105,2026-09,3241415536.0,backfill
2105,2026-10,3241415536.0,snap
2106,2025-09,954890000.0,backfill
2106,2025-10,954890000.0,backfill
2106,2025-11,954890000.0,backfill
2106,2025-12,954890000.0,backfill
2106,2026-01,954890000.0,backfill
2106,2026-02,954890000.0,backfill
2106,2026-03,954890000.0,backfill
2106,2026-04,954890000.0,backfill
2106,2026-05,954890000.0,backfill
2106,2026-06,954890000.0,backfill
2106,2026-07,954890000.0,backfill
2106,2026-08,954890000.0,backfill
2106,2026-09,954890000.0,backfill
2106,2026-10,954890000.0,snap
2107,2025-09,303593400.0,backfill
2107,2025-10,303593400.0,backfill
2107,2025-11,303593400.0,backfill
2107,2025-12,303593400.0,backfill
2107,2026-01,303593400.0,backfill
2107,2026-02,303593400.0,backfill
2107,2026-03,303593400.0,backfill
2107,2026-04,303593400.0,backfill
2107,2026-05,303593400.0,backfill
2107,2026-06,303593400.0,backfill
2107,2026-07,303593400.0,backfill
2107,2026-08,303593400.0,backfill
2107,2026-09,303593400.0,backfill
2107,2026-10,303593400.0,snap
2108,2025-09,492416659.0,backfill
2108,2025-10,492416659.0,backfill
2108,2025-11,492416659.0,backfill
2108,2025-12,492416659.0,backfill
2108,2026-01,492416659.0,backfill
2108,2026-02,492416659.0,backfill
2108,2026-03,492416659.0,backfill
2108,2026-04,492416659.0,backfill
2108,2026-05,492416659.0,backfill
2108,2026-06,492416659.0,backfill
2108,2026-07,492416659.0,backfill
2108,2026-08,492416659.0,backfill
2108,2026-09,492416659.0,backfill
2108,2026-10,492416659.0,snap
2109,2025-09,279349134.0,backfill
2109,2025-10,279349134.0,backfill
2109,2025-11,279349134.0,backfill
2109,2025-12,279349134.0,backfill
2109,2026-01,279349134.0,backfill
2109,2026-02,279349134.0,backfill
2109,2026-03,279349134.0,backfill
2109,2026-04,279349134.0,backfill
2109,2026-05,279349134.0,backfill
2109,2026-06,279349134.0,backfill
2109,2026-07,279349134.0,backfill
2109,2026-08,279349134.0,backfill
2109,2026-09,279349134.0,backfill
2109,2026-10,279349134.0,snap
2114,2025-09,77991707.0,backfill
2114,2025-10,77991707.0,backfill
2114,2025-11,77991707.0,backfill
2114,2025-12,77991707.0,backfill
2114,2026-01,77991707.0,backfill
2114,2026-02,77991707.0,backfill
2114,2026-03,77991707.0,backfill
2114,2026-04,77991707.0,backfill
2114,2026-05,77991707.0,backfill
2114,2026-06,77991707.0,backfill
2114,2026-07,77991707.0,backfill
2114,2026-08,77991707.0,backfill
2114,2026-09,77991707.0,backfill
2114,2026-10,77991707.0,snap
2115,2025-09,104373163.0,backfill
2115,2025-10,104373163.0,backfill
2115,2025-11,104373163.0,backfill
2115,2025-12,104373163.0,backfill
2115,2026-01,104373163.0,backfill
2115,2026-02,104373163.0,backfill
2115,2026-03,104373163.0,backfill
2115,2026-04,104373163.0,backfill
2115,2026-05,104373163.0,backfill
2115,2026-06,104373163.0,backfill
2115,2026-07,104373163.0,backfill
2115,2026-08,104373163.0,backfill
2115,2026-09,104373163.0,backfill
2115,2026-10,104373163.0,snap
2201,2025-09,1070001251.0,backfill
2201,2025-10,1070001251.0,backfill
2201,2025-11,1070001251.0,backfill
2201,2025-12,1070001251.0,backfill
2201,2026-01,1070001251.0,backfill
2201,2026-02,1070001251.0,backfill
2201,2026-03,1070001251.0,backfill
2201,2026-04,1070001251.0,backfill
2201,2026-05,1070001251.0,backfill
2201,2026-06,1070001251.0,backfill
2201,2026-07,1070001251.0,backfill
2201,2026-08,1070001251.0,backfill
2201,2026-09,1070001251.0,backfill
2201,2026-10,1070001251.0,snap
2204,2025-09,553620342.0,backfill
2204,2025-10,553620342.0,backfill
2204,2025-11,553620342.0,backfill
2204,2025-12,553620342.0,backfill
2204,2026-01,553620342.0,backfill
2204,2026-02,553620342.0,backfill
2204,2026-03,553620342.0,backfill
2204,2026-04,553620342.0,backfill
2204,2026-05,553620342.0,backfill
2204,2026-06,553620342.0,backfill
2204,2026-07,553620342.0,backfill
2204,2026-08,553620342.0,backfill
2204,2026-09,553620342.0,backfill
2204,2026-10,553620342.0,snap
2206,2025-09,773675604.0,backfill
2206,2025-10,773675604.0,backfill
2206,2025-11,773675604.0,backfill
2206,2025-12,773675604.0,backfill
2206,2026-01,773675604.0,backfill
2206,2026-02,773675604.0,backfill
2206,2026-03,773675604.0,backfill
2206,2026-04,773675604.0,backfill
2206,2026-05,773675604.0,backfill
2206,2026-06,773675604.0,backfill
2206,2026-07,773675604.0,backfill
2206,2026-08,773675604.0,backfill
2206,2026-09,773675604.0,backfill
2206,2026-10,773675604.0,snap
2207,2025-09,557102768.0,backfill
2207,2025-10,557102768.0,backfill
2207,2025-11,557102768.0,backfill
2207,2025-12,557102768.0,backfill
2207,2026-01,557102768.0,backfill
2207,2026-02,557102768.0,backfill
2207,2026-03,557102768.0,backfill
2207,2026-04,557102768.0,backfill
2207,2026-05,557102768.0,backfill
2207,2026-06,557102768.0,backfill
2207,2026-07,557102768.0,backfill
2207,2026-08,557102768.0,backfill
2207,2026-09,557102768.0,backfill
2207,2026-10,557102768.0,snap
2208,2025-09,1274539449.0,backfill
2208,2025-10,1274539449.0,backfill
2208,2025-11,1274539449.0,backfill
2208,2025-12,1274539449.0,backfill
2208,2026-01,1274539449.0,backfill
2208,2026-02,1274539449.0,backfill
2208,2026-03,1274539449.0,backfill
2208,2026-04,1274539449.0,backfill
2208,2026-05,1274539449.0,backfill
2208,2026-06,1274539449.0,backfill
2208,2026-07,1274539449.0,backfill
2208,2026-08,1274539449.0,backfill
2208,2026-09,1274539449.0,backfill
2208,2026-10,1274539449.0,snap
2211,2025-09,417091463.0,backfill
2211,2025-10,417091463.0,backfill
2211,2025-11,417091463.0,backfill
2211,2025-12,417091463.0,backfill
2211,2026-01,417091463.0,backfill
2211,2026-02,417091463.0,backfill
2211,2026-03,417091463.0,backfill
2211,2026-04,417091463.0,backfill
2211,2026-05,417091463.0,backfill
2211,2026-06,417091463.0,backfill
2211,2026-07,417091463.0,backfill
2211,2026-08,417091463.0,backfill
2211,2026-09,417091463.0,backfill
2211,2026-10,417091463.0,snap
2221,2025-09,42325000.0,backfill
2221,2025-10,42325000.0,backfill
2221,2025-11,42325000.0,backfill
2221,2025-12,42325000.0,backfill
2221,2026-01,42325000.0,backfill
2221,2026-02,42325000.0,backfill
2221,2026-03,42325000.0,backfill
2221,2026-04,42325000.0,backfill
2221,2026-05,42325000.0,backfill
2221,2026-06,42325000.0,backfill
2221,2026-07,42325000.0,backfill
2221,2026-08,42325000.0,backfill
2221,2026-09,42325000.0,backfill
2221,2026-10,42325000.0,snap
2227,2025-09,300000000.0,backfill
2227,2025-10,300000000.0,backfill
2227,2025-11,300000000.0,backfill
2227,2025-12,300000000.0,backfill
2227,2026-01,300000000.0,backfill
2227,2026-02,300000000.0,backfill
2227,2026-03,300000000.0,backfill
2227,2026-04,300000000.0,backfill
2227,2026-05,300000000.0,backfill
2227,2026-06,300000000.0,backfill
2227,2026-07,300000000.0,backfill
2227,2026-08,300000000.0,backfill
2227,2026-09,300000000.0,backfill
2227,2026-10,300000000.0,snap
2228,2025-09,79779692.0,backfill
2228,2025-10,79779692.0,backfill
2228,2025-11,79779692.0,backfill
2228,2025-12,79779692.0,backfill
2228,2026-01,79779692.0,backfill
2228,2026-02,79779692.0,backfill
2228,2026-03,79779692.0,backfill
2228,2026-04,79779692.0,backfill
2228,2026-05,79779692.0,backfill
2228,2026-06,79779692.0,backfill
2228,2026-07,79779692.0,backfill
2228,2026-08,79779692.0,backfill
2228,2026-09,79779692.0,backfill
2228,2026-10,79779692.0,snap
2230,2025-09,68029605.0,backfill
2230,2025-10,68029605.0,backfill
2230,2025-11,68029605.0,backfill
2230,2025-12,68029605.0,backfill
2230,2026-01,68029605.0,backfill
2230,2026-02,68029605.0,backfill
2230,2026-03,68029605.0,backfill
2230,2026-04,68029605.0,backfill
2230,2026-05,68029605.0,backfill
2230,2026-06,68029605.0,backfill
2230,2026-07,68029605.0,backfill
2230,2026-08,68029605.0,backfill
2230,2026-09,68029605.0,backfill
2230,2026-10,68029605.0,snap
2231,2025-09,135931870.0,backfill
2231,2025-10,135931870.0,backfill
2231,2025-11,135931870.0,backfill
2231,2025-12,135931870.0,backfill
2231,2026-01,135931870.0,backfill
2231,2026-02,135931870.0,backfill
2231,2026-03,135931870.0,backfill
2231,2026-04,135931870.0,backfill
2231,2026-05,135931870.0,backfill
2231,2026-06,135931870.0,backfill
2231,2026-07,135931870.0,backfill
2231,2026-08,135931870.0,backfill
2231,2026-09,135931870.0,backfill
2231,2026-10,135931870.0,snap
2233,2025-09,60288889.0,backfill
2233,2025-10,60288889.0,backfill
2233,2025-11,60288889.0,backfill
2233,2025-12,60288889.0,backfill
2233,2026-01,60288889.0,backfill
2233,2026-02,60288889.0,backfill
2233,2026-03,60288889.0,backfill
2233,2026-04,60288889.0,backfill
2233,2026-05,60288889.0,backfill
2233,2026-06,60288889.0,backfill
2233,2026-07,60288889.0,backfill
2233,2026-08,60288889.0,backfill
2233,2026-09,60288889.0,backfill
2233,2026-10,60288889.0,snap
2235,2025-09,35878000.0,backfill
2235,2025-10,35878000.0,backfill
2235,2025-11,35878000.0,backfill
2235,2025-12,35878000.0,backfill
2235,2026-01,35878000.0,backfill
2235,2026-02,35878000.0,backfill
2235,2026-03,35878000.0,backfill
2235,2026-04,35878000.0,backfill
2235,2026-05,35878000.0,backfill
2235,2026-06,35878000.0,backfill
2235,2026-07,35878000.0,backfill
2235,2026-08,35878000.0,backfill
2235,2026-09,35878000.0,backfill
2235,2026-10,35878000.0,snap
2236,2025-09,63517032.0,backfill
2236,2025-10,63517032.0,backfill
2236,2025-11,63517032.0,backfill
2236,2025-12,63517032.0,backfill
2236,2026-01,63517032.0,backfill
2236,2026-02,63517032.0,backfill
2236,2026-03,63517032.0,backfill
2236,2026-04,63517032.0,backfill
2236,2026-05,63517032.0,backfill
2236,2026-06,63517032.0,backfill
2236,2026-07,63517032.0,backfill
2236,2026-08,63517032.0,backfill
2236,2026-09,63517032.0,backfill
2236,2026-10,63517032.0,snap
2237,2025-09,128885901.0,backfill
2237,2025-10,128885901.0,backfill
2237,2025-11,128885901.0,backfill
2237,2025-12,128885901.0,backfill
2237,2026-01,128885901.0,backfill
2237,2026-02,128885901.0,backfill
2237,2026-03,128885901.0,backfill
2237,2026-04,128885901.0,backfill
2237,2026-05,128885901.0,backfill
2237,2026-06,128885901.0,backfill
2237,2026-07,128885901.0,backfill
2237,2026-08,128885901.0,backfill
2237,2026-09,128885901.0,backfill
2237,2026-10,128885901.0,snap
2239,2025-09,117712593.0,backfill
2239,2025-10,117712593.0,backfill
2239,2025-11,117712593.0,backfill
2239,2025-12,117712593.0,backfill
2239,2026-01,117712593.0,backfill
2239,2026-02,117712593.0,backfill
2239,2026-03,117712593.0,backfill
2239,2026-04,117712593.0,backfill
2239,2026-05,117712593.0,backfill
2239,2026-06,117712593.0,backfill
2239,2026-07,117712593.0,backfill
2239,2026-08,117712593.0,backfill
2239,2026-09,117712593.0,backfill
2239,2026-10,117712593.0,snap
2241,2025-09,104602306.0,backfill
2241,2025-10,104602306.0,backfill
2241,2025-11,104602306.0,backfill
2241,2025-12,104602306.0,backfill
2241,2026-01,104602306.0,backfill
2241,2026-02,104602306.0,backfill
2241,2026-03,104602306.0,backfill
2241,2026-04,104602306.0,backfill
2241,2026-05,104602306.0,backfill
2241,2026-06,104602306.0,backfill
2241,2026-07,104602306.0,backfill
2241,2026-08,104602306.0,backfill
2241,2026-09,104602306.0,backfill
2241,2026-10,104602306.0,snap
2243,2025-09,77373596.0,backfill
2243,2025-10,77373596.0,backfill
2243,2025-11,77373596.0,backfill
2243,2025-12,77373596.0,backfill
2243,2026-01,77373596.0,backfill
2243,2026-02,77373596.0,backfill
2243,2026-03,77373596.0,backfill
2243,2026-04,77373596.0,backfill
2243,2026-05,77373596.0,backfill
2243,2026-06,77373596.0,backfill
2243,2026-07,77373596.0,backfill
2243,2026-08,77373596.0,backfill
2243,2026-09,77373596.0,backfill
2243,2026-10,77373596.0,snap
2247,2025-09,80710926.0,backfill
2247,2025-10,80710926.0,backfill
2247,2025-11,80710926.0,backfill
2247,2025-12,80710926.0,backfill
2247,2026-01,80710926.0,backfill
2247,2026-02,80710926.0,backfill
2247,2026-03,80710926.0,backfill
2247,2026-04,80710926.0,backfill
2247,2026-05,80710926.0,backfill
2247,2026-06,80710926.0,backfill
2247,2026-07,80710926.0,backfill
2247,2026-08,80710926.0,backfill
2247,2026-09,80710926.0,backfill
2247,2026-10,80710926.0,snap
2248,2025-09,47600000.0,backfill
2248,2025-10,47600000.0,backfill
2248,2025-11,47600000.0,backfill
2248,2025-12,47600000.0,backfill
2248,2026-01,47600000.0,backfill
2248,2026-02,47600000.0,backfill
2248,2026-03,47600000.0,backfill
2248,2026-04,47600000.0,backfill
2248,2026-05,47600000.0,backfill
2248,2026-06,47600000.0,backfill
2248,2026-07,47600000.0,backfill
2248,2026-08,47600000.0,backfill
2248,2026-09,47600000.0,backfill
2248,2026-10,47600000.0,snap
2250,2025-09,36388226.0,backfill
2250,2025-10,36388226.0,backfill
2250,2025-11,36388226.0,backfill
2250,2025-12,36388226.0,backfill
2250,2026-01,36388226.0,backfill
2250,2026-02,36388226.0,backfill
2250,2026-03,36388226.0,backfill
2250,2026-04,36388226.0,backfill
2250,2026-05,36388226.0,backfill
2250,2026-06,36388226.0,backfill
2250,2026-07,36388226.0,backfill
2250,2026-08,36388226.0,backfill
2250,2026-09,36388226.0,backfill
2250,2026-10,36388226.0,snap
2254,2025-09,63907680.0,backfill
2254,2025-10,63907680.0,backfill
2254,2025-11,63907680.0,backfill
2254,2025-12,63907680.0,backfill
2254,2026-01,63907680.0,backfill
2254,2026-02,63907680.0,backfill
2254,2026-03,63907680.0,backfill
2254,2026-04,63907680.0,backfill
2254,2026-05,63907680.0,backfill
2254,2026-06,63907680.0,backfill
2254,2026-07,63907680.0,backfill
2254,2026-08,63907680.0,backfill
2254,2026-09,63907680.0,backfill
2254,2026-10,63907680.0,snap
2258,2025-09,1751267300.0,backfill
2258,2025-10,1751267300.0,backfill
2258,2025-11,1751267300.0,backfill
2258,2025-12,1751267300.0,backfill
2258,2026-01,1751267300.0,backfill
2258,2026-02,1751267300.0,backfill
2258,2026-03,1751267300.0,backfill
2258,2026-04,1751267300.0,backfill
2258,2026-05,1751267300.0,backfill
2258,2026-06,1751267300.0,backfill
2258,2026-07,1751267300.0,backfill
2258,2026-08,1751267300.0,backfill
2258,2026-09,1751267300.0,backfill
2258,2026-10,1751267300.0,snap
2301,2025-09,2316107763.0,backfill
2301,2025-10,2316107763.0,backfill
2301,2025-11,2316107763.0,backfill
2301,2025-12,2316107763.0,backfill
2301,2026-01,2316107763.0,backfill
2301,2026-02,2316107763.0,backfill
2301,2026-03,2316107763.0,backfill
2301,2026-04,2316107763.0,backfill
2301,2026-05,2316107763.0,backfill
2301,2026-06,2316107763.0,backfill
2301,2026-07,2316107763.0,backfill
2301,2026-08,2316107763.0,backfill
2301,2026-09,2316107763.0,backfill
2301,2026-10,2316107763.0,snap
2302,2025-09,166302881.0,backfill
2302,2025-10,166302881.0,backfill
2302,2025-11,166302881.0,backfill
2302,2025-12,166302881.0,backfill
2302,2026-01,166302881.0,backfill
2302,2026-02,166302881.0,backfill
2302,2026-03,166302881.0,backfill
2302,2026-04,166302881.0,backfill
2302,2026-05,166302881.0,backfill
2302,2026-06,166302881.0,backfill
2302,2026-07,166302881.0,backfill
2302,2026-08,166302881.0,backfill
2302,2026-09,166302881.0,backfill
2302,2026-10,166302881.0,snap
2303,2025-09,12570093899.0,backfill
2303,2025-10,12570093899.0,backfill
2303,2025-11,12570093899.0,backfill
2303,2025-12,12570093899.0,backfill
2303,2026-01,12570093899.0,backfill
2303,2026-02,12570093899.0,backfill
2303,2026-03,12570093899.0,backfill
2303,2026-04,12570093899.0,backfill
2303,2026-05,12570093899.0,backfill
2303,2026-06,12570093899.0,backfill
2303,2026-07,12570093899.0,backfill
2303,2026-08,12570093899.0,backfill
2303,2026-09,12570093899.0,backfill
2303,2026-10,12570093899.0,snap
2305,2025-09,205660827.0,backfill
2305,2025-10,205660827.0,backfill
2305,2025-11,205660827.0,backfill
2305,2025-12,205660827.0,backfill
2305,2026-01,205660827.0,backfill
2305,2026-02,205660827.0,backfill
2305,2026-03,205660827.0,backfill
2305,2026-04,205660827.0,backfill
2305,2026-05,205660827.0,backfill
2305,2026-06,205660827.0,backfill
2305,2026-07,205660827.0,backfill
2305,2026-08,205660827.0,backfill
2305,2026-09,205660827.0,backfill
2305,2026-10,205660827.0,snap
2308,2025-09,2597543329.0,backfill
2308,2025-10,2597543329.0,backfill
2308,2025-11,2597543329.0,backfill
2308,2025-12,2597543329.0,backfill
2308,2026-01,2597543329.0,backfill
2308,2026-02,2597543329.0,backfill
2308,2026-03,2597543329.0,backfill
2308,2026-04,2597543329.0,backfill
2308,2026-05,2597543329.0,backfill
2308,2026-06,2597543329.0,backfill
2308,2026-07,2597543329.0,backfill
2308,2026-08,2597543329.0,backfill
2308,2026-09,2597543329.0,backfill
2308,2026-10,2597543329.0,snap
2312,2025-09,1505781211.0,backfill
2312,2025-10,1505781211.0,backfill
2312,2025-11,1505781211.0,backfill
2312,2025-12,1505781211.0,backfill
2312,2026-01,1505781211.0,backfill
2312,2026-02,1505781211.0,backfill
2312,2026-03,1505781211.0,backfill
2312,2026-04,1505781211.0,backfill
2312,2026-05,1505781211.0,backfill
2312,2026-06,1505781211.0,backfill
2312,2026-07,1505781211.0,backfill
2312,2026-08,1505781211.0,backfill
2312,2026-09,1505781211.0,backfill
2312,2026-10,1505781211.0,snap
2313,2025-09,1233820589.0,backfill
2313,2025-10,1233820589.0,backfill
2313,2025-11,1233820589.0,backfill
2313,2025-12,1233820589.0,backfill
2313,2026-01,1233820589.0,backfill
2313,2026-02,1233820589.0,backfill
2313,2026-03,1233820589.0,backfill
2313,2026-04,1233820589.0,backfill
2313,2026-05,1233820589.0,backfill
2313,2026-06,1233820589.0,backfill
2313,2026-07,1233820589.0,backfill
2313,2026-08,1233820589.0,backfill
2313,2026-09,1233820589.0,backfill
2313,2026-10,1233820589.0,snap
2314,2025-09,108596422.0,backfill
2314,2025-10,108596422.0,backfill
2314,2025-11,108596422.0,backfill
2314,2025-12,108596422.0,backfill
2314,2026-01,108596422.0,backfill
2314,2026-02,108596422.0,backfill
2314,2026-03,108596422.0,backfill
2314,2026-04,108596422.0,backfill
2314,2026-05,108596422.0,backfill
2314,2026-06,108596422.0,backfill
2314,2026-07,108596422.0,backfill
2314,2026-08,108596422.0,backfill
2314,2026-09,108596422.0,backfill
2314,2026-10,108596422.0,snap
2316,2025-09,182740536.0,backfill
2316,2025-10,182740536.0,backfill
2316,2025-11,182740536.0,backfill
2316,2025-12,182740536.0,backfill
2316,2026-01,182740536.0,backfill
2316,2026-02,182740536.0,backfill
2316,2026-03,182740536.0,backfill
2316,2026-04,182740536.0,backfill
2316,2026-05,182740536.0,backfill
2316,2026-06,182740536.0,backfill
2316,2026-07,182740536.0,backfill
2316,2026-08,182740536.0,backfill
2316,2026-09,182740536.0,backfill
2316,2026-10,182740536.0,snap
2317,2025-09,14075746497.0,backfill
2317,2025-10,14075746497.0,backfill
2317,2025-11,14075746497.0,backfill
2317,2025-12,14075746497.0,backfill
2317,2026-01,14075746497.0,backfill
2317,2026-02,14075746497.0,backfill
2317,2026-03,14075746497.0,backfill
2317,2026-04,14075746497.0,backfill
2317,2026-05,14075746497.0,backfill
2317,2026-06,14075746497.0,backfill
2317,2026-07,14075746497.0,backfill
2317,2026-08,14075746497.0,backfill
2317,2026-09,14075746497.0,backfill
2317,2026-10,14075746497.0,snap
2321,2025-09,16555060.0,backfill
2321,2025-10,16555060.0,backfill
2321,2025-11,16555060.0,backfill
2321,2025-12,16555060.0,backfill
2321,2026-01,16555060.0,backfill
2321,2026-02,16555060.0,backfill
2321,2026-03,16555060.0,backfill
2321,2026-04,16555060.0,backfill
2321,2026-05,16555060.0,backfill
2321,2026-06,16555060.0,backfill
2321,2026-07,16555060.0,backfill
2321,2026-08,16555060.0,backfill
2321,2026-09,16555060.0,backfill
2321,2026-10,16555060.0,snap
2323,2025-09,980413495.0,backfill
2323,2025-10,980413495.0,backfill
2323,2025-11,980413495.0,backfill
2323,2025-12,980413495.0,backfill
2323,2026-01,980413495.0,backfill
2323,2026-02,980413495.0,backfill
2323,2026-03,980413495.0,backfill
2323,2026-04,980413495.0,backfill
2323,2026-05,980413495.0,backfill
2323,2026-06,980413495.0,backfill
2323,2026-07,980413495.0,backfill
2323,2026-08,980413495.0,backfill
2323,2026-09,980413495.0,backfill
2323,2026-10,980413495.0,snap
2324,2025-09,4407146625.0,backfill
2324,2025-10,4407146625.0,backfill
2324,2025-11,4407146625.0,backfill
2324,2025-12,4407146625.0,backfill
2324,2026-01,4407146625.0,backfill
2324,2026-02,4407146625.0,backfill
2324,2026-03,4407146625.0,backfill
2324,2026-04,4407146625.0,backfill
2324,2026-05,4407146625.0,backfill
2324,2026-06,4407146625.0,backfill
2324,2026-07,4407146625.0,backfill
2324,2026-08,4407146625.0,backfill
2324,2026-09,4407146625.0,backfill
2324,2026-10,4407146625.0,snap
2327,2025-09,2058730688.0,backfill
2327,2025-10,2058730688.0,backfill
2327,2025-11,2058730688.0,backfill
2327,2025-12,2058730688.0,backfill
2327,2026-01,2058730688.0,backfill
2327,2026-02,2058730688.0,backfill
2327,2026-03,2058730688.0,backfill
2327,2026-04,2058730688.0,backfill
2327,2026-05,2058730688.0,backfill
2327,2026-06,2058730688.0,backfill
2327,2026-07,2058730688.0,backfill
2327,2026-08,2058730688.0,backfill
2327,2026-09,2058730688.0,backfill
2327,2026-10,2058730688.0,snap
2328,2025-09,518346282.0,backfill
2328,2025-10,518346282.0,backfill
2328,2025-11,518346282.0,backfill
2328,2025-12,518346282.0,backfill
2328,2026-01,518346282.0,backfill
2328,2026-02,518346282.0,backfill
2328,2026-03,518346282.0,backfill
2328,2026-04,518346282.0,backfill
2328,2026-05,518346282.0,backfill
2328,2026-06,518346282.0,backfill
2328,2026-07,518346282.0,backfill
2328,2026-08,518346282.0,backfill
2328,2026-09,518346282.0,backfill
2328,2026-10,518346282.0,snap
2329,2025-09,658948333.0,backfill
2329,2025-10,658948333.0,backfill
2329,2025-11,658948333.0,backfill
2329,2025-12,658948333.0,backfill
2329,2026-01,658948333.0,backfill
2329,2026-02,658948333.0,backfill
2329,2026-03,658948333.0,backfill
2329,2026-04,658948333.0,backfill
2329,2026-05,658948333.0,backfill
2329,2026-06,658948333.0,backfill
2329,2026-07,658948333.0,backfill
2329,2026-08,658948333.0,backfill
2329,2026-09,658948333.0,backfill
2329,2026-10,658948333.0,snap
2330,2025-09,25932370067.0,backfill
2330,2025-10,25932370067.0,backfill
2330,2025-11,25932370067.0,backfill
2330,2025-12,25932370067.0,backfill
2330,2026-01,25932370067.0,backfill
2330,2026-02,25932370067.0,backfill
2330,2026-03,25932370067.0,backfill
2330,2026-04,25932370067.0,backfill
2330,2026-05,25932370067.0,backfill
2330,2026-06,25932370067.0,backfill
2330,2026-07,25932370067.0,backfill
2330,2026-08,25932370067.0,backfill
2330,2026-09,25932370067.0,backfill
2330,2026-10,25932370067.0,snap
2331,2025-09,557402968.0,backfill
2331,2025-10,557402968.0,backfill
2331,2025-11,557402968.0,backfill
2331,2025-12,557402968.0,backfill
2331,2026-01,557402968.0,backfill
2331,2026-02,557402968.0,backfill
2331,2026-03,557402968.0,backfill
2331,2026-04,557402968.0,backfill
2331,2026-05,557402968.0,backfill
2331,2026-06,557402968.0,backfill
2331,2026-07,557402968.0,backfill
2331,2026-08,557402968.0,backfill
2331,2026-09,557402968.0,backfill
2331,2026-10,557402968.0,snap
2332,2025-09,602163173.0,backfill
2332,2025-10,602163173.0,backfill
2332,2025-11,602163173.0,backfill
2332,2025-12,602163173.0,backfill
2332,2026-01,602163173.0,backfill
2332,2026-02,602163173.0,backfill
2332,2026-03,602163173.0,backfill
2332,2026-04,602163173.0,backfill
2332,2026-05,602163173.0,backfill
2332,2026-06,602163173.0,backfill
2332,2026-07,602163173.0,backfill
2332,2026-08,602163173.0,backfill
2332,2026-09,602163173.0,backfill
2332,2026-10,602163173.0,snap
2337,2025-09,1981856638.0,backfill
2337,2025-10,1981856638.0,backfill
2337,2025-11,1981856638.0,backfill
2337,2025-12,1981856638.0,backfill
2337,2026-01,1981856638.0,backfill
2337,2026-02,1981856638.0,backfill
2337,2026-03,1981856638.0,backfill
2337,2026-04,1981856638.0,backfill
2337,2026-05,1981856638.0,backfill
2337,2026-06,1981856638.0,backfill
2337,2026-07,1981856638.0,backfill
2337,2026-08,1981856638.0,backfill
2337,2026-09,1981856638.0,backfill
2337,2026-10,1981856638.0,snap
2338,2025-09,370349183.0,backfill
2338,2025-10,370349183.0,backfill
2338,2025-11,370349183.0,backfill
2338,2025-12,370349183.0,backfill
2338,2026-01,370349183.0,backfill
2338,2026-02,370349183.0,backfill
2338,2026-03,370349183.0,backfill
2338,2026-04,370349183.0,backfill
2338,2026-05,370349183.0,backfill
2338,2026-06,370349183.0,backfill
2338,2026-07,370349183.0,backfill
2338,2026-08,370349183.0,backfill
2338,2026-09,370349183.0,backfill
2338,2026-10,370349183.0,snap
2340,2025-09,438622846.0,backfill
2340,2025-10,438622846.0,backfill
2340,2025-11,438622846.0,backfill
2340,2025-12,438622846.0,backfill
2340,2026-01,438622846.0,backfill
2340,2026-02,438622846.0,backfill
2340,2026-03,438622846.0,backfill
2340,2026-04,438622846.0,backfill
2340,2026-05,438622846.0,backfill
2340,2026-06,438622846.0,backfill
2340,2026-07,438622846.0,backfill
2340,2026-08,438622846.0,backfill
2340,2026-09,438622846.0,backfill
2340,2026-10,438622846.0,snap
2342,2025-09,157335244.0,backfill
2342,2025-10,157335244.0,backfill
2342,2025-11,157335244.0,backfill
2342,2025-12,157335244.0,backfill
2342,2026-01,157335244.0,backfill
2342,2026-02,157335244.0,backfill
2342,2026-03,157335244.0,backfill
2342,2026-04,157335244.0,backfill
2342,2026-05,157335244.0,backfill
2342,2026-06,157335244.0,backfill
2342,2026-07,157335244.0,backfill
2342,2026-08,157335244.0,backfill
2342,2026-09,157335244.0,backfill
2342,2026-10,157335244.0,snap
2344,2025-09,4500000193.0,backfill
2344,2025-10,4500000193.0,backfill
2344,2025-11,4500000193.0,backfill
2344,2025-12,4500000193.0,backfill
2344,2026-01,4500000193.0,backfill
2344,2026-02,4500000193.0,backfill
2344,2026-03,4500000193.0,backfill
2344,2026-04,4500000193.0,backfill
2344,2026-05,4500000193.0,backfill
2344,2026-06,4500000193.0,backfill
2344,2026-07,4500000193.0,backfill
2344,2026-08,4500000193.0,backfill
2344,2026-09,4500000193.0,backfill
2344,2026-10,4500000193.0,snap
2345,2025-09,561117897.0,backfill
2345,2025-10,561117897.0,backfill
2345,2025-11,561117897.0,backfill
2345,2025-12,561117897.0,backfill
2345,2026-01,561117897.0,backfill
2345,2026-02,561117897.0,backfill
2345,2026-03,561117897.0,backfill
2345,2026-04,561117897.0,backfill
2345,2026-05,561117897.0,backfill
2345,2026-06,561117897.0,backfill
2345,2026-07,561117897.0,backfill
2345,2026-08,561117897.0,backfill
2345,2026-09,561117897.0,backfill
2345,2026-10,561117897.0,snap
2347,2025-09,1667946968.0,backfill
2347,2025-10,1667946968.0,backfill
2347,2025-11,1667946968.0,backfill
2347,2025-12,1667946968.0,backfill
2347,2026-01,1667946968.0,backfill
2347,2026-02,1667946968.0,backfill
2347,2026-03,1667946968.0,backfill
2347,2026-04,1667946968.0,backfill
2347,2026-05,1667946968.0,backfill
2347,2026-06,1667946968.0,backfill
2347,2026-07,1667946968.0,backfill
2347,2026-08,1667946968.0,backfill
2347,2026-09,1667946968.0,backfill
2347,2026-10,1667946968.0,snap
2348,2025-09,159485596.0,backfill
2348,2025-10,159485596.0,backfill
2348,2025-11,159485596.0,backfill
2348,2025-12,159485596.0,backfill
2348,2026-01,159485596.0,backfill
2348,2026-02,159485596.0,backfill
2348,2026-03,159485596.0,backfill
2348,2026-04,159485596.0,backfill
2348,2026-05,159485596.0,backfill
2348,2026-06,159485596.0,backfill
2348,2026-07,159485596.0,backfill
2348,2026-08,159485596.0,backfill
2348,2026-09,159485596.0,backfill
2348,2026-10,159485596.0,snap
2349,2025-09,693679663.0,backfill
2349,2025-10,693679663.0,backfill
2349,2025-11,693679663.0,backfill
2349,2025-12,693679663.0,backfill
2349,2026-01,693679663.0,backfill
2349,2026-02,693679663.0,backfill
2349,2026-03,693679663.0,backfill
2349,2026-04,693679663.0,backfill
2349,2026-05,693679663.0,backfill
2349,2026-06,693679663.0,backfill
2349,2026-07,693679663.0,backfill
2349,2026-08,693679663.0,backfill
2349,2026-09,693679663.0,backfill
2349,2026-10,693679663.0,snap
2351,2025-09,193734061.0,backfill
2351,2025-10,193734061.0,backfill
2351,2025-11,193734061.0,backfill
2351,2025-12,193734061.0,backfill
2351,2026-01,193734061.0,backfill
2351,2026-02,193734061.0,backfill
2351,2026-03,193734061.0,backfill
2351,2026-04,193734061.0,backfill
2351,2026-05,193734061.0,backfill
2351,2026-06,193734061.0,backfill
2351,2026-07,193734061.0,backfill
2351,2026-08,193734061.0,backfill
2351,2026-09,193734061.0,backfill
2351,2026-10,193734061.0,snap
2352,2025-09,1580506505.0,backfill
2352,2025-10,1580506505.0,backfill
2352,2025-11,1580506505.0,backfill
2352,2025-12,1580506505.0,backfill
2352,2026-01,1580506505.0,backfill
2352,2026-02,1580506505.0,backfill
2352,2026-03,1580506505.0,backfill
2352,2026-04,1580506505.0,backfill
2352,2026-05,1580506505.0,backfill
2352,2026-06,1580506505.0,backfill
2352,2026-07,1580506505.0,backfill
2352,2026-08,1580506505.0,backfill
2352,2026-09,1580506505.0,backfill
2352,2026-10,1580506505.0,snap
2353,2025-09,3047853828.0,backfill
2353,2025-10,3047853828.0,backfill
2353,2025-11,3047853828.0,backfill
2353,2025-12,3047853828.0,backfill
2353,2026-01,3047853828.0,backfill
2353,2026-02,3047853828.0,backfill
2353,2026-03,3047853828.0,backfill
2353,2026-04,3047853828.0,backfill
2353,2026-05,3047853828.0,backfill
2353,2026-06,3047853828.0,backfill
2353,2026-07,3047853828.0,backfill
2353,2026-08,3047853828.0,backfill
2353,2026-09,3047853828.0,backfill
2353,2026-10,3047853828.0,snap
2354,2025-09,1414485192.0,backfill
2354,2025-10,1414485192.0,backfill
2354,2025-11,1414485192.0,backfill
2354,2025-12,1414485192.0,backfill
2354,2026-01,1414485192.0,backfill
2354,2026-02,1414485192.0,backfill
2354,2026-03,1414485192.0,backfill
2354,2026-04,1414485192.0,backfill
2354,2026-05,1414485192.0,backfill
2354,2026-06,1414485192.0,backfill
2354,2026-07,1414485192.0,backfill
2354,2026-08,1414485192.0,backfill
2354,2026-09,1414485192.0,backfill
2354,2026-10,1414485192.0,snap
2355,2025-09,397495420.0,backfill
2355,2025-10,397495420.0,backfill
2355,2025-11,397495420.0,backfill
2355,2025-12,397495420.0,backfill
2355,2026-01,397495420.0,backfill
2355,2026-02,397495420.0,backfill
2355,2026-03,397495420.0,backfill
2355,2026-04,397495420.0,backfill
2355,2026-05,397495420.0,backfill
2355,2026-06,397495420.0,backfill
2355,2026-07,397495420.0,backfill
2355,2026-08,397495420.0,backfill
2355,2026-09,397495420.0,backfill
2355,2026-10,397495420.0,snap
2356,2025-09,3587475066.0,backfill
2356,2025-10,3587475066.0,backfill
2356,2025-11,3587475066.0,backfill
2356,2025-12,3587475066.0,backfill
2356,2026-01,3587475066.0,backfill
2356,2026-02,3587475066.0,backfill
2356,2026-03,3587475066.0,backfill
2356,2026-04,3587475066.0,backfill
2356,2026-05,3587475066.0,backfill
2356,2026-06,3587475066.0,backfill
2356,2026-07,3587475066.0,backfill
2356,2026-08,3587475066.0,backfill
2356,2026-09,3587475066.0,backfill
2356,2026-10,3587475066.0,snap
2357,2025-09,742760280.0,backfill
2357,2025-10,742760280.0,backfill
2357,2025-11,742760280.0,backfill
2357,2025-12,742760280.0,backfill
2357,2026-01,742760280.0,backfill
2357,2026-02,742760280.0,backfill
2357,2026-03,742760280.0,backfill
2357,2026-04,742760280.0,backfill
2357,2026-05,742760280.0,backfill
2357,2026-06,742760280.0,backfill
2357,2026-07,742760280.0,backfill
2357,2026-08,742760280.0,backfill
2357,2026-09,742760280.0,backfill
2357,2026-10,742760280.0,snap
2359,2025-09,171471052.0,backfill
2359,2025-10,171471052.0,backfill
2359,2025-11,171471052.0,backfill
2359,2025-12,171471052.0,backfill
2359,2026-01,171471052.0,backfill
2359,2026-02,171471052.0,backfill
2359,2026-03,171471052.0,backfill
2359,2026-04,171471052.0,backfill
2359,2026-05,171471052.0,backfill
2359,2026-06,171471052.0,backfill
2359,2026-07,171471052.0,backfill
2359,2026-08,171471052.0,backfill
2359,2026-09,171471052.0,backfill
2359,2026-10,171471052.0,snap
2360,2025-09,425245742.0,backfill
2360,2025-10,425245742.0,backfill
2360,2025-11,425245742.0,backfill
2360,2025-12,425245742.0,backfill
2360,2026-01,425245742.0,backfill
2360,2026-02,425245742.0,backfill
2360,2026-03,425245742.0,backfill
2360,2026-04,425245742.0,backfill
2360,2026-05,425245742.0,backfill
2360,2026-06,425245742.0,backfill
2360,2026-07,425245742.0,backfill
2360,2026-08,425245742.0,backfill
2360,2026-09,425245742.0,backfill
2360,2026-10,425245742.0,snap
2362,2025-09,622263000.0,backfill
2362,2025-10,622263000.0,backfill
2362,2025-11,622263000.0,backfill
2362,2025-12,622263000.0,backfill
2362,2026-01,622263000.0,backfill
2362,2026-02,622263000.0,backfill
2362,2026-03,622263000.0,backfill
2362,2026-04,622263000.0,backfill
2362,2026-05,622263000.0,backfill
2362,2026-06,622263000.0,backfill
2362,2026-07,622263000.0,backfill
2362,2026-08,622263000.0,backfill
2362,2026-09,622263000.0,backfill
2362,2026-10,622263000.0,snap
2363,2025-09,514988161.0,backfill
2363,2025-10,514988161.0,backfill
2363,2025-11,514988161.0,backfill
2363,2025-12,514988161.0,backfill
2363,2026-01,514988161.0,backfill
2363,2026-02,514988161.0,backfill
2363,2026-03,514988161.0,backfill
2363,2026-04,514988161.0,backfill
2363,2026-05,514988161.0,backfill
2363,2026-06,514988161.0,backfill
2363,2026-07,514988161.0,backfill
2363,2026-08,514988161.0,backfill
2363,2026-09,514988161.0,backfill
2363,2026-10,514988161.0,snap
2364,2025-09,57627513.0,backfill
2364,2025-10,57627513.0,backfill
2364,2025-11,57627513.0,backfill
2364,2025-12,57627513.0,backfill
2364,2026-01,57627513.0,backfill
2364,2026-02,57627513.0,backfill
2364,2026-03,57627513.0,backfill
2364,2026-04,57627513.0,backfill
2364,2026-05,57627513.0,backfill
2364,2026-06,57627513.0,backfill
2364,2026-07,57627513.0,backfill
2364,2026-08,57627513.0,backfill
2364,2026-09,57627513.0,backfill
2364,2026-10,57627513.0,snap
2365,2025-09,221528496.0,backfill
2365,2025-10,221528496.0,backfill
2365,2025-11,221528496.0,backfill
2365,2025-12,221528496.0,backfill
2365,2026-01,221528496.0,backfill
2365,2026-02,221528496.0,backfill
2365,2026-03,221528496.0,backfill
2365,2026-04,221528496.0,backfill
2365,2026-05,221528496.0,backfill
2365,2026-06,221528496.0,backfill
2365,2026-07,221528496.0,backfill
2365,2026-08,221528496.0,backfill
2365,2026-09,221528496.0,backfill
2365,2026-10,221528496.0,snap
2367,2025-09,706253175.0,backfill
2367,2025-10,706253175.0,backfill
2367,2025-11,706253175.0,backfill
2367,2025-12,706253175.0,backfill
2367,2026-01,706253175.0,backfill
2367,2026-02,706253175.0,backfill
2367,2026-03,706253175.0,backfill
2367,2026-04,706253175.0,backfill
2367,2026-05,706253175.0,backfill
2367,2026-06,706253175.0,backfill
2367,2026-07,706253175.0,backfill
2367,2026-08,706253175.0,backfill
2367,2026-09,706253175.0,backfill
2367,2026-10,706253175.0,snap
2368,2025-09,522932973.0,backfill
2368,2025-10,522932973.0,backfill
2368,2025-11,522932973.0,backfill
2368,2025-12,522932973.0,backfill
2368,2026-01,522932973.0,backfill
2368,2026-02,522932973.0,backfill
2368,2026-03,522932973.0,backfill
2368,2026-04,522932973.0,backfill
2368,2026-05,522932973.0,backfill
2368,2026-06,522932973.0,backfill
2368,2026-07,522932973.0,backfill
2368,2026-08,522932973.0,backfill
2368,2026-09,522932973.0,backfill
2368,2026-10,522932973.0,snap
2369,2025-09,380102344.0,backfill
2369,2025-10,380102344.0,backfill
2369,2025-11,380102344.0,backfill
2369,2025-12,380102344.0,backfill
2369,2026-01,380102344.0,backfill
2369,2026-02,380102344.0,backfill
2369,2026-03,380102344.0,backfill
2369,2026-04,380102344.0,backfill
2369,2026-05,380102344.0,backfill
2369,2026-06,380102344.0,backfill
2369,2026-07,380102344.0,backfill
2369,2026-08,380102344.0,backfill
2369,2026-09,380102344.0,backfill
2369,2026-10,380102344.0,snap
2371,2025-09,2150834851.0,backfill
2371,2025-10,2150834851.0,backfill
2371,2025-11,2150834851.0,backfill
2371,2025-12,2150834851.0,backfill
2371,2026-01,2150834851.0,backfill
2371,2026-02,2150834851.0,backfill
2371,2026-03,2150834851.0,backfill
2371,2026-04,2150834851.0,backfill
2371,2026-05,2150834851.0,backfill
2371,2026-06,2150834851.0,backfill
2371,2026-07,2150834851.0,backfill
2371,2026-08,2150834851.0,backfill
2371,2026-09,2150834851.0,backfill
2371,2026-10,2150834851.0,snap
2373,2025-09,236202518.0,backfill
2373,2025-10,236202518.0,backfill
2373,2025-11,236202518.0,backfill
2373,2025-12,236202518.0,backfill
2373,2026-01,236202518.0,backfill
2373,2026-02,236202518.0,backfill
2373,2026-03,236202518.0,backfill
2373,2026-04,236202518.0,backfill
2373,2026-05,236202518.0,backfill
2373,2026-06,236202518.0,backfill
2373,2026-07,236202518.0,backfill
2373,2026-08,236202518.0,backfill
2373,2026-09,236202518.0,backfill
2373,2026-10,236202518.0,snap
2374,2025-09,337992133.0,backfill
2374,2025-10,337992133.0,backfill
2374,2025-11,337992133.0,backfill
2374,2025-12,337992133.0,backfill
2374,2026-01,337992133.0,backfill
2374,2026-02,337992133.0,backfill
2374,2026-03,337992133.0,backfill
2374,2026-04,337992133.0,backfill
2374,2026-05,337992133.0,backfill
2374,2026-06,337992133.0,backfill
2374,2026-07,337992133.0,backfill
2374,2026-08,337992133.0,backfill
2374,2026-09,337992133.0,backfill
2374,2026-10,337992133.0,snap
2375,2025-09,108675334.0,backfill
2375,2025-10,108675334.0,backfill
2375,2025-11,108675334.0,backfill
2375,2025-12,108675334.0,backfill
2375,2026-01,108675334.0,backfill
2375,2026-02,108675334.0,backfill
2375,2026-03,108675334.0,backfill
2375,2026-04,108675334.0,backfill
2375,2026-05,108675334.0,backfill
2375,2026-06,108675334.0,backfill
2375,2026-07,108675334.0,backfill
2375,2026-08,108675334.0,backfill
2375,2026-09,108675334.0,backfill
2375,2026-10,108675334.0,snap
2376,2025-09,669888886.0,backfill
2376,2025-10,669888886.0,backfill
2376,2025-11,669888886.0,backfill
2376,2025-12,669888886.0,backfill
2376,2026-01,669888886.0,backfill
2376,2026-02,669888886.0,backfill
2376,2026-03,669888886.0,backfill
2376,2026-04,669888886.0,backfill
2376,2026-05,669888886.0,backfill
2376,2026-06,669888886.0,backfill
2376,2026-07,669888886.0,backfill
2376,2026-08,669888886.0,backfill
2376,2026-09,669888886.0,backfill
2376,2026-10,669888886.0,snap
2377,2025-09,844856199.0,backfill
2377,2025-10,844856199.0,backfill
2377,2025-11,844856199.0,backfill
2377,2025-12,844856199.0,backfill
2377,2026-01,844856199.0,backfill
2377,2026-02,844856199.0,backfill
2377,2026-03,844856199.0,backfill
2377,2026-04,844856199.0,backfill
2377,2026-05,844856199.0,backfill
2377,2026-06,844856199.0,backfill
2377,2026-07,844856199.0,backfill
2377,2026-08,844856199.0,backfill
2377,2026-09,844856199.0,backfill
2377,2026-10,844856199.0,snap
2379,2025-09,515512641.0,backfill
2379,2025-10,515512641.0,backfill
2379,2025-11,515512641.0,backfill
2379,2025-12,515512641.0,backfill
2379,2026-01,515512641.0,backfill
2379,2026-02,515512641.0,backfill
2379,2026-03,515512641.0,backfill
2379,2026-04,515512641.0,backfill
2379,2026-05,515512641.0,backfill
2379,2026-06,515512641.0,backfill
2379,2026-07,515512641.0,backfill
2379,2026-08,515512641.0,backfill
2379,2026-09,515512641.0,backfill
2379,2026-10,515512641.0,snap
2380,2025-09,60000000.0,backfill
2380,2025-10,60000000.0,backfill
2380,2025-11,60000000.0,backfill
2380,2025-12,60000000.0,backfill
2380,2026-01,60000000.0,backfill
2380,2026-02,60000000.0,backfill
2380,2026-03,60000000.0,backfill
2380,2026-04,60000000.0,backfill
2380,2026-05,60000000.0,backfill
2380,2026-06,60000000.0,backfill
2380,2026-07,60000000.0,backfill
2380,2026-08,60000000.0,backfill
2380,2026-09,60000000.0,backfill
2380,2026-10,60000000.0,snap
2382,2025-09,4107627432.0,backfill
2382,2025-10,4107627432.0,backfill
2382,2025-11,4107627432.0,backfill
2382,2025-12,4107627432.0,backfill
2382,2026-01,4107627432.0,backfill
2382,2026-02,4107627432.0,backfill
2382,2026-03,4107627432.0,backfill
2382,2026-04,4107627432.0,backfill
2382,2026-05,4107627432.0,backfill
2382,2026-06,4107627432.0,backfill
2382,2026-07,4107627432.0,backfill
2382,2026-08,4107627432.0,backfill
2382,2026-09,4107627432.0,backfill
2382,2026-10,4107627432.0,snap
2383,2025-09,358321114.0,backfill
2383,2025-10,358321114.0,backfill
2383,2025-11,358321114.0,backfill
2383,2025-12,358321114.0,backfill
2383,2026-01,358321114.0,backfill
2383,2026-02,358321114.0,backfill
2383,2026-03,358321114.0,backfill
2383,2026-04,358321114.0,backfill
2383,2026-05,358321114.0,backfill
2383,2026-06,358321114.0,backfill
2383,2026-07,358321114.0,backfill
2383,2026-08,358321114.0,backfill
2383,2026-09,358321114.0,backfill
2383,2026-10,358321114.0,snap
2385,2025-09,765721188.0,backfill
2385,2025-10,765721188.0,backfill
2385,2025-11,765721188.0,backfill
2385,2025-12,765721188.0,backfill
2385,2026-01,765721188.0,backfill
2385,2026-02,765721188.0,backfill
2385,2026-03,765721188.0,backfill
2385,2026-04,765721188.0,backfill
2385,2026-05,765721188.0,backfill
2385,2026-06,765721188.0,backfill
2385,2026-07,765721188.0,backfill
2385,2026-08,765721188.0,backfill
2385,2026-09,765721188.0,backfill
2385,2026-10,765721188.0,snap
2387,2025-09,195251051.0,backfill
2387,2025-10,195251051.0,backfill
2387,2025-11,195251051.0,backfill
2387,2025-12,195251051.0,backfill
2387,2026-01,195251051.0,backfill
2387,2026-02,195251051.0,backfill
2387,2026-03,195251051.0,backfill
2387,2026-04,195251051.0,backfill
2387,2026-05,195251051.0,backfill
2387,2026-06,195251051.0,backfill
2387,2026-07,195251051.0,backfill
2387,2026-08,195251051.0,backfill
2387,2026-09,195251051.0,backfill
2387,2026-10,195251051.0,snap
2388,2025-09,555955941.0,backfill
2388,2025-10,555955941.0,backfill
2388,2025-11,555955941.0,backfill
2388,2025-12,555955941.0,backfill
2388,2026-01,555955941.0,backfill
2388,2026-02,555955941.0,backfill
2388,2026-03,555955941.0,backfill
2388,2026-04,555955941.0,backfill
2388,2026-05,555955941.0,backfill
2388,2026-06,555955941.0,backfill
2388,2026-07,555955941.0,backfill
2388,2026-08,555955941.0,backfill
2388,2026-09,555955941.0,backfill
2388,2026-10,555955941.0,snap
2390,2025-09,192619442.0,backfill
2390,2025-10,192619442.0,backfill
2390,2025-11,192619442.0,backfill
2390,2025-12,192619442.0,backfill
2390,2026-01,192619442.0,backfill
2390,2026-02,192619442.0,backfill
2390,2026-03,192619442.0,backfill
2390,2026-04,192619442.0,backfill
2390,2026-05,192619442.0,backfill
2390,2026-06,192619442.0,backfill
2390,2026-07,192619442.0,backfill
2390,2026-08,192619442.0,backfill
2390,2026-09,192619442.0,backfill
2390,2026-10,192619442.0,snap
2392,2025-09,512326940.0,backfill
2392,2025-10,512326940.0,backfill
2392,2025-11,512326940.0,backfill
2392,2025-12,512326940.0,backfill
2392,2026-01,512326940.0,backfill
2392,2026-02,512326940.0,backfill
2392,2026-03,512326940.0,backfill
2392,2026-04,512326940.0,backfill
2392,2026-05,512326940.0,backfill
2392,2026-06,512326940.0,backfill
2392,2026-07,512326940.0,backfill
2392,2026-08,512326940.0,backfill
2392,2026-09,512326940.0,backfill
2392,2026-10,512326940.0,snap
2393,2025-09,443393086.0,backfill
2393,2025-10,443393086.0,backfill
2393,2025-11,443393086.0,backfill
2393,2025-12,443393086.0,backfill
2393,2026-01,443393086.0,backfill
2393,2026-02,443393086.0,backfill
2393,2026-03,443393086.0,backfill
2393,2026-04,443393086.0,backfill
2393,2026-05,443393086.0,backfill
2393,2026-06,443393086.0,backfill
2393,2026-07,443393086.0,backfill
2393,2026-08,443393086.0,backfill
2393,2026-09,443393086.0,backfill
2393,2026-10,443393086.0,snap
2395,2025-09,869046008.0,backfill
2395,2025-10,869046008.0,backfill
2395,2025-11,869046008.0,backfill
2395,2025-12,869046008.0,backfill
2395,2026-01,869046008.0,backfill
2395,2026-02,869046008.0,backfill
2395,2026-03,869046008.0,backfill
2395,2026-04,869046008.0,backfill
2395,2026-05,869046008.0,backfill
2395,2026-06,869046008.0,backfill
2395,2026-07,869046008.0,backfill
2395,2026-08,869046008.0,backfill
2395,2026-09,869046008.0,backfill
2395,2026-10,869046008.0,snap
2397,2025-09,114488857.0,backfill
2397,2025-10,114488857.0,backfill
2397,2025-11,114488857.0,backfill
2397,2025-12,114488857.0,backfill
2397,2026-01,114488857.0,backfill
2397,2026-02,114488857.0,backfill
2397,2026-03,114488857.0,backfill
2397,2026-04,114488857.0,backfill
2397,2026-05,114488857.0,backfill
2397,2026-06,114488857.0,backfill
2397,2026-07,114488857.0,backfill
2397,2026-08,114488857.0,backfill
2397,2026-09,114488857.0,backfill
2397,2026-10,114488857.0,snap
2399,2025-09,178100000.0,backfill
2399,2025-10,178100000.0,backfill
2399,2025-11,178100000.0,backfill
2399,2025-12,178100000.0,backfill
2399,2026-01,178100000.0,backfill
2399,2026-02,178100000.0,backfill
2399,2026-03,178100000.0,backfill
2399,2026-04,178100000.0,backfill
2399,2026-05,178100000.0,backfill
2399,2026-06,178100000.0,backfill
2399,2026-07,178100000.0,backfill
2399,2026-08,178100000.0,backfill
2399,2026-09,178100000.0,backfill
2399,2026-10,178100000.0,snap
2401,2025-09,591994919.0,backfill
2401,2025-10,591994919.0,backfill
2401,2025-11,591994919.0,backfill
2401,2025-12,591994919.0,backfill
2401,2026-01,591994919.0,backfill
2401,2026-02,591994919.0,backfill
2401,2026-03,591994919.0,backfill
2401,2026-04,591994919.0,backfill
2401,2026-05,591994919.0,backfill
2401,2026-06,591994919.0,backfill
2401,2026-07,591994919.0,backfill
2401,2026-08,591994919.0,backfill
2401,2026-09,591994919.0,backfill
2401,2026-10,591994919.0,snap
2402,2025-09,307536533.0,backfill
2402,2025-10,307536533.0,backfill
2402,2025-11,307536533.0,backfill
2402,2025-12,307536533.0,backfill
2402,2026-01,307536533.0,backfill
2402,2026-02,307536533.0,backfill
2402,2026-03,307536533.0,backfill
2402,2026-04,307536533.0,backfill
2402,2026-05,307536533.0,backfill
2402,2026-06,307536533.0,backfill
2402,2026-07,307536533.0,backfill
2402,2026-08,307536533.0,backfill
2402,2026-09,307536533.0,backfill
2402,2026-10,307536533.0,snap
2404,2025-09,190586698.0,backfill
2404,2025-10,190586698.0,backfill
2404,2025-11,190586698.0,backfill
2404,2025-12,190586698.0,backfill
2404,2026-01,190586698.0,backfill
2404,2026-02,190586698.0,backfill
2404,2026-03,190586698.0,backfill
2404,2026-04,190586698.0,backfill
2404,2026-05,190586698.0,backfill
2404,2026-06,190586698.0,backfill
2404,2026-07,190586698.0,backfill
2404,2026-08,190586698.0,backfill
2404,2026-09,190586698.0,backfill
2404,2026-10,190586698.0,snap
2405,2025-09,343427303.0,backfill
2405,2025-10,343427303.0,backfill
2405,2025-11,343427303.0,backfill
2405,2025-12,343427303.0,backfill
2405,2026-01,343427303.0,backfill
2405,2026-02,343427303.0,backfill
2405,2026-03,343427303.0,backfill
2405,2026-04,343427303.0,backfill
2405,2026-05,343427303.0,backfill
2405,2026-06,343427303.0,backfill
2405,2026-07,343427303.0,backfill
2405,2026-08,343427303.0,backfill
2405,2026-09,343427303.0,backfill
2405,2026-10,343427303.0,snap
2406,2025-09,350905689.0,backfill
2406,2025-10,350905689.0,backfill
2406,2025-11,350905689.0,backfill
2406,2025-12,350905689.0,backfill
2406,2026-01,350905689.0,backfill
2406,2026-02,350905689.0,backfill
2406,2026-03,350905689.0,backfill
2406,2026-04,350905689.0,backfill
2406,2026-05,350905689.0,backfill
2406,2026-06,350905689.0,backfill
2406,2026-07,350905689.0,backfill
2406,2026-08,350905689.0,backfill
2406,2026-09,350905689.0,backfill
2406,2026-10,350905689.0,snap
2408,2025-09,3450205894.0,backfill
2408,2025-10,3450205894.0,backfill
2408,2025-11,3450205894.0,backfill
2408,2025-12,3450205894.0,backfill
2408,2026-01,3450205894.0,backfill
2408,2026-02,3450205894.0,backfill
2408,2026-03,3450205894.0,backfill
2408,2026-04,3450205894.0,backfill
2408,2026-05,3450205894.0,backfill
2408,2026-06,3450205894.0,backfill
2408,2026-07,3450205894.0,backfill
2408,2026-08,3450205894.0,backfill
2408,2026-09,3450205894.0,backfill
2408,2026-10,3450205894.0,snap
2409,2025-09,7547098972.0,backfill
2409,2025-10,7547098972.0,backfill
2409,2025-11,7547098972.0,backfill
2409,2025-12,7547098972.0,backfill
2409,2026-01,7547098972.0,backfill
2409,2026-02,7547098972.0,backfill
2409,2026-03,7547098972.0,backfill
2409,2026-04,7547098972.0,backfill
2409,2026-05,7547098972.0,backfill
2409,2026-06,7547098972.0,backfill
2409,2026-07,7547098972.0,backfill
2409,2026-08,7547098972.0,backfill
2409,2026-09,7547098972.0,backfill
2409,2026-10,7547098972.0,snap
2412,2025-09,7757446545.0,backfill
2412,2025-10,7757446545.0,backfill
2412,2025-11,7757446545.0,backfill
2412,2025-12,7757446545.0,backfill
2412,2026-01,7757446545.0,backfill
2412,2026-02,7757446545.0,backfill
2412,2026-03,7757446545.0,backfill
2412,2026-04,7757446545.0,backfill
2412,2026-05,7757446545.0,backfill
2412,2026-06,7757446545.0,backfill
2412,2026-07,7757446545.0,backfill
2412,2026-08,7757446545.0,backfill
2412,2026-09,7757446545.0,backfill
2412,2026-10,7757446545.0,snap
2413,2025-09,127359200.0,backfill
2413,2025-10,127359200.0,backfill
2413,2025-11,127359200.0,backfill
2413,2025-12,127359200.0,backfill
2413,2026-01,127359200.0,backfill
2413,2026-02,127359200.0,backfill
2413,2026-03,127359200.0,backfill
2413,2026-04,127359200.0,backfill
2413,2026-05,127359200.0,backfill
2413,2026-06,127359200.0,backfill
2413,2026-07,127359200.0,backfill
2413,2026-08,127359200.0,backfill
2413,2026-09,127359200.0,backfill
2413,2026-10,127359200.0,snap
2414,2025-09,161735846.0,backfill
2414,2025-10,161735846.0,backfill
2414,2025-11,161735846.0,backfill
2414,2025-12,161735846.0,backfill
2414,2026-01,161735846.0,backfill
2414,2026-02,161735846.0,backfill
2414,2026-03,161735846.0,backfill
2414,2026-04,161735846.0,backfill
2414,2026-05,161735846.0,backfill
2414,2026-06,161735846.0,backfill
2414,2026-07,161735846.0,backfill
2414,2026-08,161735846.0,backfill
2414,2026-09,161735846.0,backfill
2414,2026-10,161735846.0,snap
2415,2025-09,100000000.0,backfill
2415,2025-10,100000000.0,backfill
2415,2025-11,100000000.0,backfill
2415,2025-12,100000000.0,backfill
2415,2026-01,100000000.0,backfill
2415,2026-02,100000000.0,backfill
2415,2026-03,100000000.0,backfill
2415,2026-04,100000000.0,backfill
2415,2026-05,100000000.0,backfill
2415,2026-06,100000000.0,backfill
2415,2026-07,100000000.0,backfill
2415,2026-08,100000000.0,backfill
2415,2026-09,100000000.0,backfill
2415,2026-10,100000000.0,snap
2417,2025-09,157218864.0,backfill
2417,2025-10,157218864.0,backfill
2417,2025-11,157218864.0,backfill
2417,2025-12,157218864.0,backfill
2417,2026-01,157218864.0,backfill
2417,2026-02,157218864.0,backfill
2417,2026-03,157218864.0,backfill
2417,2026-04,157218864.0,backfill
2417,2026-05,157218864.0,backfill
2417,2026-06,157218864.0,backfill
2417,2026-07,157218864.0,backfill
2417,2026-08,157218864.0,backfill
2417,2026-09,157218864.0,backfill
2417,2026-10,157218864.0,snap
2419,2025-09,321317229.0,backfill
2419,2025-10,321317229.0,backfill
2419,2025-11,321317229.0,backfill
2419,2025-12,321317229.0,backfill
2419,2026-01,321317229.0,backfill
2419,2026-02,321317229.0,backfill
2419,2026-03,321317229.0,backfill
2419,2026-04,321317229.0,backfill
2419,2026-05,321317229.0,backfill
2419,2026-06,321317229.0,backfill
2419,2026-07,321317229.0,backfill
2419,2026-08,321317229.0,backfill
2419,2026-09,321317229.0,backfill
2419,2026-10,321317229.0,snap
2420,2025-09,152648688.0,backfill
2420,2025-10,152648688.0,backfill
2420,2025-11,152648688.0,backfill
2420,2025-12,152648688.0,backfill
2420,2026-01,152648688.0,backfill
2420,2026-02,152648688.0,backfill
2420,2026-03,152648688.0,backfill
2420,2026-04,152648688.0,backfill
2420,2026-05,152648688.0,backfill
2420,2026-06,152648688.0,backfill
2420,2026-07,152648688.0,backfill
2420,2026-08,152648688.0,backfill
2420,2026-09,152648688.0,backfill
2420,2026-10,152648688.0,snap
2421,2025-09,286943669.0,backfill
2421,2025-10,286943669.0,backfill
2421,2025-11,286943669.0,backfill
2421,2025-12,286943669.0,backfill
2421,2026-01,286943669.0,backfill
2421,2026-02,286943669.0,backfill
2421,2026-03,286943669.0,backfill
2421,2026-04,286943669.0,backfill
2421,2026-05,286943669.0,backfill
2421,2026-06,286943669.0,backfill
2421,2026-07,286943669.0,backfill
2421,2026-08,286943669.0,backfill
2421,2026-09,286943669.0,backfill
2421,2026-10,286943669.0,snap
2423,2025-09,145047289.0,backfill
2423,2025-10,145047289.0,backfill
2423,2025-11,145047289.0,backfill
2423,2025-12,145047289.0,backfill
2423,2026-01,145047289.0,backfill
2423,2026-02,145047289.0,backfill
2423,2026-03,145047289.0,backfill
2423,2026-04,145047289.0,backfill
2423,2026-05,145047289.0,backfill
2423,2026-06,145047289.0,backfill
2423,2026-07,145047289.0,backfill
2423,2026-08,145047289.0,backfill
2423,2026-09,145047289.0,backfill
2423,2026-10,145047289.0,snap
2424,2025-09,59585000.0,backfill
2424,2025-10,59585000.0,backfill
2424,2025-11,59585000.0,backfill
2424,2025-12,59585000.0,backfill
2424,2026-01,59585000.0,backfill
2424,2026-02,59585000.0,backfill
2424,2026-03,59585000.0,backfill
2424,2026-04,59585000.0,backfill
2424,2026-05,59585000.0,backfill
2424,2026-06,59585000.0,backfill
2424,2026-07,59585000.0,backfill
2424,2026-08,59585000.0,backfill
2424,2026-09,59585000.0,backfill
2424,2026-10,59585000.0,snap
2425,2025-09,96498831.0,backfill
2425,2025-10,96498831.0,backfill
2425,2025-11,96498831.0,backfill
2425,2025-12,96498831.0,backfill
2425,2026-01,96498831.0,backfill
2425,2026-02,96498831.0,backfill
2425,2026-03,96498831.0,backfill
2425,2026-04,96498831.0,backfill
2425,2026-05,96498831.0,backfill
2425,2026-06,96498831.0,backfill
2425,2026-07,96498831.0,backfill
2425,2026-08,96498831.0,backfill
2425,2026-09,96498831.0,backfill
2425,2026-10,96498831.0,snap
2426,2025-09,300622252.0,backfill
2426,2025-10,300622252.0,backfill
2426,2025-11,300622252.0,backfill
2426,2025-12,300622252.0,backfill
2426,2026-01,300622252.0,backfill
2426,2026-02,300622252.0,backfill
2426,2026-03,300622252.0,backfill
2426,2026-04,300622252.0,backfill
2426,2026-05,300622252.0,backfill
2426,2026-06,300622252.0,backfill
2426,2026-07,300622252.0,backfill
2426,2026-08,300622252.0,backfill
2426,2026-09,300622252.0,backfill
2426,2026-10,300622252.0,snap
2427,2025-09,197999573.0,backfill
2427,2025-10,197999573.0,backfill
2427,2025-11,197999573.0,backfill
2427,2025-12,197999573.0,backfill
2427,2026-01,197999573.0,backfill
2427,2026-02,197999573.0,backfill
2427,2026-03,197999573.0,backfill
2427,2026-04,197999573.0,backfill
2427,2026-05,197999573.0,backfill
2427,2026-06,197999573.0,backfill
2427,2026-07,197999573.0,backfill
2427,2026-08,197999573.0,backfill
2427,2026-09,197999573.0,backfill
2427,2026-10,197999573.0,snap
2428,2025-09,128112726.0,backfill
2428,2025-10,128112726.0,backfill
2428,2025-11,128112726.0,backfill
2428,2025-12,128112726.0,backfill
2428,2026-01,128112726.0,backfill
2428,2026-02,128112726.0,backfill
2428,2026-03,128112726.0,backfill
2428,2026-04,128112726.0,backfill
2428,2026-05,128112726.0,backfill
2428,2026-06,128112726.0,backfill
2428,2026-07,128112726.0,backfill
2428,2026-08,128112726.0,backfill
2428,2026-09,128112726.0,backfill
2428,2026-10,128112726.0,snap
2429,2025-09,86100000.0,backfill
2429,2025-10,86100000.0,backfill
2429,2025-11,86100000.0,backfill
2429,2025-12,86100000.0,backfill
2429,2026-01,86100000.0,backfill
2429,2026-02,86100000.0,backfill
2429,2026-03,86100000.0,backfill
2429,2026-04,86100000.0,backfill
2429,2026-05,86100000.0,backfill
2429,2026-06,86100000.0,backfill
2429,2026-07,86100000.0,backfill
2429,2026-08,86100000.0,backfill
2429,2026-09,86100000.0,backfill
2429,2026-10,86100000.0,snap
2430,2025-09,116800000.0,backfill
2430,2025-10,116800000.0,backfill
2430,2025-11,116800000.0,backfill
2430,2025-12,116800000.0,backfill
2430,2026-01,116800000.0,backfill
2430,2026-02,116800000.0,backfill
2430,2026-03,116800000.0,backfill
2430,2026-04,116800000.0,backfill
2430,2026-05,116800000.0,backfill
2430,2026-06,116800000.0,backfill
2430,2026-07,116800000.0,backfill
2430,2026-08,116800000.0,backfill
2430,2026-09,116800000.0,backfill
2430,2026-10,116800000.0,snap
2431,2025-09,80714436.0,backfill
2431,2025-10,80714436.0,backfill
2431,2025-11,80714436.0,backfill
2431,2025-12,80714436.0,backfill
2431,2026-01,80714436.0,backfill
2431,2026-02,80714436.0,backfill
2431,2026-03,80714436.0,backfill
2431,2026-04,80714436.0,backfill
2431,2026-05,80714436.0,backfill
2431,2026-06,80714436.0,backfill
2431,2026-07,80714436.0,backfill
2431,2026-08,80714436.0,backfill
2431,2026-09,80714436.0,backfill
2431,2026-10,80714436.0,snap
2432,2025-09,61860000.0,backfill
2432,2025-10,61860000.0,backfill
2432,2025-11,61860000.0,backfill
2432,2025-12,61860000.0,backfill
2432,2026-01,61860000.0,backfill
2432,2026-02,61860000.0,backfill
2432,2026-03,61860000.0,backfill
2432,2026-04,61860000.0,backfill
2432,2026-05,61860000.0,backfill
2432,2026-06,61860000.0,backfill
2432,2026-07,61860000.0,backfill
2432,2026-08,61860000.0,backfill
2432,2026-09,61860000.0,backfill
2432,2026-10,61860000.0,snap
2433,2025-09,144496011.0,backfill
2433,2025-10,144496011.0,backfill
2433,2025-11,144496011.0,backfill
2433,2025-12,144496011.0,backfill
2433,2026-01,144496011.0,backfill
2433,2026-02,144496011.0,backfill
2433,2026-03,144496011.0,backfill
2433,2026-04,144496011.0,backfill
2433,2026-05,144496011.0,backfill
2433,2026-06,144496011.0,backfill
2433,2026-07,144496011.0,backfill
2433,2026-08,144496011.0,backfill
2433,2026-09,144496011.0,backfill
2433,2026-10,144496011.0,snap
2434,2025-09,37000000.0,backfill
2434,2025-10,37000000.0,backfill
2434,2025-11,37000000.0,backfill
2434,2025-12,37000000.0,backfill
2434,2026-01,37000000.0,backfill
2434,2026-02,37000000.0,backfill
2434,2026-03,37000000.0,backfill
2434,2026-04,37000000.0,backfill
2434,2026-05,37000000.0,backfill
2434,2026-06,37000000.0,backfill
2434,2026-07,37000000.0,backfill
2434,2026-08,37000000.0,backfill
2434,2026-09,37000000.0,backfill
2434,2026-10,37000000.0,snap
2436,2025-09,204177561.0,backfill
2436,2025-10,204177561.0,backfill
2436,2025-11,204177561.0,backfill
2436,2025-12,204177561.0,backfill
2436,2026-01,204177561.0,backfill
2436,2026-02,204177561.0,backfill
2436,2026-03,204177561.0,backfill
2436,2026-04,204177561.0,backfill
2436,2026-05,204177561.0,backfill
2436,2026-06,204177561.0,backfill
2436,2026-07,204177561.0,backfill
2436,2026-08,204177561.0,backfill
2436,2026-09,204177561.0,backfill
2436,2026-10,204177561.0,snap
2438,2025-09,71195641.0,backfill
2438,2025-10,71195641.0,backfill
2438,2025-11,71195641.0,backfill
2438,2025-12,71195641.0,backfill
2438,2026-01,71195641.0,backfill
2438,2026-02,71195641.0,backfill
2438,2026-03,71195641.0,backfill
2438,2026-04,71195641.0,backfill
2438,2026-05,71195641.0,backfill
2438,2026-06,71195641.0,backfill
2438,2026-07,71195641.0,backfill
2438,2026-08,71195641.0,backfill
2438,2026-09,71195641.0,backfill
2438,2026-10,71195641.0,snap
2439,2025-09,248641314.0,backfill
2439,2025-10,248641314.0,backfill
2439,2025-11,248641314.0,backfill
2439,2025-12,248641314.0,backfill
2439,2026-01,248641314.0,backfill
2439,2026-02,248641314.0,backfill
2439,2026-03,248641314.0,backfill
2439,2026-04,248641314.0,backfill
2439,2026-05,248641314.0,backfill
2439,2026-06,248641314.0,backfill
2439,2026-07,248641314.0,backfill
2439,2026-08,248641314.0,backfill
2439,2026-09,248641314.0,backfill
2439,2026-10,248641314.0,snap
2440,2025-09,139117271.0,backfill
2440,2025-10,139117271.0,backfill
2440,2025-11,139117271.0,backfill
2440,2025-12,139117271.0,backfill
2440,2026-01,139117271.0,backfill
2440,2026-02,139117271.0,backfill
2440,2026-03,139117271.0,backfill
2440,2026-04,139117271.0,backfill
2440,2026-05,139117271.0,backfill
2440,2026-06,139117271.0,backfill
2440,2026-07,139117271.0,backfill
2440,2026-08,139117271.0,backfill
2440,2026-09,139117271.0,backfill
2440,2026-10,139117271.0,snap
2441,2025-09,568845921.0,backfill
2441,2025-10,568845921.0,backfill
2441,2025-11,568845921.0,backfill
2441,2025-12,568845921.0,backfill
2441,2026-01,568845921.0,backfill
2441,2026-02,568845921.0,backfill
2441,2026-03,568845921.0,backfill
2441,2026-04,568845921.0,backfill
2441,2026-05,568845921.0,backfill
2441,2026-06,568845921.0,backfill
2441,2026-07,568845921.0,backfill
2441,2026-08,568845921.0,backfill
2441,2026-09,568845921.0,backfill
2441,2026-10,568845921.0,snap
2442,2025-09,325232021.0,backfill
2442,2025-10,325232021.0,backfill
2442,2025-11,325232021.0,backfill
2442,2025-12,325232021.0,backfill
2442,2026-01,325232021.0,backfill
2442,2026-02,325232021.0,backfill
2442,2026-03,325232021.0,backfill
2442,2026-04,325232021.0,backfill
2442,2026-05,325232021.0,backfill
2442,2026-06,325232021.0,backfill
2442,2026-07,325232021.0,backfill
2442,2026-08,325232021.0,backfill
2442,2026-09,325232021.0,backfill
2442,2026-10,325232021.0,snap
2444,2025-09,106569573.0,backfill
2444,2025-10,106569573.0,backfill
2444,2025-11,106569573.0,backfill
2444,2025-12,106569573.0,backfill
2444,2026-01,106569573.0,backfill
2444,2026-02,106569573.0,backfill
2444,2026-03,106569573.0,backfill
2444,2026-04,106569573.0,backfill
2444,2026-05,106569573.0,backfill
2444,2026-06,106569573.0,backfill
2444,2026-07,106569573.0,backfill
2444,2026-08,106569573.0,backfill
2444,2026-09,106569573.0,backfill
2444,2026-10,106569573.0,snap
2449,2025-09,1283882318.0,backfill
2449,2025-10,1283882318.0,backfill
2449,2025-11,1283882318.0,backfill
2449,2025-12,1283882318.0,backfill
2449,2026-01,1283882318.0,backfill
2449,2026-02,1283882318.0,backfill
2449,2026-03,1283882318.0,backfill
2449,2026-04,1283882318.0,backfill
2449,2026-05,1283882318.0,backfill
2449,2026-06,1283882318.0,backfill
2449,2026-07,1283882318.0,backfill
2449,2026-08,1283882318.0,backfill
2449,2026-09,1283882318.0,backfill
2449,2026-10,1283882318.0,snap
2450,2025-09,258252657.0,backfill
2450,2025-10,258252657.0,backfill
2450,2025-11,258252657.0,backfill
2450,2025-12,258252657.0,backfill
2450,2026-01,258252657.0,backfill
2450,2026-02,258252657.0,backfill
2450,2026-03,258252657.0,backfill
2450,2026-04,258252657.0,backfill
2450,2026-05,258252657.0,backfill
2450,2026-06,258252657.0,backfill
2450,2026-07,258252657.0,backfill
2450,2026-08,258252657.0,backfill
2450,2026-09,258252657.0,backfill
2450,2026-10,258252657.0,snap
2451,2025-09,431345675.0,backfill
2451,2025-10,431345675.0,backfill
2451,2025-11,431345675.0,backfill
2451,2025-12,431345675.0,backfill
2451,2026-01,431345675.0,backfill
2451,2026-02,431345675.0,backfill
2451,2026-03,431345675.0,backfill
2451,2026-04,431345675.0,backfill
2451,2026-05,431345675.0,backfill
2451,2026-06,431345675.0,backfill
2451,2026-07,431345675.0,backfill
2451,2026-08,431345675.0,backfill
2451,2026-09,431345675.0,backfill
2451,2026-10,431345675.0,snap
2453,2025-09,100000000.0,backfill
2453,2025-10,100000000.0,backfill
2453,2025-11,100000000.0,backfill
2453,2025-12,100000000.0,backfill
2453,2026-01,100000000.0,backfill
2453,2026-02,100000000.0,backfill
2453,2026-03,100000000.0,backfill
2453,2026-04,100000000.0,backfill
2453,2026-05,100000000.0,backfill
2453,2026-06,100000000.0,backfill
2453,2026-07,100000000.0,backfill
2453,2026-08,100000000.0,backfill
2453,2026-09,100000000.0,backfill
2453,2026-10,100000000.0,snap
2454,2025-09,1604952613.0,backfill
2454,2025-10,1604952613.0,backfill
2454,2025-11,1604952613.0,backfill
2454,2025-12,1604952613.0,backfill
2454,2026-01,1604952613.0,backfill
2454,2026-02,1604952613.0,backfill
2454,2026-03,1604952613.0,backfill
2454,2026-04,1604952613.0,backfill
2454,2026-05,1604952613.0,backfill
2454,2026-06,1604952613.0,backfill
2454,2026-07,1604952613.0,backfill
2454,2026-08,1604952613.0,backfill
2454,2026-09,1604952613.0,backfill
2454,2026-10,1604952613.0,snap
2455,2025-09,186983443.0,backfill
2455,2025-10,186983443.0,backfill
2455,2025-11,186983443.0,backfill
2455,2025-12,186983443.0,backfill
2455,2026-01,186983443.0,backfill
2455,2026-02,186983443.0,backfill
2455,2026-03,186983443.0,backfill
2455,2026-04,186983443.0,backfill
2455,2026-05,186983443.0,backfill
2455,2026-06,186983443.0,backfill
2455,2026-07,186983443.0,backfill
2455,2026-08,186983443.0,backfill
2455,2026-09,186983443.0,backfill
2455,2026-10,186983443.0,snap
2457,2025-09,424772416.0,backfill
2457,2025-10,424772416.0,backfill
2457,2025-11,424772416.0,backfill
2457,2025-12,424772416.0,backfill
2457,2026-01,424772416.0,backfill
2457,2026-02,424772416.0,backfill
2457,2026-03,424772416.0,backfill
2457,2026-04,424772416.0,backfill
2457,2026-05,424772416.0,backfill
2457,2026-06,424772416.0,backfill
2457,2026-07,424772416.0,backfill
2457,2026-08,424772416.0,backfill
2457,2026-09,424772416.0,backfill
2457,2026-10,424772416.0,snap
2458,2025-09,303880392.0,backfill
2458,2025-10,303880392.0,backfill
2458,2025-11,303880392.0,backfill
2458,2025-12,303880392.0,backfill
2458,2026-01,303880392.0,backfill
2458,2026-02,303880392.0,backfill
2458,2026-03,303880392.0,backfill
2458,2026-04,303880392.0,backfill
2458,2026-05,303880392.0,backfill
2458,2026-06,303880392.0,backfill
2458,2026-07,303880392.0,backfill
2458,2026-08,303880392.0,backfill
2458,2026-09,303880392.0,backfill
2458,2026-10,303880392.0,snap
2459,2025-09,105595615.0,backfill
2459,2025-10,105595615.0,backfill
2459,2025-11,105595615.0,backfill
2459,2025-12,105595615.0,backfill
2459,2026-01,105595615.0,backfill
2459,2026-02,105595615.0,backfill
2459,2026-03,105595615.0,backfill
2459,2026-04,105595615.0,backfill
2459,2026-05,105595615.0,backfill
2459,2026-06,105595615.0,backfill
2459,2026-07,105595615.0,backfill
2459,2026-08,105595615.0,backfill
2459,2026-09,105595615.0,backfill
2459,2026-10,105595615.0,snap
2460,2025-09,169200000.0,backfill
2460,2025-10,169200000.0,backfill
2460,2025-11,169200000.0,backfill
2460,2025-12,169200000.0,backfill
2460,2026-01,169200000.0,backfill
2460,2026-02,169200000.0,backfill
2460,2026-03,169200000.0,backfill
2460,2026-04,169200000.0,backfill
2460,2026-05,169200000.0,backfill
2460,2026-06,169200000.0,backfill
2460,2026-07,169200000.0,backfill
2460,2026-08,169200000.0,backfill
2460,2026-09,169200000.0,backfill
2460,2026-10,169200000.0,snap
2461,2025-09,191887963.0,backfill
2461,2025-10,191887963.0,backfill
2461,2025-11,191887963.0,backfill
2461,2025-12,191887963.0,backfill
2461,2026-01,191887963.0,backfill
2461,2026-02,191887963.0,backfill
2461,2026-03,191887963.0,backfill
2461,2026-04,191887963.0,backfill
2461,2026-05,191887963.0,backfill
2461,2026-06,191887963.0,backfill
2461,2026-07,191887963.0,backfill
2461,2026-08,191887963.0,backfill
2461,2026-09,191887963.0,backfill
2461,2026-10,191887963.0,snap
2462,2025-09,150784482.0,backfill
2462,2025-10,150784482.0,backfill
2462,2025-11,150784482.0,backfill
2462,2025-12,150784482.0,backfill
2462,2026-01,150784482.0,backfill
2462,2026-02,150784482.0,backfill
2462,2026-03,150784482.0,backfill
2462,2026-04,150784482.0,backfill
2462,2026-05,150784482.0,backfill
2462,2026-06,150784482.0,backfill
2462,2026-07,150784482.0,backfill
2462,2026-08,150784482.0,backfill
2462,2026-09,150784482.0,backfill
2462,2026-10,150784482.0,snap
2464,2025-09,216680434.0,backfill
2464,2025-10,216680434.0,backfill
2464,2025-11,216680434.0,backfill
2464,2025-12,216680434.0,backfill
2464,2026-01,216680434.0,backfill
2464,2026-02,216680434.0,backfill
2464,2026-03,216680434.0,backfill
2464,2026-04,216680434.0,backfill
2464,2026-05,216680434.0,backfill
2464,2026-06,216680434.0,backfill
2464,2026-07,216680434.0,backfill
2464,2026-08,216680434.0,backfill
2464,2026-09,216680434.0,backfill
2464,2026-10,216680434.0,snap
2465,2025-09,93946031.0,backfill
2465,2025-10,93946031.0,backfill
2465,2025-11,93946031.0,backfill
2465,2025-12,93946031.0,backfill
2465,2026-01,93946031.0,backfill
2465,2026-02,93946031.0,backfill
2465,2026-03,93946031.0,backfill
2465,2026-04,93946031.0,backfill
2465,2026-05,93946031.0,backfill
2465,2026-06,93946031.0,backfill
2465,2026-07,93946031.0,backfill
2465,2026-08,93946031.0,backfill
2465,2026-09,93946031.0,backfill
2465,2026-10,93946031.0,snap
2466,2025-09,173458697.0,backfill
2466,2025-10,173458697.0,backfill
2466,2025-11,173458697.0,backfill
2466,2025-12,173458697.0,backfill
2466,2026-01,173458697.0,backfill
2466,2026-02,173458697.0,backfill
2466,2026-03,173458697.0,backfill
2466,2026-04,173458697.0,backfill
2466,2026-05,173458697.0,backfill
2466,2026-06,173458697.0,backfill
2466,2026-07,173458697.0,backfill
2466,2026-08,173458697.0,backfill
2466,2026-09,173458697.0,backfill
2466,2026-10,173458697.0,snap
2467,2025-09,156855348.0,backfill
2467,2025-10,156855348.0,backfill
2467,2025-11,156855348.0,backfill
2467,2025-12,156855348.0,backfill
2467,2026-01,156855348.0,backfill
2467,2026-02,156855348.0,backfill
2467,2026-03,156855348.0,backfill
2467,2026-04,156855348.0,backfill
2467,2026-05,156855348.0,backfill
2467,2026-06,156855348.0,backfill
2467,2026-07,156855348.0,backfill
2467,2026-08,156855348.0,backfill
2467,2026-09,156855348.0,backfill
2467,2026-10,156855348.0,snap
2468,2025-09,69961249.0,backfill
2468,2025-10,69961249.0,backfill
2468,2025-11,69961249.0,backfill
2468,2025-12,69961249.0,backfill
2468,2026-01,69961249.0,backfill
2468,2026-02,69961249.0,backfill
2468,2026-03,69961249.0,backfill
2468,2026-04,69961249.0,backfill
2468,2026-05,69961249.0,backfill
2468,2026-06,69961249.0,backfill
2468,2026-07,69961249.0,backfill
2468,2026-08,69961249.0,backfill
2468,2026-09,69961249.0,backfill
2468,2026-10,69961249.0,snap
2471,2025-09,47253890.0,backfill
2471,2025-10,47253890.0,backfill
2471,2025-11,47253890.0,backfill
2471,2025-12,47253890.0,backfill
2471,2026-01,47253890.0,backfill
2471,2026-02,47253890.0,backfill
2471,2026-03,47253890.0,backfill
2471,2026-04,47253890.0,backfill
2471,2026-05,47253890.0,backfill
2471,2026-06,47253890.0,backfill
2471,2026-07,47253890.0,backfill
2471,2026-08,47253890.0,backfill
2471,2026-09,47253890.0,backfill
2471,2026-10,47253890.0,snap
2472,2025-09,164735137.0,backfill
2472,2025-10,164735137.0,backfill
2472,2025-11,164735137.0,backfill
2472,2025-12,164735137.0,backfill
2472,2026-01,164735137.0,backfill
2472,2026-02,164735137.0,backfill
2472,2026-03,164735137.0,backfill
2472,2026-04,164735137.0,backfill
2472,2026-05,164735137.0,backfill
2472,2026-06,164735137.0,backfill
2472,2026-07,164735137.0,backfill
2472,2026-08,164735137.0,backfill
2472,2026-09,164735137.0,backfill
2472,2026-10,164735137.0,snap
2474,2025-09,538821068.0,backfill
2474,2025-10,538821068.0,backfill
2474,2025-11,538821068.0,backfill
2474,2025-12,538821068.0,backfill
2474,2026-01,538821068.0,backfill
2474,2026-02,538821068.0,backfill
2474,2026-03,538821068.0,backfill
2474,2026-04,538821068.0,backfill
2474,2026-05,538821068.0,backfill
2474,2026-06,538821068.0,backfill
2474,2026-07,538821068.0,backfill
2474,2026-08,538821068.0,backfill
2474,2026-09,538821068.0,backfill
2474,2026-10,538821068.0,snap
2476,2025-09,219070454.0,backfill
2476,2025-10,219070454.0,backfill
2476,2025-11,219070454.0,backfill
2476,2025-12,219070454.0,backfill
2476,2026-01,219070454.0,backfill
2476,2026-02,219070454.0,backfill
2476,2026-03,219070454.0,backfill
2476,2026-04,219070454.0,backfill
2476,2026-05,219070454.0,backfill
2476,2026-06,219070454.0,backfill
2476,2026-07,219070454.0,backfill
2476,2026-08,219070454.0,backfill
2476,2026-09,219070454.0,backfill
2476,2026-10,219070454.0,snap
2477,2025-09,158573244.0,backfill
2477,2025-10,158573244.0,backfill
2477,2025-11,158573244.0,backfill
2477,2025-12,158573244.0,backfill
2477,2026-01,158573244.0,backfill
2477,2026-02,158573244.0,backfill
2477,2026-03,158573244.0,backfill
2477,2026-04,158573244.0,backfill
2477,2026-05,158573244.0,backfill
2477,2026-06,158573244.0,backfill
2477,2026-07,158573244.0,backfill
2477,2026-08,158573244.0,backfill
2477,2026-09,158573244.0,backfill
2477,2026-10,158573244.0,snap
2478,2025-09,144731339.0,backfill
2478,2025-10,144731339.0,backfill
2478,2025-11,144731339.0,backfill
2478,2025-12,144731339.0,backfill
2478,2026-01,144731339.0,backfill
2478,2026-02,144731339.0,backfill
2478,2026-03,144731339.0,backfill
2478,2026-04,144731339.0,backfill
2478,2026-05,144731339.0,backfill
2478,2026-06,144731339.0,backfill
2478,2026-07,144731339.0,backfill
2478,2026-08,144731339.0,backfill
2478,2026-09,144731339.0,backfill
2478,2026-10,144731339.0,snap
2480,2025-09,106360291.0,backfill
2480,2025-10,106360291.0,backfill
2480,2025-11,106360291.0,backfill
2480,2025-12,106360291.0,backfill
2480,2026-01,106360291.0,backfill
2480,2026-02,106360291.0,backfill
2480,2026-03,106360291.0,backfill
2480,2026-04,106360291.0,backfill
2480,2026-05,106360291.0,backfill
2480,2026-06,106360291.0,backfill
2480,2026-07,106360291.0,backfill
2480,2026-08,106360291.0,backfill
2480,2026-09,106360291.0,backfill
2480,2026-10,106360291.0,snap
2481,2025-09,382114927.0,backfill
2481,2025-10,382114927.0,backfill
2481,2025-11,382114927.0,backfill
2481,2025-12,382114927.0,backfill
2481,2026-01,382114927.0,backfill
2481,2026-02,382114927.0,backfill
2481,2026-03,382114927.0,backfill
2481,2026-04,382114927.0,backfill
2481,2026-05,382114927.0,backfill
2481,2026-06,382114927.0,backfill
2481,2026-07,382114927.0,backfill
2481,2026-08,382114927.0,backfill
2481,2026-09,382114927.0,backfill
2481,2026-10,382114927.0,snap
2482,2025-09,77882711.0,backfill
2482,2025-10,77882711.0,backfill
2482,2025-11,77882711.0,backfill
2482,2025-12,77882711.0,backfill
2482,2026-01,77882711.0,backfill
2482,2026-02,77882711.0,backfill
2482,2026-03,77882711.0,backfill
2482,2026-04,77882711.0,backfill
2482,2026-05,77882711.0,backfill
2482,2026-06,77882711.0,backfill
2482,2026-07,77882711.0,backfill
2482,2026-08,77882711.0,backfill
2482,2026-09,77882711.0,backfill
2482,2026-10,77882711.0,snap
2483,2025-09,107889807.0,backfill
2483,2025-10,107889807.0,backfill
2483,2025-11,107889807.0,backfill
2483,2025-12,107889807.0,backfill
2483,2026-01,107889807.0,backfill
2483,2026-02,107889807.0,backfill
2483,2026-03,107889807.0,backfill
2483,2026-04,107889807.0,backfill
2483,2026-05,107889807.0,backfill
2483,2026-06,107889807.0,backfill
2483,2026-07,107889807.0,backfill
2483,2026-08,107889807.0,backfill
2483,2026-09,107889807.0,backfill
2483,2026-10,107889807.0,snap
2484,2025-09,159421022.0,backfill
2484,2025-10,159421022.0,backfill
2484,2025-11,159421022.0,backfill
2484,2025-12,159421022.0,backfill
2484,2026-01,159421022.0,backfill
2484,2026-02,159421022.0,backfill
2484,2026-03,159421022.0,backfill
2484,2026-04,159421022.0,backfill
2484,2026-05,159421022.0,backfill
2484,2026-06,159421022.0,backfill
2484,2026-07,159421022.0,backfill
2484,2026-08,159421022.0,backfill
2484,2026-09,159421022.0,backfill
2484,2026-10,159421022.0,snap
2485,2025-09,317689037.0,backfill
2485,2025-10,317689037.0,backfill
2485,2025-11,317689037.0,backfill
2485,2025-12,317689037.0,backfill
2485,2026-01,317689037.0,backfill
2485,2026-02,317689037.0,backfill
2485,2026-03,317689037.0,backfill
2485,2026-04,317689037.0,backfill
2485,2026-05,317689037.0,backfill
2485,2026-06,317689037.0,backfill
2485,2026-07,317689037.0,backfill
2485,2026-08,317689037.0,backfill
2485,2026-09,317689037.0,backfill
2485,2026-10,317689037.0,snap
2486,2025-09,240482510.0,backfill
2486,2025-10,240482510.0,backfill
2486,2025-11,240482510.0,backfill
2486,2025-12,240482510.0,backfill
2486,2026-01,240482510.0,backfill
2486,2026-02,240482510.0,backfill
2486,2026-03,240482510.0,backfill
2486,2026-04,240482510.0,backfill
2486,2026-05,240482510.0,backfill
2486,2026-06,240482510.0,backfill
2486,2026-07,240482510.0,backfill
2486,2026-08,240482510.0,backfill
2486,2026-09,240482510.0,backfill
2486,2026-10,240482510.0,snap
2488,2025-09,79999433.0,backfill
2488,2025-10,79999433.0,backfill
2488,2025-11,79999433.0,backfill
2488,2025-12,79999433.0,backfill
2488,2026-01,79999433.0,backfill
2488,2026-02,79999433.0,backfill
2488,2026-03,79999433.0,backfill
2488,2026-04,79999433.0,backfill
2488,2026-05,79999433.0,backfill
2488,2026-06,79999433.0,backfill
2488,2026-07,79999433.0,backfill
2488,2026-08,79999433.0,backfill
2488,2026-09,79999433.0,backfill
2488,2026-10,79999433.0,snap
2489,2025-09,610000000.0,backfill
2489,2025-10,610000000.0,backfill
2489,2025-11,610000000.0,backfill
2489,2025-12,610000000.0,backfill
2489,2026-01,610000000.0,backfill
2489,2026-02,610000000.0,backfill
2489,2026-03,610000000.0,backfill
2489,2026-04,610000000.0,backfill
2489,2026-05,610000000.0,backfill
2489,2026-06,610000000.0,backfill
2489,2026-07,610000000.0,backfill
2489,2026-08,610000000.0,backfill
2489,2026-09,610000000.0,backfill
2489,2026-10,610000000.0,snap
2491,2025-09,82008000.0,backfill
2491,2025-10,82008000.0,backfill
2491,2025-11,82008000.0,backfill
2491,2025-12,82008000.0,backfill
2491,2026-01,82008000.0,backfill
2491,2026-02,82008000.0,backfill
2491,2026-03,82008000.0,backfill
2491,2026-04,82008000.0,backfill
2491,2026-05,82008000.0,backfill
2491,2026-06,82008000.0,backfill
2491,2026-07,82008000.0,backfill
2491,2026-08,82008000.0,backfill
2491,2026-09,82008000.0,backfill
2491,2026-10,82008000.0,snap
2492,2025-09,485204774.0,backfill
2492,2025-10,485204774.0,backfill
2492,2025-11,485204774.0,backfill
2492,2025-12,485204774.0,backfill
2492,2026-01,485204774.0,backfill
2492,2026-02,485204774.0,backfill
2492,2026-03,485204774.0,backfill
2492,2026-04,485204774.0,backfill
2492,2026-05,485204774.0,backfill
2492,2026-06,485204774.0,backfill
2492,2026-07,485204774.0,backfill
2492,2026-08,485204774.0,backfill
2492,2026-09,485204774.0,backfill
2492,2026-10,485204774.0,snap
2493,2025-09,126796629.0,backfill
2493,2025-10,126796629.0,backfill
2493,2025-11,126796629.0,backfill
2493,2025-12,126796629.0,backfill
2493,2026-01,126796629.0,backfill
2493,2026-02,126796629.0,backfill
2493,2026-03,126796629.0,backfill
2493,2026-04,126796629.0,backfill
2493,2026-05,126796629.0,backfill
2493,2026-06,126796629.0,backfill
2493,2026-07,126796629.0,backfill
2493,2026-08,126796629.0,backfill
2493,2026-09,126796629.0,backfill
2493,2026-10,126796629.0,snap
2495,2025-09,273551538.0,backfill
2495,2025-10,273551538.0,backfill
2495,2025-11,273551538.0,backfill
2495,2025-12,273551538.0,backfill
2495,2026-01,273551538.0,backfill
2495,2026-02,273551538.0,backfill
2495,2026-03,273551538.0,backfill
2495,2026-04,273551538.0,backfill
2495,2026-05,273551538.0,backfill
2495,2026-06,273551538.0,backfill
2495,2026-07,273551538.0,backfill
2495,2026-08,273551538.0,backfill
2495,2026-09,273551538.0,backfill
2495,2026-10,273551538.0,snap
2496,2025-09,20055462.0,backfill
2496,2025-10,20055462.0,backfill
2496,2025-11,20055462.0,backfill
2496,2025-12,20055462.0,backfill
2496,2026-01,20055462.0,backfill
2496,2026-02,20055462.0,backfill
2496,2026-03,20055462.0,backfill
2496,2026-04,20055462.0,backfill
2496,2026-05,20055462.0,backfill
2496,2026-06,20055462.0,backfill
2496,2026-07,20055462.0,backfill
2496,2026-08,20055462.0,backfill
2496,2026-09,20055462.0,backfill
2496,2026-10,20055462.0,snap
2497,2025-09,130887676.0,backfill
2497,2025-10,130887676.0,backfill
2497,2025-11,130887676.0,backfill
2497,2025-12,130887676.0,backfill
2497,2026-01,130887676.0,backfill
2497,2026-02,130887676.0,backfill
2497,2026-03,130887676.0,backfill
2497,2026-04,130887676.0,backfill
2497,2026-05,130887676.0,backfill
2497,2026-06,130887676.0,backfill
2497,2026-07,130887676.0,backfill
2497,2026-08,130887676.0,backfill
2497,2026-09,130887676.0,backfill
2497,2026-10,130887676.0,snap
2498,2025-09,836097086.0,backfill
2498,2025-10,836097086.0,backfill
2498,2025-11,836097086.0,backfill
2498,2025-12,836097086.0,backfill
2498,2026-01,836097086.0,backfill
2498,2026-02,836097086.0,backfill
2498,2026-03,836097086.0,backfill
2498,2026-04,836097086.0,backfill
2498,2026-05,836097086.0,backfill
2498,2026-06,836097086.0,backfill
2498,2026-07,836097086.0,backfill
2498,2026-08,836097086.0,backfill
2498,2026-09,836097086.0,backfill
2498,2026-10,836097086.0,snap
2501,2025-09,1159561059.0,backfill
2501,2025-10,1159561059.0,backfill
2501,2025-11,1159561059.0,backfill
2501,2025-12,1159561059.0,backfill
2501,2026-01,1159561059.0,backfill
2501,2026-02,1159561059.0,backfill
2501,2026-03,1159561059.0,backfill
2501,2026-04,1159561059.0,backfill
2501,2026-05,1159561059.0,backfill
2501,2026-06,1159561059.0,backfill
2501,2026-07,1159561059.0,backfill
2501,2026-08,1159561059.0,backfill
2501,2026-09,1159561059.0,backfill
2501,2026-10,1159561059.0,snap
2504,2025-09,1180000000.0,backfill
2504,2025-10,1180000000.0,backfill
2504,2025-11,1180000000.0,backfill
2504,2025-12,1180000000.0,backfill
2504,2026-01,1180000000.0,backfill
2504,2026-02,1180000000.0,backfill
2504,2026-03,1180000000.0,backfill
2504,2026-04,1180000000.0,backfill
2504,2026-05,1180000000.0,backfill
2504,2026-06,1180000000.0,backfill
2504,2026-07,1180000000.0,backfill
2504,2026-08,1180000000.0,backfill
2504,2026-09,1180000000.0,backfill
2504,2026-10,1180000000.0,snap
2505,2025-09,380000000.0,backfill
2505,2025-10,380000000.0,backfill
2505,2025-11,380000000.0,backfill
2505,2025-12,380000000.0,backfill
2505,2026-01,380000000.0,backfill
2505,2026-02,380000000.0,backfill
2505,2026-03,380000000.0,backfill
2505,2026-04,380000000.0,backfill
2505,2026-05,380000000.0,backfill
2505,2026-06,380000000.0,backfill
2505,2026-07,380000000.0,backfill
2505,2026-08,380000000.0,backfill
2505,2026-09,380000000.0,backfill
2505,2026-10,380000000.0,snap
2506,2025-09,387000000.0,backfill
2506,2025-10,387000000.0,backfill
2506,2025-11,387000000.0,backfill
2506,2025-12,387000000.0,backfill
2506,2026-01,387000000.0,backfill
2506,2026-02,387000000.0,backfill
2506,2026-03,387000000.0,backfill
2506,2026-04,387000000.0,backfill
2506,2026-05,387000000.0,backfill
2506,2026-06,387000000.0,backfill
2506,2026-07,387000000.0,backfill
2506,2026-08,387000000.0,backfill
2506,2026-09,387000000.0,backfill
2506,2026-10,387000000.0,snap
2509,2025-09,224550530.0,backfill
2509,2025-10,224550530.0,backfill
2509,2025-11,224550530.0,backfill
2509,2025-12,224550530.0,backfill
2509,2026-01,224550530.0,backfill
2509,2026-02,224550530.0,backfill
2509,2026-03,224550530.0,backfill
2509,2026-04,224550530.0,backfill
2509,2026-05,224550530.0,backfill
2509,2026-06,224550530.0,backfill
2509,2026-07,224550530.0,backfill
2509,2026-08,224550530.0,backfill
2509,2026-09,224550530.0,backfill
2509,2026-10,224550530.0,snap
2511,2025-09,1623326147.0,backfill
2511,2025-10,1623326147.0,backfill
2511,2025-11,1623326147.0,backfill
2511,2025-12,1623326147.0,backfill
2511,2026-01,1623326147.0,backfill
2511,2026-02,1623326147.0,backfill
2511,2026-03,1623326147.0,backfill
2511,2026-04,1623326147.0,backfill
2511,2026-05,1623326147.0,backfill
2511,2026-06,1623326147.0,backfill
2511,2026-07,1623326147.0,backfill
2511,2026-08,1623326147.0,backfill
2511,2026-09,1623326147.0,backfill
2511,2026-10,1623326147.0,snap
2514,2025-09,394729278.0,backfill
2514,2025-10,394729278.0,backfill
2514,2025-11,394729278.0,backfill
2514,2025-12,394729278.0,backfill
2514,2026-01,394729278.0,backfill
2514,2026-02,394729278.0,backfill
2514,2026-03,394729278.0,backfill
2514,2026-04,394729278.0,backfill
2514,2026-05,394729278.0,backfill
2514,2026-06,394729278.0,backfill
2514,2026-07,394729278.0,backfill
2514,2026-08,394729278.0,backfill
2514,2026-09,394729278.0,backfill
2514,2026-10,394729278.0,snap
2515,2025-09,1688460079.0,backfill
2515,2025-10,1688460079.0,backfill
2515,2025-11,1688460079.0,backfill
2515,2025-12,1688460079.0,backfill
2515,2026-01,1688460079.0,backfill
2515,2026-02,1688460079.0,backfill
2515,2026-03,1688460079.0,backfill
2515,2026-04,1688460079.0,backfill
2515,2026-05,1688460079.0,backfill
2515,2026-06,1688460079.0,backfill
2515,2026-07,1688460079.0,backfill
2515,2026-08,1688460079.0,backfill
2515,2026-09,1688460079.0,backfill
2515,2026-10,1688460079.0,snap
2516,2025-09,226278457.0,backfill
2516,2025-10,226278457.0,backfill
2516,2025-11,226278457.0,backfill
2516,2025-12,226278457.0,backfill
2516,2026-01,226278457.0,backfill
2516,2026-02,226278457.0,backfill
2516,2026-03,226278457.0,backfill
2516,2026-04,226278457.0,backfill
2516,2026-05,226278457.0,backfill
2516,2026-06,226278457.0,backfill
2516,2026-07,226278457.0,backfill
2516,2026-08,226278457.0,backfill
2516,2026-09,226278457.0,backfill
2516,2026-10,226278457.0,snap
2520,2025-09,609487110.0,backfill
2520,2025-10,609487110.0,backfill
2520,2025-11,609487110.0,backfill
2520,2025-12,609487110.0,backfill
2520,2026-01,609487110.0,backfill
2520,2026-02,609487110.0,backfill
2520,2026-03,609487110.0,backfill
2520,2026-04,609487110.0,backfill
2520,2026-05,609487110.0,backfill
2520,2026-06,609487110.0,backfill
2520,2026-07,609487110.0,backfill
2520,2026-08,609487110.0,backfill
2520,2026-09,609487110.0,backfill
2520,2026-10,609487110.0,snap
2524,2025-09,366184596.0,backfill
2524,2025-10,366184596.0,backfill
2524,2025-11,366184596.0,backfill
2524,2025-12,366184596.0,backfill
2524,2026-01,366184596.0,backfill
2524,2026-02,366184596.0,backfill
2524,2026-03,366184596.0,backfill
2524,2026-04,366184596.0,backfill
2524,2026-05,366184596.0,backfill
2524,2026-06,366184596.0,backfill
2524,2026-07,366184596.0,backfill
2524,2026-08,366184596.0,backfill
2524,2026-09,366184596.0,backfill
2524,2026-10,366184596.0,snap
2527,2025-09,270306000.0,backfill
2527,2025-10,270306000.0,backfill
2527,2025-11,270306000.0,backfill
2527,2025-12,270306000.0,backfill
2527,2026-01,270306000.0,backfill
2527,2026-02,270306000.0,backfill
2527,2026-03,270306000.0,backfill
2527,2026-04,270306000.0,backfill
2527,2026-05,270306000.0,backfill
2527,2026-06,270306000.0,backfill
2527,2026-07,270306000.0,backfill
2527,2026-08,270306000.0,backfill
2527,2026-09,270306000.0,backfill
2527,2026-10,270306000.0,snap
2528,2025-09,435996467.0,backfill
2528,2025-10,435996467.0,backfill
2528,2025-11,435996467.0,backfill
2528,2025-12,435996467.0,backfill
2528,2026-01,435996467.0,backfill
2528,2026-02,435996467.0,backfill
2528,2026-03,435996467.0,backfill
2528,2026-04,435996467.0,backfill
2528,2026-05,435996467.0,backfill
2528,2026-06,435996467.0,backfill
2528,2026-07,435996467.0,backfill
2528,2026-08,435996467.0,backfill
2528,2026-09,435996467.0,backfill
2528,2026-10,435996467.0,snap
2530,2025-09,841255731.0,backfill
2530,2025-10,841255731.0,backfill
2530,2025-11,841255731.0,backfill
2530,2025-12,841255731.0,backfill
2530,2026-01,841255731.0,backfill
2530,2026-02,841255731.0,backfill
2530,2026-03,841255731.0,backfill
2530,2026-04,841255731.0,backfill
2530,2026-05,841255731.0,backfill
2530,2026-06,841255731.0,backfill
2530,2026-07,841255731.0,backfill
2530,2026-08,841255731.0,backfill
2530,2026-09,841255731.0,backfill
2530,2026-10,841255731.0,snap
2534,2025-09,474227970.0,backfill
2534,2025-10,474227970.0,backfill
2534,2025-11,474227970.0,backfill
2534,2025-12,474227970.0,backfill
2534,2026-01,474227970.0,backfill
2534,2026-02,474227970.0,backfill
2534,2026-03,474227970.0,backfill
2534,2026-04,474227970.0,backfill
2534,2026-05,474227970.0,backfill
2534,2026-06,474227970.0,backfill
2534,2026-07,474227970.0,backfill
2534,2026-08,474227970.0,backfill
2534,2026-09,474227970.0,backfill
2534,2026-10,474227970.0,snap
2535,2025-09,270793967.0,backfill
2535,2025-10,270793967.0,backfill
2535,2025-11,270793967.0,backfill
2535,2025-12,270793967.0,backfill
2535,2026-01,270793967.0,backfill
2535,2026-02,270793967.0,backfill
2535,2026-03,270793967.0,backfill
2535,2026-04,270793967.0,backfill
2535,2026-05,270793967.0,backfill
2535,2026-06,270793967.0,backfill
2535,2026-07,270793967.0,backfill
2535,2026-08,270793967.0,backfill
2535,2026-09,270793967.0,backfill
2535,2026-10,270793967.0,snap
2536,2025-09,332808652.0,backfill
2536,2025-10,332808652.0,backfill
2536,2025-11,332808652.0,backfill
2536,2025-12,332808652.0,backfill
2536,2026-01,332808652.0,backfill
2536,2026-02,332808652.0,backfill
2536,2026-03,332808652.0,backfill
2536,2026-04,332808652.0,backfill
2536,2026-05,332808652.0,backfill
2536,2026-06,332808652.0,backfill
2536,2026-07,332808652.0,backfill
2536,2026-08,332808652.0,backfill
2536,2026-09,332808652.0,backfill
2536,2026-10,332808652.0,snap
2537,2025-09,300557795.0,backfill
2537,2025-10,300557795.0,backfill
2537,2025-11,300557795.0,backfill
2537,2025-12,300557795.0,backfill
2537,2026-01,300557795.0,backfill
2537,2026-02,300557795.0,backfill
2537,2026-03,300557795.0,backfill
2537,2026-04,300557795.0,backfill
2537,2026-05,300557795.0,backfill
2537,2026-06,300557795.0,backfill
2537,2026-07,300557795.0,backfill
2537,2026-08,300557795.0,backfill
2537,2026-09,300557795.0,backfill
2537,2026-10,300557795.0,snap
2538,2025-09,445025495.0,backfill
2538,2025-10,445025495.0,backfill
2538,2025-11,445025495.0,backfill
2538,2025-12,445025495.0,backfill
2538,2026-01,445025495.0,backfill
2538,2026-02,445025495.0,backfill
2538,2026-03,445025495.0,backfill
2538,2026-04,445025495.0,backfill
2538,2026-05,445025495.0,backfill
2538,2026-06,445025495.0,backfill
2538,2026-07,445025495.0,backfill
2538,2026-08,445025495.0,backfill
2538,2026-09,445025495.0,backfill
2538,2026-10,445025495.0,snap
2539,2025-09,1455585149.0,backfill
2539,2025-10,1455585149.0,backfill
2539,2025-11,1455585149.0,backfill
2539,2025-12,1455585149.0,backfill
2539,2026-01,1455585149.0,backfill
2539,2026-02,1455585149.0,backfill
2539,2026-03,1455585149.0,backfill
2539,2026-04,1455585149.0,backfill
2539,2026-05,1455585149.0,backfill
2539,2026-06,1455585149.0,backfill
2539,2026-07,1455585149.0,backfill
2539,2026-08,1455585149.0,backfill
2539,2026-09,1455585149.0,backfill
2539,2026-10,1455585149.0,snap
2540,2025-09,944873965.0,backfill
2540,2025-10,944873965.0,backfill
2540,2025-11,944873965.0,backfill
2540,2025-12,944873965.0,backfill
2540,2026-01,944873965.0,backfill
2540,2026-02,944873965.0,backfill
2540,2026-03,944873965.0,backfill
2540,2026-04,944873965.0,backfill
2540,2026-05,944873965.0,backfill
2540,2026-06,944873965.0,backfill
2540,2026-07,944873965.0,backfill
2540,2026-08,944873965.0,backfill
2540,2026-09,944873965.0,backfill
2540,2026-10,944873965.0,snap
2542,2025-09,2153083539.0,backfill
2542,2025-10,2153083539.0,backfill
2542,2025-11,2153083539.0,backfill
2542,2025-12,2153083539.0,backfill
2542,2026-01,2153083539.0,backfill
2542,2026-02,2153083539.0,backfill
2542,2026-03,2153083539.0,backfill
2542,2026-04,2153083539.0,backfill
2542,2026-05,2153083539.0,backfill
2542,2026-06,2153083539.0,backfill
2542,2026-07,2153083539.0,backfill
2542,2026-08,2153083539.0,backfill
2542,2026-09,2153083539.0,backfill
2542,2026-10,2153083539.0,snap
2543,2025-09,528541961.0,backfill
2543,2025-10,528541961.0,backfill
2543,2025-11,528541961.0,backfill
2543,2025-12,528541961.0,backfill
2543,2026-01,528541961.0,backfill
2543,2026-02,528541961.0,backfill
2543,2026-03,528541961.0,backfill
2543,2026-04,528541961.0,backfill
2543,2026-05,528541961.0,backfill
2543,2026-06,528541961.0,backfill
2543,2026-07,528541961.0,backfill
2543,2026-08,528541961.0,backfill
2543,2026-09,528541961.0,backfill
2543,2026-10,528541961.0,snap
2545,2025-09,379734808.0,backfill
2545,2025-10,379734808.0,backfill
2545,2025-11,379734808.0,backfill
2545,2025-12,379734808.0,backfill
2545,2026-01,379734808.0,backfill
2545,2026-02,379734808.0,backfill
2545,2026-03,379734808.0,backfill
2545,2026-04,379734808.0,backfill
2545,2026-05,379734808.0,backfill
2545,2026-06,379734808.0,backfill
2545,2026-07,379734808.0,backfill
2545,2026-08,379734808.0,backfill
2545,2026-09,379734808.0,backfill
2545,2026-10,379734808.0,snap
2546,2025-09,146187097.0,backfill
2546,2025-10,146187097.0,backfill
2546,2025-11,146187097.0,backfill
2546,2025-12,146187097.0,backfill
2546,2026-01,146187097.0,backfill
2546,2026-02,146187097.0,backfill
2546,2026-03,146187097.0,backfill
2546,2026-04,146187097.0,backfill
2546,2026-05,146187097.0,backfill
2546,2026-06,146187097.0,backfill
2546,2026-07,146187097.0,backfill
2546,2026-08,146187097.0,backfill
2546,2026-09,146187097.0,backfill
2546,2026-10,146187097.0,snap
2547,2025-09,1035094649.0,backfill
2547,2025-10,1035094649.0,backfill
2547,2025-11,1035094649.0,backfill
2547,2025-12,1035094649.0,backfill
2547,2026-01,1035094649.0,backfill
2547,2026-02,1035094649.0,backfill
2547,2026-03,1035094649.0,backfill
2547,2026-04,1035094649.0,backfill
2547,2026-05,1035094649.0,backfill
2547,2026-06,1035094649.0,backfill
2547,2026-07,1035094649.0,backfill
2547,2026-08,1035094649.0,backfill
2547,2026-09,1035094649.0,backfill
2547,2026-10,1035094649.0,snap
2548,2025-09,335704631.0,backfill
2548,2025-10,335704631.0,backfill
2548,2025-11,335704631.0,backfill
2548,2025-12,335704631.0,backfill
2548,2026-01,335704631.0,backfill
2548,2026-02,335704631.0,backfill
2548,2026-03,335704631.0,backfill
2548,2026-04,335704631.0,backfill
2548,2026-05,335704631.0,backfill
2548,2026-06,335704631.0,backfill
2548,2026-07,335704631.0,backfill
2548,2026-08,335704631.0,backfill
2548,2026-09,335704631.0,backfill
2548,2026-10,335704631.0,snap
2596,2025-09,100000000.0,backfill
2596,2025-10,100000000.0,backfill
2596,2025-11,100000000.0,backfill
2596,2025-12,100000000.0,backfill
2596,2026-01,100000000.0,backfill
2596,2026-02,100000000.0,backfill
2596,2026-03,100000000.0,backfill
2596,2026-04,100000000.0,backfill
2596,2026-05,100000000.0,backfill
2596,2026-06,100000000.0,backfill
2596,2026-07,100000000.0,backfill
2596,2026-08,100000000.0,backfill
2596,2026-09,100000000.0,backfill
2596,2026-10,100000000.0,snap
2597,2025-09,310716000.0,backfill
2597,2025-10,310716000.0,backfill
2597,2025-11,310716000.0,backfill
2597,2025-12,310716000.0,backfill
2597,2026-01,310716000.0,backfill
2597,2026-02,310716000.0,backfill
2597,2026-03,310716000.0,backfill
2597,2026-04,310716000.0,backfill
2597,2026-05,310716000.0,backfill
2597,2026-06,310716000.0,backfill
2597,2026-07,310716000.0,backfill
2597,2026-08,310716000.0,backfill
2597,2026-09,310716000.0,backfill
2597,2026-10,310716000.0,snap
2601,2025-09,690379011.0,backfill
2601,2025-10,690379011.0,backfill
2601,2025-11,690379011.0,backfill
2601,2025-12,690379011.0,backfill
2601,2026-01,690379011.0,backfill
2601,2026-02,690379011.0,backfill
2601,2026-03,690379011.0,backfill
2601,2026-04,690379011.0,backfill
2601,2026-05,690379011.0,backfill
2601,2026-06,690379011.0,backfill
2601,2026-07,690379011.0,backfill
2601,2026-08,690379011.0,backfill
2601,2026-09,690379011.0,backfill
2601,2026-10,690379011.0,snap
2603,2025-09,2165042996.0,backfill
2603,2025-10,2165042996.0,backfill
2603,2025-11,2165042996.0,backfill
2603,2025-12,2165042996.0,backfill
2603,2026-01,2165042996.0,backfill
2603,2026-02,2165042996.0,backfill
2603,2026-03,2165042996.0,backfill
2603,2026-04,2165042996.0,backfill
2603,2026-05,2165042996.0,backfill
2603,2026-06,2165042996.0,backfill
2603,2026-07,2165042996.0,backfill
2603,2026-08,2165042996.0,backfill
2603,2026-09,2165042996.0,backfill
2603,2026-10,2165042996.0,snap
2605,2025-09,585353297.0,backfill
2605,2025-10,585353297.0,backfill
2605,2025-11,585353297.0,backfill
2605,2025-12,585353297.0,backfill
2605,2026-01,585353297.0,backfill
2605,2026-02,585353297.0,backfill
2605,2026-03,585353297.0,backfill
2605,2026-04,585353297.0,backfill
2605,2026-05,585353297.0,backfill
2605,2026-06,585353297.0,backfill
2605,2026-07,585353297.0,backfill
2605,2026-08,585353297.0,backfill
2605,2026-09,585353297.0,backfill
2605,2026-10,585353297.0,snap
2606,2025-09,845055712.0,backfill
2606,2025-10,845055712.0,backfill
2606,2025-11,845055712.0,backfill
2606,2025-12,845055712.0,backfill
2606,2026-01,845055712.0,backfill
2606,2026-02,845055712.0,backfill
2606,2026-03,845055712.0,backfill
2606,2026-04,845055712.0,backfill
2606,2026-05,845055712.0,backfill
2606,2026-06,845055712.0,backfill
2606,2026-07,845055712.0,backfill
2606,2026-08,845055712.0,backfill
2606,2026-09,845055712.0,backfill
2606,2026-10,845055712.0,snap
2607,2025-09,533570547.0,backfill
2607,2025-10,533570547.0,backfill
2607,2025-11,533570547.0,backfill
2607,2025-12,533570547.0,backfill
2607,2026-01,533570547.0,backfill
2607,2026-02,533570547.0,backfill
2607,2026-03,533570547.0,backfill
2607,2026-04,533570547.0,backfill
2607,2026-05,533570547.0,backfill
2607,2026-06,533570547.0,backfill
2607,2026-07,533570547.0,backfill
2607,2026-08,533570547.0,backfill
2607,2026-09,533570547.0,backfill
2607,2026-10,533570547.0,snap
2608,2025-09,467000498.0,backfill
2608,2025-10,467000498.0,backfill
2608,2025-11,467000498.0,backfill
2608,2025-12,467000498.0,backfill
2608,2026-01,467000498.0,backfill
2608,2026-02,467000498.0,backfill
2608,2026-03,467000498.0,backfill
2608,2026-04,467000498.0,backfill
2608,2026-05,467000498.0,backfill
2608,2026-06,467000498.0,backfill
2608,2026-07,467000498.0,backfill
2608,2026-08,467000498.0,backfill
2608,2026-09,467000498.0,backfill
2608,2026-10,467000498.0,snap
2609,2025-09,3492104270.0,backfill
2609,2025-10,3492104270.0,backfill
2609,2025-11,3492104270.0,backfill
2609,2025-12,3492104270.0,backfill
2609,2026-01,3492104270.0,backfill
2609,2026-02,3492104270.0,backfill
2609,2026-03,3492104270.0,backfill
2609,2026-04,3492104270.0,backfill
2609,2026-05,3492104270.0,backfill
2609,2026-06,3492104270.0,backfill
2609,2026-07,3492104270.0,backfill
2609,2026-08,3492104270.0,backfill
2609,2026-09,3492104270.0,backfill
2609,2026-10,3492104270.0,snap
2610,2025-09,6144988558.0,backfill
2610,2025-10,6144988558.0,backfill
2610,2025-11,6144988558.0,backfill
2610,2025-12,6144988558.0,backfill
2610,2026-01,6144988558.0,backfill
2610,2026-02,6144988558.0,backfill
2610,2026-03,6144988558.0,backfill
2610,2026-04,6144988558.0,backfill
2610,2026-05,6144988558.0,backfill
2610,2026-06,6144988558.0,backfill
2610,2026-07,6144988558.0,backfill
2610,2026-08,6144988558.0,backfill
2610,2026-09,6144988558.0,backfill
2610,2026-10,6144988558.0,snap
2611,2025-09,189002272.0,backfill
2611,2025-10,189002272.0,backfill
2611,2025-11,189002272.0,backfill
2611,2025-12,189002272.0,backfill
2611,2026-01,189002272.0,backfill
2611,2026-02,189002272.0,backfill
2611,2026-03,189002272.0,backfill
2611,2026-04,189002272.0,backfill
2611,2026-05,189002272.0,backfill
2611,2026-06,189002272.0,backfill
2611,2026-07,189002272.0,backfill
2611,2026-08,189002272.0,backfill
2611,2026-09,189002272.0,backfill
2611,2026-10,189002272.0,snap
2612,2025-09,197484593.0,backfill
2612,2025-10,197484593.0,backfill
2612,2025-11,197484593.0,backfill
2612,2025-12,197484593.0,backfill
2612,2026-01,197484593.0,backfill
2612,2026-02,197484593.0,backfill
2612,2026-03,197484593.0,backfill
2612,2026-04,197484593.0,backfill
2612,2026-05,197484593.0,backfill
2612,2026-06,197484593.0,backfill
2612,2026-07,197484593.0,backfill
2612,2026-08,197484593.0,backfill
2612,2026-09,197484593.0,backfill
2612,2026-10,197484593.0,snap
2613,2025-09,148423458.0,backfill
2613,2025-10,148423458.0,backfill
2613,2025-11,148423458.0,backfill
2613,2025-12,148423458.0,backfill
2613,2026-01,148423458.0,backfill
2613,2026-02,148423458.0,backfill
2613,2026-03,148423458.0,backfill
2613,2026-04,148423458.0,backfill
2613,2026-05,148423458.0,backfill
2613,2026-06,148423458.0,backfill
2613,2026-07,148423458.0,backfill
2613,2026-08,148423458.0,backfill
2613,2026-09,148423458.0,backfill
2613,2026-10,148423458.0,snap
2614,2025-09,327264946.0,backfill
2614,2025-10,327264946.0,backfill
2614,2025-11,327264946.0,backfill
2614,2025-12,327264946.0,backfill
2614,2026-01,327264946.0,backfill
2614,2026-02,327264946.0,backfill
2614,2026-03,327264946.0,backfill
2614,2026-04,327264946.0,backfill
2614,2026-05,327264946.0,backfill
2614,2026-06,327264946.0,backfill
2614,2026-07,327264946.0,backfill
2614,2026-08,327264946.0,backfill
2614,2026-09,327264946.0,backfill
2614,2026-10,327264946.0,snap
2615,2025-09,2806146293.0,backfill
2615,2025-10,2806146293.0,backfill
2615,2025-11,2806146293.0,backfill
2615,2025-12,2806146293.0,backfill
2615,2026-01,2806146293.0,backfill
2615,2026-02,2806146293.0,backfill
2615,2026-03,2806146293.0,backfill
2615,2026-04,2806146293.0,backfill
2615,2026-05,2806146293.0,backfill
2615,2026-06,2806146293.0,backfill
2615,2026-07,2806146293.0,backfill
2615,2026-08,2806146293.0,backfill
2615,2026-09,2806146293.0,backfill
2615,2026-10,2806146293.0,snap
2616,2025-09,137281827.0,backfill
2616,2025-10,137281827.0,backfill
2616,2025-11,137281827.0,backfill
2616,2025-12,137281827.0,backfill
2616,2026-01,137281827.0,backfill
2616,2026-02,137281827.0,backfill
2616,2026-03,137281827.0,backfill
2616,2026-04,137281827.0,backfill
2616,2026-05,137281827.0,backfill
2616,2026-06,137281827.0,backfill
2616,2026-07,137281827.0,backfill
2616,2026-08,137281827.0,backfill
2616,2026-09,137281827.0,backfill
2616,2026-10,137281827.0,snap
2617,2025-09,417294487.0,backfill
2617,2025-10,417294487.0,backfill
2617,2025-11,417294487.0,backfill
2617,2025-12,417294487.0,backfill
2617,2026-01,417294487.0,backfill
2617,2026-02,417294487.0,backfill
2617,2026-03,417294487.0,backfill
2617,2026-04,417294487.0,backfill
2617,2026-05,417294487.0,backfill
2617,2026-06,417294487.0,backfill
2617,2026-07,417294487.0,backfill
2617,2026-08,417294487.0,backfill
2617,2026-09,417294487.0,backfill
2617,2026-10,417294487.0,snap
2618,2025-09,5400444335.0,backfill
2618,2025-10,5400444335.0,backfill
2618,2025-11,5400444335.0,backfill
2618,2025-12,5400444335.0,backfill
2618,2026-01,5400444335.0,backfill
2618,2026-02,5400444335.0,backfill
2618,2026-03,5400444335.0,backfill
2618,2026-04,5400444335.0,backfill
2618,2026-05,5400444335.0,backfill
2618,2026-06,5400444335.0,backfill
2618,2026-07,5400444335.0,backfill
2618,2026-08,5400444335.0,backfill
2618,2026-09,5400444335.0,backfill
2618,2026-10,5400444335.0,snap
2630,2025-09,209438204.0,backfill
2630,2025-10,209438204.0,backfill
2630,2025-11,209438204.0,backfill
2630,2025-12,209438204.0,backfill
2630,2026-01,209438204.0,backfill
2630,2026-02,209438204.0,backfill
2630,2026-03,209438204.0,backfill
2630,2026-04,209438204.0,backfill
2630,2026-05,209438204.0,backfill
2630,2026-06,209438204.0,backfill
2630,2026-07,209438204.0,backfill
2630,2026-08,209438204.0,backfill
2630,2026-09,209438204.0,backfill
2630,2026-10,209438204.0,snap
2633,2025-09,5628293058.0,backfill
2633,2025-10,5628293058.0,backfill
2633,2025-11,5628293058.0,backfill
2633,2025-12,5628293058.0,backfill
2633,2026-01,5628293058.0,backfill
2633,2026-02,5628293058.0,backfill
2633,2026-03,5628293058.0,backfill
2633,2026-04,5628293058.0,backfill
2633,2026-05,5628293058.0,backfill
2633,2026-06,5628293058.0,backfill
2633,2026-07,5628293058.0,backfill
2633,2026-08,5628293058.0,backfill
2633,2026-09,5628293058.0,backfill
2633,2026-10,5628293058.0,snap
2634,2025-09,941867101.0,backfill
2634,2025-10,941867101.0,backfill
2634,2025-11,941867101.0,backfill
2634,2025-12,941867101.0,backfill
2634,2026-01,941867101.0,backfill
2634,2026-02,941867101.0,backfill
2634,2026-03,941867101.0,backfill
2634,2026-04,941867101.0,backfill
2634,2026-05,941867101.0,backfill
2634,2026-06,941867101.0,backfill
2634,2026-07,941867101.0,backfill
2634,2026-08,941867101.0,backfill
2634,2026-09,941867101.0,backfill
2634,2026-10,941867101.0,snap
2636,2025-09,141835230.0,backfill
2636,2025-10,141835230.0,backfill
2636,2025-11,141835230.0,backfill
2636,2025-12,141835230.0,backfill
2636,2026-01,141835230.0,backfill
2636,2026-02,141835230.0,backfill
2636,2026-03,141835230.0,backfill
2636,2026-04,141835230.0,backfill
2636,2026-05,141835230.0,backfill
2636,2026-06,141835230.0,backfill
2636,2026-07,141835230.0,backfill
2636,2026-08,141835230.0,backfill
2636,2026-09,141835230.0,backfill
2636,2026-10,141835230.0,snap
2637,2025-09,746409199.0,backfill
2637,2025-10,746409199.0,backfill
2637,2025-11,746409199.0,backfill
2637,2025-12,746409199.0,backfill
2637,2026-01,746409199.0,backfill
2637,2026-02,746409199.0,backfill
2637,2026-03,746409199.0,backfill
2637,2026-04,746409199.0,backfill
2637,2026-05,746409199.0,backfill
2637,2026-06,746409199.0,backfill
2637,2026-07,746409199.0,backfill
2637,2026-08,746409199.0,backfill
2637,2026-09,746409199.0,backfill
2637,2026-10,746409199.0,snap
2640,2025-09,59264956.0,backfill
2640,2025-10,59264956.0,backfill
2640,2025-11,59264956.0,backfill
2640,2025-12,59264956.0,backfill
2640,2026-01,59264956.0,backfill
2640,2026-02,59264956.0,backfill
2640,2026-03,59264956.0,backfill
2640,2026-04,59264956.0,backfill
2640,2026-05,59264956.0,backfill
2640,2026-06,59264956.0,backfill
2640,2026-07,59264956.0,backfill
2640,2026-08,59264956.0,backfill
2640,2026-09,59264956.0,backfill
2640,2026-10,59264956.0,snap
2641,2025-09,330333744.0,backfill
2641,2025-10,330333744.0,backfill
2641,2025-11,330333744.0,backfill
2641,2025-12,330333744.0,backfill
2641,2026-01,330333744.0,backfill
2641,2026-02,330333744.0,backfill
2641,2026-03,330333744.0,backfill
2641,2026-04,330333744.0,backfill
2641,2026-05,330333744.0,backfill
2641,2026-06,330333744.0,backfill
2641,2026-07,330333744.0,backfill
2641,2026-08,330333744.0,backfill
2641,2026-09,330333744.0,backfill
2641,2026-10,330333744.0,snap
2642,2025-09,95467000.0,backfill
2642,2025-10,95467000.0,backfill
2642,2025-11,95467000.0,backfill
2642,2025-12,95467000.0,backfill
2642,2026-01,95467000.0,backfill
2642,2026-02,95467000.0,backfill
2642,2026-03,95467000.0,backfill
2642,2026-04,95467000.0,backfill
2642,2026-05,95467000.0,backfill
2642,2026-06,95467000.0,backfill
2642,2026-07,95467000.0,backfill
2642,2026-08,95467000.0,backfill
2642,2026-09,95467000.0,backfill
2642,2026-10,95467000.0,snap
2643,2025-09,35000000.0,backfill
2643,2025-10,35000000.0,backfill
2643,2025-11,35000000.0,backfill
2643,2025-12,35000000.0,backfill
2643,2026-01,35000000.0,backfill
2643,2026-02,35000000.0,backfill
2643,2026-03,35000000.0,backfill
2643,2026-04,35000000.0,backfill
2643,2026-05,35000000.0,backfill
2643,2026-06,35000000.0,backfill
2643,2026-07,35000000.0,backfill
2643,2026-08,35000000.0,backfill
2643,2026-09,35000000.0,backfill
2643,2026-10,35000000.0,snap
2645,2025-09,374570962.0,backfill
2645,2025-10,374570962.0,backfill
2645,2025-11,374570962.0,backfill
2645,2025-12,374570962.0,backfill
2645,2026-01,374570962.0,backfill
2645,2026-02,374570962.0,backfill
2645,2026-03,374570962.0,backfill
2645,2026-04,374570962.0,backfill
2645,2026-05,374570962.0,backfill
2645,2026-06,374570962.0,backfill
2645,2026-07,374570962.0,backfill
2645,2026-08,374570962.0,backfill
2645,2026-09,374570962.0,backfill
2645,2026-10,374570962.0,snap
2646,2025-09,3008735000.0,backfill
2646,2025-10,3008735000.0,backfill
2646,2025-11,3008735000.0,backfill
2646,2025-12,3008735000.0,backfill
2646,2026-01,3008735000.0,backfill
2646,2026-02,3008735000.0,backfill
2646,2026-03,3008735000.0,backfill
2646,2026-04,3008735000.0,backfill
2646,2026-05,3008735000.0,backfill
2646,2026-06,3008735000.0,backfill
2646,2026-07,3008735000.0,backfill
2646,2026-08,3008735000.0,backfill
2646,2026-09,3008735000.0,backfill
2646,2026-10,3008735000.0,snap
2701,2025-09,449967838.0,backfill
2701,2025-10,449967838.0,backfill
2701,2025-11,449967838.0,backfill
2701,2025-12,449967838.0,backfill
2701,2026-01,449967838.0,backfill
2701,2026-02,449967838.0,backfill
2701,2026-03,449967838.0,backfill
2701,2026-04,449967838.0,backfill
2701,2026-05,449967838.0,backfill
2701,2026-06,449967838.0,backfill
2701,2026-07,449967838.0,backfill
2701,2026-08,449967838.0,backfill
2701,2026-09,449967838.0,backfill
2701,2026-10,449967838.0,snap
2702,2025-09,156613249.0,backfill
2702,2025-10,156613249.0,backfill
2702,2025-11,156613249.0,backfill
2702,2025-12,156613249.0,backfill
2702,2026-01,156613249.0,backfill
2702,2026-02,156613249.0,backfill
2702,2026-03,156613249.0,backfill
2702,2026-04,156613249.0,backfill
2702,2026-05,156613249.0,backfill
2702,2026-06,156613249.0,backfill
2702,2026-07,156613249.0,backfill
2702,2026-08,156613249.0,backfill
2702,2026-09,156613249.0,backfill
2702,2026-10,156613249.0,snap
2704,2025-09,366923343.0,backfill
2704,2025-10,366923343.0,backfill
2704,2025-11,366923343.0,backfill
2704,2025-12,366923343.0,backfill
2704,2026-01,366923343.0,backfill
2704,2026-02,366923343.0,backfill
2704,2026-03,366923343.0,backfill
2704,2026-04,366923343.0,backfill
2704,2026-05,366923343.0,backfill
2704,2026-06,366923343.0,backfill
2704,2026-07,366923343.0,backfill
2704,2026-08,366923343.0,backfill
2704,2026-09,366923343.0,backfill
2704,2026-10,366923343.0,snap
2705,2025-09,191312830.0,backfill
2705,2025-10,191312830.0,backfill
2705,2025-11,191312830.0,backfill
2705,2025-12,191312830.0,backfill
2705,2026-01,191312830.0,backfill
2705,2026-02,191312830.0,backfill
2705,2026-03,191312830.0,backfill
2705,2026-04,191312830.0,backfill
2705,2026-05,191312830.0,backfill
2705,2026-06,191312830.0,backfill
2705,2026-07,191312830.0,backfill
2705,2026-08,191312830.0,backfill
2705,2026-09,191312830.0,backfill
2705,2026-10,191312830.0,snap
2706,2025-09,499998346.0,backfill
2706,2025-10,499998346.0,backfill
2706,2025-11,499998346.0,backfill
2706,2025-12,499998346.0,backfill
2706,2026-01,499998346.0,backfill
2706,2026-02,499998346.0,backfill
2706,2026-03,499998346.0,backfill
2706,2026-04,499998346.0,backfill
2706,2026-05,499998346.0,backfill
2706,2026-06,499998346.0,backfill
2706,2026-07,499998346.0,backfill
2706,2026-08,499998346.0,backfill
2706,2026-09,499998346.0,backfill
2706,2026-10,499998346.0,snap
2707,2025-09,127403238.0,backfill
2707,2025-10,127403238.0,backfill
2707,2025-11,127403238.0,backfill
2707,2025-12,127403238.0,backfill
2707,2026-01,127403238.0,backfill
2707,2026-02,127403238.0,backfill
2707,2026-03,127403238.0,backfill
2707,2026-04,127403238.0,backfill
2707,2026-05,127403238.0,backfill
2707,2026-06,127403238.0,backfill
2707,2026-07,127403238.0,backfill
2707,2026-08,127403238.0,backfill
2707,2026-09,127403238.0,backfill
2707,2026-10,127403238.0,snap
2712,2025-09,105000000.0,backfill
2712,2025-10,105000000.0,backfill
2712,2025-11,105000000.0,backfill
2712,2025-12,105000000.0,backfill
2712,2026-01,105000000.0,backfill
2712,2026-02,105000000.0,backfill
2712,2026-03,105000000.0,backfill
2712,2026-04,105000000.0,backfill
2712,2026-05,105000000.0,backfill
2712,2026-06,105000000.0,backfill
2712,2026-07,105000000.0,backfill
2712,2026-08,105000000.0,backfill
2712,2026-09,105000000.0,backfill
2712,2026-10,105000000.0,snap
2718,2025-09,87576000.0,backfill
2718,2025-10,87576000.0,backfill
2718,2025-11,87576000.0,backfill
2718,2025-12,87576000.0,backfill
2718,2026-01,87576000.0,backfill
2718,2026-02,87576000.0,backfill
2718,2026-03,87576000.0,backfill
2718,2026-04,87576000.0,backfill
2718,2026-05,87576000.0,backfill
2718,2026-06,87576000.0,backfill
2718,2026-07,87576000.0,backfill
2718,2026-08,87576000.0,backfill
2718,2026-09,87576000.0,backfill
2718,2026-10,87576000.0,snap
2719,2025-09,69182500.0,backfill
2719,2025-10,69182500.0,backfill
2719,2025-11,69182500.0,backfill
2719,2025-12,69182500.0,backfill
2719,2026-01,69182500.0,backfill
2719,2026-02,69182500.0,backfill
2719,2026-03,69182500.0,backfill
2719,2026-04,69182500.0,backfill
2719,2026-05,69182500.0,backfill
2719,2026-06,69182500.0,backfill
2719,2026-07,69182500.0,backfill
2719,2026-08,69182500.0,backfill
2719,2026-09,69182500.0,backfill
2719,2026-10,69182500.0,snap
2722,2025-09,143169696.0,backfill
2722,2025-10,143169696.0,backfill
2722,2025-11,143169696.0,backfill
2722,2025-12,143169696.0,backfill
2722,2026-01,143169696.0,backfill
2722,2026-02,143169696.0,backfill
2722,2026-03,143169696.0,backfill
2722,2026-04,143169696.0,backfill
2722,2026-05,143169696.0,backfill
2722,2026-06,143169696.0,backfill
2722,2026-07,143169696.0,backfill
2722,2026-08,143169696.0,backfill
2722,2026-09,143169696.0,backfill
2722,2026-10,143169696.0,snap
2723,2025-09,180000000.0,backfill
2723,2025-10,180000000.0,backfill
2723,2025-11,180000000.0,backfill
2723,2025-12,180000000.0,backfill
2723,2026-01,180000000.0,backfill
2723,2026-02,180000000.0,backfill
2723,2026-03,180000000.0,backfill
2723,2026-04,180000000.0,backfill
2723,2026-05,180000000.0,backfill
2723,2026-06,180000000.0,backfill
2723,2026-07,180000000.0,backfill
2723,2026-08,180000000.0,backfill
2723,2026-09,180000000.0,backfill
2723,2026-10,180000000.0,snap
2724,2025-09,59656345.0,backfill
2724,2025-10,59656345.0,backfill
2724,2025-11,59656345.0,backfill
2724,2025-12,59656345.0,backfill
2724,2026-01,59656345.0,backfill
2724,2026-02,59656345.0,backfill
2724,2026-03,59656345.0,backfill
2724,2026-04,59656345.0,backfill
2724,2026-05,59656345.0,backfill
2724,2026-06,59656345.0,backfill
2724,2026-07,59656345.0,backfill
2724,2026-08,59656345.0,backfill
2724,2026-09,59656345.0,backfill
2724,2026-10,59656345.0,snap
2726,2025-09,37689817.0,backfill
2726,2025-10,37689817.0,backfill
2726,2025-11,37689817.0,backfill
2726,2025-12,37689817.0,backfill
2726,2026-01,37689817.0,backfill
2726,2026-02,37689817.0,backfill
2726,2026-03,37689817.0,backfill
2726,2026-04,37689817.0,backfill
2726,2026-05,37689817.0,backfill
2726,2026-06,37689817.0,backfill
2726,2026-07,37689817.0,backfill
2726,2026-08,37689817.0,backfill
2726,2026-09,37689817.0,backfill
2726,2026-10,37689817.0,snap
2727,2025-09,82940109.0,backfill
2727,2025-10,82940109.0,backfill
2727,2025-11,82940109.0,backfill
2727,2025-12,82940109.0,backfill
2727,2026-01,82940109.0,backfill
2727,2026-02,82940109.0,backfill
2727,2026-03,82940109.0,backfill
2727,2026-04,82940109.0,backfill
2727,2026-05,82940109.0,backfill
2727,2026-06,82940109.0,backfill
2727,2026-07,82940109.0,backfill
2727,2026-08,82940109.0,backfill
2727,2026-09,82940109.0,backfill
2727,2026-10,82940109.0,snap
2729,2025-09,43040783.0,backfill
2729,2025-10,43040783.0,backfill
2729,2025-11,43040783.0,backfill
2729,2025-12,43040783.0,backfill
2729,2026-01,43040783.0,backfill
2729,2026-02,43040783.0,backfill
2729,2026-03,43040783.0,backfill
2729,2026-04,43040783.0,backfill
2729,2026-05,43040783.0,backfill
2729,2026-06,43040783.0,backfill
2729,2026-07,43040783.0,backfill
2729,2026-08,43040783.0,backfill
2729,2026-09,43040783.0,backfill
2729,2026-10,43040783.0,snap
2731,2025-09,93277739.0,backfill
2731,2025-10,93277739.0,backfill
2731,2025-11,93277739.0,backfill
2731,2025-12,93277739.0,backfill
2731,2026-01,93277739.0,backfill
2731,2026-02,93277739.0,backfill
2731,2026-03,93277739.0,backfill
2731,2026-04,93277739.0,backfill
2731,2026-05,93277739.0,backfill
2731,2026-06,93277739.0,backfill
2731,2026-07,93277739.0,backfill
2731,2026-08,93277739.0,backfill
2731,2026-09,93277739.0,backfill
2731,2026-10,93277739.0,snap
2732,2025-09,46518570.0,backfill
2732,2025-10,46518570.0,backfill
2732,2025-11,46518570.0,backfill
2732,2025-12,46518570.0,backfill
2732,2026-01,46518570.0,backfill
2732,2026-02,46518570.0,backfill
2732,2026-03,46518570.0,backfill
2732,2026-04,46518570.0,backfill
2732,2026-05,46518570.0,backfill
2732,2026-06,46518570.0,backfill
2732,2026-07,46518570.0,backfill
2732,2026-08,46518570.0,backfill
2732,2026-09,46518570.0,backfill
2732,2026-10,46518570.0,snap
2734,2025-09,57259760.0,backfill
2734,2025-10,57259760.0,backfill
2734,2025-11,57259760.0,backfill
2734,2025-12,57259760.0,backfill
2734,2026-01,57259760.0,backfill
2734,2026-02,57259760.0,backfill
2734,2026-03,57259760.0,backfill
2734,2026-04,57259760.0,backfill
2734,2026-05,57259760.0,backfill
2734,2026-06,57259760.0,backfill
2734,2026-07,57259760.0,backfill
2734,2026-08,57259760.0,backfill
2734,2026-09,57259760.0,backfill
2734,2026-10,57259760.0,snap
2736,2025-09,79972230.0,backfill
2736,2025-10,79972230.0,backfill
2736,2025-11,79972230.0,backfill
2736,2025-12,79972230.0,backfill
2736,2026-01,79972230.0,backfill
2736,2026-02,79972230.0,backfill
2736,2026-03,79972230.0,backfill
2736,2026-04,79972230.0,backfill
2736,2026-05,79972230.0,backfill
2736,2026-06,79972230.0,backfill
2736,2026-07,79972230.0,backfill
2736,2026-08,79972230.0,backfill
2736,2026-09,79972230.0,backfill
2736,2026-10,79972230.0,snap
2739,2025-09,91526000.0,backfill
2739,2025-10,91526000.0,backfill
2739,2025-11,91526000.0,backfill
2739,2025-12,91526000.0,backfill
2739,2026-01,91526000.0,backfill
2739,2026-02,91526000.0,backfill
2739,2026-03,91526000.0,backfill
2739,2026-04,91526000.0,backfill
2739,2026-05,91526000.0,backfill
2739,2026-06,91526000.0,backfill
2739,2026-07,91526000.0,backfill
2739,2026-08,91526000.0,backfill
2739,2026-09,91526000.0,backfill
2739,2026-10,91526000.0,snap
2740,2025-09,16762016.0,backfill
2740,2025-10,16762016.0,backfill
2740,2025-11,16762016.0,backfill
2740,2025-12,16762016.0,backfill
2740,2026-01,16762016.0,backfill
2740,2026-02,16762016.0,backfill
2740,2026-03,16762016.0,backfill
2740,2026-04,16762016.0,backfill
2740,2026-05,16762016.0,backfill
2740,2026-06,16762016.0,backfill
2740,2026-07,16762016.0,backfill
2740,2026-08,16762016.0,backfill
2740,2026-09,16762016.0,backfill
2740,2026-10,16762016.0,snap
2743,2025-09,46815210.0,backfill
2743,2025-10,46815210.0,backfill
2743,2025-11,46815210.0,backfill
2743,2025-12,46815210.0,backfill
2743,2026-01,46815210.0,backfill
2743,2026-02,46815210.0,backfill
2743,2026-03,46815210.0,backfill
2743,2026-04,46815210.0,backfill
2743,2026-05,46815210.0,backfill
2743,2026-06,46815210.0,backfill
2743,2026-07,46815210.0,backfill
2743,2026-08,46815210.0,backfill
2743,2026-09,46815210.0,backfill
2743,2026-10,46815210.0,snap
2745,2025-09,33808526.0,backfill
2745,2025-10,33808526.0,backfill
2745,2025-11,33808526.0,backfill
2745,2025-12,33808526.0,backfill
2745,2026-01,33808526.0,backfill
2745,2026-02,33808526.0,backfill
2745,2026-03,33808526.0,backfill
2745,2026-04,33808526.0,backfill
2745,2026-05,33808526.0,backfill
2745,2026-06,33808526.0,backfill
2745,2026-07,33808526.0,backfill
2745,2026-08,33808526.0,backfill
2745,2026-09,33808526.0,backfill
2745,2026-10,33808526.0,snap
2748,2025-09,105778740.0,backfill
2748,2025-10,105778740.0,backfill
2748,2025-11,105778740.0,backfill
2748,2025-12,105778740.0,backfill
2748,2026-01,105778740.0,backfill
2748,2026-02,105778740.0,backfill
2748,2026-03,105778740.0,backfill
2748,2026-04,105778740.0,backfill
2748,2026-05,105778740.0,backfill
2748,2026-06,105778740.0,backfill
2748,2026-07,105778740.0,backfill
2748,2026-08,105778740.0,backfill
2748,2026-09,105778740.0,backfill
2748,2026-10,105778740.0,snap
2751,2025-09,19811250.0,backfill
2751,2025-10,19811250.0,backfill
2751,2025-11,19811250.0,backfill
2751,2025-12,19811250.0,backfill
2751,2026-01,19811250.0,backfill
2751,2026-02,19811250.0,backfill
2751,2026-03,19811250.0,backfill
2751,2026-04,19811250.0,backfill
2751,2026-05,19811250.0,backfill
2751,2026-06,19811250.0,backfill
2751,2026-07,19811250.0,backfill
2751,2026-08,19811250.0,backfill
2751,2026-09,19811250.0,backfill
2751,2026-10,19811250.0,snap
2752,2025-09,26693861.0,backfill
2752,2025-10,26693861.0,backfill
2752,2025-11,26693861.0,backfill
2752,2025-12,26693861.0,backfill
2752,2026-01,26693861.0,backfill
2752,2026-02,26693861.0,backfill
2752,2026-03,26693861.0,backfill
2752,2026-04,26693861.0,backfill
2752,2026-05,26693861.0,backfill
2752,2026-06,26693861.0,backfill
2752,2026-07,26693861.0,backfill
2752,2026-08,26693861.0,backfill
2752,2026-09,26693861.0,backfill
2752,2026-10,26693861.0,snap
2753,2025-09,66644796.0,backfill
2753,2025-10,66644796.0,backfill
2753,2025-11,66644796.0,backfill
2753,2025-12,66644796.0,backfill
2753,2026-01,66644796.0,backfill
2753,2026-02,66644796.0,backfill
2753,2026-03,66644796.0,backfill
2753,2026-04,66644796.0,backfill
2753,2026-05,66644796.0,backfill
2753,2026-06,66644796.0,backfill
2753,2026-07,66644796.0,backfill
2753,2026-08,66644796.0,backfill
2753,2026-09,66644796.0,backfill
2753,2026-10,66644796.0,snap
2754,2025-09,46907000.0,backfill
2754,2025-10,46907000.0,backfill
2754,2025-11,46907000.0,backfill
2754,2025-12,46907000.0,backfill
2754,2026-01,46907000.0,backfill
2754,2026-02,46907000.0,backfill
2754,2026-03,46907000.0,backfill
2754,2026-04,46907000.0,backfill
2754,2026-05,46907000.0,backfill
2754,2026-06,46907000.0,backfill
2754,2026-07,46907000.0,backfill
2754,2026-08,46907000.0,backfill
2754,2026-09,46907000.0,backfill
2754,2026-10,46907000.0,snap
2755,2025-09,46792491.0,backfill
2755,2025-10,46792491.0,backfill
2755,2025-11,46792491.0,backfill
2755,2025-12,46792491.0,backfill
2755,2026-01,46792491.0,backfill
2755,2026-02,46792491.0,backfill
2755,2026-03,46792491.0,backfill
2755,2026-04,46792491.0,backfill
2755,2026-05,46792491.0,backfill
2755,2026-06,46792491.0,backfill
2755,2026-07,46792491.0,backfill
2755,2026-08,46792491.0,backfill
2755,2026-09,46792491.0,backfill
2755,2026-10,46792491.0,snap
2756,2025-09,24597584.0,backfill
2756,2025-10,24597584.0,backfill
2756,2025-11,24597584.0,backfill
2756,2025-12,24597584.0,backfill
2756,2026-01,24597584.0,backfill
2756,2026-02,24597584.0,backfill
2756,2026-03,24597584.0,backfill
2756,2026-04,24597584.0,backfill
2756,2026-05,24597584.0,backfill
2756,2026-06,24597584.0,backfill
2756,2026-07,24597584.0,backfill
2756,2026-08,24597584.0,backfill
2756,2026-09,24597584.0,backfill
2756,2026-10,24597584.0,snap
2762,2025-09,112500000.0,backfill
2762,2025-10,112500000.0,backfill
2762,2025-11,112500000.0,backfill
2762,2025-12,112500000.0,backfill
2762,2026-01,112500000.0,backfill
2762,2026-02,112500000.0,backfill
2762,2026-03,112500000.0,backfill
2762,2026-04,112500000.0,backfill
2762,2026-05,112500000.0,backfill
2762,2026-06,112500000.0,backfill
2762,2026-07,112500000.0,backfill
2762,2026-08,112500000.0,backfill
2762,2026-09,112500000.0,backfill
2762,2026-10,112500000.0,snap
2801,2025-09,12060197409.0,backfill
2801,2025-10,12060197409.0,backfill
2801,2025-11,12060197409.0,backfill
2801,2025-12,12060197409.0,backfill
2801,2026-01,12060197409.0,backfill
2801,2026-02,12060197409.0,backfill
2801,2026-03,12060197409.0,backfill
2801,2026-04,12060197409.0,backfill
2801,2026-05,12060197409.0,backfill
2801,2026-06,12060197409.0,backfill
2801,2026-07,12060197409.0,backfill
2801,2026-08,12060197409.0,backfill
2801,2026-09,12060197409.0,backfill
2801,2026-10,12060197409.0,snap
2812,2025-09,6425074858.0,backfill
2812,2025-10,6425074858.0,backfill
2812,2025-11,6425074858.0,backfill
2812,2025-12,6425074858.0,backfill
2812,2026-01,6425074858.0,backfill
2812,2026-02,6425074858.0,backfill
2812,2026-03,6425074858.0,backfill
2812,2026-04,6425074858.0,backfill
2812,2026-05,6425074858.0,backfill
2812,2026-06,6425074858.0,backfill
2812,2026-07,6425074858.0,backfill
2812,2026-08,6425074858.0,backfill
2812,2026-09,6425074858.0,backfill
2812,2026-10,6425074858.0,snap
2816,2025-09,223608000.0,backfill
2816,2025-10,223608000.0,backfill
2816,2025-11,223608000.0,backfill
2816,2025-12,223608000.0,backfill
2816,2026-01,223608000.0,backfill
2816,2026-02,223608000.0,backfill
2816,2026-03,223608000.0,backfill
2816,2026-04,223608000.0,backfill
2816,2026-05,223608000.0,backfill
2816,2026-06,223608000.0,backfill
2816,2026-07,223608000.0,backfill
2816,2026-08,223608000.0,backfill
2816,2026-09,223608000.0,backfill
2816,2026-10,223608000.0,snap
2820,2025-09,1342960000.0,backfill
2820,2025-10,1342960000.0,backfill
2820,2025-11,1342960000.0,backfill
2820,2025-12,1342960000.0,backfill
2820,2026-01,1342960000.0,backfill
2820,2026-02,1342960000.0,backfill
2820,2026-03,1342960000.0,backfill
2820,2026-04,1342960000.0,backfill
2820,2026-05,1342960000.0,backfill
2820,2026-06,1342960000.0,backfill
2820,2026-07,1342960000.0,backfill
2820,2026-08,1342960000.0,backfill
2820,2026-09,1342960000.0,backfill
2820,2026-10,1342960000.0,snap
2832,2025-09,253540280.0,backfill
2832,2025-10,253540280.0,backfill
2832,2025-11,253540280.0,backfill
2832,2025-12,253540280.0,backfill
2832,2026-01,253540280.0,backfill
2832,2026-02,253540280.0,backfill
2832,2026-03,253540280.0,backfill
2832,2026-04,253540280.0,backfill
2832,2026-05,253540280.0,backfill
2832,2026-06,253540280.0,backfill
2832,2026-07,253540280.0,backfill
2832,2026-08,253540280.0,backfill
2832,2026-09,253540280.0,backfill
2832,2026-10,253540280.0,snap
2834,2025-09,10398326179.0,backfill
2834,2025-10,10398326179.0,backfill
2834,2025-11,10398326179.0,backfill
2834,2025-12,10398326179.0,backfill
2834,2026-01,10398326179.0,backfill
2834,2026-02,10398326179.0,backfill
2834,2026-03,10398326179.0,backfill
2834,2026-04,10398326179.0,backfill
2834,2026-05,10398326179.0,backfill
2834,2026-06,10398326179.0,backfill
2834,2026-07,10398326179.0,backfill
2834,2026-08,10398326179.0,backfill
2834,2026-09,10398326179.0,backfill
2834,2026-10,10398326179.0,snap
2836,2025-09,1858316153.0,backfill
2836,2025-10,1858316153.0,backfill
2836,2025-11,1858316153.0,backfill
2836,2025-12,1858316153.0,backfill
2836,2026-01,1858316153.0,backfill
2836,2026-02,1858316153.0,backfill
2836,2026-03,1858316153.0,backfill
2836,2026-04,1858316153.0,backfill
2836,2026-05,1858316153.0,backfill
2836,2026-06,1858316153.0,backfill
2836,2026-07,1858316153.0,backfill
2836,2026-08,1858316153.0,backfill
2836,2026-09,1858316153.0,backfill
2836,2026-10,1858316153.0,snap
2838,2025-09,4607828961.0,backfill
2838,2025-10,4607828961.0,backfill
2838,2025-11,4607828961.0,backfill
2838,2025-12,4607828961.0,backfill
2838,2026-01,4607828961.0,backfill
2838,2026-02,4607828961.0,backfill
2838,2026-03,4607828961.0,backfill
2838,2026-04,4607828961.0,backfill
2838,2026-05,4607828961.0,backfill
2838,2026-06,4607828961.0,backfill
2838,2026-07,4607828961.0,backfill
2838,2026-08,4607828961.0,backfill
2838,2026-09,4607828961.0,backfill
2838,2026-10,4607828961.0,snap
2845,2025-09,4865284731.0,backfill
2845,2025-10,4865284731.0,backfill
2845,2025-11,4865284731.0,backfill
2845,2025-12,4865284731.0,backfill
2845,2026-01,4865284731.0,backfill
2845,2026-02,4865284731.0,backfill
2845,2026-03,4865284731.0,backfill
2845,2026-04,4865284731.0,backfill
2845,2026-05,4865284731.0,backfill
2845,2026-06,4865284731.0,backfill
2845,2026-07,4865284731.0,backfill
2845,2026-08,4865284731.0,backfill
2845,2026-09,4865284731.0,backfill
2845,2026-10,4865284731.0,snap
2849,2025-09,1957609349.0,backfill
2849,2025-10,1957609349.0,backfill
2849,2025-11,1957609349.0,backfill
2849,2025-12,1957609349.0,backfill
2849,2026-01,1957609349.0,backfill
2849,2026-02,1957609349.0,backfill
2849,2026-03,1957609349.0,backfill
2849,2026-04,1957609349.0,backfill
2849,2026-05,1957609349.0,backfill
2849,2026-06,1957609349.0,backfill
2849,2026-07,1957609349.0,backfill
2849,2026-08,1957609349.0,backfill
2849,2026-09,1957609349.0,backfill
2849,2026-10,1957609349.0,snap
2850,2025-09,315963300.0,backfill
2850,2025-10,315963300.0,backfill
2850,2025-11,315963300.0,backfill
2850,2025-12,315963300.0,backfill
2850,2026-01,315963300.0,backfill
2850,2026-02,315963300.0,backfill
2850,2026-03,315963300.0,backfill
2850,2026-04,315963300.0,backfill
2850,2026-05,315963300.0,backfill
2850,2026-06,315963300.0,backfill
2850,2026-07,315963300.0,backfill
2850,2026-08,315963300.0,backfill
2850,2026-09,315963300.0,backfill
2850,2026-10,315963300.0,snap
2851,2025-09,800388750.0,backfill
2851,2025-10,800388750.0,backfill
2851,2025-11,800388750.0,backfill
2851,2025-12,800388750.0,backfill
2851,2026-01,800388750.0,backfill
2851,2026-02,800388750.0,backfill
2851,2026-03,800388750.0,backfill
2851,2026-04,800388750.0,backfill
2851,2026-05,800388750.0,backfill
2851,2026-06,800388750.0,backfill
2851,2026-07,800388750.0,backfill
2851,2026-08,800388750.0,backfill
2851,2026-09,800388750.0,backfill
2851,2026-10,800388750.0,snap
2852,2025-09,301163784.0,backfill
2852,2025-10,301163784.0,backfill
2852,2025-11,301163784.0,backfill
2852,2025-12,301163784.0,backfill
2852,2026-01,301163784.0,backfill
2852,2026-02,301163784.0,backfill
2852,2026-03,301163784.0,backfill
2852,2026-04,301163784.0,backfill
2852,2026-05,301163784.0,backfill
2852,2026-06,301163784.0,backfill
2852,2026-07,301163784.0,backfill
2852,2026-08,301163784.0,backfill
2852,2026-09,301163784.0,backfill
2852,2026-10,301163784.0,snap
2855,2025-09,1601414478.0,backfill
2855,2025-10,1601414478.0,backfill
2855,2025-11,1601414478.0,backfill
2855,2025-12,1601414478.0,backfill
2855,2026-01,1601414478.0,backfill
2855,2026-02,1601414478.0,backfill
2855,2026-03,1601414478.0,backfill
2855,2026-04,1601414478.0,backfill
2855,2026-05,1601414478.0,backfill
2855,2026-06,1601414478.0,backfill
2855,2026-07,1601414478.0,backfill
2855,2026-08,1601414478.0,backfill
2855,2026-09,1601414478.0,backfill
2855,2026-10,1601414478.0,snap
2880,2025-09,14056134739.0,backfill
2880,2025-10,14056134739.0,backfill
2880,2025-11,14056134739.0,backfill
2880,2025-12,14056134739.0,backfill
2880,2026-01,14056134739.0,backfill
2880,2026-02,14056134739.0,backfill
2880,2026-03,14056134739.0,backfill
2880,2026-04,14056134739.0,backfill
2880,2026-05,14056134739.0,backfill
2880,2026-06,14056134739.0,backfill
2880,2026-07,14056134739.0,backfill
2880,2026-08,14056134739.0,backfill
2880,2026-09,14056134739.0,backfill
2880,2026-10,14056134739.0,snap
2881,2025-09,14007364952.0,backfill
2881,2025-10,14007364952.0,backfill
2881,2025-11,14007364952.0,backfill
2881,2025-12,14007364952.0,backfill
2881,2026-01,14007364952.0,backfill
2881,2026-02,14007364952.0,backfill
2881,2026-03,14007364952.0,backfill
2881,2026-04,14007364952.0,backfill
2881,2026-05,14007364952.0,backfill
2881,2026-06,14007364952.0,backfill
2881,2026-07,14007364952.0,backfill
2881,2026-08,14007364952.0,backfill
2881,2026-09,14007364952.0,backfill
2881,2026-10,14007364952.0,snap
2882,2025-09,14669210128.0,backfill
2882,2025-10,14669210128.0,backfill
2882,2025-11,14669210128.0,backfill
2882,2025-12,14669210128.0,backfill
2882,2026-01,14669210128.0,backfill
2882,2026-02,14669210128.0,backfill
2882,2026-03,14669210128.0,backfill
2882,2026-04,14669210128.0,backfill
2882,2026-05,14669210128.0,backfill
2882,2026-06,14669210128.0,backfill
2882,2026-07,14669210128.0,backfill
2882,2026-08,14669210128.0,backfill
2882,2026-09,14669210128.0,backfill
2882,2026-10,14669210128.0,snap
2883,2025-09,16974612475.0,backfill
2883,2025-10,16974612475.0,backfill
2883,2025-11,16974612475.0,backfill
2883,2025-12,16974612475.0,backfill
2883,2026-01,16974612475.0,backfill
2883,2026-02,16974612475.0,backfill
2883,2026-03,16974612475.0,backfill
2883,2026-04,16974612475.0,backfill
2883,2026-05,16974612475.0,backfill
2883,2026-06,16974612475.0,backfill
2883,2026-07,16974612475.0,backfill
2883,2026-08,16974612475.0,backfill
2883,2026-09,16974612475.0,backfill
2883,2026-10,16974612475.0,snap
2884,2025-09,17723510471.0,backfill
2884,2025-10,17723510471.0,backfill
2884,2025-11,17723510471.0,backfill
2884,2025-12,17723510471.0,backfill
2884,2026-01,17723510471.0,backfill
2884,2026-02,17723510471.0,backfill
2884,2026-03,17723510471.0,backfill
2884,2026-04,17723510471.0,backfill
2884,2026-05,17723510471.0,backfill
2884,2026-06,17723510471.0,backfill
2884,2026-07,17723510471.0,backfill
2884,2026-08,17723510471.0,backfill
2884,2026-09,17723510471.0,backfill
2884,2026-10,17723510471.0,snap
2885,2025-09,13864395944.0,backfill
2885,2025-10,13864395944.0,backfill
2885,2025-11,13864395944.0,backfill
2885,2025-12,13864395944.0,backfill
2885,2026-01,13864395944.0,backfill
2885,2026-02,13864395944.0,backfill
2885,2026-03,13864395944.0,backfill
2885,2026-04,13864395944.0,backfill
2885,2026-05,13864395944.0,backfill
2885,2026-06,13864395944.0,backfill
2885,2026-07,13864395944.0,backfill
2885,2026-08,13864395944.0,backfill
2885,2026-09,13864395944.0,backfill
2885,2026-10,13864395944.0,snap
2886,2025-09,14833378282.0,backfill
2886,2025-10,14833378282.0,backfill
2886,2025-11,14833378282.0,backfill
2886,2025-12,14833378282.0,backfill
2886,2026-01,14833378282.0,backfill
2886,2026-02,14833378282.0,backfill
2886,2026-03,14833378282.0,backfill
2886,2026-04,14833378282.0,backfill
2886,2026-05,14833378282.0,backfill
2886,2026-06,14833378282.0,backfill
2886,2026-07,14833378282.0,backfill
2886,2026-08,14833378282.0,backfill
2886,2026-09,14833378282.0,backfill
2886,2026-10,14833378282.0,snap
2887,2025-09,25115061997.0,backfill
2887,2025-10,25115061997.0,backfill
2887,2025-11,25115061997.0,backfill
2887,2025-12,25115061997.0,backfill
2887,2026-01,25115061997.0,backfill
2887,2026-02,25115061997.0,backfill
2887,2026-03,25115061997.0,backfill
2887,2026-04,25115061997.0,backfill
2887,2026-05,25115061997.0,backfill
2887,2026-06,25115061997.0,backfill
2887,2026-07,25115061997.0,backfill
2887,2026-08,25115061997.0,backfill
2887,2026-09,25115061997.0,backfill
2887,2026-10,25115061997.0,snap
2889,2025-09,3665902186.0,backfill
2889,2025-10,3665902186.0,backfill
2889,2025-11,3665902186.0,backfill
2889,2025-12,3665902186.0,backfill
2889,2026-01,3665902186.0,backfill
2889,2026-02,3665902186.0,backfill
2889,2026-03,3665902186.0,backfill
2889,2026-04,3665902186.0,backfill
2889,2026-05,3665902186.0,backfill
2889,2026-06,3665902186.0,backfill
2889,2026-07,3665902186.0,backfill
2889,2026-08,3665902186.0,backfill
2889,2026-09,3665902186.0,backfill
2889,2026-10,3665902186.0,snap
2890,2025-09,14782168721.0,backfill
2890,2025-10,14782168721.0,backfill
2890,2025-11,14782168721.0,backfill
2890,2025-12,14782168721.0,backfill
2890,2026-01,14782168721.0,backfill
2890,2026-02,14782168721.0,backfill
2890,2026-03,14782168721.0,backfill
2890,2026-04,14782168721.0,backfill
2890,2026-05,14782168721.0,backfill
2890,2026-06,14782168721.0,backfill
2890,2026-07,14782168721.0,backfill
2890,2026-08,14782168721.0,backfill
2890,2026-09,14782168721.0,backfill
2890,2026-10,14782168721.0,snap
2891,2025-09,19675932806.0,backfill
2891,2025-10,19675932806.0,backfill
2891,2025-11,19675932806.0,backfill
2891,2025-12,19675932806.0,backfill
2891,2026-01,19675932806.0,backfill
2891,2026-02,19675932806.0,backfill
2891,2026-03,19675932806.0,backfill
2891,2026-04,19675932806.0,backfill
2891,2026-05,19675932806.0,backfill
2891,2026-06,19675932806.0,backfill
2891,2026-07,19675932806.0,backfill
2891,2026-08,19675932806.0,backfill
2891,2026-09,19675932806.0,backfill
2891,2026-10,19675932806.0,snap
2892,2025-09,14379468650.0,backfill
2892,2025-10,14379468650.0,backfill
2892,2025-11,14379468650.0,backfill
2892,2025-12,14379468650.0,backfill
2892,2026-01,14379468650.0,backfill
2892,2026-02,14379468650.0,backfill
2892,2026-03,14379468650.0,backfill
2892,2026-04,14379468650.0,backfill
2892,2026-05,14379468650.0,backfill
2892,2026-06,14379468650.0,backfill
2892,2026-07,14379468650.0,backfill
2892,2026-08,14379468650.0,backfill
2892,2026-09,14379468650.0,backfill
2892,2026-10,14379468650.0,snap
2897,2025-09,2805357878.0,backfill
2897,2025-10,2805357878.0,backfill
2897,2025-11,2805357878.0,backfill
2897,2025-12,2805357878.0,backfill
2897,2026-01,2805357878.0,backfill
2897,2026-02,2805357878.0,backfill
2897,2026-03,2805357878.0,backfill
2897,2026-04,2805357878.0,backfill
2897,2026-05,2805357878.0,backfill
2897,2026-06,2805357878.0,backfill
2897,2026-07,2805357878.0,backfill
2897,2026-08,2805357878.0,backfill
2897,2026-09,2805357878.0,backfill
2897,2026-10,2805357878.0,snap
2901,2025-09,73043283.0,backfill
2901,2025-10,73043283.0,backfill
2901,2025-11,73043283.0,backfill
2901,2025-12,73043283.0,backfill
2901,2026-01,73043283.0,backfill
2901,2026-02,73043283.0,backfill
2901,2026-03,73043283.0,backfill
2901,2026-04,73043283.0,backfill
2901,2026-05,73043283.0,backfill
2901,2026-06,73043283.0,backfill
2901,2026-07,73043283.0,backfill
2901,2026-08,73043283.0,backfill
2901,2026-09,73043283.0,backfill
2901,2026-10,73043283.0,snap
2903,2025-09,1416940589.0,backfill
2903,2025-10,1416940589.0,backfill
2903,2025-11,1416940589.0,backfill
2903,2025-12,1416940589.0,backfill
2903,2026-01,1416940589.0,backfill
2903,2026-02,1416940589.0,backfill
2903,2026-03,1416940589.0,backfill
2903,2026-04,1416940589.0,backfill
2903,2026-05,1416940589.0,backfill
2903,2026-06,1416940589.0,backfill
2903,2026-07,1416940589.0,backfill
2903,2026-08,1416940589.0,backfill
2903,2026-09,1416940589.0,backfill
2903,2026-10,1416940589.0,snap
2904,2025-09,77834432.0,backfill
2904,2025-10,77834432.0,backfill
2904,2025-11,77834432.0,backfill
2904,2025-12,77834432.0,backfill
2904,2026-01,77834432.0,backfill
2904,2026-02,77834432.0,backfill
2904,2026-03,77834432.0,backfill
2904,2026-04,77834432.0,backfill
2904,2026-05,77834432.0,backfill
2904,2026-06,77834432.0,backfill
2904,2026-07,77834432.0,backfill
2904,2026-08,77834432.0,backfill
2904,2026-09,77834432.0,backfill
2904,2026-10,77834432.0,snap
2905,2025-09,1110371703.0,backfill
2905,2025-10,1110371703.0,backfill
2905,2025-11,1110371703.0,backfill
2905,2025-12,1110371703.0,backfill
2905,2026-01,1110371703.0,backfill
2905,2026-02,1110371703.0,backfill
2905,2026-03,1110371703.0,backfill
2905,2026-04,1110371703.0,backfill
2905,2026-05,1110371703.0,backfill
2905,2026-06,1110371703.0,backfill
2905,2026-07,1110371703.0,backfill
2905,2026-08,1110371703.0,backfill
2905,2026-09,1110371703.0,backfill
2905,2026-10,1110371703.0,snap
2906,2025-09,209116648.0,backfill
2906,2025-10,209116648.0,backfill
2906,2025-11,209116648.0,backfill
2906,2025-12,209116648.0,backfill
2906,2026-01,209116648.0,backfill
2906,2026-02,209116648.0,backfill
2906,2026-03,209116648.0,backfill
2906,2026-04,209116648.0,backfill
2906,2026-05,209116648.0,backfill
2906,2026-06,209116648.0,backfill
2906,2026-07,209116648.0,backfill
2906,2026-08,209116648.0,backfill
2906,2026-09,209116648.0,backfill
2906,2026-10,209116648.0,snap
2908,2025-09,509887558.0,backfill
2908,2025-10,509887558.0,backfill
2908,2025-11,509887558.0,backfill
2908,2025-12,509887558.0,backfill
2908,2026-01,509887558.0,backfill
2908,2026-02,509887558.0,backfill
2908,2026-03,509887558.0,backfill
2908,2026-04,509887558.0,backfill
2908,2026-05,509887558.0,backfill
2908,2026-06,509887558.0,backfill
2908,2026-07,509887558.0,backfill
2908,2026-08,509887558.0,backfill
2908,2026-09,509887558.0,backfill
2908,2026-10,509887558.0,snap
2910,2025-09,175403000.0,backfill
2910,2025-10,175403000.0,backfill
2910,2025-11,175403000.0,backfill
2910,2025-12,175403000.0,backfill
2910,2026-01,175403000.0,backfill
2910,2026-02,175403000.0,backfill
2910,2026-03,175403000.0,backfill
2910,2026-04,175403000.0,backfill
2910,2026-05,175403000.0,backfill
2910,2026-06,175403000.0,backfill
2910,2026-07,175403000.0,backfill
2910,2026-08,175403000.0,backfill
2910,2026-09,175403000.0,backfill
2910,2026-10,175403000.0,snap
2911,2025-09,105125999.0,backfill
2911,2025-10,105125999.0,backfill
2911,2025-11,105125999.0,backfill
2911,2025-12,105125999.0,backfill
2911,2026-01,105125999.0,backfill
2911,2026-02,105125999.0,backfill
2911,2026-03,105125999.0,backfill
2911,2026-04,105125999.0,backfill
2911,2026-05,105125999.0,backfill
2911,2026-06,105125999.0,backfill
2911,2026-07,105125999.0,backfill
2911,2026-08,105125999.0,backfill
2911,2026-09,105125999.0,backfill
2911,2026-10,105125999.0,snap
2912,2025-09,1039622255.0,backfill
2912,2025-10,1039622255.0,backfill
2912,2025-11,1039622255.0,backfill
2912,2025-12,1039622255.0,backfill
2912,2026-01,1039622255.0,backfill
2912,2026-02,1039622255.0,backfill
2912,2026-03,1039622255.0,backfill
2912,2026-04,1039622255.0,backfill
2912,2026-05,1039622255.0,backfill
2912,2026-06,1039622255.0,backfill
2912,2026-07,1039622255.0,backfill
2912,2026-08,1039622255.0,backfill
2912,2026-09,1039622255.0,backfill
2912,2026-10,1039622255.0,snap
2913,2025-09,790000000.0,backfill
2913,2025-10,790000000.0,backfill
2913,2025-11,790000000.0,backfill
2913,2025-12,790000000.0,backfill
2913,2026-01,790000000.0,backfill
2913,2026-02,790000000.0,backfill
2913,2026-03,790000000.0,backfill
2913,2026-04,790000000.0,backfill
2913,2026-05,790000000.0,backfill
2913,2026-06,790000000.0,backfill
2913,2026-07,790000000.0,backfill
2913,2026-08,790000000.0,backfill
2913,2026-09,790000000.0,backfill
2913,2026-10,790000000.0,snap
2915,2025-09,1104318772.0,backfill
2915,2025-10,1104318772.0,backfill
2915,2025-11,1104318772.0,backfill
2915,2025-12,1104318772.0,backfill
2915,2026-01,1104318772.0,backfill
2915,2026-02,1104318772.0,backfill
2915,2026-03,1104318772.0,backfill
2915,2026-04,1104318772.0,backfill
2915,2026-05,1104318772.0,backfill
2915,2026-06,1104318772.0,backfill
2915,2026-07,1104318772.0,backfill
2915,2026-08,1104318772.0,backfill
2915,2026-09,1104318772.0,backfill
2915,2026-10,1104318772.0,snap
2916,2025-09,64626878.0,backfill
2916,2025-10,64626878.0,backfill
2916,2025-11,64626878.0,backfill
2916,2025-12,64626878.0,backfill
2916,2026-01,64626878.0,backfill
2916,2026-02,64626878.0,backfill
2916,2026-03,64626878.0,backfill
2916,2026-04,64626878.0,backfill
2916,2026-05,64626878.0,backfill
2916,2026-06,64626878.0,backfill
2916,2026-07,64626878.0,backfill
2916,2026-08,64626878.0,backfill
2916,2026-09,64626878.0,backfill
2916,2026-10,64626878.0,snap
2923,2025-09,1740296982.0,backfill
2923,2025-10,1740296982.0,backfill
2923,2025-11,1740296982.0,backfill
2923,2025-12,1740296982.0,backfill
2923,2026-01,1740296982.0,backfill
2923,2026-02,1740296982.0,backfill
2923,2026-03,1740296982.0,backfill
2923,2026-04,1740296982.0,backfill
2923,2026-05,1740296982.0,backfill
2923,2026-06,1740296982.0,backfill
2923,2026-07,1740296982.0,backfill
2923,2026-08,1740296982.0,backfill
2923,2026-09,1740296982.0,backfill
2923,2026-10,1740296982.0,snap
2924,2025-09,52035934.0,backfill
2924,2025-10,52035934.0,backfill
2924,2025-11,52035934.0,backfill
2924,2025-12,52035934.0,backfill
2924,2026-01,52035934.0,backfill
2924,2026-02,52035934.0,backfill
2924,2026-03,52035934.0,backfill
2924,2026-04,52035934.0,backfill
2924,2026-05,52035934.0,backfill
2924,2026-06,52035934.0,backfill
2924,2026-07,52035934.0,backfill
2924,2026-08,52035934.0,backfill
2924,2026-09,52035934.0,backfill
2924,2026-10,52035934.0,snap
2926,2025-09,47389650.0,backfill
2926,2025-10,47389650.0,backfill
2926,2025-11,47389650.0,backfill
2926,2025-12,47389650.0,backfill
2926,2026-01,47389650.0,backfill
2926,2026-02,47389650.0,backfill
2926,2026-03,47389650.0,backfill
2926,2026-04,47389650.0,backfill
2926,2026-05,47389650.0,backfill
2926,2026-06,47389650.0,backfill
2926,2026-07,47389650.0,backfill
2926,2026-08,47389650.0,backfill
2926,2026-09,47389650.0,backfill
2926,2026-10,47389650.0,snap
2929,2025-09,109493838.0,backfill
2929,2025-10,109493838.0,backfill
2929,2025-11,109493838.0,backfill
2929,2025-12,109493838.0,backfill
2929,2026-01,109493838.0,backfill
2929,2026-02,109493838.0,backfill
2929,2026-03,109493838.0,backfill
2929,2026-04,109493838.0,backfill
2929,2026-05,109493838.0,backfill
2929,2026-06,109493838.0,backfill
2929,2026-07,109493838.0,backfill
2929,2026-08,109493838.0,backfill
2929,2026-09,109493838.0,backfill
2929,2026-10,109493838.0,snap
2937,2025-09,47896173.0,backfill
2937,2025-10,47896173.0,backfill
2937,2025-11,47896173.0,backfill
2937,2025-12,47896173.0,backfill
2937,2026-01,47896173.0,backfill
2937,2026-02,47896173.0,backfill
2937,2026-03,47896173.0,backfill
2937,2026-04,47896173.0,backfill
2937,2026-05,47896173.0,backfill
2937,2026-06,47896173.0,backfill
2937,2026-07,47896173.0,backfill
2937,2026-08,47896173.0,backfill
2937,2026-09,47896173.0,backfill
2937,2026-10,47896173.0,snap
2938,2025-09,20140000.0,backfill
2938,2025-10,20140000.0,backfill
2938,2025-11,20140000.0,backfill
2938,2025-12,20140000.0,backfill
2938,2026-01,20140000.0,backfill
2938,2026-02,20140000.0,backfill
2938,2026-03,20140000.0,backfill
2938,2026-04,20140000.0,backfill
2938,2026-05,20140000.0,backfill
2938,2026-06,20140000.0,backfill
2938,2026-07,20140000.0,backfill
2938,2026-08,20140000.0,backfill
2938,2026-09,20140000.0,backfill
2938,2026-10,20140000.0,snap
2939,2025-09,45548665.0,backfill
2939,2025-10,45548665.0,backfill
2939,2025-11,45548665.0,backfill
2939,2025-12,45548665.0,backfill
2939,2026-01,45548665.0,backfill
2939,2026-02,45548665.0,backfill
2939,2026-03,45548665.0,backfill
2939,2026-04,45548665.0,backfill
2939,2026-05,45548665.0,backfill
2939,2026-06,45548665.0,backfill
2939,2026-07,45548665.0,backfill
2939,2026-08,45548665.0,backfill
2939,2026-09,45548665.0,backfill
2939,2026-10,45548665.0,snap
2941,2025-09,15390000.0,backfill
2941,2025-10,15390000.0,backfill
2941,2025-11,15390000.0,backfill
2941,2025-12,15390000.0,backfill
2941,2026-01,15390000.0,backfill
2941,2026-02,15390000.0,backfill
2941,2026-03,15390000.0,backfill
2941,2026-04,15390000.0,backfill
2941,2026-05,15390000.0,backfill
2941,2026-06,15390000.0,backfill
2941,2026-07,15390000.0,backfill
2941,2026-08,15390000.0,backfill
2941,2026-09,15390000.0,backfill
2941,2026-10,15390000.0,snap
2945,2025-09,67500000.0,backfill
2945,2025-10,67500000.0,backfill
2945,2025-11,67500000.0,backfill
2945,2025-12,67500000.0,backfill
2945,2026-01,67500000.0,backfill
2945,2026-02,67500000.0,backfill
2945,2026-03,67500000.0,backfill
2945,2026-04,67500000.0,backfill
2945,2026-05,67500000.0,backfill
2945,2026-06,67500000.0,backfill
2945,2026-07,67500000.0,backfill
2945,2026-08,67500000.0,backfill
2945,2026-09,67500000.0,backfill
2945,2026-10,67500000.0,snap
2947,2025-09,23642366.0,backfill
2947,2025-10,23642366.0,backfill
2947,2025-11,23642366.0,backfill
2947,2025-12,23642366.0,backfill
2947,2026-01,23642366.0,backfill
2947,2026-02,23642366.0,backfill
2947,2026-03,23642366.0,backfill
2947,2026-04,23642366.0,backfill
2947,2026-05,23642366.0,backfill
2947,2026-06,23642366.0,backfill
2947,2026-07,23642366.0,backfill
2947,2026-08,23642366.0,backfill
2947,2026-09,23642366.0,backfill
2947,2026-10,23642366.0,snap
2948,2025-09,32000000.0,backfill
2948,2025-10,32000000.0,backfill
2948,2025-11,32000000.0,backfill
2948,2025-12,32000000.0,backfill
2948,2026-01,32000000.0,backfill
2948,2026-02,32000000.0,backfill
2948,2026-03,32000000.0,backfill
2948,2026-04,32000000.0,backfill
2948,2026-05,32000000.0,backfill
2948,2026-06,32000000.0,backfill
2948,2026-07,32000000.0,backfill
2948,2026-08,32000000.0,backfill
2948,2026-09,32000000.0,backfill
2948,2026-10,32000000.0,snap
2949,2025-09,30641100.0,backfill
2949,2025-10,30641100.0,backfill
2949,2025-11,30641100.0,backfill
2949,2025-12,30641100.0,backfill
2949,2026-01,30641100.0,backfill
2949,2026-02,30641100.0,backfill
2949,2026-03,30641100.0,backfill
2949,2026-04,30641100.0,backfill
2949,2026-05,30641100.0,backfill
2949,2026-06,30641100.0,backfill
2949,2026-07,30641100.0,backfill
2949,2026-08,30641100.0,backfill
2949,2026-09,30641100.0,backfill
2949,2026-10,30641100.0,snap
3002,2025-09,102000000.0,backfill
3002,2025-10,102000000.0,backfill
3002,2025-11,102000000.0,backfill
3002,2025-12,102000000.0,backfill
3002,2026-01,102000000.0,backfill
3002,2026-02,102000000.0,backfill
3002,2026-03,102000000.0,backfill
3002,2026-04,102000000.0,backfill
3002,2026-05,102000000.0,backfill
3002,2026-06,102000000.0,backfill
3002,2026-07,102000000.0,backfill
3002,2026-08,102000000.0,backfill
3002,2026-09,102000000.0,backfill
3002,2026-10,102000000.0,snap
3003,2025-09,155654890.0,backfill
3003,2025-10,155654890.0,backfill
3003,2025-11,155654890.0,backfill
3003,2025-12,155654890.0,backfill
3003,2026-01,155654890.0,backfill
3003,2026-02,155654890.0,backfill
3003,2026-03,155654890.0,backfill
3003,2026-04,155654890.0,backfill
3003,2026-05,155654890.0,backfill
3003,2026-06,155654890.0,backfill
3003,2026-07,155654890.0,backfill
3003,2026-08,155654890.0,backfill
3003,2026-09,155654890.0,backfill
3003,2026-10,155654890.0,snap
3004,2025-09,64383155.0,backfill
3004,2025-10,64383155.0,backfill
3004,2025-11,64383155.0,backfill
3004,2025-12,64383155.0,backfill
3004,2026-01,64383155.0,backfill
3004,2026-02,64383155.0,backfill
3004,2026-03,64383155.0,backfill
3004,2026-04,64383155.0,backfill
3004,2026-05,64383155.0,backfill
3004,2026-06,64383155.0,backfill
3004,2026-07,64383155.0,backfill
3004,2026-08,64383155.0,backfill
3004,2026-09,64383155.0,backfill
3004,2026-10,64383155.0,snap
3005,2025-09,624570150.0,backfill
3005,2025-10,624570150.0,backfill
3005,2025-11,624570150.0,backfill
3005,2025-12,624570150.0,backfill
3005,2026-01,624570150.0,backfill
3005,2026-02,624570150.0,backfill
3005,2026-03,624570150.0,backfill
3005,2026-04,624570150.0,backfill
3005,2026-05,624570150.0,backfill
3005,2026-06,624570150.0,backfill
3005,2026-07,624570150.0,backfill
3005,2026-08,624570150.0,backfill
3005,2026-09,624570150.0,backfill
3005,2026-10,624570150.0,snap
3006,2025-09,298127841.0,backfill
3006,2025-10,298127841.0,backfill
3006,2025-11,298127841.0,backfill
3006,2025-12,298127841.0,backfill
3006,2026-01,298127841.0,backfill
3006,2026-02,298127841.0,backfill
3006,2026-03,298127841.0,backfill
3006,2026-04,298127841.0,backfill
3006,2026-05,298127841.0,backfill
3006,2026-06,298127841.0,backfill
3006,2026-07,298127841.0,backfill
3006,2026-08,298127841.0,backfill
3006,2026-09,298127841.0,backfill
3006,2026-10,298127841.0,snap
3008,2025-09,130798197.0,backfill
3008,2025-10,130798197.0,backfill
3008,2025-11,130798197.0,backfill
3008,2025-12,130798197.0,backfill
3008,2026-01,130798197.0,backfill
3008,2026-02,130798197.0,backfill
3008,2026-03,130798197.0,backfill
3008,2026-04,130798197.0,backfill
3008,2026-05,130798197.0,backfill
3008,2026-06,130798197.0,backfill
3008,2026-07,130798197.0,backfill
3008,2026-08,130798197.0,backfill
3008,2026-09,130798197.0,backfill
3008,2026-10,130798197.0,snap
3010,2025-09,259436817.0,backfill
3010,2025-10,259436817.0,backfill
3010,2025-11,259436817.0,backfill
3010,2025-12,259436817.0,backfill
3010,2026-01,259436817.0,backfill
3010,2026-02,259436817.0,backfill
3010,2026-03,259436817.0,backfill
3010,2026-04,259436817.0,backfill
3010,2026-05,259436817.0,backfill
3010,2026-06,259436817.0,backfill
3010,2026-07,259436817.0,backfill
3010,2026-08,259436817.0,backfill
3010,2026-09,259436817.0,backfill
3010,2026-10,259436817.0,snap
3011,2025-09,129565851.0,backfill
3011,2025-10,129565851.0,backfill
3011,2025-11,129565851.0,backfill
3011,2025-12,129565851.0,backfill
3011,2026-01,129565851.0,backfill
3011,2026-02,129565851.0,backfill
3011,2026-03,129565851.0,backfill
3011,2026-04,129565851.0,backfill
3011,2026-05,129565851.0,backfill
3011,2026-06,129565851.0,backfill
3011,2026-07,129565851.0,backfill
3011,2026-08,129565851.0,backfill
3011,2026-09,129565851.0,backfill
3011,2026-10,129565851.0,snap
3013,2025-09,213344488.0,backfill
3013,2025-10,213344488.0,backfill
3013,2025-11,213344488.0,backfill
3013,2025-12,213344488.0,backfill
3013,2026-01,213344488.0,backfill
3013,2026-02,213344488.0,backfill
3013,2026-03,213344488.0,backfill
3013,2026-04,213344488.0,backfill
3013,2026-05,213344488.0,backfill
3013,2026-06,213344488.0,backfill
3013,2026-07,213344488.0,backfill
3013,2026-08,213344488.0,backfill
3013,2026-09,213344488.0,backfill
3013,2026-10,213344488.0,snap
3014,2025-09,165954124.0,backfill
3014,2025-10,165954124.0,backfill
3014,2025-11,165954124.0,backfill
3014,2025-12,165954124.0,backfill
3014,2026-01,165954124.0,backfill
3014,2026-02,165954124.0,backfill
3014,2026-03,165954124.0,backfill
3014,2026-04,165954124.0,backfill
3014,2026-05,165954124.0,backfill
3014,2026-06,165954124.0,backfill
3014,2026-07,165954124.0,backfill
3014,2026-08,165954124.0,backfill
3014,2026-09,165954124.0,backfill
3014,2026-10,165954124.0,snap
3015,2025-09,187261950.0,backfill
3015,2025-10,187261950.0,backfill
3015,2025-11,187261950.0,backfill
3015,2025-12,187261950.0,backfill
3015,2026-01,187261950.0,backfill
3015,2026-02,187261950.0,backfill
3015,2026-03,187261950.0,backfill
3015,2026-04,187261950.0,backfill
3015,2026-05,187261950.0,backfill
3015,2026-06,187261950.0,backfill
3015,2026-07,187261950.0,backfill
3015,2026-08,187261950.0,backfill
3015,2026-09,187261950.0,backfill
3015,2026-10,187261950.0,snap
3016,2025-09,290356903.0,backfill
3016,2025-10,290356903.0,backfill
3016,2025-11,290356903.0,backfill
3016,2025-12,290356903.0,backfill
3016,2026-01,290356903.0,backfill
3016,2026-02,290356903.0,backfill
3016,2026-03,290356903.0,backfill
3016,2026-04,290356903.0,backfill
3016,2026-05,290356903.0,backfill
3016,2026-06,290356903.0,backfill
3016,2026-07,290356903.0,backfill
3016,2026-08,290356903.0,backfill
3016,2026-09,290356903.0,backfill
3016,2026-10,290356903.0,snap
3017,2025-09,392670107.0,backfill
3017,2025-10,392670107.0,backfill
3017,2025-11,392670107.0,backfill
3017,2025-12,392670107.0,backfill
3017,2026-01,392670107.0,backfill
3017,2026-02,392670107.0,backfill
3017,2026-03,392670107.0,backfill
3017,2026-04,392670107.0,backfill
3017,2026-05,392670107.0,backfill
3017,2026-06,392670107.0,backfill
3017,2026-07,392670107.0,backfill
3017,2026-08,392670107.0,backfill
3017,2026-09,392670107.0,backfill
3017,2026-10,392670107.0,snap
3018,2025-09,75377715.0,backfill
3018,2025-10,75377715.0,backfill
3018,2025-11,75377715.0,backfill
3018,2025-12,75377715.0,backfill
3018,2026-01,75377715.0,backfill
3018,2026-02,75377715.0,backfill
3018,2026-03,75377715.0,backfill
3018,2026-04,75377715.0,backfill
3018,2026-05,75377715.0,backfill
3018,2026-06,75377715.0,backfill
3018,2026-07,75377715.0,backfill
3018,2026-08,75377715.0,backfill
3018,2026-09,75377715.0,backfill
3018,2026-10,75377715.0,snap
3019,2025-09,279243901.0,backfill
3019,2025-10,279243901.0,backfill
3019,2025-11,279243901.0,backfill
3019,2025-12,279243901.0,backfill
3019,2026-01,279243901.0,backfill
3019,2026-02,279243901.0,backfill
3019,2026-03,279243901.0,backfill
3019,2026-04,279243901.0,backfill
3019,2026-05,279243901.0,backfill
3019,2026-06,279243901.0,backfill
3019,2026-07,279243901.0,backfill
3019,2026-08,279243901.0,backfill
3019,2026-09,279243901.0,backfill
3019,2026-10,279243901.0,snap
3021,2025-09,94683000.0,backfill
3021,2025-10,94683000.0,backfill
3021,2025-11,94683000.0,backfill
3021,2025-12,94683000.0,backfill
3021,2026-01,94683000.0,backfill
3021,2026-02,94683000.0,backfill
3021,2026-03,94683000.0,backfill
3021,2026-04,94683000.0,backfill
3021,2026-05,94683000.0,backfill
3021,2026-06,94683000.0,backfill
3021,2026-07,94683000.0,backfill
3021,2026-08,94683000.0,backfill
3021,2026-09,94683000.0,backfill
3021,2026-10,94683000.0,snap
3022,2025-09,176597790.0,backfill
3022,2025-10,176597790.0,backfill
3022,2025-11,176597790.0,backfill
3022,2025-12,176597790.0,backfill
3022,2026-01,176597790.0,backfill
3022,2026-02,176597790.0,backfill
3022,2026-03,176597790.0,backfill
3022,2026-04,176597790.0,backfill
3022,2026-05,176597790.0,backfill
3022,2026-06,176597790.0,backfill
3022,2026-07,176597790.0,backfill
3022,2026-08,176597790.0,backfill
3022,2026-09,176597790.0,backfill
3022,2026-10,176597790.0,snap
3023,2025-09,240069014.0,backfill
3023,2025-10,240069014.0,backfill
3023,2025-11,240069014.0,backfill
3023,2025-12,240069014.0,backfill
3023,2026-01,240069014.0,backfill
3023,2026-02,240069014.0,backfill
3023,2026-03,240069014.0,backfill
3023,2026-04,240069014.0,backfill
3023,2026-05,240069014.0,backfill
3023,2026-06,240069014.0,backfill
3023,2026-07,240069014.0,backfill
3023,2026-08,240069014.0,backfill
3023,2026-09,240069014.0,backfill
3023,2026-10,240069014.0,snap
3024,2025-09,277157496.0,backfill
3024,2025-10,277157496.0,backfill
3024,2025-11,277157496.0,backfill
3024,2025-12,277157496.0,backfill
3024,2026-01,277157496.0,backfill
3024,2026-02,277157496.0,backfill
3024,2026-03,277157496.0,backfill
3024,2026-04,277157496.0,backfill
3024,2026-05,277157496.0,backfill
3024,2026-06,277157496.0,backfill
3024,2026-07,277157496.0,backfill
3024,2026-08,277157496.0,backfill
3024,2026-09,277157496.0,backfill
3024,2026-10,277157496.0,snap
3025,2025-09,56736440.0,backfill
3025,2025-10,56736440.0,backfill
3025,2025-11,56736440.0,backfill
3025,2025-12,56736440.0,backfill
3025,2026-01,56736440.0,backfill
3025,2026-02,56736440.0,backfill
3025,2026-03,56736440.0,backfill
3025,2026-04,56736440.0,backfill
3025,2026-05,56736440.0,backfill
3025,2026-06,56736440.0,backfill
3025,2026-07,56736440.0,backfill
3025,2026-08,56736440.0,backfill
3025,2026-09,56736440.0,backfill
3025,2026-10,56736440.0,snap
3026,2025-09,165890318.0,backfill
3026,2025-10,165890318.0,backfill
3026,2025-11,165890318.0,backfill
3026,2025-12,165890318.0,backfill
3026,2026-01,165890318.0,backfill
3026,2026-02,165890318.0,backfill
3026,2026-03,165890318.0,backfill
3026,2026-04,165890318.0,backfill
3026,2026-05,165890318.0,backfill
3026,2026-06,165890318.0,backfill
3026,2026-07,165890318.0,backfill
3026,2026-08,165890318.0,backfill
3026,2026-09,165890318.0,backfill
3026,2026-10,165890318.0,snap
3027,2025-09,129160299.0,backfill
3027,2025-10,129160299.0,backfill
3027,2025-11,129160299.0,backfill
3027,2025-12,129160299.0,backfill
3027,2026-01,129160299.0,backfill
3027,2026-02,129160299.0,backfill
3027,2026-03,129160299.0,backfill
3027,2026-04,129160299.0,backfill
3027,2026-05,129160299.0,backfill
3027,2026-06,129160299.0,backfill
3027,2026-07,129160299.0,backfill
3027,2026-08,129160299.0,backfill
3027,2026-09,129160299.0,backfill
3027,2026-10,129160299.0,snap
3028,2025-09,237241193.0,backfill
3028,2025-10,237241193.0,backfill
3028,2025-11,237241193.0,backfill
3028,2025-12,237241193.0,backfill
3028,2026-01,237241193.0,backfill
3028,2026-02,237241193.0,backfill
3028,2026-03,237241193.0,backfill
3028,2026-04,237241193.0,backfill
3028,2026-05,237241193.0,backfill
3028,2026-06,237241193.0,backfill
3028,2026-07,237241193.0,backfill
3028,2026-08,237241193.0,backfill
3028,2026-09,237241193.0,backfill
3028,2026-10,237241193.0,snap
3029,2025-09,167005212.0,backfill
3029,2025-10,167005212.0,backfill
3029,2025-11,167005212.0,backfill
3029,2025-12,167005212.0,backfill
3029,2026-01,167005212.0,backfill
3029,2026-02,167005212.0,backfill
3029,2026-03,167005212.0,backfill
3029,2026-04,167005212.0,backfill
3029,2026-05,167005212.0,backfill
3029,2026-06,167005212.0,backfill
3029,2026-07,167005212.0,backfill
3029,2026-08,167005212.0,backfill
3029,2026-09,167005212.0,backfill
3029,2026-10,167005212.0,snap
3030,2025-09,236216000.0,backfill
3030,2025-10,236216000.0,backfill
3030,2025-11,236216000.0,backfill
3030,2025-12,236216000.0,backfill
3030,2026-01,236216000.0,backfill
3030,2026-02,236216000.0,backfill
3030,2026-03,236216000.0,backfill
3030,2026-04,236216000.0,backfill
3030,2026-05,236216000.0,backfill
3030,2026-06,236216000.0,backfill
3030,2026-07,236216000.0,backfill
3030,2026-08,236216000.0,backfill
3030,2026-09,236216000.0,backfill
3030,2026-10,236216000.0,snap
3031,2025-09,173203224.0,backfill
3031,2025-10,173203224.0,backfill
3031,2025-11,173203224.0,backfill
3031,2025-12,173203224.0,backfill
3031,2026-01,173203224.0,backfill
3031,2026-02,173203224.0,backfill
3031,2026-03,173203224.0,backfill
3031,2026-04,173203224.0,backfill
3031,2026-05,173203224.0,backfill
3031,2026-06,173203224.0,backfill
3031,2026-07,173203224.0,backfill
3031,2026-08,173203224.0,backfill
3031,2026-09,173203224.0,backfill
3031,2026-10,173203224.0,snap
3032,2025-09,113285626.0,backfill
3032,2025-10,113285626.0,backfill
3032,2025-11,113285626.0,backfill
3032,2025-12,113285626.0,backfill
3032,2026-01,113285626.0,backfill
3032,2026-02,113285626.0,backfill
3032,2026-03,113285626.0,backfill
3032,2026-04,113285626.0,backfill
3032,2026-05,113285626.0,backfill
3032,2026-06,113285626.0,backfill
3032,2026-07,113285626.0,backfill
3032,2026-08,113285626.0,backfill
3032,2026-09,113285626.0,backfill
3032,2026-10,113285626.0,snap
3033,2025-09,516559448.0,backfill
3033,2025-10,516559448.0,backfill
3033,2025-11,516559448.0,backfill
3033,2025-12,516559448.0,backfill
3033,2026-01,516559448.0,backfill
3033,2026-02,516559448.0,backfill
3033,2026-03,516559448.0,backfill
3033,2026-04,516559448.0,backfill
3033,2026-05,516559448.0,backfill
3033,2026-06,516559448.0,backfill
3033,2026-07,516559448.0,backfill
3033,2026-08,516559448.0,backfill
3033,2026-09,516559448.0,backfill
3033,2026-10,516559448.0,snap
3034,2025-09,608511469.0,backfill
3034,2025-10,608511469.0,backfill
3034,2025-11,608511469.0,backfill
3034,2025-12,608511469.0,backfill
3034,2026-01,608511469.0,backfill
3034,2026-02,608511469.0,backfill
3034,2026-03,608511469.0,backfill
3034,2026-04,608511469.0,backfill
3034,2026-05,608511469.0,backfill
3034,2026-06,608511469.0,backfill
3034,2026-07,608511469.0,backfill
3034,2026-08,608511469.0,backfill
3034,2026-09,608511469.0,backfill
3034,2026-10,608511469.0,snap
3035,2025-09,260550313.0,backfill
3035,2025-10,260550313.0,backfill
3035,2025-11,260550313.0,backfill
3035,2025-12,260550313.0,backfill
3035,2026-01,260550313.0,backfill
3035,2026-02,260550313.0,backfill
3035,2026-03,260550313.0,backfill
3035,2026-04,260550313.0,backfill
3035,2026-05,260550313.0,backfill
3035,2026-06,260550313.0,backfill
3035,2026-07,260550313.0,backfill
3035,2026-08,260550313.0,backfill
3035,2026-09,260550313.0,backfill
3035,2026-10,260550313.0,snap
3036,2025-09,1270562701.0,backfill
3036,2025-10,1270562701.0,backfill
3036,2025-11,1270562701.0,backfill
3036,2025-12,1270562701.0,backfill
3036,2026-01,1270562701.0,backfill
3036,2026-02,1270562701.0,backfill
3036,2026-03,1270562701.0,backfill
3036,2026-04,1270562701.0,backfill
3036,2026-05,1270562701.0,backfill
3036,2026-06,1270562701.0,backfill
3036,2026-07,1270562701.0,backfill
3036,2026-08,1270562701.0,backfill
3036,2026-09,1270562701.0,backfill
3036,2026-10,1270562701.0,snap
3037,2025-09,1641291596.0,backfill
3037,2025-10,1641291596.0,backfill
3037,2025-11,1641291596.0,backfill
3037,2025-12,1641291596.0,backfill
3037,2026-01,1641291596.0,backfill
3037,2026-02,1641291596.0,backfill
3037,2026-03,1641291596.0,backfill
3037,2026-04,1641291596.0,backfill
3037,2026-05,1641291596.0,backfill
3037,2026-06,1641291596.0,backfill
3037,2026-07,1641291596.0,backfill
3037,2026-08,1641291596.0,backfill
3037,2026-09,1641291596.0,backfill
3037,2026-10,1641291596.0,snap
3038,2025-09,157407603.0,backfill
3038,2025-10,157407603.0,backfill
3038,2025-11,157407603.0,backfill
3038,2025-12,157407603.0,backfill
3038,2026-01,157407603.0,backfill
3038,2026-02,157407603.0,backfill
3038,2026-03,157407603.0,backfill
3038,2026-04,157407603.0,backfill
3038,2026-05,157407603.0,backfill
3038,2026-06,157407603.0,backfill
3038,2026-07,157407603.0,backfill
3038,2026-08,157407603.0,backfill
3038,2026-09,157407603.0,backfill
3038,2026-10,157407603.0,snap
3040,2025-09,66224538.0,backfill
3040,2025-10,66224538.0,backfill
3040,2025-11,66224538.0,backfill
3040,2025-12,66224538.0,backfill
3040,2026-01,66224538.0,backfill
3040,2026-02,66224538.0,backfill
3040,2026-03,66224538.0,backfill
3040,2026-04,66224538.0,backfill
3040,2026-05,66224538.0,backfill
3040,2026-06,66224538.0,backfill
3040,2026-07,66224538.0,backfill
3040,2026-08,66224538.0,backfill
3040,2026-09,66224538.0,backfill
3040,2026-10,66224538.0,snap
3041,2025-09,142096647.0,backfill
3041,2025-10,142096647.0,backfill
3041,2025-11,142096647.0,backfill
3041,2025-12,142096647.0,backfill
3041,2026-01,142096647.0,backfill
3041,2026-02,142096647.0,backfill
3041,2026-03,142096647.0,backfill
3041,2026-04,142096647.0,backfill
3041,2026-05,142096647.0,backfill
3041,2026-06,142096647.0,backfill
3041,2026-07,142096647.0,backfill
3041,2026-08,142096647.0,backfill
3041,2026-09,142096647.0,backfill
3041,2026-10,142096647.0,snap
3042,2025-09,342992971.0,backfill
3042,2025-10,342992971.0,backfill
3042,2025-11,342992971.0,backfill
3042,2025-12,342992971.0,backfill
3042,2026-01,342992971.0,backfill
3042,2026-02,342992971.0,backfill
3042,2026-03,342992971.0,backfill
3042,2026-04,342992971.0,backfill
3042,2026-05,342992971.0,backfill
3042,2026-06,342992971.0,backfill
3042,2026-07,342992971.0,backfill
3042,2026-08,342992971.0,backfill
3042,2026-09,342992971.0,backfill
3042,2026-10,342992971.0,snap
3043,2025-09,38975634.0,backfill
3043,2025-10,38975634.0,backfill
3043,2025-11,38975634.0,backfill
3043,2025-12,38975634.0,backfill
3043,2026-01,38975634.0,backfill
3043,2026-02,38975634.0,backfill
3043,2026-03,38975634.0,backfill
3043,2026-04,38975634.0,backfill
3043,2026-05,38975634.0,backfill
3043,2026-06,38975634.0,backfill
3043,2026-07,38975634.0,backfill
3043,2026-08,38975634.0,backfill
3043,2026-09,38975634.0,backfill
3043,2026-10,38975634.0,snap
3044,2025-09,525605898.0,backfill
3044,2025-10,525605898.0,backfill
3044,2025-11,525605898.0,backfill
3044,2025-12,525605898.0,backfill
3044,2026-01,525605898.0,backfill
3044,2026-02,525605898.0,backfill
3044,2026-03,525605898.0,backfill
3044,2026-04,525605898.0,backfill
3044,2026-05,525605898.0,backfill
3044,2026-06,525605898.0,backfill
3044,2026-07,525605898.0,backfill
3044,2026-08,525605898.0,backfill
3044,2026-09,525605898.0,backfill
3044,2026-10,525605898.0,snap
3045,2025-09,3723431015.0,backfill
3045,2025-10,3723431015.0,backfill
3045,2025-11,3723431015.0,backfill
3045,2025-12,3723431015.0,backfill
3045,2026-01,3723431015.0,backfill
3045,2026-02,3723431015.0,backfill
3045,2026-03,3723431015.0,backfill
3045,2026-04,3723431015.0,backfill
3045,2026-05,3723431015.0,backfill
3045,2026-06,3723431015.0,backfill
3045,2026-07,3723431015.0,backfill
3045,2026-08,3723431015.0,backfill
3045,2026-09,3723431015.0,backfill
3045,2026-10,3723431015.0,snap
3046,2025-09,78448013.0,backfill
3046,2025-10,78448013.0,backfill
3046,2025-11,78448013.0,backfill
3046,2025-12,78448013.0,backfill
3046,2026-01,78448013.0,backfill
3046,2026-02,78448013.0,backfill
3046,2026-03,78448013.0,backfill
3046,2026-04,78448013.0,backfill
3046,2026-05,78448013.0,backfill
3046,2026-06,78448013.0,backfill
3046,2026-07,78448013.0,backfill
3046,2026-08,78448013.0,backfill
3046,2026-09,78448013.0,backfill
3046,2026-10,78448013.0,snap
3047,2025-09,224761608.0,backfill
3047,2025-10,224761608.0,backfill
3047,2025-11,224761608.0,backfill
3047,2025-12,224761608.0,backfill
3047,2026-01,224761608.0,backfill
3047,2026-02,224761608.0,backfill
3047,2026-03,224761608.0,backfill
3047,2026-04,224761608.0,backfill
3047,2026-05,224761608.0,backfill
3047,2026-06,224761608.0,backfill
3047,2026-07,224761608.0,backfill
3047,2026-08,224761608.0,backfill
3047,2026-09,224761608.0,backfill
3047,2026-10,224761608.0,snap
3048,2025-09,269829794.0,backfill
3048,2025-10,269829794.0,backfill
3048,2025-11,269829794.0,backfill
3048,2025-12,269829794.0,backfill
3048,2026-01,269829794.0,backfill
3048,2026-02,269829794.0,backfill
3048,2026-03,269829794.0,backfill
3048,2026-04,269829794.0,backfill
3048,2026-05,269829794.0,backfill
3048,2026-06,269829794.0,backfill
3048,2026-07,269829794.0,backfill
3048,2026-08,269829794.0,backfill
3048,2026-09,269829794.0,backfill
3048,2026-10,269829794.0,snap
3049,2025-09,802010529.0,backfill
3049,2025-10,802010529.0,backfill
3049,2025-11,802010529.0,backfill
3049,2025-12,802010529.0,backfill
3049,2026-01,802010529.0,backfill
3049,2026-02,802010529.0,backfill
3049,2026-03,802010529.0,backfill
3049,2026-04,802010529.0,backfill
3049,2026-05,802010529.0,backfill
3049,2026-06,802010529.0,backfill
3049,2026-07,802010529.0,backfill
3049,2026-08,802010529.0,backfill
3049,2026-09,802010529.0,backfill
3049,2026-10,802010529.0,snap
3050,2025-09,154984450.0,backfill
3050,2025-10,154984450.0,backfill
3050,2025-11,154984450.0,backfill
3050,2025-12,154984450.0,backfill
3050,2026-01,154984450.0,backfill
3050,2026-02,154984450.0,backfill
3050,2026-03,154984450.0,backfill
3050,2026-04,154984450.0,backfill
3050,2026-05,154984450.0,backfill
3050,2026-06,154984450.0,backfill
3050,2026-07,154984450.0,backfill
3050,2026-08,154984450.0,backfill
3050,2026-09,154984450.0,backfill
3050,2026-10,154984450.0,snap
3051,2025-09,167000000.0,backfill
3051,2025-10,167000000.0,backfill
3051,2025-11,167000000.0,backfill
3051,2025-12,167000000.0,backfill
3051,2026-01,167000000.0,backfill
3051,2026-02,167000000.0,backfill
3051,2026-03,167000000.0,backfill
3051,2026-04,167000000.0,backfill
3051,2026-05,167000000.0,backfill
3051,2026-06,167000000.0,backfill
3051,2026-07,167000000.0,backfill
3051,2026-08,167000000.0,backfill
3051,2026-09,167000000.0,backfill
3051,2026-10,167000000.0,snap
3052,2025-09,233245771.0,backfill
3052,2025-10,233245771.0,backfill
3052,2025-11,233245771.0,backfill
3052,2025-12,233245771.0,backfill
3052,2026-01,233245771.0,backfill
3052,2026-02,233245771.0,backfill
3052,2026-03,233245771.0,backfill
3052,2026-04,233245771.0,backfill
3052,2026-05,233245771.0,backfill
3052,2026-06,233245771.0,backfill
3052,2026-07,233245771.0,backfill
3052,2026-08,233245771.0,backfill
3052,2026-09,233245771.0,backfill
3052,2026-10,233245771.0,snap
3054,2025-09,80651041.0,backfill
3054,2025-10,80651041.0,backfill
3054,2025-11,80651041.0,backfill
3054,2025-12,80651041.0,backfill
3054,2026-01,80651041.0,backfill
3054,2026-02,80651041.0,backfill
3054,2026-03,80651041.0,backfill
3054,2026-04,80651041.0,backfill
3054,2026-05,80651041.0,backfill
3054,2026-06,80651041.0,backfill
3054,2026-07,80651041.0,backfill
3054,2026-08,80651041.0,backfill
3054,2026-09,80651041.0,backfill
3054,2026-10,80651041.0,snap
3055,2025-09,114974918.0,backfill
3055,2025-10,114974918.0,backfill
3055,2025-11,114974918.0,backfill
3055,2025-12,114974918.0,backfill
3055,2026-01,114974918.0,backfill
3055,2026-02,114974918.0,backfill
3055,2026-03,114974918.0,backfill
3055,2026-04,114974918.0,backfill
3055,2026-05,114974918.0,backfill
3055,2026-06,114974918.0,backfill
3055,2026-07,114974918.0,backfill
3055,2026-08,114974918.0,backfill
3055,2026-09,114974918.0,backfill
3055,2026-10,114974918.0,snap
3056,2025-09,480555051.0,backfill
3056,2025-10,480555051.0,backfill
3056,2025-11,480555051.0,backfill
3056,2025-12,480555051.0,backfill
3056,2026-01,480555051.0,backfill
3056,2026-02,480555051.0,backfill
3056,2026-03,480555051.0,backfill
3056,2026-04,480555051.0,backfill
3056,2026-05,480555051.0,backfill
3056,2026-06,480555051.0,backfill
3056,2026-07,480555051.0,backfill
3056,2026-08,480555051.0,backfill
3056,2026-09,480555051.0,backfill
3056,2026-10,480555051.0,snap
3057,2025-09,67864629.0,backfill
3057,2025-10,67864629.0,backfill
3057,2025-11,67864629.0,backfill
3057,2025-12,67864629.0,backfill
3057,2026-01,67864629.0,backfill
3057,2026-02,67864629.0,backfill
3057,2026-03,67864629.0,backfill
3057,2026-04,67864629.0,backfill
3057,2026-05,67864629.0,backfill
3057,2026-06,67864629.0,backfill
3057,2026-07,67864629.0,backfill
3057,2026-08,67864629.0,backfill
3057,2026-09,67864629.0,backfill
3057,2026-10,67864629.0,snap
3058,2025-09,201722779.0,backfill
3058,2025-10,201722779.0,backfill
3058,2025-11,201722779.0,backfill
3058,2025-12,201722779.0,backfill
3058,2026-01,201722779.0,backfill
3058,2026-02,201722779.0,backfill
3058,2026-03,201722779.0,backfill
3058,2026-04,201722779.0,backfill
3058,2026-05,201722779.0,backfill
3058,2026-06,201722779.0,backfill
3058,2026-07,201722779.0,backfill
3058,2026-08,201722779.0,backfill
3058,2026-09,201722779.0,backfill
3058,2026-10,201722779.0,snap
3059,2025-09,307668025.0,backfill
3059,2025-10,307668025.0,backfill
3059,2025-11,307668025.0,backfill
3059,2025-12,307668025.0,backfill
3059,2026-01,307668025.0,backfill
3059,2026-02,307668025.0,backfill
3059,2026-03,307668025.0,backfill
3059,2026-04,307668025.0,backfill
3059,2026-05,307668025.0,backfill
3059,2026-06,307668025.0,backfill
3059,2026-07,307668025.0,backfill
3059,2026-08,307668025.0,backfill
3059,2026-09,307668025.0,backfill
3059,2026-10,307668025.0,snap
3060,2025-09,137563190.0,backfill
3060,2025-10,137563190.0,backfill
3060,2025-11,137563190.0,backfill
3060,2025-12,137563190.0,backfill
3060,2026-01,137563190.0,backfill
3060,2026-02,137563190.0,backfill
3060,2026-03,137563190.0,backfill
3060,2026-04,137563190.0,backfill
3060,2026-05,137563190.0,backfill
3060,2026-06,137563190.0,backfill
3060,2026-07,137563190.0,backfill
3060,2026-08,137563190.0,backfill
3060,2026-09,137563190.0,backfill
3060,2026-10,137563190.0,snap
3062,2025-09,330081818.0,backfill
3062,2025-10,330081818.0,backfill
3062,2025-11,330081818.0,backfill
3062,2025-12,330081818.0,backfill
3062,2026-01,330081818.0,backfill
3062,2026-02,330081818.0,backfill
3062,2026-03,330081818.0,backfill
3062,2026-04,330081818.0,backfill
3062,2026-05,330081818.0,backfill
3062,2026-06,330081818.0,backfill
3062,2026-07,330081818.0,backfill
3062,2026-08,330081818.0,backfill
3062,2026-09,330081818.0,backfill
3062,2026-10,330081818.0,snap
3064,2025-09,13011451.0,backfill
3064,2025-10,13011451.0,backfill
3064,2025-11,13011451.0,backfill
3064,2025-12,13011451.0,backfill
3064,2026-01,13011451.0,backfill
3064,2026-02,13011451.0,backfill
3064,2026-03,13011451.0,backfill
3064,2026-04,13011451.0,backfill
3064,2026-05,13011451.0,backfill
3064,2026-06,13011451.0,backfill
3064,2026-07,13011451.0,backfill
3064,2026-08,13011451.0,backfill
3064,2026-09,13011451.0,backfill
3064,2026-10,13011451.0,snap
3066,2025-09,83070612.0,backfill
3066,2025-10,83070612.0,backfill
3066,2025-11,83070612.0,backfill
3066,2025-12,83070612.0,backfill
3066,2026-01,83070612.0,backfill
3066,2026-02,83070612.0,backfill
3066,2026-03,83070612.0,backfill
3066,2026-04,83070612.0,backfill
3066,2026-05,83070612.0,backfill
3066,2026-06,83070612.0,backfill
3066,2026-07,83070612.0,backfill
3066,2026-08,83070612.0,backfill
3066,2026-09,83070612.0,backfill
3066,2026-10,83070612.0,snap
3067,2025-09,20000000.0,backfill
3067,2025-10,20000000.0,backfill
3067,2025-11,20000000.0,backfill
3067,2025-12,20000000.0,backfill
3067,2026-01,20000000.0,backfill
3067,2026-02,20000000.0,backfill
3067,2026-03,20000000.0,backfill
3067,2026-04,20000000.0,backfill
3067,2026-05,20000000.0,backfill
3067,2026-06,20000000.0,backfill
3067,2026-07,20000000.0,backfill
3067,2026-08,20000000.0,backfill
3067,2026-09,20000000.0,backfill
3067,2026-10,20000000.0,snap
3071,2025-09,110000000.0,backfill
3071,2025-10,110000000.0,backfill
3071,2025-11,110000000.0,backfill
3071,2025-12,110000000.0,backfill
3071,2026-01,110000000.0,backfill
3071,2026-02,110000000.0,backfill
3071,2026-03,110000000.0,backfill
3071,2026-04,110000000.0,backfill
3071,2026-05,110000000.0,backfill
3071,2026-06,110000000.0,backfill
3071,2026-07,110000000.0,backfill
3071,2026-08,110000000.0,backfill
3071,2026-09,110000000.0,backfill
3071,2026-10,110000000.0,snap
3073,2025-09,39511028.0,backfill
3073,2025-10,39511028.0,backfill
3073,2025-11,39511028.0,backfill
3073,2025-12,39511028.0,backfill
3073,2026-01,39511028.0,backfill
3073,2026-02,39511028.0,backfill
3073,2026-03,39511028.0,backfill
3073,2026-04,39511028.0,backfill
3073,2026-05,39511028.0,backfill
3073,2026-06,39511028.0,backfill
3073,2026-07,39511028.0,backfill
3073,2026-08,39511028.0,backfill
3073,2026-09,39511028.0,backfill
3073,2026-10,39511028.0,snap
3078,2025-09,227391064.0,backfill
3078,2025-10,227391064.0,backfill
3078,2025-11,227391064.0,backfill
3078,2025-12,227391064.0,backfill
3078,2026-01,227391064.0,backfill
3078,2026-02,227391064.0,backfill
3078,2026-03,227391064.0,backfill
3078,2026-04,227391064.0,backfill
3078,2026-05,227391064.0,backfill
3078,2026-06,227391064.0,backfill
3078,2026-07,227391064.0,backfill
3078,2026-08,227391064.0,backfill
3078,2026-09,227391064.0,backfill
3078,2026-10,227391064.0,snap
3081,2025-09,101869004.0,backfill
3081,2025-10,101869004.0,backfill
3081,2025-11,101869004.0,backfill
3081,2025-12,101869004.0,backfill
3081,2026-01,101869004.0,backfill
3081,2026-02,101869004.0,backfill
3081,2026-03,101869004.0,backfill
3081,2026-04,101869004.0,backfill
3081,2026-05,101869004.0,backfill
3081,2026-06,101869004.0,backfill
3081,2026-07,101869004.0,backfill
3081,2026-08,101869004.0,backfill
3081,2026-09,101869004.0,backfill
3081,2026-10,101869004.0,snap
3083,2025-09,86486858.0,backfill
3083,2025-10,86486858.0,backfill
3083,2025-11,86486858.0,backfill
3083,2025-12,86486858.0,backfill
3083,2026-01,86486858.0,backfill
3083,2026-02,86486858.0,backfill
3083,2026-03,86486858.0,backfill
3083,2026-04,86486858.0,backfill
3083,2026-05,86486858.0,backfill
3083,2026-06,86486858.0,backfill
3083,2026-07,86486858.0,backfill
3083,2026-08,86486858.0,backfill
3083,2026-09,86486858.0,backfill
3083,2026-10,86486858.0,snap
3085,2025-09,53581570.0,backfill
3085,2025-10,53581570.0,backfill
3085,2025-11,53581570.0,backfill
3085,2025-12,53581570.0,backfill
3085,2026-01,53581570.0,backfill
3085,2026-02,53581570.0,backfill
3085,2026-03,53581570.0,backfill
3085,2026-04,53581570.0,backfill
3085,2026-05,53581570.0,backfill
3085,2026-06,53581570.0,backfill
3085,2026-07,53581570.0,backfill
3085,2026-08,53581570.0,backfill
3085,2026-09,53581570.0,backfill
3085,2026-10,53581570.0,snap
3086,2025-09,272710510.0,backfill
3086,2025-10,272710510.0,backfill
3086,2025-11,272710510.0,backfill
3086,2025-12,272710510.0,backfill
3086,2026-01,272710510.0,backfill
3086,2026-02,272710510.0,backfill
3086,2026-03,272710510.0,backfill
3086,2026-04,272710510.0,backfill
3086,2026-05,272710510.0,backfill
3086,2026-06,272710510.0,backfill
3086,2026-07,272710510.0,backfill
3086,2026-08,272710510.0,backfill
3086,2026-09,272710510.0,backfill
3086,2026-10,272710510.0,snap
3088,2025-09,113011197.0,backfill
3088,2025-10,113011197.0,backfill
3088,2025-11,113011197.0,backfill
3088,2025-12,113011197.0,backfill
3088,2026-01,113011197.0,backfill
3088,2026-02,113011197.0,backfill
3088,2026-03,113011197.0,backfill
3088,2026-04,113011197.0,backfill
3088,2026-05,113011197.0,backfill
3088,2026-06,113011197.0,backfill
3088,2026-07,113011197.0,backfill
3088,2026-08,113011197.0,backfill
3088,2026-09,113011197.0,backfill
3088,2026-10,113011197.0,snap
3090,2025-09,287567150.0,backfill
3090,2025-10,287567150.0,backfill
3090,2025-11,287567150.0,backfill
3090,2025-12,287567150.0,backfill
3090,2026-01,287567150.0,backfill
3090,2026-02,287567150.0,backfill
3090,2026-03,287567150.0,backfill
3090,2026-04,287567150.0,backfill
3090,2026-05,287567150.0,backfill
3090,2026-06,287567150.0,backfill
3090,2026-07,287567150.0,backfill
3090,2026-08,287567150.0,backfill
3090,2026-09,287567150.0,backfill
3090,2026-10,287567150.0,snap
3092,2025-09,106649250.0,backfill
3092,2025-10,106649250.0,backfill
3092,2025-11,106649250.0,backfill
3092,2025-12,106649250.0,backfill
3092,2026-01,106649250.0,backfill
3092,2026-02,106649250.0,backfill
3092,2026-03,106649250.0,backfill
3092,2026-04,106649250.0,backfill
3092,2026-05,106649250.0,backfill
3092,2026-06,106649250.0,backfill
3092,2026-07,106649250.0,backfill
3092,2026-08,106649250.0,backfill
3092,2026-09,106649250.0,backfill
3092,2026-10,106649250.0,snap
3093,2025-09,145155576.0,backfill
3093,2025-10,145155576.0,backfill
3093,2025-11,145155576.0,backfill
3093,2025-12,145155576.0,backfill
3093,2026-01,145155576.0,backfill
3093,2026-02,145155576.0,backfill
3093,2026-03,145155576.0,backfill
3093,2026-04,145155576.0,backfill
3093,2026-05,145155576.0,backfill
3093,2026-06,145155576.0,backfill
3093,2026-07,145155576.0,backfill
3093,2026-08,145155576.0,backfill
3093,2026-09,145155576.0,backfill
3093,2026-10,145155576.0,snap
3094,2025-09,83117089.0,backfill
3094,2025-10,83117089.0,backfill
3094,2025-11,83117089.0,backfill
3094,2025-12,83117089.0,backfill
3094,2026-01,83117089.0,backfill
3094,2026-02,83117089.0,backfill
3094,2026-03,83117089.0,backfill
3094,2026-04,83117089.0,backfill
3094,2026-05,83117089.0,backfill
3094,2026-06,83117089.0,backfill
3094,2026-07,83117089.0,backfill
3094,2026-08,83117089.0,backfill
3094,2026-09,83117089.0,backfill
3094,2026-10,83117089.0,snap
3095,2025-09,14680000.0,backfill
3095,2025-10,14680000.0,backfill
3095,2025-11,14680000.0,backfill
3095,2025-12,14680000.0,backfill
3095,2026-01,14680000.0,backfill
3095,2026-02,14680000.0,backfill
3095,2026-03,14680000.0,backfill
3095,2026-04,14680000.0,backfill
3095,2026-05,14680000.0,backfill
3095,2026-06,14680000.0,backfill
3095,2026-07,14680000.0,backfill
3095,2026-08,14680000.0,backfill
3095,2026-09,14680000.0,backfill
3095,2026-10,14680000.0,snap
3105,2025-09,423940384.0,backfill
3105,2025-10,423940384.0,backfill
3105,2025-11,423940384.0,backfill
3105,2025-12,423940384.0,backfill
3105,2026-01,423940384.0,backfill
3105,2026-02,423940384.0,backfill
3105,2026-03,423940384.0,backfill
3105,2026-04,423940384.0,backfill
3105,2026-05,423940384.0,backfill
3105,2026-06,423940384.0,backfill
3105,2026-07,423940384.0,backfill
3105,2026-08,423940384.0,backfill
3105,2026-09,423940384.0,backfill
3105,2026-10,423940384.0,snap
3114,2025-09,67722584.0,backfill
3114,2025-10,67722584.0,backfill
3114,2025-11,67722584.0,backfill
3114,2025-12,67722584.0,backfill
3114,2026-01,67722584.0,backfill
3114,2026-02,67722584.0,backfill
3114,2026-03,67722584.0,backfill
3114,2026-04,67722584.0,backfill
3114,2026-05,67722584.0,backfill
3114,2026-06,67722584.0,backfill
3114,2026-07,67722584.0,backfill
3114,2026-08,67722584.0,backfill
3114,2026-09,67722584.0,backfill
3114,2026-10,67722584.0,snap
3115,2025-09,72197615.0,backfill
3115,2025-10,72197615.0,backfill
3115,2025-11,72197615.0,backfill
3115,2025-12,72197615.0,backfill
3115,2026-01,72197615.0,backfill
3115,2026-02,72197615.0,backfill
3115,2026-03,72197615.0,backfill
3115,2026-04,72197615.0,backfill
3115,2026-05,72197615.0,backfill
3115,2026-06,72197615.0,backfill
3115,2026-07,72197615.0,backfill
3115,2026-08,72197615.0,backfill
3115,2026-09,72197615.0,backfill
3115,2026-10,72197615.0,snap
3118,2025-09,32452860.0,backfill
3118,2025-10,32452860.0,backfill
3118,2025-11,32452860.0,backfill
3118,2025-12,32452860.0,backfill
3118,2026-01,32452860.0,backfill
3118,2026-02,32452860.0,backfill
3118,2026-03,32452860.0,backfill
3118,2026-04,32452860.0,backfill
3118,2026-05,32452860.0,backfill
3118,2026-06,32452860.0,backfill
3118,2026-07,32452860.0,backfill
3118,2026-08,32452860.0,backfill
3118,2026-09,32452860.0,backfill
3118,2026-10,32452860.0,snap
3122,2025-09,40771918.0,backfill
3122,2025-10,40771918.0,backfill
3122,2025-11,40771918.0,backfill
3122,2025-12,40771918.0,backfill
3122,2026-01,40771918.0,backfill
3122,2026-02,40771918.0,backfill
3122,2026-03,40771918.0,backfill
3122,2026-04,40771918.0,backfill
3122,2026-05,40771918.0,backfill
3122,2026-06,40771918.0,backfill
3122,2026-07,40771918.0,backfill
3122,2026-08,40771918.0,backfill
3122,2026-09,40771918.0,backfill
3122,2026-10,40771918.0,snap
3128,2025-09,50156538.0,backfill
3128,2025-10,50156538.0,backfill
3128,2025-11,50156538.0,backfill
3128,2025-12,50156538.0,backfill
3128,2026-01,50156538.0,backfill
3128,2026-02,50156538.0,backfill
3128,2026-03,50156538.0,backfill
3128,2026-04,50156538.0,backfill
3128,2026-05,50156538.0,backfill
3128,2026-06,50156538.0,backfill
3128,2026-07,50156538.0,backfill
3128,2026-08,50156538.0,backfill
3128,2026-09,50156538.0,backfill
3128,2026-10,50156538.0,snap
3130,2025-09,33190700.0,backfill
3130,2025-10,33190700.0,backfill
3130,2025-11,33190700.0,backfill
3130,2025-12,33190700.0,backfill
3130,2026-01,33190700.0,backfill
3130,2026-02,33190700.0,backfill
3130,2026-03,33190700.0,backfill
3130,2026-04,33190700.0,backfill
3130,2026-05,33190700.0,backfill
3130,2026-06,33190700.0,backfill
3130,2026-07,33190700.0,backfill
3130,2026-08,33190700.0,backfill
3130,2026-09,33190700.0,backfill
3130,2026-10,33190700.0,snap
3131,2025-09,29831623.0,backfill
3131,2025-10,29831623.0,backfill
3131,2025-11,29831623.0,backfill
3131,2025-12,29831623.0,backfill
3131,2026-01,29831623.0,backfill
3131,2026-02,29831623.0,backfill
3131,2026-03,29831623.0,backfill
3131,2026-04,29831623.0,backfill
3131,2026-05,29831623.0,backfill
3131,2026-06,29831623.0,backfill
3131,2026-07,29831623.0,backfill
3131,2026-08,29831623.0,backfill
3131,2026-09,29831623.0,backfill
3131,2026-10,29831623.0,snap
3135,2025-09,97158956.0,backfill
3135,2025-10,97158956.0,backfill
3135,2025-11,97158956.0,backfill
3135,2025-12,97158956.0,backfill
3135,2026-01,97158956.0,backfill
3135,2026-02,97158956.0,backfill
3135,2026-03,97158956.0,backfill
3135,2026-04,97158956.0,backfill
3135,2026-05,97158956.0,backfill
3135,2026-06,97158956.0,backfill
3135,2026-07,97158956.0,backfill
3135,2026-08,97158956.0,backfill
3135,2026-09,97158956.0,backfill
3135,2026-10,97158956.0,snap
3138,2025-09,56392314.0,backfill
3138,2025-10,56392314.0,backfill
3138,2025-11,56392314.0,backfill
3138,2025-12,56392314.0,backfill
3138,2026-01,56392314.0,backfill
3138,2026-02,56392314.0,backfill
3138,2026-03,56392314.0,backfill
3138,2026-04,56392314.0,backfill
3138,2026-05,56392314.0,backfill
3138,2026-06,56392314.0,backfill
3138,2026-07,56392314.0,backfill
3138,2026-08,56392314.0,backfill
3138,2026-09,56392314.0,backfill
3138,2026-10,56392314.0,snap
3141,2025-09,75460728.0,backfill
3141,2025-10,75460728.0,backfill
3141,2025-11,75460728.0,backfill
3141,2025-12,75460728.0,backfill
3141,2026-01,75460728.0,backfill
3141,2026-02,75460728.0,backfill
3141,2026-03,75460728.0,backfill
3141,2026-04,75460728.0,backfill
3141,2026-05,75460728.0,backfill
3141,2026-06,75460728.0,backfill
3141,2026-07,75460728.0,backfill
3141,2026-08,75460728.0,backfill
3141,2026-09,75460728.0,backfill
3141,2026-10,75460728.0,snap
3147,2025-09,43686831.0,backfill
3147,2025-10,43686831.0,backfill
3147,2025-11,43686831.0,backfill
3147,2025-12,43686831.0,backfill
3147,2026-01,43686831.0,backfill
3147,2026-02,43686831.0,backfill
3147,2026-03,43686831.0,backfill
3147,2026-04,43686831.0,backfill
3147,2026-05,43686831.0,backfill
3147,2026-06,43686831.0,backfill
3147,2026-07,43686831.0,backfill
3147,2026-08,43686831.0,backfill
3147,2026-09,43686831.0,backfill
3147,2026-10,43686831.0,snap
3149,2025-09,286233604.0,backfill
3149,2025-10,286233604.0,backfill
3149,2025-11,286233604.0,backfill
3149,2025-12,286233604.0,backfill
3149,2026-01,286233604.0,backfill
3149,2026-02,286233604.0,backfill
3149,2026-03,286233604.0,backfill
3149,2026-04,286233604.0,backfill
3149,2026-05,286233604.0,backfill
3149,2026-06,286233604.0,backfill
3149,2026-07,286233604.0,backfill
3149,2026-08,286233604.0,backfill
3149,2026-09,286233604.0,backfill
3149,2026-10,286233604.0,snap
3150,2025-09,44377001.0,backfill
3150,2025-10,44377001.0,backfill
3150,2025-11,44377001.0,backfill
3150,2025-12,44377001.0,backfill
3150,2026-01,44377001.0,backfill
3150,2026-02,44377001.0,backfill
3150,2026-03,44377001.0,backfill
3150,2026-04,44377001.0,backfill
3150,2026-05,44377001.0,backfill
3150,2026-06,44377001.0,backfill
3150,2026-07,44377001.0,backfill
3150,2026-08,44377001.0,backfill
3150,2026-09,44377001.0,backfill
3150,2026-10,44377001.0,snap
3152,2025-09,39016200.0,backfill
3152,2025-10,39016200.0,backfill
3152,2025-11,39016200.0,backfill
3152,2025-12,39016200.0,backfill
3152,2026-01,39016200.0,backfill
3152,2026-02,39016200.0,backfill
3152,2026-03,39016200.0,backfill
3152,2026-04,39016200.0,backfill
3152,2026-05,39016200.0,backfill
3152,2026-06,39016200.0,backfill
3152,2026-07,39016200.0,backfill
3152,2026-08,39016200.0,backfill
3152,2026-09,39016200.0,backfill
3152,2026-10,39016200.0,snap
3158,2025-09,30665925.0,backfill
3158,2025-10,30665925.0,backfill
3158,2025-11,30665925.0,backfill
3158,2025-12,30665925.0,backfill
3158,2026-01,30665925.0,backfill
3158,2026-02,30665925.0,backfill
3158,2026-03,30665925.0,backfill
3158,2026-04,30665925.0,backfill
3158,2026-05,30665925.0,backfill
3158,2026-06,30665925.0,backfill
3158,2026-07,30665925.0,backfill
3158,2026-08,30665925.0,backfill
3158,2026-09,30665925.0,backfill
3158,2026-10,30665925.0,snap
3162,2025-09,154153162.0,backfill
3162,2025-10,154153162.0,backfill
3162,2025-11,154153162.0,backfill
3162,2025-12,154153162.0,backfill
3162,2026-01,154153162.0,backfill
3162,2026-02,154153162.0,backfill
3162,2026-03,154153162.0,backfill
3162,2026-04,154153162.0,backfill
3162,2026-05,154153162.0,backfill
3162,2026-06,154153162.0,backfill
3162,2026-07,154153162.0,backfill
3162,2026-08,154153162.0,backfill
3162,2026-09,154153162.0,backfill
3162,2026-10,154153162.0,snap
3163,2025-09,94635370.0,backfill
3163,2025-10,94635370.0,backfill
3163,2025-11,94635370.0,backfill
3163,2025-12,94635370.0,backfill
3163,2026-01,94635370.0,backfill
3163,2026-02,94635370.0,backfill
3163,2026-03,94635370.0,backfill
3163,2026-04,94635370.0,backfill
3163,2026-05,94635370.0,backfill
3163,2026-06,94635370.0,backfill
3163,2026-07,94635370.0,backfill
3163,2026-08,94635370.0,backfill
3163,2026-09,94635370.0,backfill
3163,2026-10,94635370.0,snap
3164,2025-09,86010364.0,backfill
3164,2025-10,86010364.0,backfill
3164,2025-11,86010364.0,backfill
3164,2025-12,86010364.0,backfill
3164,2026-01,86010364.0,backfill
3164,2026-02,86010364.0,backfill
3164,2026-03,86010364.0,backfill
3164,2026-04,86010364.0,backfill
3164,2026-05,86010364.0,backfill
3164,2026-06,86010364.0,backfill
3164,2026-07,86010364.0,backfill
3164,2026-08,86010364.0,backfill
3164,2026-09,86010364.0,backfill
3164,2026-10,86010364.0,snap
3167,2025-09,89513491.0,backfill
3167,2025-10,89513491.0,backfill
3167,2025-11,89513491.0,backfill
3167,2025-12,89513491.0,backfill
3167,2026-01,89513491.0,backfill
3167,2026-02,89513491.0,backfill
3167,2026-03,89513491.0,backfill
3167,2026-04,89513491.0,backfill
3167,2026-05,89513491.0,backfill
3167,2026-06,89513491.0,backfill
3167,2026-07,89513491.0,backfill
3167,2026-08,89513491.0,backfill
3167,2026-09,89513491.0,backfill
3167,2026-10,89513491.0,snap
3168,2025-09,75099649.0,backfill
3168,2025-10,75099649.0,backfill
3168,2025-11,75099649.0,backfill
3168,2025-12,75099649.0,backfill
3168,2026-01,75099649.0,backfill
3168,2026-02,75099649.0,backfill
3168,2026-03,75099649.0,backfill
3168,2026-04,75099649.0,backfill
3168,2026-05,75099649.0,backfill
3168,2026-06,75099649.0,backfill
3168,2026-07,75099649.0,backfill
3168,2026-08,75099649.0,backfill
3168,2026-09,75099649.0,backfill
3168,2026-10,75099649.0,snap
3169,2025-09,63306981.0,backfill
3169,2025-10,63306981.0,backfill
3169,2025-11,63306981.0,backfill
3169,2025-12,63306981.0,backfill
3169,2026-01,63306981.0,backfill
3169,2026-02,63306981.0,backfill
3169,2026-03,63306981.0,backfill
3169,2026-04,63306981.0,backfill
3169,2026-05,63306981.0,backfill
3169,2026-06,63306981.0,backfill
3169,2026-07,63306981.0,backfill
3169,2026-08,63306981.0,backfill
3169,2026-09,63306981.0,backfill
3169,2026-10,63306981.0,snap
3171,2025-09,33118158.0,backfill
3171,2025-10,33118158.0,backfill
3171,2025-11,33118158.0,backfill
3171,2025-12,33118158.0,backfill
3171,2026-01,33118158.0,backfill
3171,2026-02,33118158.0,backfill
3171,2026-03,33118158.0,backfill
3171,2026-04,33118158.0,backfill
3171,2026-05,33118158.0,backfill
3171,2026-06,33118158.0,backfill
3171,2026-07,33118158.0,backfill
3171,2026-08,33118158.0,backfill
3171,2026-09,33118158.0,backfill
3171,2026-10,33118158.0,snap
3176,2025-09,139306755.0,backfill
3176,2025-10,139306755.0,backfill
3176,2025-11,139306755.0,backfill
3176,2025-12,139306755.0,backfill
3176,2026-01,139306755.0,backfill
3176,2026-02,139306755.0,backfill
3176,2026-03,139306755.0,backfill
3176,2026-04,139306755.0,backfill
3176,2026-05,139306755.0,backfill
3176,2026-06,139306755.0,backfill
3176,2026-07,139306755.0,backfill
3176,2026-08,139306755.0,backfill
3176,2026-09,139306755.0,backfill
3176,2026-10,139306755.0,snap
3178,2025-09,45050000.0,backfill
3178,2025-10,45050000.0,backfill
3178,2025-11,45050000.0,backfill
3178,2025-12,45050000.0,backfill
3178,2026-01,45050000.0,backfill
3178,2026-02,45050000.0,backfill
3178,2026-03,45050000.0,backfill
3178,2026-04,45050000.0,backfill
3178,2026-05,45050000.0,backfill
3178,2026-06,45050000.0,backfill
3178,2026-07,45050000.0,backfill
3178,2026-08,45050000.0,backfill
3178,2026-09,45050000.0,backfill
3178,2026-10,45050000.0,snap
3188,2025-09,189087767.0,backfill
3188,2025-10,189087767.0,backfill
3188,2025-11,189087767.0,backfill
3188,2025-12,189087767.0,backfill
3188,2026-01,189087767.0,backfill
3188,2026-02,189087767.0,backfill
3188,2026-03,189087767.0,backfill
3188,2026-04,189087767.0,backfill
3188,2026-05,189087767.0,backfill
3188,2026-06,189087767.0,backfill
3188,2026-07,189087767.0,backfill
3188,2026-08,189087767.0,backfill
3188,2026-09,189087767.0,backfill
3188,2026-10,189087767.0,snap
3189,2025-09,526910360.0,backfill
3189,2025-10,526910360.0,backfill
3189,2025-11,526910360.0,backfill
3189,2025-12,526910360.0,backfill
3189,2026-01,526910360.0,backfill
3189,2026-02,526910360.0,backfill
3189,2026-03,526910360.0,backfill
3189,2026-04,526910360.0,backfill
3189,2026-05,526910360.0,backfill
3189,2026-06,526910360.0,backfill
3189,2026-07,526910360.0,backfill
3189,2026-08,526910360.0,backfill
3189,2026-09,526910360.0,backfill
3189,2026-10,526910360.0,snap
3191,2025-09,43597381.0,backfill
3191,2025-10,43597381.0,backfill
3191,2025-11,43597381.0,backfill
3191,2025-12,43597381.0,backfill
3191,2026-01,43597381.0,backfill
3191,2026-02,43597381.0,backfill
3191,2026-03,43597381.0,backfill
3191,2026-04,43597381.0,backfill
3191,2026-05,43597381.0,backfill
3191,2026-06,43597381.0,backfill
3191,2026-07,43597381.0,backfill
3191,2026-08,43597381.0,backfill
3191,2026-09,43597381.0,backfill
3191,2026-10,43597381.0,snap
3205,2025-09,67545631.0,backfill
3205,2025-10,67545631.0,backfill
3205,2025-11,67545631.0,backfill
3205,2025-12,67545631.0,backfill
3205,2026-01,67545631.0,backfill
3205,2026-02,67545631.0,backfill
3205,2026-03,67545631.0,backfill
3205,2026-04,67545631.0,backfill
3205,2026-05,67545631.0,backfill
3205,2026-06,67545631.0,backfill
3205,2026-07,67545631.0,backfill
3205,2026-08,67545631.0,backfill
3205,2026-09,67545631.0,backfill
3205,2026-10,67545631.0,snap
3206,2025-09,58916621.0,backfill
3206,2025-10,58916621.0,backfill
3206,2025-11,58916621.0,backfill
3206,2025-12,58916621.0,backfill
3206,2026-01,58916621.0,backfill
3206,2026-02,58916621.0,backfill
3206,2026-03,58916621.0,backfill
3206,2026-04,58916621.0,backfill
3206,2026-05,58916621.0,backfill
3206,2026-06,58916621.0,backfill
3206,2026-07,58916621.0,backfill
3206,2026-08,58916621.0,backfill
3206,2026-09,58916621.0,backfill
3206,2026-10,58916621.0,snap
3207,2025-09,66422124.0,backfill
3207,2025-10,66422124.0,backfill
3207,2025-11,66422124.0,backfill
3207,2025-12,66422124.0,backfill
3207,2026-01,66422124.0,backfill
3207,2026-02,66422124.0,backfill
3207,2026-03,66422124.0,backfill
3207,2026-04,66422124.0,backfill
3207,2026-05,66422124.0,backfill
3207,2026-06,66422124.0,backfill
3207,2026-07,66422124.0,backfill
3207,2026-08,66422124.0,backfill
3207,2026-09,66422124.0,backfill
3207,2026-10,66422124.0,snap
3209,2025-09,247160748.0,backfill
3209,2025-10,247160748.0,backfill
3209,2025-11,247160748.0,backfill
3209,2025-12,247160748.0,backfill
3209,2026-01,247160748.0,backfill
3209,2026-02,247160748.0,backfill
3209,2026-03,247160748.0,backfill
3209,2026-04,247160748.0,backfill
3209,2026-05,247160748.0,backfill
3209,2026-06,247160748.0,backfill
3209,2026-07,247160748.0,backfill
3209,2026-08,247160748.0,backfill
3209,2026-09,247160748.0,backfill
3209,2026-10,247160748.0,snap
3211,2025-09,154387021.0,backfill
3211,2025-10,154387021.0,backfill
3211,2025-11,154387021.0,backfill
3211,2025-12,154387021.0,backfill
3211,2026-01,154387021.0,backfill
3211,2026-02,154387021.0,backfill
3211,2026-03,154387021.0,backfill
3211,2026-04,154387021.0,backfill
3211,2026-05,154387021.0,backfill
3211,2026-06,154387021.0,backfill
3211,2026-07,154387021.0,backfill
3211,2026-08,154387021.0,backfill
3211,2026-09,154387021.0,backfill
3211,2026-10,154387021.0,snap
3213,2025-09,58685547.0,backfill
3213,2025-10,58685547.0,backfill
3213,2025-11,58685547.0,backfill
3213,2025-12,58685547.0,backfill
3213,2026-01,58685547.0,backfill
3213,2026-02,58685547.0,backfill
3213,2026-03,58685547.0,backfill
3213,2026-04,58685547.0,backfill
3213,2026-05,58685547.0,backfill
3213,2026-06,58685547.0,backfill
3213,2026-07,58685547.0,backfill
3213,2026-08,58685547.0,backfill
3213,2026-09,58685547.0,backfill
3213,2026-10,58685547.0,snap
3217,2025-09,90104203.0,backfill
3217,2025-10,90104203.0,backfill
3217,2025-11,90104203.0,backfill
3217,2025-12,90104203.0,backfill
3217,2026-01,90104203.0,backfill
3217,2026-02,90104203.0,backfill
3217,2026-03,90104203.0,backfill
3217,2026-04,90104203.0,backfill
3217,2026-05,90104203.0,backfill
3217,2026-06,90104203.0,backfill
3217,2026-07,90104203.0,backfill
3217,2026-08,90104203.0,backfill
3217,2026-09,90104203.0,backfill
3217,2026-10,90104203.0,snap
3218,2025-09,84724899.0,backfill
3218,2025-10,84724899.0,backfill
3218,2025-11,84724899.0,backfill
3218,2025-12,84724899.0,backfill
3218,2026-01,84724899.0,backfill
3218,2026-02,84724899.0,backfill
3218,2026-03,84724899.0,backfill
3218,2026-04,84724899.0,backfill
3218,2026-05,84724899.0,backfill
3218,2026-06,84724899.0,backfill
3218,2026-07,84724899.0,backfill
3218,2026-08,84724899.0,backfill
3218,2026-09,84724899.0,backfill
3218,2026-10,84724899.0,snap
3219,2025-09,71780880.0,backfill
3219,2025-10,71780880.0,backfill
3219,2025-11,71780880.0,backfill
3219,2025-12,71780880.0,backfill
3219,2026-01,71780880.0,backfill
3219,2026-02,71780880.0,backfill
3219,2026-03,71780880.0,backfill
3219,2026-04,71780880.0,backfill
3219,2026-05,71780880.0,backfill
3219,2026-06,71780880.0,backfill
3219,2026-07,71780880.0,backfill
3219,2026-08,71780880.0,backfill
3219,2026-09,71780880.0,backfill
3219,2026-10,71780880.0,snap
3221,2025-09,104989210.0,backfill
3221,2025-10,104989210.0,backfill
3221,2025-11,104989210.0,backfill
3221,2025-12,104989210.0,backfill
3221,2026-01,104989210.0,backfill
3221,2026-02,104989210.0,backfill
3221,2026-03,104989210.0,backfill
3221,2026-04,104989210.0,backfill
3221,2026-05,104989210.0,backfill
3221,2026-06,104989210.0,backfill
3221,2026-07,104989210.0,backfill
3221,2026-08,104989210.0,backfill
3221,2026-09,104989210.0,backfill
3221,2026-10,104989210.0,snap
3224,2025-09,78172648.0,backfill
3224,2025-10,78172648.0,backfill
3224,2025-11,78172648.0,backfill
3224,2025-12,78172648.0,backfill
3224,2026-01,78172648.0,backfill
3224,2026-02,78172648.0,backfill
3224,2026-03,78172648.0,backfill
3224,2026-04,78172648.0,backfill
3224,2026-05,78172648.0,backfill
3224,2026-06,78172648.0,backfill
3224,2026-07,78172648.0,backfill
3224,2026-08,78172648.0,backfill
3224,2026-09,78172648.0,backfill
3224,2026-10,78172648.0,snap
3226,2025-09,64430573.0,backfill
3226,2025-10,64430573.0,backfill
3226,2025-11,64430573.0,backfill
3226,2025-12,64430573.0,backfill
3226,2026-01,64430573.0,backfill
3226,2026-02,64430573.0,backfill
3226,2026-03,64430573.0,backfill
3226,2026-04,64430573.0,backfill
3226,2026-05,64430573.0,backfill
3226,2026-06,64430573.0,backfill
3226,2026-07,64430573.0,backfill
3226,2026-08,64430573.0,backfill
3226,2026-09,64430573.0,backfill
3226,2026-10,64430573.0,snap
3227,2025-09,151912842.0,backfill
3227,2025-10,151912842.0,backfill
3227,2025-11,151912842.0,backfill
3227,2025-12,151912842.0,backfill
3227,2026-01,151912842.0,backfill
3227,2026-02,151912842.0,backfill
3227,2026-03,151912842.0,backfill
3227,2026-04,151912842.0,backfill
3227,2026-05,151912842.0,backfill
3227,2026-06,151912842.0,backfill
3227,2026-07,151912842.0,backfill
3227,2026-08,151912842.0,backfill
3227,2026-09,151912842.0,backfill
3227,2026-10,151912842.0,snap
3228,2025-09,71937495.0,backfill
3228,2025-10,71937495.0,backfill
3228,2025-11,71937495.0,backfill
3228,2025-12,71937495.0,backfill
3228,2026-01,71937495.0,backfill
3228,2026-02,71937495.0,backfill
3228,2026-03,71937495.0,backfill
3228,2026-04,71937495.0,backfill
3228,2026-05,71937495.0,backfill
3228,2026-06,71937495.0,backfill
3228,2026-07,71937495.0,backfill
3228,2026-08,71937495.0,backfill
3228,2026-09,71937495.0,backfill
3228,2026-10,71937495.0,snap
3229,2025-09,64263000.0,backfill
3229,2025-10,64263000.0,backfill
3229,2025-11,64263000.0,backfill
3229,2025-12,64263000.0,backfill
3229,2026-01,64263000.0,backfill
3229,2026-02,64263000.0,backfill
3229,2026-03,64263000.0,backfill
3229,2026-04,64263000.0,backfill
3229,2026-05,64263000.0,backfill
3229,2026-06,64263000.0,backfill
3229,2026-07,64263000.0,backfill
3229,2026-08,64263000.0,backfill
3229,2026-09,64263000.0,backfill
3229,2026-10,64263000.0,snap
3230,2025-09,86010900.0,backfill
3230,2025-10,86010900.0,backfill
3230,2025-11,86010900.0,backfill
3230,2025-12,86010900.0,backfill
3230,2026-01,86010900.0,backfill
3230,2026-02,86010900.0,backfill
3230,2026-03,86010900.0,backfill
3230,2026-04,86010900.0,backfill
3230,2026-05,86010900.0,backfill
3230,2026-06,86010900.0,backfill
3230,2026-07,86010900.0,backfill
3230,2026-08,86010900.0,backfill
3230,2026-09,86010900.0,backfill
3230,2026-10,86010900.0,snap
3231,2025-09,3180052250.0,backfill
3231,2025-10,3180052250.0,backfill
3231,2025-11,3180052250.0,backfill
3231,2025-12,3180052250.0,backfill
3231,2026-01,3180052250.0,backfill
3231,2026-02,3180052250.0,backfill
3231,2026-03,3180052250.0,backfill
3231,2026-04,3180052250.0,backfill
3231,2026-05,3180052250.0,backfill
3231,2026-06,3180052250.0,backfill
3231,2026-07,3180052250.0,backfill
3231,2026-08,3180052250.0,backfill
3231,2026-09,3180052250.0,backfill
3231,2026-10,3180052250.0,snap
3232,2025-09,46567865.0,backfill
3232,2025-10,46567865.0,backfill
3232,2025-11,46567865.0,backfill
3232,2025-12,46567865.0,backfill
3232,2026-01,46567865.0,backfill
3232,2026-02,46567865.0,backfill
3232,2026-03,46567865.0,backfill
3232,2026-04,46567865.0,backfill
3232,2026-05,46567865.0,backfill
3232,2026-06,46567865.0,backfill
3232,2026-07,46567865.0,backfill
3232,2026-08,46567865.0,backfill
3232,2026-09,46567865.0,backfill
3232,2026-10,46567865.0,snap
3234,2025-09,111474692.0,backfill
3234,2025-10,111474692.0,backfill
3234,2025-11,111474692.0,backfill
3234,2025-12,111474692.0,backfill
3234,2026-01,111474692.0,backfill
3234,2026-02,111474692.0,backfill
3234,2026-03,111474692.0,backfill
3234,2026-04,111474692.0,backfill
3234,2026-05,111474692.0,backfill
3234,2026-06,111474692.0,backfill
3234,2026-07,111474692.0,backfill
3234,2026-08,111474692.0,backfill
3234,2026-09,111474692.0,backfill
3234,2026-10,127259692.0,snap
3236,2025-09,105000613.0,backfill
3236,2025-10,105000613.0,backfill
3236,2025-11,105000613.0,backfill
3236,2025-12,105000613.0,backfill
3236,2026-01,105000613.0,backfill
3236,2026-02,105000613.0,backfill
3236,2026-03,105000613.0,backfill
3236,2026-04,105000613.0,backfill
3236,2026-05,105000613.0,backfill
3236,2026-06,105000613.0,backfill
3236,2026-07,105000613.0,backfill
3236,2026-08,105000613.0,backfill
3236,2026-09,105000613.0,backfill
3236,2026-10,105000613.0,snap
3252,2025-09,50195754.0,backfill
3252,2025-10,50195754.0,backfill
3252,2025-11,50195754.0,backfill
3252,2025-12,50195754.0,backfill
3252,2026-01,50195754.0,backfill
3252,2026-02,50195754.0,backfill
3252,2026-03,50195754.0,backfill
3252,2026-04,50195754.0,backfill
3252,2026-05,50195754.0,backfill
3252,2026-06,50195754.0,backfill
3252,2026-07,50195754.0,backfill
3252,2026-08,50195754.0,backfill
3252,2026-09,50195754.0,backfill
3252,2026-10,50195754.0,snap
3257,2025-09,79823590.0,backfill
3257,2025-10,79823590.0,backfill
3257,2025-11,79823590.0,backfill
3257,2025-12,79823590.0,backfill
3257,2026-01,79823590.0,backfill
3257,2026-02,79823590.0,backfill
3257,2026-03,79823590.0,backfill
3257,2026-04,79823590.0,backfill
3257,2026-05,79823590.0,backfill
3257,2026-06,79823590.0,backfill
3257,2026-07,79823590.0,backfill
3257,2026-08,79823590.0,backfill
3257,2026-09,79823590.0,backfill
3257,2026-10,79823590.0,snap
3259,2025-09,72965934.0,backfill
3259,2025-10,72965934.0,backfill
3259,2025-11,72965934.0,backfill
3259,2025-12,72965934.0,backfill
3259,2026-01,72965934.0,backfill
3259,2026-02,72965934.0,backfill
3259,2026-03,72965934.0,backfill
3259,2026-04,72965934.0,backfill
3259,2026-05,72965934.0,backfill
3259,2026-06,72965934.0,backfill
3259,2026-07,72965934.0,backfill
3259,2026-08,72965934.0,backfill
3259,2026-09,72965934.0,backfill
3259,2026-10,72965934.0,snap
3260,2025-09,336463418.0,backfill
3260,2025-10,336463418.0,backfill
3260,2025-11,336463418.0,backfill
3260,2025-12,336463418.0,backfill
3260,2026-01,336463418.0,backfill
3260,2026-02,336463418.0,backfill
3260,2026-03,336463418.0,backfill
3260,2026-04,336463418.0,backfill
3260,2026-05,336463418.0,backfill
3260,2026-06,336463418.0,backfill
3260,2026-07,336463418.0,backfill
3260,2026-08,336463418.0,backfill
3260,2026-09,336463418.0,backfill
3260,2026-10,336463418.0,snap
3264,2025-09,490170076.0,backfill
3264,2025-10,490170076.0,backfill
3264,2025-11,490170076.0,backfill
3264,2025-12,490170076.0,backfill
3264,2026-01,490170076.0,backfill
3264,2026-02,490170076.0,backfill
3264,2026-03,490170076.0,backfill
3264,2026-04,490170076.0,backfill
3264,2026-05,490170076.0,backfill
3264,2026-06,490170076.0,backfill
3264,2026-07,490170076.0,backfill
3264,2026-08,490170076.0,backfill
3264,2026-09,490170076.0,backfill
3264,2026-10,490170076.0,snap
3265,2025-09,136261659.0,backfill
3265,2025-10,136261659.0,backfill
3265,2025-11,136261659.0,backfill
3265,2025-12,136261659.0,backfill
3265,2026-01,136261659.0,backfill
3265,2026-02,136261659.0,backfill
3265,2026-03,136261659.0,backfill
3265,2026-04,136261659.0,backfill
3265,2026-05,136261659.0,backfill
3265,2026-06,136261659.0,backfill
3265,2026-07,136261659.0,backfill
3265,2026-08,136261659.0,backfill
3265,2026-09,136261659.0,backfill
3265,2026-10,136261659.0,snap
3266,2025-09,352314309.0,backfill
3266,2025-10,352314309.0,backfill
3266,2025-11,352314309.0,backfill
3266,2025-12,352314309.0,backfill
3266,2026-01,352314309.0,backfill
3266,2026-02,352314309.0,backfill
3266,2026-03,352314309.0,backfill
3266,2026-04,352314309.0,backfill
3266,2026-05,352314309.0,backfill
3266,2026-06,352314309.0,backfill
3266,2026-07,352314309.0,backfill
3266,2026-08,352314309.0,backfill
3266,2026-09,352314309.0,backfill
3266,2026-10,352314309.0,snap
3268,2025-09,34720796.0,backfill
3268,2025-10,34720796.0,backfill
3268,2025-11,34720796.0,backfill
3268,2025-12,34720796.0,backfill
3268,2026-01,34720796.0,backfill
3268,2026-02,34720796.0,backfill
3268,2026-03,34720796.0,backfill
3268,2026-04,34720796.0,backfill
3268,2026-05,34720796.0,backfill
3268,2026-06,34720796.0,backfill
3268,2026-07,34720796.0,backfill
3268,2026-08,34720796.0,backfill
3268,2026-09,34720796.0,backfill
3268,2026-10,34720796.0,snap
3272,2025-09,61176789.0,backfill
3272,2025-10,61176789.0,backfill
3272,2025-11,61176789.0,backfill
3272,2025-12,61176789.0,backfill
3272,2026-01,61176789.0,backfill
3272,2026-02,61176789.0,backfill
3272,2026-03,61176789.0,backfill
3272,2026-04,61176789.0,backfill
3272,2026-05,61176789.0,backfill
3272,2026-06,61176789.0,backfill
3272,2026-07,61176789.0,backfill
3272,2026-08,61176789.0,backfill
3272,2026-09,61176789.0,backfill
3272,2026-10,61176789.0,snap
3276,2025-09,69712666.0,backfill
3276,2025-10,69712666.0,backfill
3276,2025-11,69712666.0,backfill
3276,2025-12,69712666.0,backfill
3276,2026-01,69712666.0,backfill
3276,2026-02,69712666.0,backfill
3276,2026-03,69712666.0,backfill
3276,2026-04,69712666.0,backfill
3276,2026-05,69712666.0,backfill
3276,2026-06,69712666.0,backfill
3276,2026-07,69712666.0,backfill
3276,2026-08,69712666.0,backfill
3276,2026-09,69712666.0,backfill
3276,2026-10,69712666.0,snap
3284,2025-09,108482473.0,backfill
3284,2025-10,108482473.0,backfill
3284,2025-11,108482473.0,backfill
3284,2025-12,108482473.0,backfill
3284,2026-01,108482473.0,backfill
3284,2026-02,108482473.0,backfill
3284,2026-03,108482473.0,backfill
3284,2026-04,108482473.0,backfill
3284,2026-05,108482473.0,backfill
3284,2026-06,108482473.0,backfill
3284,2026-07,108482473.0,backfill
3284,2026-08,108482473.0,backfill
3284,2026-09,108482473.0,backfill
3284,2026-10,108482473.0,snap
3285,2025-09,42735324.0,backfill
3285,2025-10,42735324.0,backfill
3285,2025-11,42735324.0,backfill
3285,2025-12,42735324.0,backfill
3285,2026-01,42735324.0,backfill
3285,2026-02,42735324.0,backfill
3285,2026-03,42735324.0,backfill
3285,2026-04,42735324.0,backfill
3285,2026-05,42735324.0,backfill
3285,2026-06,42735324.0,backfill
3285,2026-07,42735324.0,backfill
3285,2026-08,42735324.0,backfill
3285,2026-09,42735324.0,backfill
3285,2026-10,42735324.0,snap
3287,2025-09,43970483.0,backfill
3287,2025-10,43970483.0,backfill
3287,2025-11,43970483.0,backfill
3287,2025-12,43970483.0,backfill
3287,2026-01,43970483.0,backfill
3287,2026-02,43970483.0,backfill
3287,2026-03,43970483.0,backfill
3287,2026-04,43970483.0,backfill
3287,2026-05,43970483.0,backfill
3287,2026-06,43970483.0,backfill
3287,2026-07,43970483.0,backfill
3287,2026-08,43970483.0,backfill
3287,2026-09,43970483.0,backfill
3287,2026-10,43970483.0,snap
3288,2025-09,16380000.0,backfill
3288,2025-10,16380000.0,backfill
3288,2025-11,16380000.0,backfill
3288,2025-12,16380000.0,backfill
3288,2026-01,16380000.0,backfill
3288,2026-02,16380000.0,backfill
3288,2026-03,16380000.0,backfill
3288,2026-04,16380000.0,backfill
3288,2026-05,16380000.0,backfill
3288,2026-06,16380000.0,backfill
3288,2026-07,16380000.0,backfill
3288,2026-08,16380000.0,backfill
3288,2026-09,16380000.0,backfill
3288,2026-10,16380000.0,snap
3289,2025-09,86746371.0,backfill
3289,2025-10,86746371.0,backfill
3289,2025-11,86746371.0,backfill
3289,2025-12,86746371.0,backfill
3289,2026-01,86746371.0,backfill
3289,2026-02,86746371.0,backfill
3289,2026-03,86746371.0,backfill
3289,2026-04,86746371.0,backfill
3289,2026-05,86746371.0,backfill
3289,2026-06,86746371.0,backfill
3289,2026-07,86746371.0,backfill
3289,2026-08,86746371.0,backfill
3289,2026-09,86746371.0,backfill
3289,2026-10,86746371.0,snap
3290,2025-09,90215034.0,backfill
3290,2025-10,90215034.0,backfill
3290,2025-11,90215034.0,backfill
3290,2025-12,90215034.0,backfill
3290,2026-01,90215034.0,backfill
3290,2026-02,90215034.0,backfill
3290,2026-03,90215034.0,backfill
3290,2026-04,90215034.0,backfill
3290,2026-05,90215034.0,backfill
3290,2026-06,90215034.0,backfill
3290,2026-07,90215034.0,backfill
3290,2026-08,90215034.0,backfill
3290,2026-09,90215034.0,backfill
3290,2026-10,90215034.0,snap
3293,2025-09,281801560.0,backfill
3293,2025-10,281801560.0,backfill
3293,2025-11,281801560.0,backfill
3293,2025-12,281801560.0,backfill
3293,2026-01,281801560.0,backfill
3293,2026-02,281801560.0,backfill
3293,2026-03,281801560.0,backfill
3293,2026-04,281801560.0,backfill
3293,2026-05,281801560.0,backfill
3293,2026-06,281801560.0,backfill
3293,2026-07,281801560.0,backfill
3293,2026-08,281801560.0,backfill
3293,2026-09,281801560.0,backfill
3293,2026-10,281801560.0,snap
3294,2025-09,132015919.0,backfill
3294,2025-10,132015919.0,backfill
3294,2025-11,132015919.0,backfill
3294,2025-12,132015919.0,backfill
3294,2026-01,132015919.0,backfill
3294,2026-02,132015919.0,backfill
3294,2026-03,132015919.0,backfill
3294,2026-04,132015919.0,backfill
3294,2026-05,132015919.0,backfill
3294,2026-06,132015919.0,backfill
3294,2026-07,132015919.0,backfill
3294,2026-08,132015919.0,backfill
3294,2026-09,132015919.0,backfill
3294,2026-10,132015919.0,snap
3296,2025-09,96724450.0,backfill
3296,2025-10,96724450.0,backfill
3296,2025-11,96724450.0,backfill
3296,2025-12,96724450.0,backfill
3296,2026-01,96724450.0,backfill
3296,2026-02,96724450.0,backfill
3296,2026-03,96724450.0,backfill
3296,2026-04,96724450.0,backfill
3296,2026-05,96724450.0,backfill
3296,2026-06,96724450.0,backfill
3296,2026-07,96724450.0,backfill
3296,2026-08,96724450.0,backfill
3296,2026-09,96724450.0,backfill
3296,2026-10,96724450.0,snap
3297,2025-09,36049445.0,backfill
3297,2025-10,36049445.0,backfill
3297,2025-11,36049445.0,backfill
3297,2025-12,36049445.0,backfill
3297,2026-01,36049445.0,backfill
3297,2026-02,36049445.0,backfill
3297,2026-03,36049445.0,backfill
3297,2026-04,36049445.0,backfill
3297,2026-05,36049445.0,backfill
3297,2026-06,36049445.0,backfill
3297,2026-07,36049445.0,backfill
3297,2026-08,36049445.0,backfill
3297,2026-09,36049445.0,backfill
3297,2026-10,36049445.0,snap
3303,2025-09,94790607.0,backfill
3303,2025-10,94790607.0,backfill
3303,2025-11,94790607.0,backfill
3303,2025-12,94790607.0,backfill
3303,2026-01,94790607.0,backfill
3303,2026-02,94790607.0,backfill
3303,2026-03,94790607.0,backfill
3303,2026-04,94790607.0,backfill
3303,2026-05,94790607.0,backfill
3303,2026-06,94790607.0,backfill
3303,2026-07,94790607.0,backfill
3303,2026-08,94790607.0,backfill
3303,2026-09,94790607.0,backfill
3303,2026-10,94790607.0,snap
3305,2025-09,143373974.0,backfill
3305,2025-10,143373974.0,backfill
3305,2025-11,143373974.0,backfill
3305,2025-12,143373974.0,backfill
3305,2026-01,143373974.0,backfill
3305,2026-02,143373974.0,backfill
3305,2026-03,143373974.0,backfill
3305,2026-04,143373974.0,backfill
3305,2026-05,143373974.0,backfill
3305,2026-06,143373974.0,backfill
3305,2026-07,143373974.0,backfill
3305,2026-08,143373974.0,backfill
3305,2026-09,143373974.0,backfill
3305,2026-10,143373974.0,snap
3306,2025-09,50607702.0,backfill
3306,2025-10,50607702.0,backfill
3306,2025-11,50607702.0,backfill
3306,2025-12,50607702.0,backfill
3306,2026-01,50607702.0,backfill
3306,2026-02,50607702.0,backfill
3306,2026-03,50607702.0,backfill
3306,2026-04,50607702.0,backfill
3306,2026-05,50607702.0,backfill
3306,2026-06,50607702.0,backfill
3306,2026-07,50607702.0,backfill
3306,2026-08,50607702.0,backfill
3306,2026-09,50607702.0,backfill
3306,2026-10,50607702.0,snap
3308,2025-09,60000000.0,backfill
3308,2025-10,60000000.0,backfill
3308,2025-11,60000000.0,backfill
3308,2025-12,60000000.0,backfill
3308,2026-01,60000000.0,backfill
3308,2026-02,60000000.0,backfill
3308,2026-03,60000000.0,backfill
3308,2026-04,60000000.0,backfill
3308,2026-05,60000000.0,backfill
3308,2026-06,60000000.0,backfill
3308,2026-07,60000000.0,backfill
3308,2026-08,60000000.0,backfill
3308,2026-09,60000000.0,backfill
3308,2026-10,60000000.0,snap
3310,2025-09,74948402.0,backfill
3310,2025-10,74948402.0,backfill
3310,2025-11,74948402.0,backfill
3310,2025-12,74948402.0,backfill
3310,2026-01,74948402.0,backfill
3310,2026-02,74948402.0,backfill
3310,2026-03,74948402.0,backfill
3310,2026-04,74948402.0,backfill
3310,2026-05,74948402.0,backfill
3310,2026-06,74948402.0,backfill
3310,2026-07,74948402.0,backfill
3310,2026-08,74948402.0,backfill
3310,2026-09,74948402.0,backfill
3310,2026-10,74948402.0,snap
3311,2025-09,100000000.0,backfill
3311,2025-10,100000000.0,backfill
3311,2025-11,100000000.0,backfill
3311,2025-12,100000000.0,backfill
3311,2026-01,100000000.0,backfill
3311,2026-02,100000000.0,backfill
3311,2026-03,100000000.0,backfill
3311,2026-04,100000000.0,backfill
3311,2026-05,100000000.0,backfill
3311,2026-06,100000000.0,backfill
3311,2026-07,100000000.0,backfill
3311,2026-08,100000000.0,backfill
3311,2026-09,100000000.0,backfill
3311,2026-10,100000000.0,snap
3312,2025-09,182626815.0,backfill
3312,2025-10,182626815.0,backfill
3312,2025-11,182626815.0,backfill
3312,2025-12,182626815.0,backfill
3312,2026-01,182626815.0,backfill
3312,2026-02,182626815.0,backfill
3312,2026-03,182626815.0,backfill
3312,2026-04,182626815.0,backfill
3312,2026-05,182626815.0,backfill
3312,2026-06,182626815.0,backfill
3312,2026-07,182626815.0,backfill
3312,2026-08,182626815.0,backfill
3312,2026-09,182626815.0,backfill
3312,2026-10,182626815.0,snap
3313,2025-09,221133831.0,backfill
3313,2025-10,221133831.0,backfill
3313,2025-11,221133831.0,backfill
3313,2025-12,221133831.0,backfill
3313,2026-01,221133831.0,backfill
3313,2026-02,221133831.0,backfill
3313,2026-03,221133831.0,backfill
3313,2026-04,221133831.0,backfill
3313,2026-05,221133831.0,backfill
3313,2026-06,221133831.0,backfill
3313,2026-07,221133831.0,backfill
3313,2026-08,221133831.0,backfill
3313,2026-09,221133831.0,backfill
3313,2026-10,221133831.0,snap
3317,2025-09,90000000.0,backfill
3317,2025-10,90000000.0,backfill
3317,2025-11,90000000.0,backfill
3317,2025-12,90000000.0,backfill
3317,2026-01,90000000.0,backfill
3317,2026-02,90000000.0,backfill
3317,2026-03,90000000.0,backfill
3317,2026-04,90000000.0,backfill
3317,2026-05,90000000.0,backfill
3317,2026-06,90000000.0,backfill
3317,2026-07,90000000.0,backfill
3317,2026-08,90000000.0,backfill
3317,2026-09,90000000.0,backfill
3317,2026-10,90000000.0,snap
3321,2025-09,86113769.0,backfill
3321,2025-10,86113769.0,backfill
3321,2025-11,86113769.0,backfill
3321,2025-12,86113769.0,backfill
3321,2026-01,86113769.0,backfill
3321,2026-02,86113769.0,backfill
3321,2026-03,86113769.0,backfill
3321,2026-04,86113769.0,backfill
3321,2026-05,86113769.0,backfill
3321,2026-06,86113769.0,backfill
3321,2026-07,86113769.0,backfill
3321,2026-08,86113769.0,backfill
3321,2026-09,86113769.0,backfill
3321,2026-10,86113769.0,snap
3322,2025-09,137582157.0,backfill
3322,2025-10,137582157.0,backfill
3322,2025-11,137582157.0,backfill
3322,2025-12,137582157.0,backfill
3322,2026-01,137582157.0,backfill
3322,2026-02,137582157.0,backfill
3322,2026-03,137582157.0,backfill
3322,2026-04,137582157.0,backfill
3322,2026-05,137582157.0,backfill
3322,2026-06,137582157.0,backfill
3322,2026-07,137582157.0,backfill
3322,2026-08,137582157.0,backfill
3322,2026-09,137582157.0,backfill
3322,2026-10,137582157.0,snap
3323,2025-09,99593385.0,backfill
3323,2025-10,99593385.0,backfill
3323,2025-11,99593385.0,backfill
3323,2025-12,99593385.0,backfill
3323,2026-01,99593385.0,backfill
3323,2026-02,99593385.0,backfill
3323,2026-03,99593385.0,backfill
3323,2026-04,99593385.0,backfill
3323,2026-05,99593385.0,backfill
3323,2026-06,99593385.0,backfill
3323,2026-07,99593385.0,backfill
3323,2026-08,99593385.0,backfill
3323,2026-09,99593385.0,backfill
3323,2026-10,99593385.0,snap
3324,2025-09,93076837.0,backfill
3324,2025-10,93076837.0,backfill
3324,2025-11,93076837.0,backfill
3324,2025-12,93076837.0,backfill
3324,2026-01,93076837.0,backfill
3324,2026-02,93076837.0,backfill
3324,2026-03,93076837.0,backfill
3324,2026-04,93076837.0,backfill
3324,2026-05,93076837.0,backfill
3324,2026-06,93076837.0,backfill
3324,2026-07,93076837.0,backfill
3324,2026-08,93076837.0,backfill
3324,2026-09,93076837.0,backfill
3324,2026-10,93076837.0,snap
3325,2025-09,110168610.0,backfill
3325,2025-10,110168610.0,backfill
3325,2025-11,110168610.0,backfill
3325,2025-12,110168610.0,backfill
3325,2026-01,110168610.0,backfill
3325,2026-02,110168610.0,backfill
3325,2026-03,110168610.0,backfill
3325,2026-04,110168610.0,backfill
3325,2026-05,110168610.0,backfill
3325,2026-06,110168610.0,backfill
3325,2026-07,110168610.0,backfill
3325,2026-08,110168610.0,backfill
3325,2026-09,110168610.0,backfill
3325,2026-10,110168610.0,snap
3332,2025-09,48104246.0,backfill
3332,2025-10,48104246.0,backfill
3332,2025-11,48104246.0,backfill
3332,2025-12,48104246.0,backfill
3332,2026-01,48104246.0,backfill
3332,2026-02,48104246.0,backfill
3332,2026-03,48104246.0,backfill
3332,2026-04,48104246.0,backfill
3332,2026-05,48104246.0,backfill
3332,2026-06,48104246.0,backfill
3332,2026-07,48104246.0,backfill
3332,2026-08,48104246.0,backfill
3332,2026-09,48104246.0,backfill
3332,2026-10,48104246.0,snap
3338,2025-09,87908141.0,backfill
3338,2025-10,87908141.0,backfill
3338,2025-11,87908141.0,backfill
3338,2025-12,87908141.0,backfill
3338,2026-01,87908141.0,backfill
3338,2026-02,87908141.0,backfill
3338,2026-03,87908141.0,backfill
3338,2026-04,87908141.0,backfill
3338,2026-05,87908141.0,backfill
3338,2026-06,87908141.0,backfill
3338,2026-07,87908141.0,backfill
3338,2026-08,87908141.0,backfill
3338,2026-09,87908141.0,backfill
3338,2026-10,87908141.0,snap
3339,2025-09,66568300.0,backfill
3339,2025-10,66568300.0,backfill
3339,2025-11,66568300.0,backfill
3339,2025-12,66568300.0,backfill
3339,2026-01,66568300.0,backfill
3339,2026-02,66568300.0,backfill
3339,2026-03,66568300.0,backfill
3339,2026-04,66568300.0,backfill
3339,2026-05,66568300.0,backfill
3339,2026-06,66568300.0,backfill
3339,2026-07,66568300.0,backfill
3339,2026-08,66568300.0,backfill
3339,2026-09,66568300.0,backfill
3339,2026-10,66568300.0,snap
3346,2025-09,121228352.0,backfill
3346,2025-10,121228352.0,backfill
3346,2025-11,121228352.0,backfill
3346,2025-12,121228352.0,backfill
3346,2026-01,121228352.0,backfill
3346,2026-02,121228352.0,backfill
3346,2026-03,121228352.0,backfill
3346,2026-04,121228352.0,backfill
3346,2026-05,121228352.0,backfill
3346,2026-06,121228352.0,backfill
3346,2026-07,121228352.0,backfill
3346,2026-08,121228352.0,backfill
3346,2026-09,121228352.0,backfill
3346,2026-10,121228352.0,snap
3349,2025-09,47821648.0,backfill
3349,2025-10,47821648.0,backfill
3349,2025-11,47821648.0,backfill
3349,2025-12,47821648.0,backfill
3349,2026-01,47821648.0,backfill
3349,2026-02,47821648.0,backfill
3349,2026-03,47821648.0,backfill
3349,2026-04,47821648.0,backfill
3349,2026-05,47821648.0,backfill
3349,2026-06,47821648.0,backfill
3349,2026-07,47821648.0,backfill
3349,2026-08,47821648.0,backfill
3349,2026-09,47821648.0,backfill
3349,2026-10,47821648.0,snap
3354,2025-09,70112426.0,backfill
3354,2025-10,70112426.0,backfill
3354,2025-11,70112426.0,backfill
3354,2025-12,70112426.0,backfill
3354,2026-01,70112426.0,backfill
3354,2026-02,70112426.0,backfill
3354,2026-03,70112426.0,backfill
3354,2026-04,70112426.0,backfill
3354,2026-05,70112426.0,backfill
3354,2026-06,70112426.0,backfill
3354,2026-07,70112426.0,backfill
3354,2026-08,70112426.0,backfill
3354,2026-09,70112426.0,backfill
3354,2026-10,70112426.0,snap
3356,2025-09,68550422.0,backfill
3356,2025-10,68550422.0,backfill
3356,2025-11,68550422.0,backfill
3356,2025-12,68550422.0,backfill
3356,2026-01,68550422.0,backfill
3356,2026-02,68550422.0,backfill
3356,2026-03,68550422.0,backfill
3356,2026-04,68550422.0,backfill
3356,2026-05,68550422.0,backfill
3356,2026-06,68550422.0,backfill
3356,2026-07,68550422.0,backfill
3356,2026-08,68550422.0,backfill
3356,2026-09,68550422.0,backfill
3356,2026-10,68550422.0,snap
3357,2025-09,116385739.0,backfill
3357,2025-10,116385739.0,backfill
3357,2025-11,116385739.0,backfill
3357,2025-12,116385739.0,backfill
3357,2026-01,116385739.0,backfill
3357,2026-02,116385739.0,backfill
3357,2026-03,116385739.0,backfill
3357,2026-04,116385739.0,backfill
3357,2026-05,116385739.0,backfill
3357,2026-06,116385739.0,backfill
3357,2026-07,116385739.0,backfill
3357,2026-08,116385739.0,backfill
3357,2026-09,116385739.0,backfill
3357,2026-10,116385739.0,snap
3360,2025-09,76402244.0,backfill
3360,2025-10,76402244.0,backfill
3360,2025-11,76402244.0,backfill
3360,2025-12,76402244.0,backfill
3360,2026-01,76402244.0,backfill
3360,2026-02,76402244.0,backfill
3360,2026-03,76402244.0,backfill
3360,2026-04,76402244.0,backfill
3360,2026-05,76402244.0,backfill
3360,2026-06,76402244.0,backfill
3360,2026-07,76402244.0,backfill
3360,2026-08,76402244.0,backfill
3360,2026-09,76402244.0,backfill
3360,2026-10,76402244.0,snap
3362,2025-09,147445475.0,backfill
3362,2025-10,147445475.0,backfill
3362,2025-11,147445475.0,backfill
3362,2025-12,147445475.0,backfill
3362,2026-01,147445475.0,backfill
3362,2026-02,147445475.0,backfill
3362,2026-03,147445475.0,backfill
3362,2026-04,147445475.0,backfill
3362,2026-05,147445475.0,backfill
3362,2026-06,147445475.0,backfill
3362,2026-07,147445475.0,backfill
3362,2026-08,147445475.0,backfill
3362,2026-09,147445475.0,backfill
3362,2026-10,147445475.0,snap
3363,2025-09,113640567.0,backfill
3363,2025-10,113640567.0,backfill
3363,2025-11,113640567.0,backfill
3363,2025-12,113640567.0,backfill
3363,2026-01,113640567.0,backfill
3363,2026-02,113640567.0,backfill
3363,2026-03,113640567.0,backfill
3363,2026-04,113640567.0,backfill
3363,2026-05,113640567.0,backfill
3363,2026-06,113640567.0,backfill
3363,2026-07,113640567.0,backfill
3363,2026-08,113640567.0,backfill
3363,2026-09,113640567.0,backfill
3363,2026-10,113640567.0,snap
3372,2025-09,235324000.0,backfill
3372,2025-10,235324000.0,backfill
3372,2025-11,235324000.0,backfill
3372,2025-12,235324000.0,backfill
3372,2026-01,235324000.0,backfill
3372,2026-02,235324000.0,backfill
3372,2026-03,235324000.0,backfill
3372,2026-04,235324000.0,backfill
3372,2026-05,235324000.0,backfill
3372,2026-06,235324000.0,backfill
3372,2026-07,235324000.0,backfill
3372,2026-08,235324000.0,backfill
3372,2026-09,235324000.0,backfill
3372,2026-10,235324000.0,snap
3373,2025-09,47618782.0,backfill
3373,2025-10,47618782.0,backfill
3373,2025-11,47618782.0,backfill
3373,2025-12,47618782.0,backfill
3373,2026-01,47618782.0,backfill
3373,2026-02,47618782.0,backfill
3373,2026-03,47618782.0,backfill
3373,2026-04,47618782.0,backfill
3373,2026-05,47618782.0,backfill
3373,2026-06,47618782.0,backfill
3373,2026-07,47618782.0,backfill
3373,2026-08,47618782.0,backfill
3373,2026-09,47618782.0,backfill
3373,2026-10,47618782.0,snap
3374,2025-09,271364316.0,backfill
3374,2025-10,271364316.0,backfill
3374,2025-11,271364316.0,backfill
3374,2025-12,271364316.0,backfill
3374,2026-01,271364316.0,backfill
3374,2026-02,271364316.0,backfill
3374,2026-03,271364316.0,backfill
3374,2026-04,271364316.0,backfill
3374,2026-05,271364316.0,backfill
3374,2026-06,271364316.0,backfill
3374,2026-07,271364316.0,backfill
3374,2026-08,271364316.0,backfill
3374,2026-09,271364316.0,backfill
3374,2026-10,271364316.0,snap
3376,2025-09,195780215.0,backfill
3376,2025-10,195780215.0,backfill
3376,2025-11,195780215.0,backfill
3376,2025-12,195780215.0,backfill
3376,2026-01,195780215.0,backfill
3376,2026-02,195780215.0,backfill
3376,2026-03,195780215.0,backfill
3376,2026-04,195780215.0,backfill
3376,2026-05,195780215.0,backfill
3376,2026-06,195780215.0,backfill
3376,2026-07,195780215.0,backfill
3376,2026-08,195780215.0,backfill
3376,2026-09,195780215.0,backfill
3376,2026-10,195780215.0,snap
3379,2025-09,38041748.0,backfill
3379,2025-10,38041748.0,backfill
3379,2025-11,38041748.0,backfill
3379,2025-12,38041748.0,backfill
3379,2026-01,38041748.0,backfill
3379,2026-02,38041748.0,backfill
3379,2026-03,38041748.0,backfill
3379,2026-04,38041748.0,backfill
3379,2026-05,38041748.0,backfill
3379,2026-06,38041748.0,backfill
3379,2026-07,38041748.0,backfill
3379,2026-08,38041748.0,backfill
3379,2026-09,38041748.0,backfill
3379,2026-10,38041748.0,snap
3380,2025-09,541718460.0,backfill
3380,2025-10,541718460.0,backfill
3380,2025-11,541718460.0,backfill
3380,2025-12,541718460.0,backfill
3380,2026-01,541718460.0,backfill
3380,2026-02,541718460.0,backfill
3380,2026-03,541718460.0,backfill
3380,2026-04,541718460.0,backfill
3380,2026-05,541718460.0,backfill
3380,2026-06,541718460.0,backfill
3380,2026-07,541718460.0,backfill
3380,2026-08,541718460.0,backfill
3380,2026-09,541718460.0,backfill
3380,2026-10,541718460.0,snap
3388,2025-09,81599825.0,backfill
3388,2025-10,81599825.0,backfill
3388,2025-11,81599825.0,backfill
3388,2025-12,81599825.0,backfill
3388,2026-01,81599825.0,backfill
3388,2026-02,81599825.0,backfill
3388,2026-03,81599825.0,backfill
3388,2026-04,81599825.0,backfill
3388,2026-05,81599825.0,backfill
3388,2026-06,81599825.0,backfill
3388,2026-07,81599825.0,backfill
3388,2026-08,81599825.0,backfill
3388,2026-09,81599825.0,backfill
3388,2026-10,81599825.0,snap
3390,2025-09,79329659.0,backfill
3390,2025-10,79329659.0,backfill
3390,2025-11,79329659.0,backfill
3390,2025-12,79329659.0,backfill
3390,2026-01,79329659.0,backfill
3390,2026-02,79329659.0,backfill
3390,2026-03,79329659.0,backfill
3390,2026-04,79329659.0,backfill
3390,2026-05,79329659.0,backfill
3390,2026-06,79329659.0,backfill
3390,2026-07,79329659.0,backfill
3390,2026-08,79329659.0,backfill
3390,2026-09,79329659.0,backfill
3390,2026-10,79329659.0,snap
3402,2025-09,73047692.0,backfill
3402,2025-10,73047692.0,backfill
3402,2025-11,73047692.0,backfill
3402,2025-12,73047692.0,backfill
3402,2026-01,73047692.0,backfill
3402,2026-02,73047692.0,backfill
3402,2026-03,73047692.0,backfill
3402,2026-04,73047692.0,backfill
3402,2026-05,73047692.0,backfill
3402,2026-06,73047692.0,backfill
3402,2026-07,73047692.0,backfill
3402,2026-08,73047692.0,backfill
3402,2026-09,73047692.0,backfill
3402,2026-10,73047692.0,snap
3406,2025-09,112743063.0,backfill
3406,2025-10,112743063.0,backfill
3406,2025-11,112743063.0,backfill
3406,2025-12,112743063.0,backfill
3406,2026-01,112743063.0,backfill
3406,2026-02,112743063.0,backfill
3406,2026-03,112743063.0,backfill
3406,2026-04,112743063.0,backfill
3406,2026-05,112743063.0,backfill
3406,2026-06,112743063.0,backfill
3406,2026-07,112743063.0,backfill
3406,2026-08,112743063.0,backfill
3406,2026-09,112743063.0,backfill
3406,2026-10,112743063.0,snap
3413,2025-09,110924410.0,backfill
3413,2025-10,110924410.0,backfill
3413,2025-11,110924410.0,backfill
3413,2025-12,110924410.0,backfill
3413,2026-01,110924410.0,backfill
3413,2026-02,110924410.0,backfill
3413,2026-03,110924410.0,backfill
3413,2026-04,110924410.0,backfill
3413,2026-05,110924410.0,backfill
3413,2026-06,110924410.0,backfill
3413,2026-07,110924410.0,backfill
3413,2026-08,110924410.0,backfill
3413,2026-09,110924410.0,backfill
3413,2026-10,110924410.0,snap
3416,2025-09,84517736.0,backfill
3416,2025-10,84517736.0,backfill
3416,2025-11,84517736.0,backfill
3416,2025-12,84517736.0,backfill
3416,2026-01,84517736.0,backfill
3416,2026-02,84517736.0,backfill
3416,2026-03,84517736.0,backfill
3416,2026-04,84517736.0,backfill
3416,2026-05,84517736.0,backfill
3416,2026-06,84517736.0,backfill
3416,2026-07,84517736.0,backfill
3416,2026-08,84517736.0,backfill
3416,2026-09,84517736.0,backfill
3416,2026-10,84517736.0,snap
3419,2025-09,120480417.0,backfill
3419,2025-10,120480417.0,backfill
3419,2025-11,120480417.0,backfill
3419,2025-12,120480417.0,backfill
3419,2026-01,120480417.0,backfill
3419,2026-02,120480417.0,backfill
3419,2026-03,120480417.0,backfill
3419,2026-04,120480417.0,backfill
3419,2026-05,120480417.0,backfill
3419,2026-06,120480417.0,backfill
3419,2026-07,120480417.0,backfill
3419,2026-08,120480417.0,backfill
3419,2026-09,120480417.0,backfill
3419,2026-10,120480417.0,snap
3430,2025-09,33716085.0,backfill
3430,2025-10,33716085.0,backfill
3430,2025-11,33716085.0,backfill
3430,2025-12,33716085.0,backfill
3430,2026-01,33716085.0,backfill
3430,2026-02,33716085.0,backfill
3430,2026-03,33716085.0,backfill
3430,2026-04,33716085.0,backfill
3430,2026-05,33716085.0,backfill
3430,2026-06,33716085.0,backfill
3430,2026-07,33716085.0,backfill
3430,2026-08,33716085.0,backfill
3430,2026-09,33716085.0,backfill
3430,2026-10,33716085.0,snap
3432,2025-09,42230000.0,backfill
3432,2025-10,42230000.0,backfill
3432,2025-11,42230000.0,backfill
3432,2025-12,42230000.0,backfill
3432,2026-01,42230000.0,backfill
3432,2026-02,42230000.0,backfill
3432,2026-03,42230000.0,backfill
3432,2026-04,42230000.0,backfill
3432,2026-05,42230000.0,backfill
3432,2026-06,42230000.0,backfill
3432,2026-07,42230000.0,backfill
3432,2026-08,42230000.0,backfill
3432,2026-09,42230000.0,backfill
3432,2026-10,42230000.0,snap
3434,2025-09,35754740.0,backfill
3434,2025-10,35754740.0,backfill
3434,2025-11,35754740.0,backfill
3434,2025-12,35754740.0,backfill
3434,2026-01,35754740.0,backfill
3434,2026-02,35754740.0,backfill
3434,2026-03,35754740.0,backfill
3434,2026-04,35754740.0,backfill
3434,2026-05,35754740.0,backfill
3434,2026-06,35754740.0,backfill
3434,2026-07,35754740.0,backfill
3434,2026-08,35754740.0,backfill
3434,2026-09,35754740.0,backfill
3434,2026-10,35754740.0,snap
3437,2025-09,144548000.0,backfill
3437,2025-10,144548000.0,backfill
3437,2025-11,144548000.0,backfill
3437,2025-12,144548000.0,backfill
3437,2026-01,144548000.0,backfill
3437,2026-02,144548000.0,backfill
3437,2026-03,144548000.0,backfill
3437,2026-04,144548000.0,backfill
3437,2026-05,144548000.0,backfill
3437,2026-06,144548000.0,backfill
3437,2026-07,144548000.0,backfill
3437,2026-08,144548000.0,backfill
3437,2026-09,144548000.0,backfill
3437,2026-10,144548000.0,snap
3438,2025-09,47165815.0,backfill
3438,2025-10,47165815.0,backfill
3438,2025-11,47165815.0,backfill
3438,2025-12,47165815.0,backfill
3438,2026-01,47165815.0,backfill
3438,2026-02,47165815.0,backfill
3438,2026-03,47165815.0,backfill
3438,2026-04,47165815.0,backfill
3438,2026-05,47165815.0,backfill
3438,2026-06,47165815.0,backfill
3438,2026-07,47165815.0,backfill
3438,2026-08,47165815.0,backfill
3438,2026-09,47165815.0,backfill
3438,2026-10,47165815.0,snap
3441,2025-09,40039920.0,backfill
3441,2025-10,40039920.0,backfill
3441,2025-11,40039920.0,backfill
3441,2025-12,40039920.0,backfill
3441,2026-01,40039920.0,backfill
3441,2026-02,40039920.0,backfill
3441,2026-03,40039920.0,backfill
3441,2026-04,40039920.0,backfill
3441,2026-05,40039920.0,backfill
3441,2026-06,40039920.0,backfill
3441,2026-07,40039920.0,backfill
3441,2026-08,40039920.0,backfill
3441,2026-09,40039920.0,backfill
3441,2026-10,40039920.0,snap
3443,2025-09,134011911.0,backfill
3443,2025-10,134011911.0,backfill
3443,2025-11,134011911.0,backfill
3443,2025-12,134011911.0,backfill
3443,2026-01,134011911.0,backfill
3443,2026-02,134011911.0,backfill
3443,2026-03,134011911.0,backfill
3443,2026-04,134011911.0,backfill
3443,2026-05,134011911.0,backfill
3443,2026-06,134011911.0,backfill
3443,2026-07,134011911.0,backfill
3443,2026-08,134011911.0,backfill
3443,2026-09,134011911.0,backfill
3443,2026-10,134011911.0,snap
3444,2025-09,44996877.0,backfill
3444,2025-10,44996877.0,backfill
3444,2025-11,44996877.0,backfill
3444,2025-12,44996877.0,backfill
3444,2026-01,44996877.0,backfill
3444,2026-02,44996877.0,backfill
3444,2026-03,44996877.0,backfill
3444,2026-04,44996877.0,backfill
3444,2026-05,44996877.0,backfill
3444,2026-06,44996877.0,backfill
3444,2026-07,44996877.0,backfill
3444,2026-08,44996877.0,backfill
3444,2026-09,44996877.0,backfill
3444,2026-10,44996877.0,snap
3447,2025-09,77449120.0,backfill
3447,2025-10,77449120.0,backfill
3447,2025-11,77449120.0,backfill
3447,2025-12,77449120.0,backfill
3447,2026-01,77449120.0,backfill
3447,2026-02,77449120.0,backfill
3447,2026-03,77449120.0,backfill
3447,2026-04,77449120.0,backfill
3447,2026-05,77449120.0,backfill
3447,2026-06,77449120.0,backfill
3447,2026-07,77449120.0,backfill
3447,2026-08,77449120.0,backfill
3447,2026-09,77449120.0,backfill
3447,2026-10,77449120.0,snap
3450,2025-09,145681382.0,backfill
3450,2025-10,145681382.0,backfill
3450,2025-11,145681382.0,backfill
3450,2025-12,145681382.0,backfill
3450,2026-01,145681382.0,backfill
3450,2026-02,145681382.0,backfill
3450,2026-03,145681382.0,backfill
3450,2026-04,145681382.0,backfill
3450,2026-05,145681382.0,backfill
3450,2026-06,145681382.0,backfill
3450,2026-07,145681382.0,backfill
3450,2026-08,145681382.0,backfill
3450,2026-09,145681382.0,backfill
3450,2026-10,145681382.0,snap
3455,2025-09,59850750.0,backfill
3455,2025-10,59850750.0,backfill
3455,2025-11,59850750.0,backfill
3455,2025-12,59850750.0,backfill
3455,2026-01,59850750.0,backfill
3455,2026-02,59850750.0,backfill
3455,2026-03,59850750.0,backfill
3455,2026-04,59850750.0,backfill
3455,2026-05,59850750.0,backfill
3455,2026-06,59850750.0,backfill
3455,2026-07,59850750.0,backfill
3455,2026-08,59850750.0,backfill
3455,2026-09,59850750.0,backfill
3455,2026-10,59850750.0,snap
3465,2025-09,42329862.0,backfill
3465,2025-10,42329862.0,backfill
3465,2025-11,42329862.0,backfill
3465,2025-12,42329862.0,backfill
3465,2026-01,42329862.0,backfill
3465,2026-02,42329862.0,backfill
3465,2026-03,42329862.0,backfill
3465,2026-04,42329862.0,backfill
3465,2026-05,42329862.0,backfill
3465,2026-06,42329862.0,backfill
3465,2026-07,42329862.0,backfill
3465,2026-08,42329862.0,backfill
3465,2026-09,42329862.0,backfill
3465,2026-10,42329862.0,snap
3466,2025-09,77892073.0,backfill
3466,2025-10,77892073.0,backfill
3466,2025-11,77892073.0,backfill
3466,2025-12,77892073.0,backfill
3466,2026-01,77892073.0,backfill
3466,2026-02,77892073.0,backfill
3466,2026-03,77892073.0,backfill
3466,2026-04,77892073.0,backfill
3466,2026-05,77892073.0,backfill
3466,2026-06,77892073.0,backfill
3466,2026-07,77892073.0,backfill
3466,2026-08,77892073.0,backfill
3466,2026-09,77892073.0,backfill
3466,2026-10,77892073.0,snap
3467,2025-09,31556569.0,backfill
3467,2025-10,31556569.0,backfill
3467,2025-11,31556569.0,backfill
3467,2025-12,31556569.0,backfill
3467,2026-01,31556569.0,backfill
3467,2026-02,31556569.0,backfill
3467,2026-03,31556569.0,backfill
3467,2026-04,31556569.0,backfill
3467,2026-05,31556569.0,backfill
3467,2026-06,31556569.0,backfill
3467,2026-07,31556569.0,backfill
3467,2026-08,31556569.0,backfill
3467,2026-09,31556569.0,backfill
3467,2026-10,31556569.0,snap
3479,2025-09,72630164.0,backfill
3479,2025-10,72630164.0,backfill
3479,2025-11,72630164.0,backfill
3479,2025-12,72630164.0,backfill
3479,2026-01,72630164.0,backfill
3479,2026-02,72630164.0,backfill
3479,2026-03,72630164.0,backfill
3479,2026-04,72630164.0,backfill
3479,2026-05,72630164.0,backfill
3479,2026-06,72630164.0,backfill
3479,2026-07,72630164.0,backfill
3479,2026-08,72630164.0,backfill
3479,2026-09,72630164.0,backfill
3479,2026-10,72630164.0,snap
3481,2025-09,7989197337.0,backfill
3481,2025-10,7989197337.0,backfill
3481,2025-11,7989197337.0,backfill
3481,2025-12,7989197337.0,backfill
3481,2026-01,7989197337.0,backfill
3481,2026-02,7989197337.0,backfill
3481,2026-03,7989197337.0,backfill
3481,2026-04,7989197337.0,backfill
3481,2026-05,7989197337.0,backfill
3481,2026-06,7989197337.0,backfill
3481,2026-07,7989197337.0,backfill
3481,2026-08,7989197337.0,backfill
3481,2026-09,7989197337.0,backfill
3481,2026-10,7989197337.0,snap
3483,2025-09,99049257.0,backfill
3483,2025-10,99049257.0,backfill
3483,2025-11,99049257.0,backfill
3483,2025-12,99049257.0,backfill
3483,2026-01,99049257.0,backfill
3483,2026-02,99049257.0,backfill
3483,2026-03,99049257.0,backfill
3483,2026-04,99049257.0,backfill
3483,2026-05,99049257.0,backfill
3483,2026-06,99049257.0,backfill
3483,2026-07,99049257.0,backfill
3483,2026-08,99049257.0,backfill
3483,2026-09,99049257.0,backfill
3483,2026-10,99049257.0,snap
3484,2025-09,78828189.0,backfill
3484,2025-10,78828189.0,backfill
3484,2025-11,78828189.0,backfill
3484,2025-12,78828189.0,backfill
3484,2026-01,78828189.0,backfill
3484,2026-02,78828189.0,backfill
3484,2026-03,78828189.0,backfill
3484,2026-04,78828189.0,backfill
3484,2026-05,78828189.0,backfill
3484,2026-06,78828189.0,backfill
3484,2026-07,78828189.0,backfill
3484,2026-08,78828189.0,backfill
3484,2026-09,78828189.0,backfill
3484,2026-10,78828189.0,snap
3485,2025-09,38500850.0,backfill
3485,2025-10,38500850.0,backfill
3485,2025-11,38500850.0,backfill
3485,2025-12,38500850.0,backfill
3485,2026-01,38500850.0,backfill
3485,2026-02,38500850.0,backfill
3485,2026-03,38500850.0,backfill
3485,2026-04,38500850.0,backfill
3485,2026-05,38500850.0,backfill
3485,2026-06,38500850.0,backfill
3485,2026-07,38500850.0,backfill
3485,2026-08,38500850.0,backfill
3485,2026-09,38500850.0,backfill
3485,2026-10,38500850.0,snap
3489,2025-09,90452155.0,backfill
3489,2025-10,90452155.0,backfill
3489,2025-11,90452155.0,backfill
3489,2025-12,90452155.0,backfill
3489,2026-01,90452155.0,backfill
3489,2026-02,90452155.0,backfill
3489,2026-03,90452155.0,backfill
3489,2026-04,90452155.0,backfill
3489,2026-05,90452155.0,backfill
3489,2026-06,90452155.0,backfill
3489,2026-07,90452155.0,backfill
3489,2026-08,90452155.0,backfill
3489,2026-09,90452155.0,backfill
3489,2026-10,90452155.0,snap
3490,2025-09,55006435.0,backfill
3490,2025-10,55006435.0,backfill
3490,2025-11,55006435.0,backfill
3490,2025-12,55006435.0,backfill
3490,2026-01,55006435.0,backfill
3490,2026-02,55006435.0,backfill
3490,2026-03,55006435.0,backfill
3490,2026-04,55006435.0,backfill
3490,2026-05,55006435.0,backfill
3490,2026-06,55006435.0,backfill
3490,2026-07,55006435.0,backfill
3490,2026-08,55006435.0,backfill
3490,2026-09,55006435.0,backfill
3490,2026-10,55006435.0,snap
3491,2025-09,68805125.0,backfill
3491,2025-10,68805125.0,backfill
3491,2025-11,68805125.0,backfill
3491,2025-12,68805125.0,backfill
3491,2026-01,68805125.0,backfill
3491,2026-02,68805125.0,backfill
3491,2026-03,68805125.0,backfill
3491,2026-04,68805125.0,backfill
3491,2026-05,68805125.0,backfill
3491,2026-06,68805125.0,backfill
3491,2026-07,68805125.0,backfill
3491,2026-08,68805125.0,backfill
3491,2026-09,68805125.0,backfill
3491,2026-10,68805125.0,snap
3492,2025-09,35531600.0,backfill
3492,2025-10,35531600.0,backfill
3492,2025-11,35531600.0,backfill
3492,2025-12,35531600.0,backfill
3492,2026-01,35531600.0,backfill
3492,2026-02,35531600.0,backfill
3492,2026-03,35531600.0,backfill
3492,2026-04,35531600.0,backfill
3492,2026-05,35531600.0,backfill
3492,2026-06,35531600.0,backfill
3492,2026-07,35531600.0,backfill
3492,2026-08,35531600.0,backfill
3492,2026-09,35531600.0,backfill
3492,2026-10,35531600.0,snap
3494,2025-09,94800000.0,backfill
3494,2025-10,94800000.0,backfill
3494,2025-11,94800000.0,backfill
3494,2025-12,94800000.0,backfill
3494,2026-01,94800000.0,backfill
3494,2026-02,94800000.0,backfill
3494,2026-03,94800000.0,backfill
3494,2026-04,94800000.0,backfill
3494,2026-05,94800000.0,backfill
3494,2026-06,94800000.0,backfill
3494,2026-07,94800000.0,backfill
3494,2026-08,94800000.0,backfill
3494,2026-09,94800000.0,backfill
3494,2026-10,94800000.0,snap
3498,2025-09,61273008.0,backfill
3498,2025-10,61273008.0,backfill
3498,2025-11,61273008.0,backfill
3498,2025-12,61273008.0,backfill
3498,2026-01,61273008.0,backfill
3498,2026-02,61273008.0,backfill
3498,2026-03,61273008.0,backfill
3498,2026-04,61273008.0,backfill
3498,2026-05,61273008.0,backfill
3498,2026-06,61273008.0,backfill
3498,2026-07,61273008.0,backfill
3498,2026-08,61273008.0,backfill
3498,2026-09,61273008.0,backfill
3498,2026-10,61273008.0,snap
3499,2025-09,54970596.0,backfill
3499,2025-10,54970596.0,backfill
3499,2025-11,54970596.0,backfill
3499,2025-12,54970596.0,backfill
3499,2026-01,54970596.0,backfill
3499,2026-02,54970596.0,backfill
3499,2026-03,54970596.0,backfill
3499,2026-04,54970596.0,backfill
3499,2026-05,54970596.0,backfill
3499,2026-06,54970596.0,backfill
3499,2026-07,54970596.0,backfill
3499,2026-08,54970596.0,backfill
3499,2026-09,54970596.0,backfill
3499,2026-10,54970596.0,snap
3501,2025-09,118257927.0,backfill
3501,2025-10,118257927.0,backfill
3501,2025-11,118257927.0,backfill
3501,2025-12,118257927.0,backfill
3501,2026-01,118257927.0,backfill
3501,2026-02,118257927.0,backfill
3501,2026-03,118257927.0,backfill
3501,2026-04,118257927.0,backfill
3501,2026-05,118257927.0,backfill
3501,2026-06,118257927.0,backfill
3501,2026-07,118257927.0,backfill
3501,2026-08,118257927.0,backfill
3501,2026-09,118257927.0,backfill
3501,2026-10,118257927.0,snap
3504,2025-09,114059785.0,backfill
3504,2025-10,114059785.0,backfill
3504,2025-11,114059785.0,backfill
3504,2025-12,114059785.0,backfill
3504,2026-01,114059785.0,backfill
3504,2026-02,114059785.0,backfill
3504,2026-03,114059785.0,backfill
3504,2026-04,114059785.0,backfill
3504,2026-05,114059785.0,backfill
3504,2026-06,114059785.0,backfill
3504,2026-07,114059785.0,backfill
3504,2026-08,114059785.0,backfill
3504,2026-09,114059785.0,backfill
3504,2026-10,114059785.0,snap
3508,2025-09,108866737.0,backfill
3508,2025-10,108866737.0,backfill
3508,2025-11,108866737.0,backfill
3508,2025-12,108866737.0,backfill
3508,2026-01,108866737.0,backfill
3508,2026-02,108866737.0,backfill
3508,2026-03,108866737.0,backfill
3508,2026-04,108866737.0,backfill
3508,2026-05,108866737.0,backfill
3508,2026-06,108866737.0,backfill
3508,2026-07,108866737.0,backfill
3508,2026-08,108866737.0,backfill
3508,2026-09,108866737.0,backfill
3508,2026-10,108866737.0,snap
3511,2025-09,79972945.0,backfill
3511,2025-10,79972945.0,backfill
3511,2025-11,79972945.0,backfill
3511,2025-12,79972945.0,backfill
3511,2026-01,79972945.0,backfill
3511,2026-02,79972945.0,backfill
3511,2026-03,79972945.0,backfill
3511,2026-04,79972945.0,backfill
3511,2026-05,79972945.0,backfill
3511,2026-06,79972945.0,backfill
3511,2026-07,79972945.0,backfill
3511,2026-08,79972945.0,backfill
3511,2026-09,79972945.0,backfill
3511,2026-10,79972945.0,snap
3512,2025-09,113072372.0,backfill
3512,2025-10,113072372.0,backfill
3512,2025-11,113072372.0,backfill
3512,2025-12,113072372.0,backfill
3512,2026-01,113072372.0,backfill
3512,2026-02,113072372.0,backfill
3512,2026-03,113072372.0,backfill
3512,2026-04,113072372.0,backfill
3512,2026-05,113072372.0,backfill
3512,2026-06,113072372.0,backfill
3512,2026-07,113072372.0,backfill
3512,2026-08,113072372.0,backfill
3512,2026-09,113072372.0,backfill
3512,2026-10,113072372.0,snap
3515,2025-09,123520889.0,backfill
3515,2025-10,123520889.0,backfill
3515,2025-11,123520889.0,backfill
3515,2025-12,123520889.0,backfill
3515,2026-01,123520889.0,backfill
3515,2026-02,123520889.0,backfill
3515,2026-03,123520889.0,backfill
3515,2026-04,123520889.0,backfill
3515,2026-05,123520889.0,backfill
3515,2026-06,123520889.0,backfill
3515,2026-07,123520889.0,backfill
3515,2026-08,123520889.0,backfill
3515,2026-09,123520889.0,backfill
3515,2026-10,123520889.0,snap
3516,2025-09,59560874.0,backfill
3516,2025-10,59560874.0,backfill
3516,2025-11,59560874.0,backfill
3516,2025-12,59560874.0,backfill
3516,2026-01,59560874.0,backfill
3516,2026-02,59560874.0,backfill
3516,2026-03,59560874.0,backfill
3516,2026-04,59560874.0,backfill
3516,2026-05,59560874.0,backfill
3516,2026-06,59560874.0,backfill
3516,2026-07,59560874.0,backfill
3516,2026-08,59560874.0,backfill
3516,2026-09,59560874.0,backfill
3516,2026-10,59560874.0,snap
3518,2025-09,102467230.0,backfill
3518,2025-10,102467230.0,backfill
3518,2025-11,102467230.0,backfill
3518,2025-12,102467230.0,backfill
3518,2026-01,102467230.0,backfill
3518,2026-02,102467230.0,backfill
3518,2026-03,102467230.0,backfill
3518,2026-04,102467230.0,backfill
3518,2026-05,102467230.0,backfill
3518,2026-06,102467230.0,backfill
3518,2026-07,102467230.0,backfill
3518,2026-08,102467230.0,backfill
3518,2026-09,102467230.0,backfill
3518,2026-10,102467230.0,snap
3520,2025-09,83846778.0,backfill
3520,2025-10,83846778.0,backfill
3520,2025-11,83846778.0,backfill
3520,2025-12,83846778.0,backfill
3520,2026-01,83846778.0,backfill
3520,2026-02,83846778.0,backfill
3520,2026-03,83846778.0,backfill
3520,2026-04,83846778.0,backfill
3520,2026-05,83846778.0,backfill
3520,2026-06,83846778.0,backfill
3520,2026-07,83846778.0,backfill
3520,2026-08,83846778.0,backfill
3520,2026-09,83846778.0,backfill
3520,2026-10,83846778.0,snap
3521,2025-09,185765552.0,backfill
3521,2025-10,185765552.0,backfill
3521,2025-11,185765552.0,backfill
3521,2025-12,185765552.0,backfill
3521,2026-01,185765552.0,backfill
3521,2026-02,185765552.0,backfill
3521,2026-03,185765552.0,backfill
3521,2026-04,185765552.0,backfill
3521,2026-05,185765552.0,backfill
3521,2026-06,185765552.0,backfill
3521,2026-07,185765552.0,backfill
3521,2026-08,185765552.0,backfill
3521,2026-09,185765552.0,backfill
3521,2026-10,185765552.0,snap
3522,2025-09,104096209.0,backfill
3522,2025-10,104096209.0,backfill
3522,2025-11,104096209.0,backfill
3522,2025-12,104096209.0,backfill
3522,2026-01,104096209.0,backfill
3522,2026-02,104096209.0,backfill
3522,2026-03,104096209.0,backfill
3522,2026-04,104096209.0,backfill
3522,2026-05,104096209.0,backfill
3522,2026-06,104096209.0,backfill
3522,2026-07,104096209.0,backfill
3522,2026-08,104096209.0,backfill
3522,2026-09,104096209.0,backfill
3522,2026-10,104096209.0,snap
3523,2025-09,64257868.0,backfill
3523,2025-10,64257868.0,backfill
3523,2025-11,64257868.0,backfill
3523,2025-12,64257868.0,backfill
3523,2026-01,64257868.0,backfill
3523,2026-02,64257868.0,backfill
3523,2026-03,64257868.0,backfill
3523,2026-04,64257868.0,backfill
3523,2026-05,64257868.0,backfill
3523,2026-06,64257868.0,backfill
3523,2026-07,64257868.0,backfill
3523,2026-08,64257868.0,backfill
3523,2026-09,64257868.0,backfill
3523,2026-10,64257868.0,snap
3526,2025-09,66839477.0,backfill
3526,2025-10,66839477.0,backfill
3526,2025-11,66839477.0,backfill
3526,2025-12,66839477.0,backfill
3526,2026-01,66839477.0,backfill
3526,2026-02,66839477.0,backfill
3526,2026-03,66839477.0,backfill
3526,2026-04,66839477.0,backfill
3526,2026-05,66839477.0,backfill
3526,2026-06,66839477.0,backfill
3526,2026-07,66839477.0,backfill
3526,2026-08,66839477.0,backfill
3526,2026-09,66839477.0,backfill
3526,2026-10,66839477.0,snap
3527,2025-09,44445125.0,backfill
3527,2025-10,44445125.0,backfill
3527,2025-11,44445125.0,backfill
3527,2025-12,44445125.0,backfill
3527,2026-01,44445125.0,backfill
3527,2026-02,44445125.0,backfill
3527,2026-03,44445125.0,backfill
3527,2026-04,44445125.0,backfill
3527,2026-05,44445125.0,backfill
3527,2026-06,44445125.0,backfill
3527,2026-07,44445125.0,backfill
3527,2026-08,44445125.0,backfill
3527,2026-09,44445125.0,backfill
3527,2026-10,44445125.0,snap
3528,2025-09,66639216.0,backfill
3528,2025-10,66639216.0,backfill
3528,2025-11,66639216.0,backfill
3528,2025-12,66639216.0,backfill
3528,2026-01,66639216.0,backfill
3528,2026-02,66639216.0,backfill
3528,2026-03,66639216.0,backfill
3528,2026-04,66639216.0,backfill
3528,2026-05,66639216.0,backfill
3528,2026-06,66639216.0,backfill
3528,2026-07,66639216.0,backfill
3528,2026-08,66639216.0,backfill
3528,2026-09,66639216.0,backfill
3528,2026-10,66639216.0,snap
3529,2025-09,74686492.0,backfill
3529,2025-10,74686492.0,backfill
3529,2025-11,74686492.0,backfill
3529,2025-12,74686492.0,backfill
3529,2026-01,74686492.0,backfill
3529,2026-02,74686492.0,backfill
3529,2026-03,74686492.0,backfill
3529,2026-04,74686492.0,backfill
3529,2026-05,74686492.0,backfill
3529,2026-06,74686492.0,backfill
3529,2026-07,74686492.0,backfill
3529,2026-08,74686492.0,backfill
3529,2026-09,74686492.0,backfill
3529,2026-10,74686492.0,snap
3530,2025-09,77475900.0,backfill
3530,2025-10,77475900.0,backfill
3530,2025-11,77475900.0,backfill
3530,2025-12,77475900.0,backfill
3530,2026-01,77475900.0,backfill
3530,2026-02,77475900.0,backfill
3530,2026-03,77475900.0,backfill
3530,2026-04,77475900.0,backfill
3530,2026-05,77475900.0,backfill
3530,2026-06,77475900.0,backfill
3530,2026-07,77475900.0,backfill
3530,2026-08,77475900.0,backfill
3530,2026-09,77475900.0,backfill
3530,2026-10,77475900.0,snap
3531,2025-09,61175011.0,backfill
3531,2025-10,61175011.0,backfill
3531,2025-11,61175011.0,backfill
3531,2025-12,61175011.0,backfill
3531,2026-01,61175011.0,backfill
3531,2026-02,61175011.0,backfill
3531,2026-03,61175011.0,backfill
3531,2026-04,61175011.0,backfill
3531,2026-05,61175011.0,backfill
3531,2026-06,61175011.0,backfill
3531,2026-07,61175011.0,backfill
3531,2026-08,61175011.0,backfill
3531,2026-09,61175011.0,backfill
3531,2026-10,61175011.0,snap
3532,2025-09,387848300.0,backfill
3532,2025-10,387848300.0,backfill
3532,2025-11,387848300.0,backfill
3532,2025-12,387848300.0,backfill
3532,2026-01,387848300.0,backfill
3532,2026-02,387848300.0,backfill
3532,2026-03,387848300.0,backfill
3532,2026-04,387848300.0,backfill
3532,2026-05,387848300.0,backfill
3532,2026-06,387848300.0,backfill
3532,2026-07,387848300.0,backfill
3532,2026-08,387848300.0,backfill
3532,2026-09,387848300.0,backfill
3532,2026-10,387848300.0,snap
3533,2025-09,112534691.0,backfill
3533,2025-10,112534691.0,backfill
3533,2025-11,112534691.0,backfill
3533,2025-12,112534691.0,backfill
3533,2026-01,112534691.0,backfill
3533,2026-02,112534691.0,backfill
3533,2026-03,112534691.0,backfill
3533,2026-04,112534691.0,backfill
3533,2026-05,112534691.0,backfill
3533,2026-06,112534691.0,backfill
3533,2026-07,112534691.0,backfill
3533,2026-08,112534691.0,backfill
3533,2026-09,112534691.0,backfill
3533,2026-10,112534691.0,snap
3535,2025-09,79052356.0,backfill
3535,2025-10,79052356.0,backfill
3535,2025-11,79052356.0,backfill
3535,2025-12,79052356.0,backfill
3535,2026-01,79052356.0,backfill
3535,2026-02,79052356.0,backfill
3535,2026-03,79052356.0,backfill
3535,2026-04,79052356.0,backfill
3535,2026-05,79052356.0,backfill
3535,2026-06,79052356.0,backfill
3535,2026-07,79052356.0,backfill
3535,2026-08,79052356.0,backfill
3535,2026-09,79052356.0,backfill
3535,2026-10,79052356.0,snap
3537,2025-09,56242979.0,backfill
3537,2025-10,56242979.0,backfill
3537,2025-11,56242979.0,backfill
3537,2025-12,56242979.0,backfill
3537,2026-01,56242979.0,backfill
3537,2026-02,56242979.0,backfill
3537,2026-03,56242979.0,backfill
3537,2026-04,56242979.0,backfill
3537,2026-05,56242979.0,backfill
3537,2026-06,56242979.0,backfill
3537,2026-07,56242979.0,backfill
3537,2026-08,56242979.0,backfill
3537,2026-09,56242979.0,backfill
3537,2026-10,56242979.0,snap
3540,2025-09,84458548.0,backfill
3540,2025-10,84458548.0,backfill
3540,2025-11,84458548.0,backfill
3540,2025-12,84458548.0,backfill
3540,2026-01,84458548.0,backfill
3540,2026-02,84458548.0,backfill
3540,2026-03,84458548.0,backfill
3540,2026-04,84458548.0,backfill
3540,2026-05,84458548.0,backfill
3540,2026-06,84458548.0,backfill
3540,2026-07,84458548.0,backfill
3540,2026-08,84458548.0,backfill
3540,2026-09,84458548.0,backfill
3540,2026-10,84458548.0,snap
3541,2025-09,56349142.0,backfill
3541,2025-10,56349142.0,backfill
3541,2025-11,56349142.0,backfill
3541,2025-12,56349142.0,backfill
3541,2026-01,56349142.0,backfill
3541,2026-02,56349142.0,backfill
3541,2026-03,56349142.0,backfill
3541,2026-04,56349142.0,backfill
3541,2026-05,56349142.0,backfill
3541,2026-06,56349142.0,backfill
3541,2026-07,56349142.0,backfill
3541,2026-08,56349142.0,backfill
3541,2026-09,56349142.0,backfill
3541,2026-10,56349142.0,snap
3543,2025-09,146263150.0,backfill
3543,2025-10,146263150.0,backfill
3543,2025-11,146263150.0,backfill
3543,2025-12,146263150.0,backfill
3543,2026-01,146263150.0,backfill
3543,2026-02,146263150.0,backfill
3543,2026-03,146263150.0,backfill
3543,2026-04,146263150.0,backfill
3543,2026-05,146263150.0,backfill
3543,2026-06,146263150.0,backfill
3543,2026-07,146263150.0,backfill
3543,2026-08,146263150.0,backfill
3543,2026-09,146263150.0,backfill
3543,2026-10,146263150.0,snap
3545,2025-09,222411350.0,backfill
3545,2025-10,222411350.0,backfill
3545,2025-11,222411350.0,backfill
3545,2025-12,222411350.0,backfill
3545,2026-01,222411350.0,backfill
3545,2026-02,222411350.0,backfill
3545,2026-03,222411350.0,backfill
3545,2026-04,222411350.0,backfill
3545,2026-05,222411350.0,backfill
3545,2026-06,222411350.0,backfill
3545,2026-07,222411350.0,backfill
3545,2026-08,222411350.0,backfill
3545,2026-09,222411350.0,backfill
3545,2026-10,222411350.0,snap
3546,2025-09,61348690.0,backfill
3546,2025-10,61348690.0,backfill
3546,2025-11,61348690.0,backfill
3546,2025-12,61348690.0,backfill
3546,2026-01,61348690.0,backfill
3546,2026-02,61348690.0,backfill
3546,2026-03,61348690.0,backfill
3546,2026-04,61348690.0,backfill
3546,2026-05,61348690.0,backfill
3546,2026-06,61348690.0,backfill
3546,2026-07,61348690.0,backfill
3546,2026-08,61348690.0,backfill
3546,2026-09,61348690.0,backfill
3546,2026-10,61348690.0,snap
3548,2025-09,68244175.0,backfill
3548,2025-10,68244175.0,backfill
3548,2025-11,68244175.0,backfill
3548,2025-12,68244175.0,backfill
3548,2026-01,68244175.0,backfill
3548,2026-02,68244175.0,backfill
3548,2026-03,68244175.0,backfill
3548,2026-04,68244175.0,backfill
3548,2026-05,68244175.0,backfill
3548,2026-06,68244175.0,backfill
3548,2026-07,68244175.0,backfill
3548,2026-08,68244175.0,backfill
3548,2026-09,68244175.0,backfill
3548,2026-10,68244175.0,snap
3550,2025-09,107550000.0,backfill
3550,2025-10,107550000.0,backfill
3550,2025-11,107550000.0,backfill
3550,2025-12,107550000.0,backfill
3550,2026-01,107550000.0,backfill
3550,2026-02,107550000.0,backfill
3550,2026-03,107550000.0,backfill
3550,2026-04,107550000.0,backfill
3550,2026-05,107550000.0,backfill
3550,2026-06,107550000.0,backfill
3550,2026-07,107550000.0,backfill
3550,2026-08,107550000.0,backfill
3550,2026-09,107550000.0,backfill
3550,2026-10,107550000.0,snap
3551,2025-09,62274890.0,backfill
3551,2025-10,62274890.0,backfill
3551,2025-11,62274890.0,backfill
3551,2025-12,62274890.0,backfill
3551,2026-01,62274890.0,backfill
3551,2026-02,62274890.0,backfill
3551,2026-03,62274890.0,backfill
3551,2026-04,62274890.0,backfill
3551,2026-05,62274890.0,backfill
3551,2026-06,62274890.0,backfill
3551,2026-07,62274890.0,backfill
3551,2026-08,62274890.0,backfill
3551,2026-09,62274890.0,backfill
3551,2026-10,62274890.0,snap
3552,2025-09,97918334.0,backfill
3552,2025-10,97918334.0,backfill
3552,2025-11,97918334.0,backfill
3552,2025-12,97918334.0,backfill
3552,2026-01,97918334.0,backfill
3552,2026-02,97918334.0,backfill
3552,2026-03,97918334.0,backfill
3552,2026-04,97918334.0,backfill
3552,2026-05,97918334.0,backfill
3552,2026-06,97918334.0,backfill
3552,2026-07,97918334.0,backfill
3552,2026-08,97918334.0,backfill
3552,2026-09,97918334.0,backfill
3552,2026-10,97918334.0,snap
3555,2025-09,39998797.0,backfill
3555,2025-10,39998797.0,backfill
3555,2025-11,39998797.0,backfill
3555,2025-12,39998797.0,backfill
3555,2026-01,39998797.0,backfill
3555,2026-02,39998797.0,backfill
3555,2026-03,39998797.0,backfill
3555,2026-04,39998797.0,backfill
3555,2026-05,39998797.0,backfill
3555,2026-06,39998797.0,backfill
3555,2026-07,39998797.0,backfill
3555,2026-08,39998797.0,backfill
3555,2026-09,39998797.0,backfill
3555,2026-10,39998797.0,snap
3556,2025-09,63702844.0,backfill
3556,2025-10,63702844.0,backfill
3556,2025-11,63702844.0,backfill
3556,2025-12,63702844.0,backfill
3556,2026-01,63702844.0,backfill
3556,2026-02,63702844.0,backfill
3556,2026-03,63702844.0,backfill
3556,2026-04,63702844.0,backfill
3556,2026-05,63702844.0,backfill
3556,2026-06,63702844.0,backfill
3556,2026-07,63702844.0,backfill
3556,2026-08,63702844.0,backfill
3556,2026-09,63702844.0,backfill
3556,2026-10,63702844.0,snap
3557,2025-09,84315435.0,backfill
3557,2025-10,84315435.0,backfill
3557,2025-11,84315435.0,backfill
3557,2025-12,84315435.0,backfill
3557,2026-01,84315435.0,backfill
3557,2026-02,84315435.0,backfill
3557,2026-03,84315435.0,backfill
3557,2026-04,84315435.0,backfill
3557,2026-05,84315435.0,backfill
3557,2026-06,84315435.0,backfill
3557,2026-07,84315435.0,backfill
3557,2026-08,84315435.0,backfill
3557,2026-09,84315435.0,backfill
3557,2026-10,84315435.0,snap
3558,2025-09,59060881.0,backfill
3558,2025-10,59060881.0,backfill
3558,2025-11,59060881.0,backfill
3558,2025-12,59060881.0,backfill
3558,2026-01,59060881.0,backfill
3558,2026-02,59060881.0,backfill
3558,2026-03,59060881.0,backfill
3558,2026-04,59060881.0,backfill
3558,2026-05,59060881.0,backfill
3558,2026-06,59060881.0,backfill
3558,2026-07,59060881.0,backfill
3558,2026-08,59060881.0,backfill
3558,2026-09,59060881.0,backfill
3558,2026-10,59060881.0,snap
3563,2025-09,63960858.0,backfill
3563,2025-10,63960858.0,backfill
3563,2025-11,63960858.0,backfill
3563,2025-12,63960858.0,backfill
3563,2026-01,63960858.0,backfill
3563,2026-02,63960858.0,backfill
3563,2026-03,63960858.0,backfill
3563,2026-04,63960858.0,backfill
3563,2026-05,63960858.0,backfill
3563,2026-06,63960858.0,backfill
3563,2026-07,63960858.0,backfill
3563,2026-08,63960858.0,backfill
3563,2026-09,63960858.0,backfill
3563,2026-10,63960858.0,snap
3564,2025-09,59123100.0,backfill
3564,2025-10,59123100.0,backfill
3564,2025-11,59123100.0,backfill
3564,2025-12,59123100.0,backfill
3564,2026-01,59123100.0,backfill
3564,2026-02,59123100.0,backfill
3564,2026-03,59123100.0,backfill
3564,2026-04,59123100.0,backfill
3564,2026-05,59123100.0,backfill
3564,2026-06,59123100.0,backfill
3564,2026-07,59123100.0,backfill
3564,2026-08,59123100.0,backfill
3564,2026-09,59123100.0,backfill
3564,2026-10,59123100.0,snap
3567,2025-09,33954000.0,backfill
3567,2025-10,33954000.0,backfill
3567,2025-11,33954000.0,backfill
3567,2025-12,33954000.0,backfill
3567,2026-01,33954000.0,backfill
3567,2026-02,33954000.0,backfill
3567,2026-03,33954000.0,backfill
3567,2026-04,33954000.0,backfill
3567,2026-05,33954000.0,backfill
3567,2026-06,33954000.0,backfill
3567,2026-07,33954000.0,backfill
3567,2026-08,33954000.0,backfill
3567,2026-09,33954000.0,backfill
3567,2026-10,33954000.0,snap
3570,2025-09,17097000.0,backfill
3570,2025-10,17097000.0,backfill
3570,2025-11,17097000.0,backfill
3570,2025-12,17097000.0,backfill
3570,2026-01,17097000.0,backfill
3570,2026-02,17097000.0,backfill
3570,2026-03,17097000.0,backfill
3570,2026-04,17097000.0,backfill
3570,2026-05,17097000.0,backfill
3570,2026-06,17097000.0,backfill
3570,2026-07,17097000.0,backfill
3570,2026-08,17097000.0,backfill
3570,2026-09,17097000.0,backfill
3570,2026-10,17097000.0,snap
3576,2025-09,1627795375.0,backfill
3576,2025-10,1627795375.0,backfill
3576,2025-11,1627795375.0,backfill
3576,2025-12,1627795375.0,backfill
3576,2026-01,1627795375.0,backfill
3576,2026-02,1627795375.0,backfill
3576,2026-03,1627795375.0,backfill
3576,2026-04,1627795375.0,backfill
3576,2026-05,1627795375.0,backfill
3576,2026-06,1627795375.0,backfill
3576,2026-07,1627795375.0,backfill
3576,2026-08,1627795375.0,backfill
3576,2026-09,1627795375.0,backfill
3576,2026-10,1627795375.0,snap
3577,2025-09,63965653.0,backfill
3577,2025-10,63965653.0,backfill
3577,2025-11,63965653.0,backfill
3577,2025-12,63965653.0,backfill
3577,2026-01,63965653.0,backfill
3577,2026-02,63965653.0,backfill
3577,2026-03,63965653.0,backfill
3577,2026-04,63965653.0,backfill
3577,2026-05,63965653.0,backfill
3577,2026-06,63965653.0,backfill
3577,2026-07,63965653.0,backfill
3577,2026-08,63965653.0,backfill
3577,2026-09,63965653.0,backfill
3577,2026-10,63965653.0,snap
3580,2025-09,39470657.0,backfill
3580,2025-10,39470657.0,backfill
3580,2025-11,39470657.0,backfill
3580,2025-12,39470657.0,backfill
3580,2026-01,39470657.0,backfill
3580,2026-02,39470657.0,backfill
3580,2026-03,39470657.0,backfill
3580,2026-04,39470657.0,backfill
3580,2026-05,39470657.0,backfill
3580,2026-06,39470657.0,backfill
3580,2026-07,39470657.0,backfill
3580,2026-08,39470657.0,backfill
3580,2026-09,39470657.0,backfill
3580,2026-10,39470657.0,snap
3581,2025-09,51006000.0,backfill
3581,2025-10,51006000.0,backfill
3581,2025-11,51006000.0,backfill
3581,2025-12,51006000.0,backfill
3581,2026-01,51006000.0,backfill
3581,2026-02,51006000.0,backfill
3581,2026-03,51006000.0,backfill
3581,2026-04,51006000.0,backfill
3581,2026-05,51006000.0,backfill
3581,2026-06,51006000.0,backfill
3581,2026-07,51006000.0,backfill
3581,2026-08,51006000.0,backfill
3581,2026-09,51006000.0,backfill
3581,2026-10,51006000.0,snap
3583,2025-09,83858644.0,backfill
3583,2025-10,83858644.0,backfill
3583,2025-11,83858644.0,backfill
3583,2025-12,83858644.0,backfill
3583,2026-01,83858644.0,backfill
3583,2026-02,83858644.0,backfill
3583,2026-03,83858644.0,backfill
3583,2026-04,83858644.0,backfill
3583,2026-05,83858644.0,backfill
3583,2026-06,83858644.0,backfill
3583,2026-07,83858644.0,backfill
3583,2026-08,83858644.0,backfill
3583,2026-09,83858644.0,backfill
3583,2026-10,83858644.0,snap
3587,2025-09,69369988.0,backfill
3587,2025-10,69369988.0,backfill
3587,2025-11,69369988.0,backfill
3587,2025-12,69369988.0,backfill
3587,2026-01,69369988.0,backfill
3587,2026-02,69369988.0,backfill
3587,2026-03,69369988.0,backfill
3587,2026-04,69369988.0,backfill
3587,2026-05,69369988.0,backfill
3587,2026-06,69369988.0,backfill
3587,2026-07,69369988.0,backfill
3587,2026-08,69369988.0,backfill
3587,2026-09,69369988.0,backfill
3587,2026-10,69369988.0,snap
3588,2025-09,61991182.0,backfill
3588,2025-10,61991182.0,backfill
3588,2025-11,61991182.0,backfill
3588,2025-12,61991182.0,backfill
3588,2026-01,61991182.0,backfill
3588,2026-02,61991182.0,backfill
3588,2026-03,61991182.0,backfill
3588,2026-04,61991182.0,backfill
3588,2026-05,61991182.0,backfill
3588,2026-06,61991182.0,backfill
3588,2026-07,61991182.0,backfill
3588,2026-08,61991182.0,backfill
3588,2026-09,61991182.0,backfill
3588,2026-10,61991182.0,snap
3591,2025-09,130386835.0,backfill
3591,2025-10,130386835.0,backfill
3591,2025-11,130386835.0,backfill
3591,2025-12,130386835.0,backfill
3591,2026-01,130386835.0,backfill
3591,2026-02,130386835.0,backfill
3591,2026-03,130386835.0,backfill
3591,2026-04,130386835.0,backfill
3591,2026-05,130386835.0,backfill
3591,2026-06,130386835.0,backfill
3591,2026-07,130386835.0,backfill
3591,2026-08,130386835.0,backfill
3591,2026-09,130386835.0,backfill
3591,2026-10,130386835.0,snap
3592,2025-09,75855226.0,backfill
3592,2025-10,75855226.0,backfill
3592,2025-11,75855226.0,backfill
3592,2025-12,75855226.0,backfill
3592,2026-01,75855226.0,backfill
3592,2026-02,75855226.0,backfill
3592,2026-03,75855226.0,backfill
3592,2026-04,75855226.0,backfill
3592,2026-05,75855226.0,backfill
3592,2026-06,75855226.0,backfill
3592,2026-07,75855226.0,backfill
3592,2026-08,75855226.0,backfill
3592,2026-09,75855226.0,backfill
3592,2026-10,75855226.0,snap
3593,2025-09,60825449.0,backfill
3593,2025-10,60825449.0,backfill
3593,2025-11,60825449.0,backfill
3593,2025-12,60825449.0,backfill
3593,2026-01,60825449.0,backfill
3593,2026-02,60825449.0,backfill
3593,2026-03,60825449.0,backfill
3593,2026-04,60825449.0,backfill
3593,2026-05,60825449.0,backfill
3593,2026-06,60825449.0,backfill
3593,2026-07,60825449.0,backfill
3593,2026-08,60825449.0,backfill
3593,2026-09,60825449.0,backfill
3593,2026-10,60825449.0,snap
3594,2025-09,95948358.0,backfill
3594,2025-10,95948358.0,backfill
3594,2025-11,95948358.0,backfill
3594,2025-12,95948358.0,backfill
3594,2026-01,95948358.0,backfill
3594,2026-02,95948358.0,backfill
3594,2026-03,95948358.0,backfill
3594,2026-04,95948358.0,backfill
3594,2026-05,95948358.0,backfill
3594,2026-06,95948358.0,backfill
3594,2026-07,95948358.0,backfill
3594,2026-08,95948358.0,backfill
3594,2026-09,95948358.0,backfill
3594,2026-10,95948358.0,snap
3596,2025-09,220354321.0,backfill
3596,2025-10,220354321.0,backfill
3596,2025-11,220354321.0,backfill
3596,2025-12,220354321.0,backfill
3596,2026-01,220354321.0,backfill
3596,2026-02,220354321.0,backfill
3596,2026-03,220354321.0,backfill
3596,2026-04,220354321.0,backfill
3596,2026-05,220354321.0,backfill
3596,2026-06,220354321.0,backfill
3596,2026-07,220354321.0,backfill
3596,2026-08,220354321.0,backfill
3596,2026-09,220354321.0,backfill
3596,2026-10,220354321.0,snap
3597,2025-09,39236440.0,backfill
3597,2025-10,39236440.0,backfill
3597,2025-11,39236440.0,backfill
3597,2025-12,39236440.0,backfill
3597,2026-01,39236440.0,backfill
3597,2026-02,39236440.0,backfill
3597,2026-03,39236440.0,backfill
3597,2026-04,39236440.0,backfill
3597,2026-05,39236440.0,backfill
3597,2026-06,39236440.0,backfill
3597,2026-07,39236440.0,backfill
3597,2026-08,39236440.0,backfill
3597,2026-09,39236440.0,backfill
3597,2026-10,39236440.0,snap
3605,2025-09,175270339.0,backfill
3605,2025-10,175270339.0,backfill
3605,2025-11,175270339.0,backfill
3605,2025-12,175270339.0,backfill
3605,2026-01,175270339.0,backfill
3605,2026-02,175270339.0,backfill
3605,2026-03,175270339.0,backfill
3605,2026-04,175270339.0,backfill
3605,2026-05,175270339.0,backfill
3605,2026-06,175270339.0,backfill
3605,2026-07,175270339.0,backfill
3605,2026-08,175270339.0,backfill
3605,2026-09,175270339.0,backfill
3605,2026-10,175270339.0,snap
3607,2025-09,121662239.0,backfill
3607,2025-10,121662239.0,backfill
3607,2025-11,121662239.0,backfill
3607,2025-12,121662239.0,backfill
3607,2026-01,121662239.0,backfill
3607,2026-02,121662239.0,backfill
3607,2026-03,121662239.0,backfill
3607,2026-04,121662239.0,backfill
3607,2026-05,121662239.0,backfill
3607,2026-06,121662239.0,backfill
3607,2026-07,121662239.0,backfill
3607,2026-08,121662239.0,backfill
3607,2026-09,121662239.0,backfill
3607,2026-10,121662239.0,snap
3609,2025-09,38419387.0,backfill
3609,2025-10,38419387.0,backfill
3609,2025-11,38419387.0,backfill
3609,2025-12,38419387.0,backfill
3609,2026-01,38419387.0,backfill
3609,2026-02,38419387.0,backfill
3609,2026-03,38419387.0,backfill
3609,2026-04,38419387.0,backfill
3609,2026-05,38419387.0,backfill
3609,2026-06,38419387.0,backfill
3609,2026-07,38419387.0,backfill
3609,2026-08,38419387.0,backfill
3609,2026-09,38419387.0,backfill
3609,2026-10,38419387.0,snap
3611,2025-09,47554634.0,backfill
3611,2025-10,47554634.0,backfill
3611,2025-11,47554634.0,backfill
3611,2025-12,47554634.0,backfill
3611,2026-01,47554634.0,backfill
3611,2026-02,47554634.0,backfill
3611,2026-03,47554634.0,backfill
3611,2026-04,47554634.0,backfill
3611,2026-05,47554634.0,backfill
3611,2026-06,47554634.0,backfill
3611,2026-07,47554634.0,backfill
3611,2026-08,47554634.0,backfill
3611,2026-09,47554634.0,backfill
3611,2026-10,47554634.0,snap
3615,2025-09,68466976.0,backfill
3615,2025-10,68466976.0,backfill
3615,2025-11,68466976.0,backfill
3615,2025-12,68466976.0,backfill
3615,2026-01,68466976.0,backfill
3615,2026-02,68466976.0,backfill
3615,2026-03,68466976.0,backfill
3615,2026-04,68466976.0,backfill
3615,2026-05,68466976.0,backfill
3615,2026-06,68466976.0,backfill
3615,2026-07,68466976.0,backfill
3615,2026-08,68466976.0,backfill
3615,2026-09,68466976.0,backfill
3615,2026-10,68466976.0,snap
3617,2025-09,94762049.0,backfill
3617,2025-10,94762049.0,backfill
3617,2025-11,94762049.0,backfill
3617,2025-12,94762049.0,backfill
3617,2026-01,94762049.0,backfill
3617,2026-02,94762049.0,backfill
3617,2026-03,94762049.0,backfill
3617,2026-04,94762049.0,backfill
3617,2026-05,94762049.0,backfill
3617,2026-06,94762049.0,backfill
3617,2026-07,94762049.0,backfill
3617,2026-08,94762049.0,backfill
3617,2026-09,94762049.0,backfill
3617,2026-10,94762049.0,snap
3622,2025-09,151327600.0,backfill
3622,2025-10,151327600.0,backfill
3622,2025-11,151327600.0,backfill
3622,2025-12,151327600.0,backfill
3622,2026-01,151327600.0,backfill
3622,2026-02,151327600.0,backfill
3622,2026-03,151327600.0,backfill
3622,2026-04,151327600.0,backfill
3622,2026-05,151327600.0,backfill
3622,2026-06,151327600.0,backfill
3622,2026-07,151327600.0,backfill
3622,2026-08,151327600.0,backfill
3622,2026-09,151327600.0,backfill
3622,2026-10,151327600.0,snap
3623,2025-09,29185946.0,backfill
3623,2025-10,29185946.0,backfill
3623,2025-11,29185946.0,backfill
3623,2025-12,29185946.0,backfill
3623,2026-01,29185946.0,backfill
3623,2026-02,29185946.0,backfill
3623,2026-03,29185946.0,backfill
3623,2026-04,29185946.0,backfill
3623,2026-05,29185946.0,backfill
3623,2026-06,29185946.0,backfill
3623,2026-07,29185946.0,backfill
3623,2026-08,29185946.0,backfill
3623,2026-09,29185946.0,backfill
3623,2026-10,29185946.0,snap
3624,2025-09,117340842.0,backfill
3624,2025-10,117340842.0,backfill
3624,2025-11,117340842.0,backfill
3624,2025-12,117340842.0,backfill
3624,2026-01,117340842.0,backfill
3624,2026-02,117340842.0,backfill
3624,2026-03,117340842.0,backfill
3624,2026-04,117340842.0,backfill
3624,2026-05,117340842.0,backfill
3624,2026-06,117340842.0,backfill
3624,2026-07,117340842.0,backfill
3624,2026-08,117340842.0,backfill
3624,2026-09,117340842.0,backfill
3624,2026-10,117340842.0,snap
3625,2025-09,58100000.0,backfill
3625,2025-10,58100000.0,backfill
3625,2025-11,58100000.0,backfill
3625,2025-12,58100000.0,backfill
3625,2026-01,58100000.0,backfill
3625,2026-02,58100000.0,backfill
3625,2026-03,58100000.0,backfill
3625,2026-04,58100000.0,backfill
3625,2026-05,58100000.0,backfill
3625,2026-06,58100000.0,backfill
3625,2026-07,58100000.0,backfill
3625,2026-08,58100000.0,backfill
3625,2026-09,58100000.0,backfill
3625,2026-10,58100000.0,snap
3628,2025-09,45000000.0,backfill
3628,2025-10,45000000.0,backfill
3628,2025-11,45000000.0,backfill
3628,2025-12,45000000.0,backfill
3628,2026-01,45000000.0,backfill
3628,2026-02,45000000.0,backfill
3628,2026-03,45000000.0,backfill
3628,2026-04,45000000.0,backfill
3628,2026-05,45000000.0,backfill
3628,2026-06,45000000.0,backfill
3628,2026-07,45000000.0,backfill
3628,2026-08,45000000.0,backfill
3628,2026-09,45000000.0,backfill
3628,2026-10,45000000.0,snap
3629,2025-09,32954782.0,backfill
3629,2025-10,32954782.0,backfill
3629,2025-11,32954782.0,backfill
3629,2025-12,32954782.0,backfill
3629,2026-01,32954782.0,backfill
3629,2026-02,32954782.0,backfill
3629,2026-03,32954782.0,backfill
3629,2026-04,32954782.0,backfill
3629,2026-05,32954782.0,backfill
3629,2026-06,32954782.0,backfill
3629,2026-07,32954782.0,backfill
3629,2026-08,32954782.0,backfill
3629,2026-09,32954782.0,backfill
3629,2026-10,32954782.0,snap
3630,2025-09,204191848.0,backfill
3630,2025-10,204191848.0,backfill
3630,2025-11,204191848.0,backfill
3630,2025-12,204191848.0,backfill
3630,2026-01,204191848.0,backfill
3630,2026-02,204191848.0,backfill
3630,2026-03,204191848.0,backfill
3630,2026-04,204191848.0,backfill
3630,2026-05,204191848.0,backfill
3630,2026-06,204191848.0,backfill
3630,2026-07,204191848.0,backfill
3630,2026-08,204191848.0,backfill
3630,2026-09,204191848.0,backfill
3630,2026-10,204191848.0,snap
3631,2025-09,81820909.0,backfill
3631,2025-10,81820909.0,backfill
3631,2025-11,81820909.0,backfill
3631,2025-12,81820909.0,backfill
3631,2026-01,81820909.0,backfill
3631,2026-02,81820909.0,backfill
3631,2026-03,81820909.0,backfill
3631,2026-04,81820909.0,backfill
3631,2026-05,81820909.0,backfill
3631,2026-06,81820909.0,backfill
3631,2026-07,81820909.0,backfill
3631,2026-08,81820909.0,backfill
3631,2026-09,81820909.0,backfill
3631,2026-10,81820909.0,snap
3632,2025-09,22000000.0,backfill
3632,2025-10,22000000.0,backfill
3632,2025-11,22000000.0,backfill
3632,2025-12,22000000.0,backfill
3632,2026-01,22000000.0,backfill
3632,2026-02,22000000.0,backfill
3632,2026-03,22000000.0,backfill
3632,2026-04,22000000.0,backfill
3632,2026-05,22000000.0,backfill
3632,2026-06,22000000.0,backfill
3632,2026-07,22000000.0,backfill
3632,2026-08,22000000.0,backfill
3632,2026-09,22000000.0,backfill
3632,2026-10,22000000.0,snap
3645,2025-09,136754207.0,backfill
3645,2025-10,136754207.0,backfill
3645,2025-11,136754207.0,backfill
3645,2025-12,136754207.0,backfill
3645,2026-01,136754207.0,backfill
3645,2026-02,136754207.0,backfill
3645,2026-03,136754207.0,backfill
3645,2026-04,136754207.0,backfill
3645,2026-05,136754207.0,backfill
3645,2026-06,136754207.0,backfill
3645,2026-07,136754207.0,backfill
3645,2026-08,136754207.0,backfill
3645,2026-09,136754207.0,backfill
3645,2026-10,136754207.0,snap
3646,2025-09,39297371.0,backfill
3646,2025-10,39297371.0,backfill
3646,2025-11,39297371.0,backfill
3646,2025-12,39297371.0,backfill
3646,2026-01,39297371.0,backfill
3646,2026-02,39297371.0,backfill
3646,2026-03,39297371.0,backfill
3646,2026-04,39297371.0,backfill
3646,2026-05,39297371.0,backfill
3646,2026-06,39297371.0,backfill
3646,2026-07,39297371.0,backfill
3646,2026-08,39297371.0,backfill
3646,2026-09,39297371.0,backfill
3646,2026-10,39297371.0,snap
3652,2025-09,75097500.0,backfill
3652,2025-10,75097500.0,backfill
3652,2025-11,75097500.0,backfill
3652,2025-12,75097500.0,backfill
3652,2026-01,75097500.0,backfill
3652,2026-02,75097500.0,backfill
3652,2026-03,75097500.0,backfill
3652,2026-04,75097500.0,backfill
3652,2026-05,75097500.0,backfill
3652,2026-06,75097500.0,backfill
3652,2026-07,75097500.0,backfill
3652,2026-08,75097500.0,backfill
3652,2026-09,75097500.0,backfill
3652,2026-10,75097500.0,snap
3653,2025-09,147203878.0,backfill
3653,2025-10,147203878.0,backfill
3653,2025-11,147203878.0,backfill
3653,2025-12,147203878.0,backfill
3653,2026-01,147203878.0,backfill
3653,2026-02,147203878.0,backfill
3653,2026-03,147203878.0,backfill
3653,2026-04,147203878.0,backfill
3653,2026-05,147203878.0,backfill
3653,2026-06,147203878.0,backfill
3653,2026-07,147203878.0,backfill
3653,2026-08,147203878.0,backfill
3653,2026-09,147203878.0,backfill
3653,2026-10,147203878.0,snap
3661,2025-09,86305114.0,backfill
3661,2025-10,86305114.0,backfill
3661,2025-11,86305114.0,backfill
3661,2025-12,86305114.0,backfill
3661,2026-01,86305114.0,backfill
3661,2026-02,86305114.0,backfill
3661,2026-03,86305114.0,backfill
3661,2026-04,86305114.0,backfill
3661,2026-05,86305114.0,backfill
3661,2026-06,86305114.0,backfill
3661,2026-07,86305114.0,backfill
3661,2026-08,86305114.0,backfill
3661,2026-09,86305114.0,backfill
3661,2026-10,86305114.0,snap
3663,2025-09,108494074.0,backfill
3663,2025-10,108494074.0,backfill
3663,2025-11,108494074.0,backfill
3663,2025-12,108494074.0,backfill
3663,2026-01,108494074.0,backfill
3663,2026-02,108494074.0,backfill
3663,2026-03,108494074.0,backfill
3663,2026-04,108494074.0,backfill
3663,2026-05,108494074.0,backfill
3663,2026-06,108494074.0,backfill
3663,2026-07,108494074.0,backfill
3663,2026-08,108494074.0,backfill
3663,2026-09,108494074.0,backfill
3663,2026-10,108494074.0,snap
3664,2025-09,75945377.0,backfill
3664,2025-10,75945377.0,backfill
3664,2025-11,75945377.0,backfill
3664,2025-12,75945377.0,backfill
3664,2026-01,75945377.0,backfill
3664,2026-02,75945377.0,backfill
3664,2026-03,75945377.0,backfill
3664,2026-04,75945377.0,backfill
3664,2026-05,75945377.0,backfill
3664,2026-06,75945377.0,backfill
3664,2026-07,75945377.0,backfill
3664,2026-08,75945377.0,backfill
3664,2026-09,75945377.0,backfill
3664,2026-10,75945377.0,snap
3665,2025-09,199578405.0,backfill
3665,2025-10,199578405.0,backfill
3665,2025-11,199578405.0,backfill
3665,2025-12,199578405.0,backfill
3665,2026-01,199578405.0,backfill
3665,2026-02,199578405.0,backfill
3665,2026-03,199578405.0,backfill
3665,2026-04,199578405.0,backfill
3665,2026-05,199578405.0,backfill
3665,2026-06,199578405.0,backfill
3665,2026-07,199578405.0,backfill
3665,2026-08,199578405.0,backfill
3665,2026-09,199578405.0,backfill
3665,2026-10,199578405.0,snap
3666,2025-09,138949850.0,backfill
3666,2025-10,138949850.0,backfill
3666,2025-11,138949850.0,backfill
3666,2025-12,138949850.0,backfill
3666,2026-01,138949850.0,backfill
3666,2026-02,138949850.0,backfill
3666,2026-03,138949850.0,backfill
3666,2026-04,138949850.0,backfill
3666,2026-05,138949850.0,backfill
3666,2026-06,138949850.0,backfill
3666,2026-07,138949850.0,backfill
3666,2026-08,138949850.0,backfill
3666,2026-09,138949850.0,backfill
3666,2026-10,138949850.0,snap
3669,2025-09,92919950.0,backfill
3669,2025-10,92919950.0,backfill
3669,2025-11,92919950.0,backfill
3669,2025-12,92919950.0,backfill
3669,2026-01,92919950.0,backfill
3669,2026-02,92919950.0,backfill
3669,2026-03,92919950.0,backfill
3669,2026-04,92919950.0,backfill
3669,2026-05,92919950.0,backfill
3669,2026-06,92919950.0,backfill
3669,2026-07,92919950.0,backfill
3669,2026-08,92919950.0,backfill
3669,2026-09,92919950.0,backfill
3669,2026-10,92919950.0,snap
3672,2025-09,40790375.0,backfill
3672,2025-10,40790375.0,backfill
3672,2025-11,40790375.0,backfill
3672,2025-12,40790375.0,backfill
3672,2026-01,40790375.0,backfill
3672,2026-02,40790375.0,backfill
3672,2026-03,40790375.0,backfill
3672,2026-04,40790375.0,backfill
3672,2026-05,40790375.0,backfill
3672,2026-06,40790375.0,backfill
3672,2026-07,40790375.0,backfill
3672,2026-08,40790375.0,backfill
3672,2026-09,40790375.0,backfill
3672,2026-10,40790375.0,snap
3673,2025-09,406663759.0,backfill
3673,2025-10,406663759.0,backfill
3673,2025-11,406663759.0,backfill
3673,2025-12,406663759.0,backfill
3673,2026-01,406663759.0,backfill
3673,2026-02,406663759.0,backfill
3673,2026-03,406663759.0,backfill
3673,2026-04,406663759.0,backfill
3673,2026-05,406663759.0,backfill
3673,2026-06,406663759.0,backfill
3673,2026-07,406663759.0,backfill
3673,2026-08,406663759.0,backfill
3673,2026-09,406663759.0,backfill
3673,2026-10,406663759.0,snap
3675,2025-09,53057923.0,backfill
3675,2025-10,53057923.0,backfill
3675,2025-11,53057923.0,backfill
3675,2025-12,53057923.0,backfill
3675,2026-01,53057923.0,backfill
3675,2026-02,53057923.0,backfill
3675,2026-03,53057923.0,backfill
3675,2026-04,53057923.0,backfill
3675,2026-05,53057923.0,backfill
3675,2026-06,53057923.0,backfill
3675,2026-07,53057923.0,backfill
3675,2026-08,53057923.0,backfill
3675,2026-09,53057923.0,backfill
3675,2026-10,53057923.0,snap
3679,2025-09,63022229.0,backfill
3679,2025-10,63022229.0,backfill
3679,2025-11,63022229.0,backfill
3679,2025-12,63022229.0,backfill
3679,2026-01,63022229.0,backfill
3679,2026-02,63022229.0,backfill
3679,2026-03,63022229.0,backfill
3679,2026-04,63022229.0,backfill
3679,2026-05,63022229.0,backfill
3679,2026-06,63022229.0,backfill
3679,2026-07,63022229.0,backfill
3679,2026-08,63022229.0,backfill
3679,2026-09,63022229.0,backfill
3679,2026-10,63022229.0,snap
3680,2025-09,96211690.0,backfill
3680,2025-10,96211690.0,backfill
3680,2025-11,96211690.0,backfill
3680,2025-12,96211690.0,backfill
3680,2026-01,96211690.0,backfill
3680,2026-02,96211690.0,backfill
3680,2026-03,96211690.0,backfill
3680,2026-04,96211690.0,backfill
3680,2026-05,96211690.0,backfill
3680,2026-06,96211690.0,backfill
3680,2026-07,96211690.0,backfill
3680,2026-08,96211690.0,backfill
3680,2026-09,96211690.0,backfill
3680,2026-10,96211690.0,snap
3684,2025-09,30304737.0,backfill
3684,2025-10,30304737.0,backfill
3684,2025-11,30304737.0,backfill
3684,2025-12,30304737.0,backfill
3684,2026-01,30304737.0,backfill
3684,2026-02,30304737.0,backfill
3684,2026-03,30304737.0,backfill
3684,2026-04,30304737.0,backfill
3684,2026-05,30304737.0,backfill
3684,2026-06,30304737.0,backfill
3684,2026-07,30304737.0,backfill
3684,2026-08,30304737.0,backfill
3684,2026-09,30304737.0,backfill
3684,2026-10,30304737.0,snap
3685,2025-09,79574000.0,backfill
3685,2025-10,79574000.0,backfill
3685,2025-11,79574000.0,backfill
3685,2025-12,79574000.0,backfill
3685,2026-01,79574000.0,backfill
3685,2026-02,79574000.0,backfill
3685,2026-03,79574000.0,backfill
3685,2026-04,79574000.0,backfill
3685,2026-05,79574000.0,backfill
3685,2026-06,79574000.0,backfill
3685,2026-07,79574000.0,backfill
3685,2026-08,79574000.0,backfill
3685,2026-09,79574000.0,backfill
3685,2026-10,79574000.0,snap
3686,2025-09,76495118.0,backfill
3686,2025-10,76495118.0,backfill
3686,2025-11,76495118.0,backfill
3686,2025-12,76495118.0,backfill
3686,2026-01,76495118.0,backfill
3686,2026-02,76495118.0,backfill
3686,2026-03,76495118.0,backfill
3686,2026-04,76495118.0,backfill
3686,2026-05,76495118.0,backfill
3686,2026-06,76495118.0,backfill
3686,2026-07,76495118.0,backfill
3686,2026-08,76495118.0,backfill
3686,2026-09,76495118.0,backfill
3686,2026-10,76495118.0,snap
3687,2025-09,30124059.0,backfill
3687,2025-10,30124059.0,backfill
3687,2025-11,30124059.0,backfill
3687,2025-12,30124059.0,backfill
3687,2026-01,30124059.0,backfill
3687,2026-02,30124059.0,backfill
3687,2026-03,30124059.0,backfill
3687,2026-04,30124059.0,backfill
3687,2026-05,30124059.0,backfill
3687,2026-06,30124059.0,backfill
3687,2026-07,30124059.0,backfill
3687,2026-08,30124059.0,backfill
3687,2026-09,30124059.0,backfill
3687,2026-10,30124059.0,snap
3689,2025-09,89458815.0,backfill
3689,2025-10,89458815.0,backfill
3689,2025-11,89458815.0,backfill
3689,2025-12,89458815.0,backfill
3689,2026-01,89458815.0,backfill
3689,2026-02,89458815.0,backfill
3689,2026-03,89458815.0,backfill
3689,2026-04,89458815.0,backfill
3689,2026-05,89458815.0,backfill
3689,2026-06,89458815.0,backfill
3689,2026-07,89458815.0,backfill
3689,2026-08,89458815.0,backfill
3689,2026-09,89458815.0,backfill
3689,2026-10,89458815.0,snap
3691,2025-09,91883420.0,backfill
3691,2025-10,91883420.0,backfill
3691,2025-11,91883420.0,backfill
3691,2025-12,91883420.0,backfill
3691,2026-01,91883420.0,backfill
3691,2026-02,91883420.0,backfill
3691,2026-03,91883420.0,backfill
3691,2026-04,91883420.0,backfill
3691,2026-05,91883420.0,backfill
3691,2026-06,91883420.0,backfill
3691,2026-07,91883420.0,backfill
3691,2026-08,91883420.0,backfill
3691,2026-09,91883420.0,backfill
3691,2026-10,91883420.0,snap
3693,2025-09,42990694.0,backfill
3693,2025-10,42990694.0,backfill
3693,2025-11,42990694.0,backfill
3693,2025-12,42990694.0,backfill
3693,2026-01,42990694.0,backfill
3693,2026-02,42990694.0,backfill
3693,2026-03,42990694.0,backfill
3693,2026-04,42990694.0,backfill
3693,2026-05,42990694.0,backfill
3693,2026-06,42990694.0,backfill
3693,2026-07,42990694.0,backfill
3693,2026-08,42990694.0,backfill
3693,2026-09,42990694.0,backfill
3693,2026-10,42990694.0,snap
3694,2025-09,154890708.0,backfill
3694,2025-10,154890708.0,backfill
3694,2025-11,154890708.0,backfill
3694,2025-12,154890708.0,backfill
3694,2026-01,154890708.0,backfill
3694,2026-02,154890708.0,backfill
3694,2026-03,154890708.0,backfill
3694,2026-04,154890708.0,backfill
3694,2026-05,154890708.0,backfill
3694,2026-06,154890708.0,backfill
3694,2026-07,154890708.0,backfill
3694,2026-08,154890708.0,backfill
3694,2026-09,154890708.0,backfill
3694,2026-10,154890708.0,snap
3701,2025-09,236668883.0,backfill
3701,2025-10,236668883.0,backfill
3701,2025-11,236668883.0,backfill
3701,2025-12,236668883.0,backfill
3701,2026-01,236668883.0,backfill
3701,2026-02,236668883.0,backfill
3701,2026-03,236668883.0,backfill
3701,2026-04,236668883.0,backfill
3701,2026-05,236668883.0,backfill
3701,2026-06,236668883.0,backfill
3701,2026-07,236668883.0,backfill
3701,2026-08,236668883.0,backfill
3701,2026-09,236668883.0,backfill
3701,2026-10,236668883.0,snap
3702,2025-09,1751374307.0,backfill
3702,2025-10,1751374307.0,backfill
3702,2025-11,1751374307.0,backfill
3702,2025-12,1751374307.0,backfill
3702,2026-01,1751374307.0,backfill
3702,2026-02,1751374307.0,backfill
3702,2026-03,1751374307.0,backfill
3702,2026-04,1751374307.0,backfill
3702,2026-05,1751374307.0,backfill
3702,2026-06,1751374307.0,backfill
3702,2026-07,1751374307.0,backfill
3702,2026-08,1751374307.0,backfill
3702,2026-09,1751374307.0,backfill
3702,2026-10,1751374307.0,snap
3703,2025-09,823215980.0,backfill
3703,2025-10,823215980.0,backfill
3703,2025-11,823215980.0,backfill
3703,2025-12,823215980.0,backfill
3703,2026-01,823215980.0,backfill
3703,2026-02,823215980.0,backfill
3703,2026-03,823215980.0,backfill
3703,2026-04,823215980.0,backfill
3703,2026-05,823215980.0,backfill
3703,2026-06,823215980.0,backfill
3703,2026-07,823215980.0,backfill
3703,2026-08,823215980.0,backfill
3703,2026-09,823215980.0,backfill
3703,2026-10,823215980.0,snap
3704,2025-09,415444970.0,backfill
3704,2025-10,415444970.0,backfill
3704,2025-11,415444970.0,backfill
3704,2025-12,415444970.0,backfill
3704,2026-01,415444970.0,backfill
3704,2026-02,415444970.0,backfill
3704,2026-03,415444970.0,backfill
3704,2026-04,415444970.0,backfill
3704,2026-05,415444970.0,backfill
3704,2026-06,415444970.0,backfill
3704,2026-07,415444970.0,backfill
3704,2026-08,415444970.0,backfill
3704,2026-09,415444970.0,backfill
3704,2026-10,415444970.0,snap
3705,2025-09,266422983.0,backfill
3705,2025-10,266422983.0,backfill
3705,2025-11,266422983.0,backfill
3705,2025-12,266422983.0,backfill
3705,2026-01,266422983.0,backfill
3705,2026-02,266422983.0,backfill
3705,2026-03,266422983.0,backfill
3705,2026-04,266422983.0,backfill
3705,2026-05,266422983.0,backfill
3705,2026-06,266422983.0,backfill
3705,2026-07,266422983.0,backfill
3705,2026-08,266422983.0,backfill
3705,2026-09,266422983.0,backfill
3705,2026-10,266422983.0,snap
3706,2025-09,1327212468.0,backfill
3706,2025-10,1327212468.0,backfill
3706,2025-11,1327212468.0,backfill
3706,2025-12,1327212468.0,backfill
3706,2026-01,1327212468.0,backfill
3706,2026-02,1327212468.0,backfill
3706,2026-03,1327212468.0,backfill
3706,2026-04,1327212468.0,backfill
3706,2026-05,1327212468.0,backfill
3706,2026-06,1327212468.0,backfill
3706,2026-07,1327212468.0,backfill
3706,2026-08,1327212468.0,backfill
3706,2026-09,1327212468.0,backfill
3706,2026-10,1327212468.0,snap
3707,2025-09,400484353.0,backfill
3707,2025-10,400484353.0,backfill
3707,2025-11,400484353.0,backfill
3707,2025-12,400484353.0,backfill
3707,2026-01,400484353.0,backfill
3707,2026-02,400484353.0,backfill
3707,2026-03,400484353.0,backfill
3707,2026-04,400484353.0,backfill
3707,2026-05,400484353.0,backfill
3707,2026-06,400484353.0,backfill
3707,2026-07,400484353.0,backfill
3707,2026-08,400484353.0,backfill
3707,2026-09,400484353.0,backfill
3707,2026-10,400484353.0,snap
3708,2025-09,89842872.0,backfill
3708,2025-10,89842872.0,backfill
3708,2025-11,89842872.0,backfill
3708,2025-12,89842872.0,backfill
3708,2026-01,89842872.0,backfill
3708,2026-02,89842872.0,backfill
3708,2026-03,89842872.0,backfill
3708,2026-04,89842872.0,backfill
3708,2026-05,89842872.0,backfill
3708,2026-06,89842872.0,backfill
3708,2026-07,89842872.0,backfill
3708,2026-08,89842872.0,backfill
3708,2026-09,89842872.0,backfill
3708,2026-10,89842872.0,snap
3709,2025-09,145569450.0,backfill
3709,2025-10,145569450.0,backfill
3709,2025-11,145569450.0,backfill
3709,2025-12,145569450.0,backfill
3709,2026-01,145569450.0,backfill
3709,2026-02,145569450.0,backfill
3709,2026-03,145569450.0,backfill
3709,2026-04,145569450.0,backfill
3709,2026-05,145569450.0,backfill
3709,2026-06,145569450.0,backfill
3709,2026-07,145569450.0,backfill
3709,2026-08,145569450.0,backfill
3709,2026-09,145569450.0,backfill
3709,2026-10,145569450.0,snap
3710,2025-09,177086787.0,backfill
3710,2025-10,177086787.0,backfill
3710,2025-11,177086787.0,backfill
3710,2025-12,177086787.0,backfill
3710,2026-01,177086787.0,backfill
3710,2026-02,177086787.0,backfill
3710,2026-03,177086787.0,backfill
3710,2026-04,177086787.0,backfill
3710,2026-05,177086787.0,backfill
3710,2026-06,177086787.0,backfill
3710,2026-07,177086787.0,backfill
3710,2026-08,177086787.0,backfill
3710,2026-09,177086787.0,backfill
3710,2026-10,177086787.0,snap
3711,2025-09,4470572282.0,backfill
3711,2025-10,4470572282.0,backfill
3711,2025-11,4470572282.0,backfill
3711,2025-12,4470572282.0,backfill
3711,2026-01,4470572282.0,backfill
3711,2026-02,4470572282.0,backfill
3711,2026-03,4470572282.0,backfill
3711,2026-04,4470572282.0,backfill
3711,2026-05,4470572282.0,backfill
3711,2026-06,4470572282.0,backfill
3711,2026-07,4470572282.0,backfill
3711,2026-08,4470572282.0,backfill
3711,2026-09,4470572282.0,backfill
3711,2026-10,4470572282.0,snap
3712,2025-09,246242146.0,backfill
3712,2025-10,246242146.0,backfill
3712,2025-11,246242146.0,backfill
3712,2025-12,246242146.0,backfill
3712,2026-01,246242146.0,backfill
3712,2026-02,246242146.0,backfill
3712,2026-03,246242146.0,backfill
3712,2026-04,246242146.0,backfill
3712,2026-05,246242146.0,backfill
3712,2026-06,246242146.0,backfill
3712,2026-07,246242146.0,backfill
3712,2026-08,246242146.0,backfill
3712,2026-09,246242146.0,backfill
3712,2026-10,246242146.0,snap
3713,2025-09,88099380.0,backfill
3713,2025-10,88099380.0,backfill
3713,2025-11,88099380.0,backfill
3713,2025-12,88099380.0,backfill
3713,2026-01,88099380.0,backfill
3713,2026-02,88099380.0,backfill
3713,2026-03,88099380.0,backfill
3713,2026-04,88099380.0,backfill
3713,2026-05,88099380.0,backfill
3713,2026-06,88099380.0,backfill
3713,2026-07,88099380.0,backfill
3713,2026-08,88099380.0,backfill
3713,2026-09,88099380.0,backfill
3713,2026-10,88099380.0,snap
3714,2025-09,400000000.0,backfill
3714,2025-10,400000000.0,backfill
3714,2025-11,400000000.0,backfill
3714,2025-12,400000000.0,backfill
3714,2026-01,400000000.0,backfill
3714,2026-02,400000000.0,backfill
3714,2026-03,400000000.0,backfill
3714,2026-04,400000000.0,backfill
3714,2026-05,400000000.0,backfill
3714,2026-06,400000000.0,backfill
3714,2026-07,400000000.0,backfill
3714,2026-08,400000000.0,backfill
3714,2026-09,400000000.0,backfill
3714,2026-10,400000000.0,snap
3715,2025-09,283574584.0,backfill
3715,2025-10,283574584.0,backfill
3715,2025-11,283574584.0,backfill
3715,2025-12,283574584.0,backfill
3715,2026-01,283574584.0,backfill
3715,2026-02,283574584.0,backfill
3715,2026-03,283574584.0,backfill
3715,2026-04,283574584.0,backfill
3715,2026-05,283574584.0,backfill
3715,2026-06,283574584.0,backfill
3715,2026-07,283574584.0,backfill
3715,2026-08,283574584.0,backfill
3715,2026-09,283574584.0,backfill
3715,2026-10,283574584.0,snap
3716,2025-09,150579211.0,backfill
3716,2025-10,150579211.0,backfill
3716,2025-11,150579211.0,backfill
3716,2025-12,150579211.0,backfill
3716,2026-01,150579211.0,backfill
3716,2026-02,150579211.0,backfill
3716,2026-03,150579211.0,backfill
3716,2026-04,150579211.0,backfill
3716,2026-05,150579211.0,backfill
3716,2026-06,150579211.0,backfill
3716,2026-07,150579211.0,backfill
3716,2026-08,150579211.0,backfill
3716,2026-09,150579211.0,backfill
3716,2026-10,150579211.0,snap
3717,2025-09,210948286.0,backfill
3717,2025-10,210948286.0,backfill
3717,2025-11,210948286.0,backfill
3717,2025-12,210948286.0,backfill
3717,2026-01,210948286.0,backfill
3717,2026-02,210948286.0,backfill
3717,2026-03,210948286.0,backfill
3717,2026-04,210948286.0,backfill
3717,2026-05,210948286.0,backfill
3717,2026-06,210948286.0,backfill
3717,2026-07,210948286.0,backfill
3717,2026-08,210948286.0,backfill
3717,2026-09,210948286.0,backfill
3717,2026-10,210948286.0,snap
3718,2025-09,390981110.0,backfill
3718,2025-10,390981110.0,backfill
3718,2025-11,390981110.0,backfill
3718,2025-12,390981110.0,backfill
3718,2026-01,390981110.0,backfill
3718,2026-02,390981110.0,backfill
3718,2026-03,390981110.0,backfill
3718,2026-04,390981110.0,backfill
3718,2026-05,390981110.0,backfill
3718,2026-06,390981110.0,backfill
3718,2026-07,390981110.0,backfill
3718,2026-08,390981110.0,backfill
3718,2026-09,390981110.0,backfill
3718,2026-10,390981110.0,snap
4102,2025-09,42373443.0,backfill
4102,2025-10,42373443.0,backfill
4102,2025-11,42373443.0,backfill
4102,2025-12,42373443.0,backfill
4102,2026-01,42373443.0,backfill
4102,2026-02,42373443.0,backfill
4102,2026-03,42373443.0,backfill
4102,2026-04,42373443.0,backfill
4102,2026-05,42373443.0,backfill
4102,2026-06,42373443.0,backfill
4102,2026-07,42373443.0,backfill
4102,2026-08,42373443.0,backfill
4102,2026-09,42373443.0,backfill
4102,2026-10,42373443.0,snap
4104,2025-09,188367456.0,backfill
4104,2025-10,188367456.0,backfill
4104,2025-11,188367456.0,backfill
4104,2025-12,188367456.0,backfill
4104,2026-01,188367456.0,backfill
4104,2026-02,188367456.0,backfill
4104,2026-03,188367456.0,backfill
4104,2026-04,188367456.0,backfill
4104,2026-05,188367456.0,backfill
4104,2026-06,188367456.0,backfill
4104,2026-07,188367456.0,backfill
4104,2026-08,188367456.0,backfill
4104,2026-09,188367456.0,backfill
4104,2026-10,188367456.0,snap
4105,2025-09,248649959.0,backfill
4105,2025-10,248649959.0,backfill
4105,2025-11,248649959.0,backfill
4105,2025-12,248649959.0,backfill
4105,2026-01,248649959.0,backfill
4105,2026-02,248649959.0,backfill
4105,2026-03,248649959.0,backfill
4105,2026-04,248649959.0,backfill
4105,2026-05,248649959.0,backfill
4105,2026-06,248649959.0,backfill
4105,2026-07,248649959.0,backfill
4105,2026-08,248649959.0,backfill
4105,2026-09,248649959.0,backfill
4105,2026-10,248649959.0,snap
4106,2025-09,100911557.0,backfill
4106,2025-10,100911557.0,backfill
4106,2025-11,100911557.0,backfill
4106,2025-12,100911557.0,backfill
4106,2026-01,100911557.0,backfill
4106,2026-02,100911557.0,backfill
4106,2026-03,100911557.0,backfill
4106,2026-04,100911557.0,backfill
4106,2026-05,100911557.0,backfill
4106,2026-06,100911557.0,backfill
4106,2026-07,100911557.0,backfill
4106,2026-08,100911557.0,backfill
4106,2026-09,100911557.0,backfill
4106,2026-10,100911557.0,snap
4107,2025-09,69298336.0,backfill
4107,2025-10,69298336.0,backfill
4107,2025-11,69298336.0,backfill
4107,2025-12,69298336.0,backfill
4107,2026-01,69298336.0,backfill
4107,2026-02,69298336.0,backfill
4107,2026-03,69298336.0,backfill
4107,2026-04,69298336.0,backfill
4107,2026-05,69298336.0,backfill
4107,2026-06,69298336.0,backfill
4107,2026-07,69298336.0,backfill
4107,2026-08,69298336.0,backfill
4107,2026-09,69298336.0,backfill
4107,2026-10,69298336.0,snap
4108,2025-09,198618879.0,backfill
4108,2025-10,198618879.0,backfill
4108,2025-11,198618879.0,backfill
4108,2025-12,198618879.0,backfill
4108,2026-01,198618879.0,backfill
4108,2026-02,198618879.0,backfill
4108,2026-03,198618879.0,backfill
4108,2026-04,198618879.0,backfill
4108,2026-05,198618879.0,backfill
4108,2026-06,198618879.0,backfill
4108,2026-07,198618879.0,backfill
4108,2026-08,198618879.0,backfill
4108,2026-09,198618879.0,backfill
4108,2026-10,198618879.0,snap
4109,2025-09,118736681.0,backfill
4109,2025-10,118736681.0,backfill
4109,2025-11,118736681.0,backfill
4109,2025-12,118736681.0,backfill
4109,2026-01,118736681.0,backfill
4109,2026-02,118736681.0,backfill
4109,2026-03,118736681.0,backfill
4109,2026-04,118736681.0,backfill
4109,2026-05,118736681.0,backfill
4109,2026-06,118736681.0,backfill
4109,2026-07,118736681.0,backfill
4109,2026-08,118736681.0,backfill
4109,2026-09,118736681.0,backfill
4109,2026-10,118736681.0,snap
4111,2025-09,59832135.0,backfill
4111,2025-10,59832135.0,backfill
4111,2025-11,59832135.0,backfill
4111,2025-12,59832135.0,backfill
4111,2026-01,59832135.0,backfill
4111,2026-02,59832135.0,backfill
4111,2026-03,59832135.0,backfill
4111,2026-04,59832135.0,backfill
4111,2026-05,59832135.0,backfill
4111,2026-06,59832135.0,backfill
4111,2026-07,59832135.0,backfill
4111,2026-08,59832135.0,backfill
4111,2026-09,59832135.0,backfill
4111,2026-10,59832135.0,snap
4113,2025-09,231138137.0,backfill
4113,2025-10,231138137.0,backfill
4113,2025-11,231138137.0,backfill
4113,2025-12,231138137.0,backfill
4113,2026-01,231138137.0,backfill
4113,2026-02,231138137.0,backfill
4113,2026-03,231138137.0,backfill
4113,2026-04,231138137.0,backfill
4113,2026-05,231138137.0,backfill
4113,2026-06,231138137.0,backfill
4113,2026-07,231138137.0,backfill
4113,2026-08,231138137.0,backfill
4113,2026-09,231138137.0,backfill
4113,2026-10,231138137.0,snap
4114,2025-09,550429688.0,backfill
4114,2025-10,550429688.0,backfill
4114,2025-11,550429688.0,backfill
4114,2025-12,550429688.0,backfill
4114,2026-01,550429688.0,backfill
4114,2026-02,550429688.0,backfill
4114,2026-03,550429688.0,backfill
4114,2026-04,550429688.0,backfill
4114,2026-05,550429688.0,backfill
4114,2026-06,550429688.0,backfill
4114,2026-07,550429688.0,backfill
4114,2026-08,550429688.0,backfill
4114,2026-09,550429688.0,backfill
4114,2026-10,550429688.0,snap
4116,2025-09,44566000.0,backfill
4116,2025-10,44566000.0,backfill
4116,2025-11,44566000.0,backfill
4116,2025-12,44566000.0,backfill
4116,2026-01,44566000.0,backfill
4116,2026-02,44566000.0,backfill
4116,2026-03,44566000.0,backfill
4116,2026-04,44566000.0,backfill
4116,2026-05,44566000.0,backfill
4116,2026-06,44566000.0,backfill
4116,2026-07,44566000.0,backfill
4116,2026-08,44566000.0,backfill
4116,2026-09,44566000.0,backfill
4116,2026-10,44566000.0,snap
4119,2025-09,119508634.0,backfill
4119,2025-10,119508634.0,backfill
4119,2025-11,119508634.0,backfill
4119,2025-12,119508634.0,backfill
4119,2026-01,119508634.0,backfill
4119,2026-02,119508634.0,backfill
4119,2026-03,119508634.0,backfill
4119,2026-04,119508634.0,backfill
4119,2026-05,119508634.0,backfill
4119,2026-06,119508634.0,backfill
4119,2026-07,119508634.0,backfill
4119,2026-08,119508634.0,backfill
4119,2026-09,119508634.0,backfill
4119,2026-10,119508634.0,snap
4120,2025-09,86747119.0,backfill
4120,2025-10,86747119.0,backfill
4120,2025-11,86747119.0,backfill
4120,2025-12,86747119.0,backfill
4120,2026-01,86747119.0,backfill
4120,2026-02,86747119.0,backfill
4120,2026-03,86747119.0,backfill
4120,2026-04,86747119.0,backfill
4120,2026-05,86747119.0,backfill
4120,2026-06,86747119.0,backfill
4120,2026-07,86747119.0,backfill
4120,2026-08,86747119.0,backfill
4120,2026-09,86747119.0,backfill
4120,2026-10,86747119.0,snap
4121,2025-09,83111045.0,backfill
4121,2025-10,83111045.0,backfill
4121,2025-11,83111045.0,backfill
4121,2025-12,83111045.0,backfill
4121,2026-01,83111045.0,backfill
4121,2026-02,83111045.0,backfill
4121,2026-03,83111045.0,backfill
4121,2026-04,83111045.0,backfill
4121,2026-05,83111045.0,backfill
4121,2026-06,83111045.0,backfill
4121,2026-07,83111045.0,backfill
4121,2026-08,83111045.0,backfill
4121,2026-09,83111045.0,backfill
4121,2026-10,83111045.0,snap
4123,2025-09,807456341.0,backfill
4123,2025-10,807456341.0,backfill
4123,2025-11,807456341.0,backfill
4123,2025-12,807456341.0,backfill
4123,2026-01,807456341.0,backfill
4123,2026-02,807456341.0,backfill
4123,2026-03,807456341.0,backfill
4123,2026-04,807456341.0,backfill
4123,2026-05,807456341.0,backfill
4123,2026-06,807456341.0,backfill
4123,2026-07,807456341.0,backfill
4123,2026-08,807456341.0,backfill
4123,2026-09,807456341.0,backfill
4123,2026-10,807456341.0,snap
4126,2025-09,72600000.0,backfill
4126,2025-10,72600000.0,backfill
4126,2025-11,72600000.0,backfill
4126,2025-12,72600000.0,backfill
4126,2026-01,72600000.0,backfill
4126,2026-02,72600000.0,backfill
4126,2026-03,72600000.0,backfill
4126,2026-04,72600000.0,backfill
4126,2026-05,72600000.0,backfill
4126,2026-06,72600000.0,backfill
4126,2026-07,72600000.0,backfill
4126,2026-08,72600000.0,backfill
4126,2026-09,72600000.0,backfill
4126,2026-10,72600000.0,snap
4127,2025-09,45760000.0,backfill
4127,2025-10,45760000.0,backfill
4127,2025-11,45760000.0,backfill
4127,2025-12,45760000.0,backfill
4127,2026-01,45760000.0,backfill
4127,2026-02,45760000.0,backfill
4127,2026-03,45760000.0,backfill
4127,2026-04,45760000.0,backfill
4127,2026-05,45760000.0,backfill
4127,2026-06,45760000.0,backfill
4127,2026-07,45760000.0,backfill
4127,2026-08,45760000.0,backfill
4127,2026-09,45760000.0,backfill
4127,2026-10,45760000.0,snap
4128,2025-09,588170597.0,backfill
4128,2025-10,588170597.0,backfill
4128,2025-11,588170597.0,backfill
4128,2025-12,588170597.0,backfill
4128,2026-01,588170597.0,backfill
4128,2026-02,588170597.0,backfill
4128,2026-03,588170597.0,backfill
4128,2026-04,588170597.0,backfill
4128,2026-05,588170597.0,backfill
4128,2026-06,588170597.0,backfill
4128,2026-07,588170597.0,backfill
4128,2026-08,588170597.0,backfill
4128,2026-09,588170597.0,backfill
4128,2026-10,588170597.0,snap
4129,2025-09,96437650.0,backfill
4129,2025-10,96437650.0,backfill
4129,2025-11,96437650.0,backfill
4129,2025-12,96437650.0,backfill
4129,2026-01,96437650.0,backfill
4129,2026-02,96437650.0,backfill
4129,2026-03,96437650.0,backfill
4129,2026-04,96437650.0,backfill
4129,2026-05,96437650.0,backfill
4129,2026-06,96437650.0,backfill
4129,2026-07,96437650.0,backfill
4129,2026-08,96437650.0,backfill
4129,2026-09,96437650.0,backfill
4129,2026-10,96437650.0,snap
4131,2025-09,39857000.0,backfill
4131,2025-10,39857000.0,backfill
4131,2025-11,39857000.0,backfill
4131,2025-12,39857000.0,backfill
4131,2026-01,39857000.0,backfill
4131,2026-02,39857000.0,backfill
4131,2026-03,39857000.0,backfill
4131,2026-04,39857000.0,backfill
4131,2026-05,39857000.0,backfill
4131,2026-06,39857000.0,backfill
4131,2026-07,39857000.0,backfill
4131,2026-08,39857000.0,backfill
4131,2026-09,39857000.0,backfill
4131,2026-10,39857000.0,snap
4133,2025-09,60553594.0,backfill
4133,2025-10,60553594.0,backfill
4133,2025-11,60553594.0,backfill
4133,2025-12,60553594.0,backfill
4133,2026-01,60553594.0,backfill
4133,2026-02,60553594.0,backfill
4133,2026-03,60553594.0,backfill
4133,2026-04,60553594.0,backfill
4133,2026-05,60553594.0,backfill
4133,2026-06,60553594.0,backfill
4133,2026-07,60553594.0,backfill
4133,2026-08,60553594.0,backfill
4133,2026-09,60553594.0,backfill
4133,2026-10,60553594.0,snap
4137,2025-09,82492350.0,backfill
4137,2025-10,82492350.0,backfill
4137,2025-11,82492350.0,backfill
4137,2025-12,82492350.0,backfill
4137,2026-01,82492350.0,backfill
4137,2026-02,82492350.0,backfill
4137,2026-03,82492350.0,backfill
4137,2026-04,82492350.0,backfill
4137,2026-05,82492350.0,backfill
4137,2026-06,82492350.0,backfill
4137,2026-07,82492350.0,backfill
4137,2026-08,82492350.0,backfill
4137,2026-09,82492350.0,backfill
4137,2026-10,82492350.0,snap
4138,2025-09,39930000.0,backfill
4138,2025-10,39930000.0,backfill
4138,2025-11,39930000.0,backfill
4138,2025-12,39930000.0,backfill
4138,2026-01,39930000.0,backfill
4138,2026-02,39930000.0,backfill
4138,2026-03,39930000.0,backfill
4138,2026-04,39930000.0,backfill
4138,2026-05,39930000.0,backfill
4138,2026-06,39930000.0,backfill
4138,2026-07,39930000.0,backfill
4138,2026-08,39930000.0,backfill
4138,2026-09,39930000.0,backfill
4138,2026-10,39930000.0,snap
4139,2025-09,45009911.0,backfill
4139,2025-10,45009911.0,backfill
4139,2025-11,45009911.0,backfill
4139,2025-12,45009911.0,backfill
4139,2026-01,45009911.0,backfill
4139,2026-02,45009911.0,backfill
4139,2026-03,45009911.0,backfill
4139,2026-04,45009911.0,backfill
4139,2026-05,45009911.0,backfill
4139,2026-06,45009911.0,backfill
4139,2026-07,45009911.0,backfill
4139,2026-08,45009911.0,backfill
4139,2026-09,45009911.0,backfill
4139,2026-10,45009911.0,snap
4142,2025-09,429507750.0,backfill
4142,2025-10,429507750.0,backfill
4142,2025-11,429507750.0,backfill
4142,2025-12,429507750.0,backfill
4142,2026-01,429507750.0,backfill
4142,2026-02,429507750.0,backfill
4142,2026-03,429507750.0,backfill
4142,2026-04,429507750.0,backfill
4142,2026-05,429507750.0,backfill
4142,2026-06,429507750.0,backfill
4142,2026-07,429507750.0,backfill
4142,2026-08,429507750.0,backfill
4142,2026-09,429507750.0,backfill
4142,2026-10,429507750.0,snap
4147,2025-09,273202425.0,backfill
4147,2025-10,273202425.0,backfill
4147,2025-11,273202425.0,backfill
4147,2025-12,273202425.0,backfill
4147,2026-01,273202425.0,backfill
4147,2026-02,273202425.0,backfill
4147,2026-03,273202425.0,backfill
4147,2026-04,273202425.0,backfill
4147,2026-05,273202425.0,backfill
4147,2026-06,273202425.0,backfill
4147,2026-07,273202425.0,backfill
4147,2026-08,273202425.0,backfill
4147,2026-09,273202425.0,backfill
4147,2026-10,273202425.0,snap
4148,2025-09,67235701.0,backfill
4148,2025-10,67235701.0,backfill
4148,2025-11,67235701.0,backfill
4148,2025-12,67235701.0,backfill
4148,2026-01,67235701.0,backfill
4148,2026-02,67235701.0,backfill
4148,2026-03,67235701.0,backfill
4148,2026-04,67235701.0,backfill
4148,2026-05,67235701.0,backfill
4148,2026-06,67235701.0,backfill
4148,2026-07,67235701.0,backfill
4148,2026-08,67235701.0,backfill
4148,2026-09,67235701.0,backfill
4148,2026-10,67235701.0,snap
4153,2025-09,58668197.0,backfill
4153,2025-10,58668197.0,backfill
4153,2025-11,58668197.0,backfill
4153,2025-12,58668197.0,backfill
4153,2026-01,58668197.0,backfill
4153,2026-02,58668197.0,backfill
4153,2026-03,58668197.0,backfill
4153,2026-04,58668197.0,backfill
4153,2026-05,58668197.0,backfill
4153,2026-06,58668197.0,backfill
4153,2026-07,58668197.0,backfill
4153,2026-08,58668197.0,backfill
4153,2026-09,58668197.0,backfill
4153,2026-10,58668197.0,snap
4154,2025-09,38390000.0,backfill
4154,2025-10,38390000.0,backfill
4154,2025-11,38390000.0,backfill
4154,2025-12,38390000.0,backfill
4154,2026-01,38390000.0,backfill
4154,2026-02,38390000.0,backfill
4154,2026-03,38390000.0,backfill
4154,2026-04,38390000.0,backfill
4154,2026-05,38390000.0,backfill
4154,2026-06,38390000.0,backfill
4154,2026-07,38390000.0,backfill
4154,2026-08,38390000.0,backfill
4154,2026-09,38390000.0,backfill
4154,2026-10,38390000.0,snap
4155,2025-09,125186998.0,backfill
4155,2025-10,125186998.0,backfill
4155,2025-11,125186998.0,backfill
4155,2025-12,125186998.0,backfill
4155,2026-01,125186998.0,backfill
4155,2026-02,125186998.0,backfill
4155,2026-03,125186998.0,backfill
4155,2026-04,125186998.0,backfill
4155,2026-05,125186998.0,backfill
4155,2026-06,125186998.0,backfill
4155,2026-07,125186998.0,backfill
4155,2026-08,125186998.0,backfill
4155,2026-09,125186998.0,backfill
4155,2026-10,125186998.0,snap
4157,2025-09,711833575.0,backfill
4157,2025-10,711833575.0,backfill
4157,2025-11,711833575.0,backfill
4157,2025-12,711833575.0,backfill
4157,2026-01,711833575.0,backfill
4157,2026-02,711833575.0,backfill
4157,2026-03,711833575.0,backfill
4157,2026-04,711833575.0,backfill
4157,2026-05,711833575.0,backfill
4157,2026-06,711833575.0,backfill
4157,2026-07,711833575.0,backfill
4157,2026-08,711833575.0,backfill
4157,2026-09,711833575.0,backfill
4157,2026-10,711833575.0,snap
4160,2025-09,28013734.0,backfill
4160,2025-10,28013734.0,backfill
4160,2025-11,28013734.0,backfill
4160,2025-12,28013734.0,backfill
4160,2026-01,28013734.0,backfill
4160,2026-02,28013734.0,backfill
4160,2026-03,28013734.0,backfill
4160,2026-04,28013734.0,backfill
4160,2026-05,28013734.0,backfill
4160,2026-06,28013734.0,backfill
4160,2026-07,28013734.0,backfill
4160,2026-08,28013734.0,backfill
4160,2026-09,28013734.0,backfill
4160,2026-10,28013734.0,snap
4161,2025-09,59798204.0,backfill
4161,2025-10,59798204.0,backfill
4161,2025-11,59798204.0,backfill
4161,2025-12,59798204.0,backfill
4161,2026-01,59798204.0,backfill
4161,2026-02,59798204.0,backfill
4161,2026-03,59798204.0,backfill
4161,2026-04,59798204.0,backfill
4161,2026-05,59798204.0,backfill
4161,2026-06,59798204.0,backfill
4161,2026-07,59798204.0,backfill
4161,2026-08,59798204.0,backfill
4161,2026-09,59798204.0,backfill
4161,2026-10,59798204.0,snap
4162,2025-09,143677640.0,backfill
4162,2025-10,143677640.0,backfill
4162,2025-11,143677640.0,backfill
4162,2025-12,143677640.0,backfill
4162,2026-01,143677640.0,backfill
4162,2026-02,143677640.0,backfill
4162,2026-03,143677640.0,backfill
4162,2026-04,143677640.0,backfill
4162,2026-05,143677640.0,backfill
4162,2026-06,143677640.0,backfill
4162,2026-07,143677640.0,backfill
4162,2026-08,143677640.0,backfill
4162,2026-09,143677640.0,backfill
4162,2026-10,143677640.0,snap
4163,2025-09,50675143.0,backfill
4163,2025-10,50675143.0,backfill
4163,2025-11,50675143.0,backfill
4163,2025-12,50675143.0,backfill
4163,2026-01,50675143.0,backfill
4163,2026-02,50675143.0,backfill
4163,2026-03,50675143.0,backfill
4163,2026-04,50675143.0,backfill
4163,2026-05,50675143.0,backfill
4163,2026-06,50675143.0,backfill
4163,2026-07,50675143.0,backfill
4163,2026-08,50675143.0,backfill
4163,2026-09,50675143.0,backfill
4163,2026-10,50675143.0,snap
4164,2025-09,195310989.0,backfill
4164,2025-10,195310989.0,backfill
4164,2025-11,195310989.0,backfill
4164,2025-12,195310989.0,backfill
4164,2026-01,195310989.0,backfill
4164,2026-02,195310989.0,backfill
4164,2026-03,195310989.0,backfill
4164,2026-04,195310989.0,backfill
4164,2026-05,195310989.0,backfill
4164,2026-06,195310989.0,backfill
4164,2026-07,195310989.0,backfill
4164,2026-08,195310989.0,backfill
4164,2026-09,195310989.0,backfill
4164,2026-10,195310989.0,snap
4166,2025-09,243035089.0,backfill
4166,2025-10,243035089.0,backfill
4166,2025-11,243035089.0,backfill
4166,2025-12,243035089.0,backfill
4166,2026-01,243035089.0,backfill
4166,2026-02,243035089.0,backfill
4166,2026-03,243035089.0,backfill
4166,2026-04,243035089.0,backfill
4166,2026-05,243035089.0,backfill
4166,2026-06,243035089.0,backfill
4166,2026-07,243035089.0,backfill
4166,2026-08,243035089.0,backfill
4166,2026-09,243035089.0,backfill
4166,2026-10,243035089.0,snap
4167,2025-09,331554307.0,backfill
4167,2025-10,331554307.0,backfill
4167,2025-11,331554307.0,backfill
4167,2025-12,331554307.0,backfill
4167,2026-01,331554307.0,backfill
4167,2026-02,331554307.0,backfill
4167,2026-03,331554307.0,backfill
4167,2026-04,331554307.0,backfill
4167,2026-05,331554307.0,backfill
4167,2026-06,331554307.0,backfill
4167,2026-07,331554307.0,backfill
4167,2026-08,331554307.0,backfill
4167,2026-09,331554307.0,backfill
4167,2026-10,331554307.0,snap
4168,2025-09,112521318.0,backfill
4168,2025-10,112521318.0,backfill
4168,2025-11,112521318.0,backfill
4168,2025-12,112521318.0,backfill
4168,2026-01,112521318.0,backfill
4168,2026-02,112521318.0,backfill
4168,2026-03,112521318.0,backfill
4168,2026-04,112521318.0,backfill
4168,2026-05,112521318.0,backfill
4168,2026-06,112521318.0,backfill
4168,2026-07,112521318.0,backfill
4168,2026-08,112521318.0,backfill
4168,2026-09,112521318.0,backfill
4168,2026-10,112521318.0,snap
4169,2025-09,66431612.0,backfill
4169,2025-10,66431612.0,backfill
4169,2025-11,66431612.0,backfill
4169,2025-12,66431612.0,backfill
4169,2026-01,66431612.0,backfill
4169,2026-02,66431612.0,backfill
4169,2026-03,66431612.0,backfill
4169,2026-04,66431612.0,backfill
4169,2026-05,66431612.0,backfill
4169,2026-06,66431612.0,backfill
4169,2026-07,66431612.0,backfill
4169,2026-08,66431612.0,backfill
4169,2026-09,66431612.0,backfill
4169,2026-10,66431612.0,snap
4171,2025-09,58057469.0,backfill
4171,2025-10,58057469.0,backfill
4171,2025-11,58057469.0,backfill
4171,2025-12,58057469.0,backfill
4171,2026-01,58057469.0,backfill
4171,2026-02,58057469.0,backfill
4171,2026-03,58057469.0,backfill
4171,2026-04,58057469.0,backfill
4171,2026-05,58057469.0,backfill
4171,2026-06,58057469.0,backfill
4171,2026-07,58057469.0,backfill
4171,2026-08,58057469.0,backfill
4171,2026-09,58057469.0,backfill
4171,2026-10,58057469.0,snap
4173,2025-09,74574355.0,backfill
4173,2025-10,74574355.0,backfill
4173,2025-11,74574355.0,backfill
4173,2025-12,74574355.0,backfill
4173,2026-01,74574355.0,backfill
4173,2026-02,74574355.0,backfill
4173,2026-03,74574355.0,backfill
4173,2026-04,74574355.0,backfill
4173,2026-05,74574355.0,backfill
4173,2026-06,74574355.0,backfill
4173,2026-07,74574355.0,backfill
4173,2026-08,74574355.0,backfill
4173,2026-09,74574355.0,backfill
4173,2026-10,74574355.0,snap
4174,2025-09,131579687.0,backfill
4174,2025-10,131579687.0,backfill
4174,2025-11,131579687.0,backfill
4174,2025-12,131579687.0,backfill
4174,2026-01,131579687.0,backfill
4174,2026-02,131579687.0,backfill
4174,2026-03,131579687.0,backfill
4174,2026-04,131579687.0,backfill
4174,2026-05,131579687.0,backfill
4174,2026-06,131579687.0,backfill
4174,2026-07,131579687.0,backfill
4174,2026-08,131579687.0,backfill
4174,2026-09,131579687.0,backfill
4174,2026-10,131579687.0,snap
4175,2025-09,42323307.0,backfill
4175,2025-10,42323307.0,backfill
4175,2025-11,42323307.0,backfill
4175,2025-12,42323307.0,backfill
4175,2026-01,42323307.0,backfill
4175,2026-02,42323307.0,backfill
4175,2026-03,42323307.0,backfill
4175,2026-04,42323307.0,backfill
4175,2026-05,42323307.0,backfill
4175,2026-06,42323307.0,backfill
4175,2026-07,42323307.0,backfill
4175,2026-08,42323307.0,backfill
4175,2026-09,42323307.0,backfill
4175,2026-10,42323307.0,snap
4178,2025-09,215866981.0,backfill
4178,2025-10,215866981.0,backfill
4178,2025-11,215866981.0,backfill
4178,2025-12,215866981.0,backfill
4178,2026-01,215866981.0,backfill
4178,2026-02,215866981.0,backfill
4178,2026-03,215866981.0,backfill
4178,2026-04,215866981.0,backfill
4178,2026-05,215866981.0,backfill
4178,2026-06,215866981.0,backfill
4178,2026-07,215866981.0,backfill
4178,2026-08,215866981.0,backfill
4178,2026-09,215866981.0,backfill
4178,2026-10,215866981.0,snap
4183,2025-09,23800000.0,backfill
4183,2025-10,23800000.0,backfill
4183,2025-11,23800000.0,backfill
4183,2025-12,23800000.0,backfill
4183,2026-01,23800000.0,backfill
4183,2026-02,23800000.0,backfill
4183,2026-03,23800000.0,backfill
4183,2026-04,23800000.0,backfill
4183,2026-05,23800000.0,backfill
4183,2026-06,23800000.0,backfill
4183,2026-07,23800000.0,backfill
4183,2026-08,23800000.0,backfill
4183,2026-09,23800000.0,backfill
4183,2026-10,23800000.0,snap
4188,2025-09,63332900.0,backfill
4188,2025-10,63332900.0,backfill
4188,2025-11,63332900.0,backfill
4188,2025-12,63332900.0,backfill
4188,2026-01,63332900.0,backfill
4188,2026-02,63332900.0,backfill
4188,2026-03,63332900.0,backfill
4188,2026-04,63332900.0,backfill
4188,2026-05,63332900.0,backfill
4188,2026-06,63332900.0,backfill
4188,2026-07,63332900.0,backfill
4188,2026-08,63332900.0,backfill
4188,2026-09,63332900.0,backfill
4188,2026-10,63332900.0,snap
4190,2025-09,61262957.0,backfill
4190,2025-10,61262957.0,backfill
4190,2025-11,61262957.0,backfill
4190,2025-12,61262957.0,backfill
4190,2026-01,61262957.0,backfill
4190,2026-02,61262957.0,backfill
4190,2026-03,61262957.0,backfill
4190,2026-04,61262957.0,backfill
4190,2026-05,61262957.0,backfill
4190,2026-06,61262957.0,backfill
4190,2026-07,61262957.0,backfill
4190,2026-08,61262957.0,backfill
4190,2026-09,61262957.0,backfill
4190,2026-10,61262957.0,snap
4192,2025-09,35164500.0,backfill
4192,2025-10,35164500.0,backfill
4192,2025-11,35164500.0,backfill
4192,2025-12,35164500.0,backfill
4192,2026-01,35164500.0,backfill
4192,2026-02,35164500.0,backfill
4192,2026-03,35164500.0,backfill
4192,2026-04,35164500.0,backfill
4192,2026-05,35164500.0,backfill
4192,2026-06,35164500.0,backfill
4192,2026-07,35164500.0,backfill
4192,2026-08,35164500.0,backfill
4192,2026-09,35164500.0,backfill
4192,2026-10,35164500.0,snap
4195,2025-09,80000057.0,backfill
4195,2025-10,80000057.0,backfill
4195,2025-11,80000057.0,backfill
4195,2025-12,80000057.0,backfill
4195,2026-01,80000057.0,backfill
4195,2026-02,80000057.0,backfill
4195,2026-03,80000057.0,backfill
4195,2026-04,80000057.0,backfill
4195,2026-05,80000057.0,backfill
4195,2026-06,80000057.0,backfill
4195,2026-07,80000057.0,backfill
4195,2026-08,80000057.0,backfill
4195,2026-09,80000057.0,backfill
4195,2026-10,80000057.0,snap
4198,2025-09,24108000.0,backfill
4198,2025-10,24108000.0,backfill
4198,2025-11,24108000.0,backfill
4198,2025-12,24108000.0,backfill
4198,2026-01,24108000.0,backfill
4198,2026-02,24108000.0,backfill
4198,2026-03,24108000.0,backfill
4198,2026-04,24108000.0,backfill
4198,2026-05,24108000.0,backfill
4198,2026-06,24108000.0,backfill
4198,2026-07,24108000.0,backfill
4198,2026-08,24108000.0,backfill
4198,2026-09,24108000.0,backfill
4198,2026-10,24108000.0,snap
4205,2025-09,97649228.0,backfill
4205,2025-10,97649228.0,backfill
4205,2025-11,97649228.0,backfill
4205,2025-12,97649228.0,backfill
4205,2026-01,97649228.0,backfill
4205,2026-02,97649228.0,backfill
4205,2026-03,97649228.0,backfill
4205,2026-04,97649228.0,backfill
4205,2026-05,97649228.0,backfill
4205,2026-06,97649228.0,backfill
4205,2026-07,97649228.0,backfill
4205,2026-08,97649228.0,backfill
4205,2026-09,97649228.0,backfill
4205,2026-10,97649228.0,snap
4207,2025-09,188611108.0,backfill
4207,2025-10,188611108.0,backfill
4207,2025-11,188611108.0,backfill
4207,2025-12,188611108.0,backfill
4207,2026-01,188611108.0,backfill
4207,2026-02,188611108.0,backfill
4207,2026-03,188611108.0,backfill
4207,2026-04,188611108.0,backfill
4207,2026-05,188611108.0,backfill
4207,2026-06,188611108.0,backfill
4207,2026-07,188611108.0,backfill
4207,2026-08,188611108.0,backfill
4207,2026-09,188611108.0,backfill
4207,2026-10,188611108.0,snap
4303,2025-09,132447444.0,backfill
4303,2025-10,132447444.0,backfill
4303,2025-11,132447444.0,backfill
4303,2025-12,132447444.0,backfill
4303,2026-01,132447444.0,backfill
4303,2026-02,132447444.0,backfill
4303,2026-03,132447444.0,backfill
4303,2026-04,132447444.0,backfill
4303,2026-05,132447444.0,backfill
4303,2026-06,132447444.0,backfill
4303,2026-07,132447444.0,backfill
4303,2026-08,132447444.0,backfill
4303,2026-09,132447444.0,backfill
4303,2026-10,132447444.0,snap
4304,2025-09,61038065.0,backfill
4304,2025-10,61038065.0,backfill
4304,2025-11,61038065.0,backfill
4304,2025-12,61038065.0,backfill
4304,2026-01,61038065.0,backfill
4304,2026-02,61038065.0,backfill
4304,2026-03,61038065.0,backfill
4304,2026-04,61038065.0,backfill
4304,2026-05,61038065.0,backfill
4304,2026-06,61038065.0,backfill
4304,2026-07,61038065.0,backfill
4304,2026-08,61038065.0,backfill
4304,2026-09,61038065.0,backfill
4304,2026-10,61038065.0,snap
4305,2025-09,55014000.0,backfill
4305,2025-10,55014000.0,backfill
4305,2025-11,55014000.0,backfill
4305,2025-12,55014000.0,backfill
4305,2026-01,55014000.0,backfill
4305,2026-02,55014000.0,backfill
4305,2026-03,55014000.0,backfill
4305,2026-04,55014000.0,backfill
4305,2026-05,55014000.0,backfill
4305,2026-06,55014000.0,backfill
4305,2026-07,55014000.0,backfill
4305,2026-08,55014000.0,backfill
4305,2026-09,55014000.0,backfill
4305,2026-10,55014000.0,snap
4306,2025-09,676757216.0,backfill
4306,2025-10,676757216.0,backfill
4306,2025-11,676757216.0,backfill
4306,2025-12,676757216.0,backfill
4306,2026-01,676757216.0,backfill
4306,2026-02,676757216.0,backfill
4306,2026-03,676757216.0,backfill
4306,2026-04,676757216.0,backfill
4306,2026-05,676757216.0,backfill
4306,2026-06,676757216.0,backfill
4306,2026-07,676757216.0,backfill
4306,2026-08,676757216.0,backfill
4306,2026-09,676757216.0,backfill
4306,2026-10,676757216.0,snap
4401,2025-09,122692012.0,backfill
4401,2025-10,122692012.0,backfill
4401,2025-11,122692012.0,backfill
4401,2025-12,122692012.0,backfill
4401,2026-01,122692012.0,backfill
4401,2026-02,122692012.0,backfill
4401,2026-03,122692012.0,backfill
4401,2026-04,122692012.0,backfill
4401,2026-05,122692012.0,backfill
4401,2026-06,122692012.0,backfill
4401,2026-07,122692012.0,backfill
4401,2026-08,122692012.0,backfill
4401,2026-09,122692012.0,backfill
4401,2026-10,122692012.0,snap
4402,2025-09,67991830.0,backfill
4402,2025-10,67991830.0,backfill
4402,2025-11,67991830.0,backfill
4402,2025-12,67991830.0,backfill
4402,2026-01,67991830.0,backfill
4402,2026-02,67991830.0,backfill
4402,2026-03,67991830.0,backfill
4402,2026-04,67991830.0,backfill
4402,2026-05,67991830.0,backfill
4402,2026-06,67991830.0,backfill
4402,2026-07,67991830.0,backfill
4402,2026-08,67991830.0,backfill
4402,2026-09,67991830.0,backfill
4402,2026-10,67991830.0,snap
4406,2025-09,51912000.0,backfill
4406,2025-10,51912000.0,backfill
4406,2025-11,51912000.0,backfill
4406,2025-12,51912000.0,backfill
4406,2026-01,51912000.0,backfill
4406,2026-02,51912000.0,backfill
4406,2026-03,51912000.0,backfill
4406,2026-04,51912000.0,backfill
4406,2026-05,51912000.0,backfill
4406,2026-06,51912000.0,backfill
4406,2026-07,51912000.0,backfill
4406,2026-08,51912000.0,backfill
4406,2026-09,51912000.0,backfill
4406,2026-10,51912000.0,snap
4413,2025-09,31314689.0,backfill
4413,2025-10,31314689.0,backfill
4413,2025-11,31314689.0,backfill
4413,2025-12,31314689.0,backfill
4413,2026-01,31314689.0,backfill
4413,2026-02,31314689.0,backfill
4413,2026-03,31314689.0,backfill
4413,2026-04,31314689.0,backfill
4413,2026-05,31314689.0,backfill
4413,2026-06,31314689.0,backfill
4413,2026-07,31314689.0,backfill
4413,2026-08,31314689.0,backfill
4413,2026-09,31314689.0,backfill
4413,2026-10,31314689.0,snap
4414,2025-09,263795773.0,backfill
4414,2025-10,263795773.0,backfill
4414,2025-11,263795773.0,backfill
4414,2025-12,263795773.0,backfill
4414,2026-01,263795773.0,backfill
4414,2026-02,263795773.0,backfill
4414,2026-03,263795773.0,backfill
4414,2026-04,263795773.0,backfill
4414,2026-05,263795773.0,backfill
4414,2026-06,263795773.0,backfill
4414,2026-07,263795773.0,backfill
4414,2026-08,263795773.0,backfill
4414,2026-09,263795773.0,backfill
4414,2026-10,263795773.0,snap
4416,2025-09,73586213.0,backfill
4416,2025-10,73586213.0,backfill
4416,2025-11,73586213.0,backfill
4416,2025-12,73586213.0,backfill
4416,2026-01,73586213.0,backfill
4416,2026-02,73586213.0,backfill
4416,2026-03,73586213.0,backfill
4416,2026-04,73586213.0,backfill
4416,2026-05,73586213.0,backfill
4416,2026-06,73586213.0,backfill
4416,2026-07,73586213.0,backfill
4416,2026-08,73586213.0,backfill
4416,2026-09,73586213.0,backfill
4416,2026-10,73586213.0,snap
4417,2025-09,83971399.0,backfill
4417,2025-10,83971399.0,backfill
4417,2025-11,83971399.0,backfill
4417,2025-12,83971399.0,backfill
4417,2026-01,83971399.0,backfill
4417,2026-02,83971399.0,backfill
4417,2026-03,83971399.0,backfill
4417,2026-04,83971399.0,backfill
4417,2026-05,83971399.0,backfill
4417,2026-06,83971399.0,backfill
4417,2026-07,83971399.0,backfill
4417,2026-08,83971399.0,backfill
4417,2026-09,83971399.0,backfill
4417,2026-10,83971399.0,snap
4419,2025-09,169163133.0,backfill
4419,2025-10,169163133.0,backfill
4419,2025-11,169163133.0,backfill
4419,2025-12,169163133.0,backfill
4419,2026-01,169163133.0,backfill
4419,2026-02,169163133.0,backfill
4419,2026-03,169163133.0,backfill
4419,2026-04,169163133.0,backfill
4419,2026-05,169163133.0,backfill
4419,2026-06,169163133.0,backfill
4419,2026-07,169163133.0,backfill
4419,2026-08,169163133.0,backfill
4419,2026-09,169163133.0,backfill
4419,2026-10,169163133.0,snap
4420,2025-09,40455000.0,backfill
4420,2025-10,40455000.0,backfill
4420,2025-11,40455000.0,backfill
4420,2025-12,40455000.0,backfill
4420,2026-01,40455000.0,backfill
4420,2026-02,40455000.0,backfill
4420,2026-03,40455000.0,backfill
4420,2026-04,40455000.0,backfill
4420,2026-05,40455000.0,backfill
4420,2026-06,40455000.0,backfill
4420,2026-07,40455000.0,backfill
4420,2026-08,40455000.0,backfill
4420,2026-09,40455000.0,backfill
4420,2026-10,40455000.0,snap
4426,2025-09,172677198.0,backfill
4426,2025-10,172677198.0,backfill
4426,2025-11,172677198.0,backfill
4426,2025-12,172677198.0,backfill
4426,2026-01,172677198.0,backfill
4426,2026-02,172677198.0,backfill
4426,2026-03,172677198.0,backfill
4426,2026-04,172677198.0,backfill
4426,2026-05,172677198.0,backfill
4426,2026-06,172677198.0,backfill
4426,2026-07,172677198.0,backfill
4426,2026-08,172677198.0,backfill
4426,2026-09,172677198.0,backfill
4426,2026-10,172677198.0,snap
4430,2025-09,56273609.0,backfill
4430,2025-10,56273609.0,backfill
4430,2025-11,56273609.0,backfill
4430,2025-12,56273609.0,backfill
4430,2026-01,56273609.0,backfill
4430,2026-02,56273609.0,backfill
4430,2026-03,56273609.0,backfill
4430,2026-04,56273609.0,backfill
4430,2026-05,56273609.0,backfill
4430,2026-06,56273609.0,backfill
4430,2026-07,56273609.0,backfill
4430,2026-08,56273609.0,backfill
4430,2026-09,56273609.0,backfill
4430,2026-10,56273609.0,snap
4432,2025-09,50589000.0,backfill
4432,2025-10,50589000.0,backfill
4432,2025-11,50589000.0,backfill
4432,2025-12,50589000.0,backfill
4432,2026-01,50589000.0,backfill
4432,2026-02,50589000.0,backfill
4432,2026-03,50589000.0,backfill
4432,2026-04,50589000.0,backfill
4432,2026-05,50589000.0,backfill
4432,2026-06,50589000.0,backfill
4432,2026-07,50589000.0,backfill
4432,2026-08,50589000.0,backfill
4432,2026-09,50589000.0,backfill
4432,2026-10,50589000.0,snap
4433,2025-09,61299774.0,backfill
4433,2025-10,61299774.0,backfill
4433,2025-11,61299774.0,backfill
4433,2025-12,61299774.0,backfill
4433,2026-01,61299774.0,backfill
4433,2026-02,61299774.0,backfill
4433,2026-03,61299774.0,backfill
4433,2026-04,61299774.0,backfill
4433,2026-05,61299774.0,backfill
4433,2026-06,61299774.0,backfill
4433,2026-07,61299774.0,backfill
4433,2026-08,61299774.0,backfill
4433,2026-09,61299774.0,backfill
4433,2026-10,61299774.0,snap
4438,2025-09,113425455.0,backfill
4438,2025-10,113425455.0,backfill
4438,2025-11,113425455.0,backfill
4438,2025-12,113425455.0,backfill
4438,2026-01,113425455.0,backfill
4438,2026-02,113425455.0,backfill
4438,2026-03,113425455.0,backfill
4438,2026-04,113425455.0,backfill
4438,2026-05,113425455.0,backfill
4438,2026-06,113425455.0,backfill
4438,2026-07,113425455.0,backfill
4438,2026-08,113425455.0,backfill
4438,2026-09,113425455.0,backfill
4438,2026-10,113425455.0,snap
4439,2025-09,38214843.0,backfill
4439,2025-10,38214843.0,backfill
4439,2025-11,38214843.0,backfill
4439,2025-12,38214843.0,backfill
4439,2026-01,38214843.0,backfill
4439,2026-02,38214843.0,backfill
4439,2026-03,38214843.0,backfill
4439,2026-04,38214843.0,backfill
4439,2026-05,38214843.0,backfill
4439,2026-06,38214843.0,backfill
4439,2026-07,38214843.0,backfill
4439,2026-08,38214843.0,backfill
4439,2026-09,38214843.0,backfill
4439,2026-10,38214843.0,snap
4440,2025-09,67598000.0,backfill
4440,2025-10,67598000.0,backfill
4440,2025-11,67598000.0,backfill
4440,2025-12,67598000.0,backfill
4440,2026-01,67598000.0,backfill
4440,2026-02,67598000.0,backfill
4440,2026-03,67598000.0,backfill
4440,2026-04,67598000.0,backfill
4440,2026-05,67598000.0,backfill
4440,2026-06,67598000.0,backfill
4440,2026-07,67598000.0,backfill
4440,2026-08,67598000.0,backfill
4440,2026-09,67598000.0,backfill
4440,2026-10,67598000.0,snap
4441,2025-09,68175578.0,backfill
4441,2025-10,68175578.0,backfill
4441,2025-11,68175578.0,backfill
4441,2025-12,68175578.0,backfill
4441,2026-01,68175578.0,backfill
4441,2026-02,68175578.0,backfill
4441,2026-03,68175578.0,backfill
4441,2026-04,68175578.0,backfill
4441,2026-05,68175578.0,backfill
4441,2026-06,68175578.0,backfill
4441,2026-07,68175578.0,backfill
4441,2026-08,68175578.0,backfill
4441,2026-09,68175578.0,backfill
4441,2026-10,68175578.0,snap
4442,2025-09,33124805.0,backfill
4442,2025-10,33124805.0,backfill
4442,2025-11,33124805.0,backfill
4442,2025-12,33124805.0,backfill
4442,2026-01,33124805.0,backfill
4442,2026-02,33124805.0,backfill
4442,2026-03,33124805.0,backfill
4442,2026-04,33124805.0,backfill
4442,2026-05,33124805.0,backfill
4442,2026-06,33124805.0,backfill
4442,2026-07,33124805.0,backfill
4442,2026-08,33124805.0,backfill
4442,2026-09,33124805.0,backfill
4442,2026-10,33124805.0,snap
4502,2025-09,57469686.0,backfill
4502,2025-10,57469686.0,backfill
4502,2025-11,57469686.0,backfill
4502,2025-12,57469686.0,backfill
4502,2026-01,57469686.0,backfill
4502,2026-02,57469686.0,backfill
4502,2026-03,57469686.0,backfill
4502,2026-04,57469686.0,backfill
4502,2026-05,57469686.0,backfill
4502,2026-06,57469686.0,backfill
4502,2026-07,57469686.0,backfill
4502,2026-08,57469686.0,backfill
4502,2026-09,57469686.0,backfill
4502,2026-10,57469686.0,snap
4503,2025-09,78313326.0,backfill
4503,2025-10,78313326.0,backfill
4503,2025-11,78313326.0,backfill
4503,2025-12,78313326.0,backfill
4503,2026-01,78313326.0,backfill
4503,2026-02,78313326.0,backfill
4503,2026-03,78313326.0,backfill
4503,2026-04,78313326.0,backfill
4503,2026-05,78313326.0,backfill
4503,2026-06,78313326.0,backfill
4503,2026-07,78313326.0,backfill
4503,2026-08,78313326.0,backfill
4503,2026-09,78313326.0,backfill
4503,2026-10,78313326.0,snap
4506,2025-09,177012000.0,backfill
4506,2025-10,177012000.0,backfill
4506,2025-11,177012000.0,backfill
4506,2025-12,177012000.0,backfill
4506,2026-01,177012000.0,backfill
4506,2026-02,177012000.0,backfill
4506,2026-03,177012000.0,backfill
4506,2026-04,177012000.0,backfill
4506,2026-05,177012000.0,backfill
4506,2026-06,177012000.0,backfill
4506,2026-07,177012000.0,backfill
4506,2026-08,177012000.0,backfill
4506,2026-09,177012000.0,backfill
4506,2026-10,177012000.0,snap
4510,2025-09,108977724.0,backfill
4510,2025-10,108977724.0,backfill
4510,2025-11,108977724.0,backfill
4510,2025-12,108977724.0,backfill
4510,2026-01,108977724.0,backfill
4510,2026-02,108977724.0,backfill
4510,2026-03,108977724.0,backfill
4510,2026-04,108977724.0,backfill
4510,2026-05,108977724.0,backfill
4510,2026-06,108977724.0,backfill
4510,2026-07,108977724.0,backfill
4510,2026-08,108977724.0,backfill
4510,2026-09,108977724.0,backfill
4510,2026-10,108977724.0,snap
4513,2025-09,143761921.0,backfill
4513,2025-10,143761921.0,backfill
4513,2025-11,143761921.0,backfill
4513,2025-12,143761921.0,backfill
4513,2026-01,143761921.0,backfill
4513,2026-02,143761921.0,backfill
4513,2026-03,143761921.0,backfill
4513,2026-04,143761921.0,backfill
4513,2026-05,143761921.0,backfill
4513,2026-06,143761921.0,backfill
4513,2026-07,143761921.0,backfill
4513,2026-08,143761921.0,backfill
4513,2026-09,143761921.0,backfill
4513,2026-10,143761921.0,snap
4523,2025-09,64949000.0,backfill
4523,2025-10,64949000.0,backfill
4523,2025-11,64949000.0,backfill
4523,2025-12,64949000.0,backfill
4523,2026-01,64949000.0,backfill
4523,2026-02,64949000.0,backfill
4523,2026-03,64949000.0,backfill
4523,2026-04,64949000.0,backfill
4523,2026-05,64949000.0,backfill
4523,2026-06,64949000.0,backfill
4523,2026-07,64949000.0,backfill
4523,2026-08,64949000.0,backfill
4523,2026-09,64949000.0,backfill
4523,2026-10,64949000.0,snap
4526,2025-09,254826461.0,backfill
4526,2025-10,254826461.0,backfill
4526,2025-11,254826461.0,backfill
4526,2025-12,254826461.0,backfill
4526,2026-01,254826461.0,backfill
4526,2026-02,254826461.0,backfill
4526,2026-03,254826461.0,backfill
4526,2026-04,254826461.0,backfill
4526,2026-05,254826461.0,backfill
4526,2026-06,254826461.0,backfill
4526,2026-07,254826461.0,backfill
4526,2026-08,254826461.0,backfill
4526,2026-09,254826461.0,backfill
4526,2026-10,254826461.0,snap
4527,2025-09,68537133.0,backfill
4527,2025-10,68537133.0,backfill
4527,2025-11,68537133.0,backfill
4527,2025-12,68537133.0,backfill
4527,2026-01,68537133.0,backfill
4527,2026-02,68537133.0,backfill
4527,2026-03,68537133.0,backfill
4527,2026-04,68537133.0,backfill
4527,2026-05,68537133.0,backfill
4527,2026-06,68537133.0,backfill
4527,2026-07,68537133.0,backfill
4527,2026-08,68537133.0,backfill
4527,2026-09,68537133.0,backfill
4527,2026-10,68537133.0,snap
4528,2025-09,84165695.0,backfill
4528,2025-10,84165695.0,backfill
4528,2025-11,84165695.0,backfill
4528,2025-12,84165695.0,backfill
4528,2026-01,84165695.0,backfill
4528,2026-02,84165695.0,backfill
4528,2026-03,84165695.0,backfill
4528,2026-04,84165695.0,backfill
4528,2026-05,84165695.0,backfill
4528,2026-06,84165695.0,backfill
4528,2026-07,84165695.0,backfill
4528,2026-08,84165695.0,backfill
4528,2026-09,84165695.0,backfill
4528,2026-10,84165695.0,snap
4529,2025-09,84549096.0,backfill
4529,2025-10,84549096.0,backfill
4529,2025-11,84549096.0,backfill
4529,2025-12,84549096.0,backfill
4529,2026-01,84549096.0,backfill
4529,2026-02,84549096.0,backfill
4529,2026-03,84549096.0,backfill
4529,2026-04,84549096.0,backfill
4529,2026-05,84549096.0,backfill
4529,2026-06,84549096.0,backfill
4529,2026-07,84549096.0,backfill
4529,2026-08,84549096.0,backfill
4529,2026-09,84549096.0,backfill
4529,2026-10,84549096.0,snap
4530,2025-09,35794959.0,backfill
4530,2025-10,35794959.0,backfill
4530,2025-11,35794959.0,backfill
4530,2025-12,35794959.0,backfill
4530,2026-01,35794959.0,backfill
4530,2026-02,35794959.0,backfill
4530,2026-03,35794959.0,backfill
4530,2026-04,35794959.0,backfill
4530,2026-05,35794959.0,backfill
4530,2026-06,35794959.0,backfill
4530,2026-07,35794959.0,backfill
4530,2026-08,35794959.0,backfill
4530,2026-09,35794959.0,backfill
4530,2026-10,35794959.0,snap
4532,2025-09,494895105.0,backfill
4532,2025-10,494895105.0,backfill
4532,2025-11,494895105.0,backfill
4532,2025-12,494895105.0,backfill
4532,2026-01,494895105.0,backfill
4532,2026-02,494895105.0,backfill
4532,2026-03,494895105.0,backfill
4532,2026-04,494895105.0,backfill
4532,2026-05,494895105.0,backfill
4532,2026-06,494895105.0,backfill
4532,2026-07,494895105.0,backfill
4532,2026-08,494895105.0,backfill
4532,2026-09,494895105.0,backfill
4532,2026-10,494895105.0,snap
4533,2025-09,178434110.0,backfill
4533,2025-10,178434110.0,backfill
4533,2025-11,178434110.0,backfill
4533,2025-12,178434110.0,backfill
4533,2026-01,178434110.0,backfill
4533,2026-02,178434110.0,backfill
4533,2026-03,178434110.0,backfill
4533,2026-04,178434110.0,backfill
4533,2026-05,178434110.0,backfill
4533,2026-06,178434110.0,backfill
4533,2026-07,178434110.0,backfill
4533,2026-08,178434110.0,backfill
4533,2026-09,178434110.0,backfill
4533,2026-10,178434110.0,snap
4534,2025-09,86788948.0,backfill
4534,2025-10,86788948.0,backfill
4534,2025-11,86788948.0,backfill
4534,2025-12,86788948.0,backfill
4534,2026-01,86788948.0,backfill
4534,2026-02,86788948.0,backfill
4534,2026-03,86788948.0,backfill
4534,2026-04,86788948.0,backfill
4534,2026-05,86788948.0,backfill
4534,2026-06,86788948.0,backfill
4534,2026-07,86788948.0,backfill
4534,2026-08,86788948.0,backfill
4534,2026-09,86788948.0,backfill
4534,2026-10,86788948.0,snap
4535,2025-09,75661740.0,backfill
4535,2025-10,75661740.0,backfill
4535,2025-11,75661740.0,backfill
4535,2025-12,75661740.0,backfill
4535,2026-01,75661740.0,backfill
4535,2026-02,75661740.0,backfill
4535,2026-03,75661740.0,backfill
4535,2026-04,75661740.0,backfill
4535,2026-05,75661740.0,backfill
4535,2026-06,75661740.0,backfill
4535,2026-07,75661740.0,backfill
4535,2026-08,75661740.0,backfill
4535,2026-09,75661740.0,backfill
4535,2026-10,75661740.0,snap
4536,2025-09,90820000.0,backfill
4536,2025-10,90820000.0,backfill
4536,2025-11,90820000.0,backfill
4536,2025-12,90820000.0,backfill
4536,2026-01,90820000.0,backfill
4536,2026-02,90820000.0,backfill
4536,2026-03,90820000.0,backfill
4536,2026-04,90820000.0,backfill
4536,2026-05,90820000.0,backfill
4536,2026-06,90820000.0,backfill
4536,2026-07,90820000.0,backfill
4536,2026-08,90820000.0,backfill
4536,2026-09,90820000.0,backfill
4536,2026-10,90820000.0,snap
4538,2025-09,59469604.0,backfill
4538,2025-10,59469604.0,backfill
4538,2025-11,59469604.0,backfill
4538,2025-12,59469604.0,backfill
4538,2026-01,59469604.0,backfill
4538,2026-02,59469604.0,backfill
4538,2026-03,59469604.0,backfill
4538,2026-04,59469604.0,backfill
4538,2026-05,59469604.0,backfill
4538,2026-06,59469604.0,backfill
4538,2026-07,59469604.0,backfill
4538,2026-08,59469604.0,backfill
4538,2026-09,59469604.0,backfill
4538,2026-10,59469604.0,snap
4540,2025-09,115186724.0,backfill
4540,2025-10,115186724.0,backfill
4540,2025-11,115186724.0,backfill
4540,2025-12,115186724.0,backfill
4540,2026-01,115186724.0,backfill
4540,2026-02,115186724.0,backfill
4540,2026-03,115186724.0,backfill
4540,2026-04,115186724.0,backfill
4540,2026-05,115186724.0,backfill
4540,2026-06,115186724.0,backfill
4540,2026-07,115186724.0,backfill
4540,2026-08,115186724.0,backfill
4540,2026-09,115186724.0,backfill
4540,2026-10,115186724.0,snap
4541,2025-09,67647068.0,backfill
4541,2025-10,67647068.0,backfill
4541,2025-11,67647068.0,backfill
4541,2025-12,67647068.0,backfill
4541,2026-01,67647068.0,backfill
4541,2026-02,67647068.0,backfill
4541,2026-03,67647068.0,backfill
4541,2026-04,67647068.0,backfill
4541,2026-05,67647068.0,backfill
4541,2026-06,67647068.0,backfill
4541,2026-07,67647068.0,backfill
4541,2026-08,67647068.0,backfill
4541,2026-09,67647068.0,backfill
4541,2026-10,67647068.0,snap
4542,2025-09,35254258.0,backfill
4542,2025-10,35254258.0,backfill
4542,2025-11,35254258.0,backfill
4542,2025-12,35254258.0,backfill
4542,2026-01,35254258.0,backfill
4542,2026-02,35254258.0,backfill
4542,2026-03,35254258.0,backfill
4542,2026-04,35254258.0,backfill
4542,2026-05,35254258.0,backfill
4542,2026-06,35254258.0,backfill
4542,2026-07,35254258.0,backfill
4542,2026-08,35254258.0,backfill
4542,2026-09,35254258.0,backfill
4542,2026-10,35254258.0,snap
4543,2025-09,62760915.0,backfill
4543,2025-10,62760915.0,backfill
4543,2025-11,62760915.0,backfill
4543,2025-12,62760915.0,backfill
4543,2026-01,62760915.0,backfill
4543,2026-02,62760915.0,backfill
4543,2026-03,62760915.0,backfill
4543,2026-04,62760915.0,backfill
4543,2026-05,62760915.0,backfill
4543,2026-06,62760915.0,backfill
4543,2026-07,62760915.0,backfill
4543,2026-08,62760915.0,backfill
4543,2026-09,62760915.0,backfill
4543,2026-10,62760915.0,snap
4545,2025-09,77000000.0,backfill
4545,2025-10,77000000.0,backfill
4545,2025-11,77000000.0,backfill
4545,2025-12,77000000.0,backfill
4545,2026-01,77000000.0,backfill
4545,2026-02,77000000.0,backfill
4545,2026-03,77000000.0,backfill
4545,2026-04,77000000.0,backfill
4545,2026-05,77000000.0,backfill
4545,2026-06,77000000.0,backfill
4545,2026-07,77000000.0,backfill
4545,2026-08,77000000.0,backfill
4545,2026-09,77000000.0,backfill
4545,2026-10,77000000.0,snap
4549,2025-09,57002445.0,backfill
4549,2025-10,57002445.0,backfill
4549,2025-11,57002445.0,backfill
4549,2025-12,57002445.0,backfill
4549,2026-01,57002445.0,backfill
4549,2026-02,57002445.0,backfill
4549,2026-03,57002445.0,backfill
4549,2026-04,57002445.0,backfill
4549,2026-05,57002445.0,backfill
4549,2026-06,57002445.0,backfill
4549,2026-07,57002445.0,backfill
4549,2026-08,57002445.0,backfill
4549,2026-09,57002445.0,backfill
4549,2026-10,57002445.0,snap
4550,2025-09,37838783.0,backfill
4550,2025-10,37838783.0,backfill
4550,2025-11,37838783.0,backfill
4550,2025-12,37838783.0,backfill
4550,2026-01,37838783.0,backfill
4550,2026-02,37838783.0,backfill
4550,2026-03,37838783.0,backfill
4550,2026-04,37838783.0,backfill
4550,2026-05,37838783.0,backfill
4550,2026-06,37838783.0,backfill
4550,2026-07,37838783.0,backfill
4550,2026-08,37838783.0,backfill
4550,2026-09,37838783.0,backfill
4550,2026-10,37838783.0,snap
4551,2025-09,115222498.0,backfill
4551,2025-10,115222498.0,backfill
4551,2025-11,115222498.0,backfill
4551,2025-12,115222498.0,backfill
4551,2026-01,115222498.0,backfill
4551,2026-02,115222498.0,backfill
4551,2026-03,115222498.0,backfill
4551,2026-04,115222498.0,backfill
4551,2026-05,115222498.0,backfill
4551,2026-06,115222498.0,backfill
4551,2026-07,115222498.0,backfill
4551,2026-08,115222498.0,backfill
4551,2026-09,115222498.0,backfill
4551,2026-10,115222498.0,snap
4552,2025-09,116000000.0,backfill
4552,2025-10,116000000.0,backfill
4552,2025-11,116000000.0,backfill
4552,2025-12,116000000.0,backfill
4552,2026-01,116000000.0,backfill
4552,2026-02,116000000.0,backfill
4552,2026-03,116000000.0,backfill
4552,2026-04,116000000.0,backfill
4552,2026-05,116000000.0,backfill
4552,2026-06,116000000.0,backfill
4552,2026-07,116000000.0,backfill
4552,2026-08,116000000.0,backfill
4552,2026-09,116000000.0,backfill
4552,2026-10,116000000.0,snap
4554,2025-09,30276584.0,backfill
4554,2025-10,30276584.0,backfill
4554,2025-11,30276584.0,backfill
4554,2025-12,30276584.0,backfill
4554,2026-01,30276584.0,backfill
4554,2026-02,30276584.0,backfill
4554,2026-03,30276584.0,backfill
4554,2026-04,30276584.0,backfill
4554,2026-05,30276584.0,backfill
4554,2026-06,30276584.0,backfill
4554,2026-07,30276584.0,backfill
4554,2026-08,30276584.0,backfill
4554,2026-09,30276584.0,backfill
4554,2026-10,30276584.0,snap
4555,2025-09,69987653.0,backfill
4555,2025-10,69987653.0,backfill
4555,2025-11,69987653.0,backfill
4555,2025-12,69987653.0,backfill
4555,2026-01,69987653.0,backfill
4555,2026-02,69987653.0,backfill
4555,2026-03,69987653.0,backfill
4555,2026-04,69987653.0,backfill
4555,2026-05,69987653.0,backfill
4555,2026-06,69987653.0,backfill
4555,2026-07,69987653.0,backfill
4555,2026-08,69987653.0,backfill
4555,2026-09,69987653.0,backfill
4555,2026-10,69987653.0,snap
4556,2025-09,42302840.0,backfill
4556,2025-10,42302840.0,backfill
4556,2025-11,42302840.0,backfill
4556,2025-12,42302840.0,backfill
4556,2026-01,42302840.0,backfill
4556,2026-02,42302840.0,backfill
4556,2026-03,42302840.0,backfill
4556,2026-04,42302840.0,backfill
4556,2026-05,42302840.0,backfill
4556,2026-06,42302840.0,backfill
4556,2026-07,42302840.0,backfill
4556,2026-08,42302840.0,backfill
4556,2026-09,42302840.0,backfill
4556,2026-10,42302840.0,snap
4557,2025-09,47971840.0,backfill
4557,2025-10,47971840.0,backfill
4557,2025-11,47971840.0,backfill
4557,2025-12,47971840.0,backfill
4557,2026-01,47971840.0,backfill
4557,2026-02,47971840.0,backfill
4557,2026-03,47971840.0,backfill
4557,2026-04,47971840.0,backfill
4557,2026-05,47971840.0,backfill
4557,2026-06,47971840.0,backfill
4557,2026-07,47971840.0,backfill
4557,2026-08,47971840.0,backfill
4557,2026-09,47971840.0,backfill
4557,2026-10,47971840.0,snap
4558,2025-09,50000000.0,backfill
4558,2025-10,50000000.0,backfill
4558,2025-11,50000000.0,backfill
4558,2025-12,50000000.0,backfill
4558,2026-01,50000000.0,backfill
4558,2026-02,50000000.0,backfill
4558,2026-03,50000000.0,backfill
4558,2026-04,50000000.0,backfill
4558,2026-05,50000000.0,backfill
4558,2026-06,50000000.0,backfill
4558,2026-07,50000000.0,backfill
4558,2026-08,50000000.0,backfill
4558,2026-09,50000000.0,backfill
4558,2026-10,50000000.0,snap
4560,2025-09,68097240.0,backfill
4560,2025-10,68097240.0,backfill
4560,2025-11,68097240.0,backfill
4560,2025-12,68097240.0,backfill
4560,2026-01,68097240.0,backfill
4560,2026-02,68097240.0,backfill
4560,2026-03,68097240.0,backfill
4560,2026-04,68097240.0,backfill
4560,2026-05,68097240.0,backfill
4560,2026-06,68097240.0,backfill
4560,2026-07,68097240.0,backfill
4560,2026-08,68097240.0,backfill
4560,2026-09,68097240.0,backfill
4560,2026-10,68097240.0,snap
4561,2025-09,58521619.0,backfill
4561,2025-10,58521619.0,backfill
4561,2025-11,58521619.0,backfill
4561,2025-12,58521619.0,backfill
4561,2026-01,58521619.0,backfill
4561,2026-02,58521619.0,backfill
4561,2026-03,58521619.0,backfill
4561,2026-04,58521619.0,backfill
4561,2026-05,58521619.0,backfill
4561,2026-06,58521619.0,backfill
4561,2026-07,58521619.0,backfill
4561,2026-08,58521619.0,backfill
4561,2026-09,58521619.0,backfill
4561,2026-10,58521619.0,snap
4562,2025-09,87546000.0,backfill
4562,2025-10,87546000.0,backfill
4562,2025-11,87546000.0,backfill
4562,2025-12,87546000.0,backfill
4562,2026-01,87546000.0,backfill
4562,2026-02,87546000.0,backfill
4562,2026-03,87546000.0,backfill
4562,2026-04,87546000.0,backfill
4562,2026-05,87546000.0,backfill
4562,2026-06,87546000.0,backfill
4562,2026-07,87546000.0,backfill
4562,2026-08,87546000.0,backfill
4562,2026-09,87546000.0,backfill
4562,2026-10,87546000.0,snap
4563,2025-09,54950000.0,backfill
4563,2025-10,54950000.0,backfill
4563,2025-11,54950000.0,backfill
4563,2025-12,54950000.0,backfill
4563,2026-01,54950000.0,backfill
4563,2026-02,54950000.0,backfill
4563,2026-03,54950000.0,backfill
4563,2026-04,54950000.0,backfill
4563,2026-05,54950000.0,backfill
4563,2026-06,54950000.0,backfill
4563,2026-07,54950000.0,backfill
4563,2026-08,54950000.0,backfill
4563,2026-09,54950000.0,backfill
4563,2026-10,54950000.0,snap
4564,2025-09,232788303.0,backfill
4564,2025-10,232788303.0,backfill
4564,2025-11,232788303.0,backfill
4564,2025-12,232788303.0,backfill
4564,2026-01,232788303.0,backfill
4564,2026-02,232788303.0,backfill
4564,2026-03,232788303.0,backfill
4564,2026-04,232788303.0,backfill
4564,2026-05,232788303.0,backfill
4564,2026-06,232788303.0,backfill
4564,2026-07,232788303.0,backfill
4564,2026-08,232788303.0,backfill
4564,2026-09,232788303.0,backfill
4564,2026-10,232788303.0,snap
4566,2025-09,110381002.0,backfill
4566,2025-10,110381002.0,backfill
4566,2025-11,110381002.0,backfill
4566,2025-12,110381002.0,backfill
4566,2026-01,110381002.0,backfill
4566,2026-02,110381002.0,backfill
4566,2026-03,110381002.0,backfill
4566,2026-04,110381002.0,backfill
4566,2026-05,110381002.0,backfill
4566,2026-06,110381002.0,backfill
4566,2026-07,110381002.0,backfill
4566,2026-08,110381002.0,backfill
4566,2026-09,110381002.0,backfill
4566,2026-10,110381002.0,snap
4568,2025-09,32045125.0,backfill
4568,2025-10,32045125.0,backfill
4568,2025-11,32045125.0,backfill
4568,2025-12,32045125.0,backfill
4568,2026-01,32045125.0,backfill
4568,2026-02,32045125.0,backfill
4568,2026-03,32045125.0,backfill
4568,2026-04,32045125.0,backfill
4568,2026-05,32045125.0,backfill
4568,2026-06,32045125.0,backfill
4568,2026-07,32045125.0,backfill
4568,2026-08,32045125.0,backfill
4568,2026-09,32045125.0,backfill
4568,2026-10,32045125.0,snap
4569,2025-09,30600000.0,backfill
4569,2025-10,30600000.0,backfill
4569,2025-11,30600000.0,backfill
4569,2025-12,30600000.0,backfill
4569,2026-01,30600000.0,backfill
4569,2026-02,30600000.0,backfill
4569,2026-03,30600000.0,backfill
4569,2026-04,30600000.0,backfill
4569,2026-05,30600000.0,backfill
4569,2026-06,30600000.0,backfill
4569,2026-07,30600000.0,backfill
4569,2026-08,30600000.0,backfill
4569,2026-09,30600000.0,backfill
4569,2026-10,30600000.0,snap
4571,2025-09,53017115.0,backfill
4571,2025-10,53017115.0,backfill
4571,2025-11,53017115.0,backfill
4571,2025-12,53017115.0,backfill
4571,2026-01,53017115.0,backfill
4571,2026-02,53017115.0,backfill
4571,2026-03,53017115.0,backfill
4571,2026-04,53017115.0,backfill
4571,2026-05,53017115.0,backfill
4571,2026-06,53017115.0,backfill
4571,2026-07,53017115.0,backfill
4571,2026-08,53017115.0,backfill
4571,2026-09,53017115.0,backfill
4571,2026-10,53017115.0,snap
4572,2025-09,40018679.0,backfill
4572,2025-10,40018679.0,backfill
4572,2025-11,40018679.0,backfill
4572,2025-12,40018679.0,backfill
4572,2026-01,40018679.0,backfill
4572,2026-02,40018679.0,backfill
4572,2026-03,40018679.0,backfill
4572,2026-04,40018679.0,backfill
4572,2026-05,40018679.0,backfill
4572,2026-06,40018679.0,backfill
4572,2026-07,40018679.0,backfill
4572,2026-08,40018679.0,backfill
4572,2026-09,40018679.0,backfill
4572,2026-10,40018679.0,snap
4576,2025-09,119801848.0,backfill
4576,2025-10,119801848.0,backfill
4576,2025-11,119801848.0,backfill
4576,2025-12,119801848.0,backfill
4576,2026-01,119801848.0,backfill
4576,2026-02,119801848.0,backfill
4576,2026-03,119801848.0,backfill
4576,2026-04,119801848.0,backfill
4576,2026-05,119801848.0,backfill
4576,2026-06,119801848.0,backfill
4576,2026-07,119801848.0,backfill
4576,2026-08,119801848.0,backfill
4576,2026-09,119801848.0,backfill
4576,2026-10,119801848.0,snap
4577,2025-09,49137998.0,backfill
4577,2025-10,49137998.0,backfill
4577,2025-11,49137998.0,backfill
4577,2025-12,49137998.0,backfill
4577,2026-01,49137998.0,backfill
4577,2026-02,49137998.0,backfill
4577,2026-03,49137998.0,backfill
4577,2026-04,49137998.0,backfill
4577,2026-05,49137998.0,backfill
4577,2026-06,49137998.0,backfill
4577,2026-07,49137998.0,backfill
4577,2026-08,49137998.0,backfill
4577,2026-09,49137998.0,backfill
4577,2026-10,49137998.0,snap
4580,2025-09,46803109.0,backfill
4580,2025-10,46803109.0,backfill
4580,2025-11,46803109.0,backfill
4580,2025-12,46803109.0,backfill
4580,2026-01,46803109.0,backfill
4580,2026-02,46803109.0,backfill
4580,2026-03,46803109.0,backfill
4580,2026-04,46803109.0,backfill
4580,2026-05,46803109.0,backfill
4580,2026-06,46803109.0,backfill
4580,2026-07,46803109.0,backfill
4580,2026-08,46803109.0,backfill
4580,2026-09,46803109.0,backfill
4580,2026-10,46803109.0,snap
4581,2025-09,33899000.0,backfill
4581,2025-10,33899000.0,backfill
4581,2025-11,33899000.0,backfill
4581,2025-12,33899000.0,backfill
4581,2026-01,33899000.0,backfill
4581,2026-02,33899000.0,backfill
4581,2026-03,33899000.0,backfill
4581,2026-04,33899000.0,backfill
4581,2026-05,33899000.0,backfill
4581,2026-06,33899000.0,backfill
4581,2026-07,33899000.0,backfill
4581,2026-08,33899000.0,backfill
4581,2026-09,33899000.0,backfill
4581,2026-10,33899000.0,snap
4582,2025-09,75480000.0,backfill
4582,2025-10,75480000.0,backfill
4582,2025-11,75480000.0,backfill
4582,2025-12,75480000.0,backfill
4582,2026-01,75480000.0,backfill
4582,2026-02,75480000.0,backfill
4582,2026-03,75480000.0,backfill
4582,2026-04,75480000.0,backfill
4582,2026-05,75480000.0,backfill
4582,2026-06,75480000.0,backfill
4582,2026-07,75480000.0,backfill
4582,2026-08,75480000.0,backfill
4582,2026-09,75480000.0,backfill
4582,2026-10,75480000.0,snap
4583,2025-09,80171351.0,backfill
4583,2025-10,80171351.0,backfill
4583,2025-11,80171351.0,backfill
4583,2025-12,80171351.0,backfill
4583,2026-01,80171351.0,backfill
4583,2026-02,80171351.0,backfill
4583,2026-03,80171351.0,backfill
4583,2026-04,80171351.0,backfill
4583,2026-05,80171351.0,backfill
4583,2026-06,80171351.0,backfill
4583,2026-07,80171351.0,backfill
4583,2026-08,80171351.0,backfill
4583,2026-09,80171351.0,backfill
4583,2026-10,80171351.0,snap
4584,2025-09,30002400.0,backfill
4584,2025-10,30002400.0,backfill
4584,2025-11,30002400.0,backfill
4584,2025-12,30002400.0,backfill
4584,2026-01,30002400.0,backfill
4584,2026-02,30002400.0,backfill
4584,2026-03,30002400.0,backfill
4584,2026-04,30002400.0,backfill
4584,2026-05,30002400.0,backfill
4584,2026-06,30002400.0,backfill
4584,2026-07,30002400.0,backfill
4584,2026-08,30002400.0,backfill
4584,2026-09,30002400.0,backfill
4584,2026-10,30002400.0,snap
4585,2025-09,104609000.0,backfill
4585,2025-10,104609000.0,backfill
4585,2025-11,104609000.0,backfill
4585,2025-12,104609000.0,backfill
4585,2026-01,104609000.0,backfill
4585,2026-02,104609000.0,backfill
4585,2026-03,104609000.0,backfill
4585,2026-04,104609000.0,backfill
4585,2026-05,104609000.0,backfill
4585,2026-06,104609000.0,backfill
4585,2026-07,104609000.0,backfill
4585,2026-08,104609000.0,backfill
4585,2026-09,104609000.0,backfill
4585,2026-10,104609000.0,snap
4588,2025-09,42985000.0,backfill
4588,2025-10,42985000.0,backfill
4588,2025-11,42985000.0,backfill
4588,2025-12,42985000.0,backfill
4588,2026-01,42985000.0,backfill
4588,2026-02,42985000.0,backfill
4588,2026-03,42985000.0,backfill
4588,2026-04,42985000.0,backfill
4588,2026-05,42985000.0,backfill
4588,2026-06,42985000.0,backfill
4588,2026-07,42985000.0,backfill
4588,2026-08,42985000.0,backfill
4588,2026-09,42985000.0,backfill
4588,2026-10,42985000.0,snap
4590,2025-09,54838400.0,backfill
4590,2025-10,54838400.0,backfill
4590,2025-11,54838400.0,backfill
4590,2025-12,54838400.0,backfill
4590,2026-01,54838400.0,backfill
4590,2026-02,54838400.0,backfill
4590,2026-03,54838400.0,backfill
4590,2026-04,54838400.0,backfill
4590,2026-05,54838400.0,backfill
4590,2026-06,54838400.0,backfill
4590,2026-07,54838400.0,backfill
4590,2026-08,54838400.0,backfill
4590,2026-09,54838400.0,backfill
4590,2026-10,54838400.0,snap
4609,2025-09,47946820.0,backfill
4609,2025-10,47946820.0,backfill
4609,2025-11,47946820.0,backfill
4609,2025-12,47946820.0,backfill
4609,2026-01,47946820.0,backfill
4609,2026-02,47946820.0,backfill
4609,2026-03,47946820.0,backfill
4609,2026-04,47946820.0,backfill
4609,2026-05,47946820.0,backfill
4609,2026-06,47946820.0,backfill
4609,2026-07,47946820.0,backfill
4609,2026-08,47946820.0,backfill
4609,2026-09,47946820.0,backfill
4609,2026-10,47946820.0,snap
4702,2025-09,72333200.0,backfill
4702,2025-10,72333200.0,backfill
4702,2025-11,72333200.0,backfill
4702,2025-12,72333200.0,backfill
4702,2026-01,72333200.0,backfill
4702,2026-02,72333200.0,backfill
4702,2026-03,72333200.0,backfill
4702,2026-04,72333200.0,backfill
4702,2026-05,72333200.0,backfill
4702,2026-06,72333200.0,backfill
4702,2026-07,72333200.0,backfill
4702,2026-08,72333200.0,backfill
4702,2026-09,72333200.0,backfill
4702,2026-10,72333200.0,snap
4706,2025-09,79030093.0,backfill
4706,2025-10,79030093.0,backfill
4706,2025-11,79030093.0,backfill
4706,2025-12,79030093.0,backfill
4706,2026-01,79030093.0,backfill
4706,2026-02,79030093.0,backfill
4706,2026-03,79030093.0,backfill
4706,2026-04,79030093.0,backfill
4706,2026-05,79030093.0,backfill
4706,2026-06,79030093.0,backfill
4706,2026-07,79030093.0,backfill
4706,2026-08,79030093.0,backfill
4706,2026-09,79030093.0,backfill
4706,2026-10,79030093.0,snap
4707,2025-09,413808151.0,backfill
4707,2025-10,413808151.0,backfill
4707,2025-11,413808151.0,backfill
4707,2025-12,413808151.0,backfill
4707,2026-01,413808151.0,backfill
4707,2026-02,413808151.0,backfill
4707,2026-03,413808151.0,backfill
4707,2026-04,413808151.0,backfill
4707,2026-05,413808151.0,backfill
4707,2026-06,413808151.0,backfill
4707,2026-07,413808151.0,backfill
4707,2026-08,413808151.0,backfill
4707,2026-09,413808151.0,backfill
4707,2026-10,413808151.0,snap
4711,2025-09,61056000.0,backfill
4711,2025-10,61056000.0,backfill
4711,2025-11,61056000.0,backfill
4711,2025-12,61056000.0,backfill
4711,2026-01,61056000.0,backfill
4711,2026-02,61056000.0,backfill
4711,2026-03,61056000.0,backfill
4711,2026-04,61056000.0,backfill
4711,2026-05,61056000.0,backfill
4711,2026-06,61056000.0,backfill
4711,2026-07,61056000.0,backfill
4711,2026-08,61056000.0,backfill
4711,2026-09,61056000.0,backfill
4711,2026-10,61056000.0,snap
4714,2025-09,221838188.0,backfill
4714,2025-10,221838188.0,backfill
4714,2025-11,221838188.0,backfill
4714,2025-12,221838188.0,backfill
4714,2026-01,221838188.0,backfill
4714,2026-02,221838188.0,backfill
4714,2026-03,221838188.0,backfill
4714,2026-04,221838188.0,backfill
4714,2026-05,221838188.0,backfill
4714,2026-06,221838188.0,backfill
4714,2026-07,221838188.0,backfill
4714,2026-08,221838188.0,backfill
4714,2026-09,221838188.0,backfill
4714,2026-10,221838188.0,snap
4716,2025-09,94427191.0,backfill
4716,2025-10,94427191.0,backfill
4716,2025-11,94427191.0,backfill
4716,2025-12,94427191.0,backfill
4716,2026-01,94427191.0,backfill
4716,2026-02,94427191.0,backfill
4716,2026-03,94427191.0,backfill
4716,2026-04,94427191.0,backfill
4716,2026-05,94427191.0,backfill
4716,2026-06,94427191.0,backfill
4716,2026-07,94427191.0,backfill
4716,2026-08,94427191.0,backfill
4716,2026-09,94427191.0,backfill
4716,2026-10,94427191.0,snap
4720,2025-09,114516037.0,backfill
4720,2025-10,114516037.0,backfill
4720,2025-11,114516037.0,backfill
4720,2025-12,114516037.0,backfill
4720,2026-01,114516037.0,backfill
4720,2026-02,114516037.0,backfill
4720,2026-03,114516037.0,backfill
4720,2026-04,114516037.0,backfill
4720,2026-05,114516037.0,backfill
4720,2026-06,114516037.0,backfill
4720,2026-07,114516037.0,backfill
4720,2026-08,114516037.0,backfill
4720,2026-09,114516037.0,backfill
4720,2026-10,114516037.0,snap
4721,2025-09,74986304.0,backfill
4721,2025-10,74986304.0,backfill
4721,2025-11,74986304.0,backfill
4721,2025-12,74986304.0,backfill
4721,2026-01,74986304.0,backfill
4721,2026-02,74986304.0,backfill
4721,2026-03,74986304.0,backfill
4721,2026-04,74986304.0,backfill
4721,2026-05,74986304.0,backfill
4721,2026-06,74986304.0,backfill
4721,2026-07,74986304.0,backfill
4721,2026-08,74986304.0,backfill
4721,2026-09,74986304.0,backfill
4721,2026-10,74986304.0,snap
4722,2025-09,103765073.0,backfill
4722,2025-10,103765073.0,backfill
4722,2025-11,103765073.0,backfill
4722,2025-12,103765073.0,backfill
4722,2026-01,103765073.0,backfill
4722,2026-02,103765073.0,backfill
4722,2026-03,103765073.0,backfill
4722,2026-04,103765073.0,backfill
4722,2026-05,103765073.0,backfill
4722,2026-06,103765073.0,backfill
4722,2026-07,103765073.0,backfill
4722,2026-08,103765073.0,backfill
4722,2026-09,103765073.0,backfill
4722,2026-10,103765073.0,snap
4726,2025-09,207041800.0,backfill
4726,2025-10,207041800.0,backfill
4726,2025-11,207041800.0,backfill
4726,2025-12,207041800.0,backfill
4726,2026-01,207041800.0,backfill
4726,2026-02,207041800.0,backfill
4726,2026-03,207041800.0,backfill
4726,2026-04,207041800.0,backfill
4726,2026-05,207041800.0,backfill
4726,2026-06,207041800.0,backfill
4726,2026-07,207041800.0,backfill
4726,2026-08,207041800.0,backfill
4726,2026-09,207041800.0,backfill
4726,2026-10,207041800.0,snap
4728,2025-09,54463000.0,backfill
4728,2025-10,54463000.0,backfill
4728,2025-11,54463000.0,backfill
4728,2025-12,54463000.0,backfill
4728,2026-01,54463000.0,backfill
4728,2026-02,54463000.0,backfill
4728,2026-03,54463000.0,backfill
4728,2026-04,54463000.0,backfill
4728,2026-05,54463000.0,backfill
4728,2026-06,54463000.0,backfill
4728,2026-07,54463000.0,backfill
4728,2026-08,54463000.0,backfill
4728,2026-09,54463000.0,backfill
4728,2026-10,54463000.0,snap
4729,2025-09,79226741.0,backfill
4729,2025-10,79226741.0,backfill
4729,2025-11,79226741.0,backfill
4729,2025-12,79226741.0,backfill
4729,2026-01,79226741.0,backfill
4729,2026-02,79226741.0,backfill
4729,2026-03,79226741.0,backfill
4729,2026-04,79226741.0,backfill
4729,2026-05,79226741.0,backfill
4729,2026-06,79226741.0,backfill
4729,2026-07,79226741.0,backfill
4729,2026-08,79226741.0,backfill
4729,2026-09,79226741.0,backfill
4729,2026-10,79226741.0,snap
4735,2025-09,41568758.0,backfill
4735,2025-10,41568758.0,backfill
4735,2025-11,41568758.0,backfill
4735,2025-12,41568758.0,backfill
4735,2026-01,41568758.0,backfill
4735,2026-02,41568758.0,backfill
4735,2026-03,41568758.0,backfill
4735,2026-04,41568758.0,backfill
4735,2026-05,41568758.0,backfill
4735,2026-06,41568758.0,backfill
4735,2026-07,41568758.0,backfill
4735,2026-08,41568758.0,backfill
4735,2026-09,41568758.0,backfill
4735,2026-10,41568758.0,snap
4736,2025-09,95374469.0,backfill
4736,2025-10,95374469.0,backfill
4736,2025-11,95374469.0,backfill
4736,2025-12,95374469.0,backfill
4736,2026-01,95374469.0,backfill
4736,2026-02,95374469.0,backfill
4736,2026-03,95374469.0,backfill
4736,2026-04,95374469.0,backfill
4736,2026-05,95374469.0,backfill
4736,2026-06,95374469.0,backfill
4736,2026-07,95374469.0,backfill
4736,2026-08,95374469.0,backfill
4736,2026-09,95374469.0,backfill
4736,2026-10,95374469.0,snap
4737,2025-09,77328053.0,backfill
4737,2025-10,77328053.0,backfill
4737,2025-11,77328053.0,backfill
4737,2025-12,77328053.0,backfill
4737,2026-01,77328053.0,backfill
4737,2026-02,77328053.0,backfill
4737,2026-03,77328053.0,backfill
4737,2026-04,77328053.0,backfill
4737,2026-05,77328053.0,backfill
4737,2026-06,77328053.0,backfill
4737,2026-07,77328053.0,backfill
4737,2026-08,77328053.0,backfill
4737,2026-09,77328053.0,backfill
4737,2026-10,77328053.0,snap
4739,2025-09,124651313.0,backfill
4739,2025-10,124651313.0,backfill
4739,2025-11,124651313.0,backfill
4739,2025-12,124651313.0,backfill
4739,2026-01,124651313.0,backfill
4739,2026-02,124651313.0,backfill
4739,2026-03,124651313.0,backfill
4739,2026-04,124651313.0,backfill
4739,2026-05,124651313.0,backfill
4739,2026-06,124651313.0,backfill
4739,2026-07,124651313.0,backfill
4739,2026-08,124651313.0,backfill
4739,2026-09,124651313.0,backfill
4739,2026-10,124651313.0,snap
4741,2025-09,34812079.0,backfill
4741,2025-10,34812079.0,backfill
4741,2025-11,34812079.0,backfill
4741,2025-12,34812079.0,backfill
4741,2026-01,34812079.0,backfill
4741,2026-02,34812079.0,backfill
4741,2026-03,34812079.0,backfill
4741,2026-04,34812079.0,backfill
4741,2026-05,34812079.0,backfill
4741,2026-06,34812079.0,backfill
4741,2026-07,34812079.0,backfill
4741,2026-08,34812079.0,backfill
4741,2026-09,34812079.0,backfill
4741,2026-10,34812079.0,snap
4743,2025-09,480533486.0,backfill
4743,2025-10,480533486.0,backfill
4743,2025-11,480533486.0,backfill
4743,2025-12,480533486.0,backfill
4743,2026-01,480533486.0,backfill
4743,2026-02,480533486.0,backfill
4743,2026-03,480533486.0,backfill
4743,2026-04,480533486.0,backfill
4743,2026-05,480533486.0,backfill
4743,2026-06,480533486.0,backfill
4743,2026-07,480533486.0,backfill
4743,2026-08,480533486.0,backfill
4743,2026-09,480533486.0,backfill
4743,2026-10,480533486.0,snap
4744,2025-09,56948450.0,backfill
4744,2025-10,56948450.0,backfill
4744,2025-11,56948450.0,backfill
4744,2025-12,56948450.0,backfill
4744,2026-01,56948450.0,backfill
4744,2026-02,56948450.0,backfill
4744,2026-03,56948450.0,backfill
4744,2026-04,56948450.0,backfill
4744,2026-05,56948450.0,backfill
4744,2026-06,56948450.0,backfill
4744,2026-07,56948450.0,backfill
4744,2026-08,56948450.0,backfill
4744,2026-09,56948450.0,backfill
4744,2026-10,56948450.0,snap
4745,2025-09,66220547.0,backfill
4745,2025-10,66220547.0,backfill
4745,2025-11,66220547.0,backfill
4745,2025-12,66220547.0,backfill
4745,2026-01,66220547.0,backfill
4745,2026-02,66220547.0,backfill
4745,2026-03,66220547.0,backfill
4745,2026-04,66220547.0,backfill
4745,2026-05,66220547.0,backfill
4745,2026-06,66220547.0,backfill
4745,2026-07,66220547.0,backfill
4745,2026-08,66220547.0,backfill
4745,2026-09,66220547.0,backfill
4745,2026-10,66220547.0,snap
4746,2025-09,120255963.0,backfill
4746,2025-10,120255963.0,backfill
4746,2025-11,120255963.0,backfill
4746,2025-12,120255963.0,backfill
4746,2026-01,120255963.0,backfill
4746,2026-02,120255963.0,backfill
4746,2026-03,120255963.0,backfill
4746,2026-04,120255963.0,backfill
4746,2026-05,120255963.0,backfill
4746,2026-06,120255963.0,backfill
4746,2026-07,120255963.0,backfill
4746,2026-08,120255963.0,backfill
4746,2026-09,120255963.0,backfill
4746,2026-10,120255963.0,snap
4747,2025-09,90922064.0,backfill
4747,2025-10,90922064.0,backfill
4747,2025-11,90922064.0,backfill
4747,2025-12,90922064.0,backfill
4747,2026-01,90922064.0,backfill
4747,2026-02,90922064.0,backfill
4747,2026-03,90922064.0,backfill
4747,2026-04,90922064.0,backfill
4747,2026-05,90922064.0,backfill
4747,2026-06,90922064.0,backfill
4747,2026-07,90922064.0,backfill
4747,2026-08,90922064.0,backfill
4747,2026-09,90922064.0,backfill
4747,2026-10,90922064.0,snap
4749,2025-09,94732865.0,backfill
4749,2025-10,94732865.0,backfill
4749,2025-11,94732865.0,backfill
4749,2025-12,94732865.0,backfill
4749,2026-01,94732865.0,backfill
4749,2026-02,94732865.0,backfill
4749,2026-03,94732865.0,backfill
4749,2026-04,94732865.0,backfill
4749,2026-05,94732865.0,backfill
4749,2026-06,94732865.0,backfill
4749,2026-07,94732865.0,backfill
4749,2026-08,94732865.0,backfill
4749,2026-09,94732865.0,backfill
4749,2026-10,94732865.0,snap
4754,2025-09,30283215.0,backfill
4754,2025-10,30283215.0,backfill
4754,2025-11,30283215.0,backfill
4754,2025-12,30283215.0,backfill
4754,2026-01,30283215.0,backfill
4754,2026-02,30283215.0,backfill
4754,2026-03,30283215.0,backfill
4754,2026-04,30283215.0,backfill
4754,2026-05,30283215.0,backfill
4754,2026-06,30283215.0,backfill
4754,2026-07,30283215.0,backfill
4754,2026-08,30283215.0,backfill
4754,2026-09,30283215.0,backfill
4754,2026-10,30283215.0,snap
4755,2025-09,100706000.0,backfill
4755,2025-10,100706000.0,backfill
4755,2025-11,100706000.0,backfill
4755,2025-12,100706000.0,backfill
4755,2026-01,100706000.0,backfill
4755,2026-02,100706000.0,backfill
4755,2026-03,100706000.0,backfill
4755,2026-04,100706000.0,backfill
4755,2026-05,100706000.0,backfill
4755,2026-06,100706000.0,backfill
4755,2026-07,100706000.0,backfill
4755,2026-08,100706000.0,backfill
4755,2026-09,100706000.0,backfill
4755,2026-10,100706000.0,snap
4760,2025-09,32778289.0,backfill
4760,2025-10,32778289.0,backfill
4760,2025-11,32778289.0,backfill
4760,2025-12,32778289.0,backfill
4760,2026-01,32778289.0,backfill
4760,2026-02,32778289.0,backfill
4760,2026-03,32778289.0,backfill
4760,2026-04,32778289.0,backfill
4760,2026-05,32778289.0,backfill
4760,2026-06,32778289.0,backfill
4760,2026-07,32778289.0,backfill
4760,2026-08,32778289.0,backfill
4760,2026-09,32778289.0,backfill
4760,2026-10,32778289.0,snap
4763,2025-09,989146670.0,backfill
4763,2025-10,989146670.0,backfill
4763,2025-11,989146670.0,backfill
4763,2025-12,989146670.0,backfill
4763,2026-01,989146670.0,backfill
4763,2026-02,989146670.0,backfill
4763,2026-03,989146670.0,backfill
4763,2026-04,989146670.0,backfill
4763,2026-05,989146670.0,backfill
4763,2026-06,989146670.0,backfill
4763,2026-07,989146670.0,backfill
4763,2026-08,989146670.0,backfill
4763,2026-09,989146670.0,backfill
4763,2026-10,989146670.0,snap
4764,2025-09,85542062.0,backfill
4764,2025-10,85542062.0,backfill
4764,2025-11,85542062.0,backfill
4764,2025-12,85542062.0,backfill
4764,2026-01,85542062.0,backfill
4764,2026-02,85542062.0,backfill
4764,2026-03,85542062.0,backfill
4764,2026-04,85542062.0,backfill
4764,2026-05,85542062.0,backfill
4764,2026-06,85542062.0,backfill
4764,2026-07,85542062.0,backfill
4764,2026-08,85542062.0,backfill
4764,2026-09,85542062.0,backfill
4764,2026-10,85542062.0,snap
4766,2025-09,120570780.0,backfill
4766,2025-10,120570780.0,backfill
4766,2025-11,120570780.0,backfill
4766,2025-12,120570780.0,backfill
4766,2026-01,120570780.0,backfill
4766,2026-02,120570780.0,backfill
4766,2026-03,120570780.0,backfill
4766,2026-04,120570780.0,backfill
4766,2026-05,120570780.0,backfill
4766,2026-06,120570780.0,backfill
4766,2026-07,120570780.0,backfill
4766,2026-08,120570780.0,backfill
4766,2026-09,120570780.0,backfill
4766,2026-10,120570780.0,snap
4767,2025-09,31415000.0,backfill
4767,2025-10,31415000.0,backfill
4767,2025-11,31415000.0,backfill
4767,2025-12,31415000.0,backfill
4767,2026-01,31415000.0,backfill
4767,2026-02,31415000.0,backfill
4767,2026-03,31415000.0,backfill
4767,2026-04,31415000.0,backfill
4767,2026-05,31415000.0,backfill
4767,2026-06,31415000.0,backfill
4767,2026-07,31415000.0,backfill
4767,2026-08,31415000.0,backfill
4767,2026-09,31415000.0,backfill
4767,2026-10,31415000.0,snap
4768,2025-09,48200288.0,backfill
4768,2025-10,48200288.0,backfill
4768,2025-11,48200288.0,backfill
4768,2025-12,48200288.0,backfill
4768,2026-01,48200288.0,backfill
4768,2026-02,48200288.0,backfill
4768,2026-03,48200288.0,backfill
4768,2026-04,48200288.0,backfill
4768,2026-05,48200288.0,backfill
4768,2026-06,48200288.0,backfill
4768,2026-07,48200288.0,backfill
4768,2026-08,48200288.0,backfill
4768,2026-09,48200288.0,backfill
4768,2026-10,48200288.0,snap
4770,2025-09,79976000.0,backfill
4770,2025-10,79976000.0,backfill
4770,2025-11,79976000.0,backfill
4770,2025-12,79976000.0,backfill
4770,2026-01,79976000.0,backfill
4770,2026-02,79976000.0,backfill
4770,2026-03,79976000.0,backfill
4770,2026-04,79976000.0,backfill
4770,2026-05,79976000.0,backfill
4770,2026-06,79976000.0,backfill
4770,2026-07,79976000.0,backfill
4770,2026-08,79976000.0,backfill
4770,2026-09,79976000.0,backfill
4770,2026-10,79976000.0,snap
4771,2025-09,58708700.0,backfill
4771,2025-10,58708700.0,backfill
4771,2025-11,58708700.0,backfill
4771,2025-12,58708700.0,backfill
4771,2026-01,58708700.0,backfill
4771,2026-02,58708700.0,backfill
4771,2026-03,58708700.0,backfill
4771,2026-04,58708700.0,backfill
4771,2026-05,58708700.0,backfill
4771,2026-06,58708700.0,backfill
4771,2026-07,58708700.0,backfill
4771,2026-08,58708700.0,backfill
4771,2026-09,58708700.0,backfill
4771,2026-10,58708700.0,snap
4772,2025-09,147681552.0,backfill
4772,2025-10,147681552.0,backfill
4772,2025-11,147681552.0,backfill
4772,2025-12,147681552.0,backfill
4772,2026-01,147681552.0,backfill
4772,2026-02,147681552.0,backfill
4772,2026-03,147681552.0,backfill
4772,2026-04,147681552.0,backfill
4772,2026-05,147681552.0,backfill
4772,2026-06,147681552.0,backfill
4772,2026-07,147681552.0,backfill
4772,2026-08,147681552.0,backfill
4772,2026-09,147681552.0,backfill
4772,2026-10,147681552.0,snap
4804,2025-09,71991920.0,backfill
4804,2025-10,71991920.0,backfill
4804,2025-11,71991920.0,backfill
4804,2025-12,71991920.0,backfill
4804,2026-01,71991920.0,backfill
4804,2026-02,71991920.0,backfill
4804,2026-03,71991920.0,backfill
4804,2026-04,71991920.0,backfill
4804,2026-05,71991920.0,backfill
4804,2026-06,71991920.0,backfill
4804,2026-07,71991920.0,backfill
4804,2026-08,71991920.0,backfill
4804,2026-09,71991920.0,backfill
4804,2026-10,71991920.0,snap
4806,2025-09,69924107.0,backfill
4806,2025-10,69924107.0,backfill
4806,2025-11,69924107.0,backfill
4806,2025-12,69924107.0,backfill
4806,2026-01,69924107.0,backfill
4806,2026-02,69924107.0,backfill
4806,2026-03,69924107.0,backfill
4806,2026-04,69924107.0,backfill
4806,2026-05,69924107.0,backfill
4806,2026-06,69924107.0,backfill
4806,2026-07,69924107.0,backfill
4806,2026-08,69924107.0,backfill
4806,2026-09,69924107.0,backfill
4806,2026-10,69924107.0,snap
4807,2025-09,48996032.0,backfill
4807,2025-10,48996032.0,backfill
4807,2025-11,48996032.0,backfill
4807,2025-12,48996032.0,backfill
4807,2026-01,48996032.0,backfill
4807,2026-02,48996032.0,backfill
4807,2026-03,48996032.0,backfill
4807,2026-04,48996032.0,backfill
4807,2026-05,48996032.0,backfill
4807,2026-06,48996032.0,backfill
4807,2026-07,48996032.0,backfill
4807,2026-08,48996032.0,backfill
4807,2026-09,48996032.0,backfill
4807,2026-10,48996032.0,snap
4903,2025-09,105343714.0,backfill
4903,2025-10,105343714.0,backfill
4903,2025-11,105343714.0,backfill
4903,2025-12,105343714.0,backfill
4903,2026-01,105343714.0,backfill
4903,2026-02,105343714.0,backfill
4903,2026-03,105343714.0,backfill
4903,2026-04,105343714.0,backfill
4903,2026-05,105343714.0,backfill
4903,2026-06,105343714.0,backfill
4903,2026-07,105343714.0,backfill
4903,2026-08,105343714.0,backfill
4903,2026-09,105343714.0,backfill
4903,2026-10,105343714.0,snap
4904,2025-09,3607705357.0,backfill
4904,2025-10,3607705357.0,backfill
4904,2025-11,3607705357.0,backfill
4904,2025-12,3607705357.0,backfill
4904,2026-01,3607705357.0,backfill
4904,2026-02,3607705357.0,backfill
4904,2026-03,3607705357.0,backfill
4904,2026-04,3607705357.0,backfill
4904,2026-05,3607705357.0,backfill
4904,2026-06,3607705357.0,backfill
4904,2026-07,3607705357.0,backfill
4904,2026-08,3607705357.0,backfill
4904,2026-09,3607705357.0,backfill
4904,2026-10,3607705357.0,snap
4905,2025-09,29260044.0,backfill
4905,2025-10,29260044.0,backfill
4905,2025-11,29260044.0,backfill
4905,2025-12,29260044.0,backfill
4905,2026-01,29260044.0,backfill
4905,2026-02,29260044.0,backfill
4905,2026-03,29260044.0,backfill
4905,2026-04,29260044.0,backfill
4905,2026-05,29260044.0,backfill
4905,2026-06,29260044.0,backfill
4905,2026-07,29260044.0,backfill
4905,2026-08,29260044.0,backfill
4905,2026-09,29260044.0,backfill
4905,2026-10,29260044.0,snap
4906,2025-09,451706232.0,backfill
4906,2025-10,451706232.0,backfill
4906,2025-11,451706232.0,backfill
4906,2025-12,451706232.0,backfill
4906,2026-01,451706232.0,backfill
4906,2026-02,451706232.0,backfill
4906,2026-03,451706232.0,backfill
4906,2026-04,451706232.0,backfill
4906,2026-05,451706232.0,backfill
4906,2026-06,451706232.0,backfill
4906,2026-07,451706232.0,backfill
4906,2026-08,451706232.0,backfill
4906,2026-09,451706232.0,backfill
4906,2026-10,451706232.0,snap
4907,2025-09,118145778.0,backfill
4907,2025-10,118145778.0,backfill
4907,2025-11,118145778.0,backfill
4907,2025-12,118145778.0,backfill
4907,2026-01,118145778.0,backfill
4907,2026-02,118145778.0,backfill
4907,2026-03,118145778.0,backfill
4907,2026-04,118145778.0,backfill
4907,2026-05,118145778.0,backfill
4907,2026-06,118145778.0,backfill
4907,2026-07,118145778.0,backfill
4907,2026-08,118145778.0,backfill
4907,2026-09,118145778.0,backfill
4907,2026-10,118145778.0,snap
4908,2025-09,78216907.0,backfill
4908,2025-10,78216907.0,backfill
4908,2025-11,78216907.0,backfill
4908,2025-12,78216907.0,backfill
4908,2026-01,78216907.0,backfill
4908,2026-02,78216907.0,backfill
4908,2026-03,78216907.0,backfill
4908,2026-04,78216907.0,backfill
4908,2026-05,78216907.0,backfill
4908,2026-06,78216907.0,backfill
4908,2026-07,78216907.0,backfill
4908,2026-08,78216907.0,backfill
4908,2026-09,78216907.0,backfill
4908,2026-10,78216907.0,snap
4909,2025-09,93356864.0,backfill
4909,2025-10,93356864.0,backfill
4909,2025-11,93356864.0,backfill
4909,2025-12,93356864.0,backfill
4909,2026-01,93356864.0,backfill
4909,2026-02,93356864.0,backfill
4909,2026-03,93356864.0,backfill
4909,2026-04,93356864.0,backfill
4909,2026-05,93356864.0,backfill
4909,2026-06,93356864.0,backfill
4909,2026-07,93356864.0,backfill
4909,2026-08,93356864.0,backfill
4909,2026-09,93356864.0,backfill
4909,2026-10,93356864.0,snap
4911,2025-09,68817133.0,backfill
4911,2025-10,68817133.0,backfill
4911,2025-11,68817133.0,backfill
4911,2025-12,68817133.0,backfill
4911,2026-01,68817133.0,backfill
4911,2026-02,68817133.0,backfill
4911,2026-03,68817133.0,backfill
4911,2026-04,68817133.0,backfill
4911,2026-05,68817133.0,backfill
4911,2026-06,68817133.0,backfill
4911,2026-07,68817133.0,backfill
4911,2026-08,68817133.0,backfill
4911,2026-09,68817133.0,backfill
4911,2026-10,68817133.0,snap
4912,2025-09,66953099.0,backfill
4912,2025-10,66953099.0,backfill
4912,2025-11,66953099.0,backfill
4912,2025-12,66953099.0,backfill
4912,2026-01,66953099.0,backfill
4912,2026-02,66953099.0,backfill
4912,2026-03,66953099.0,backfill
4912,2026-04,66953099.0,backfill
4912,2026-05,66953099.0,backfill
4912,2026-06,66953099.0,backfill
4912,2026-07,66953099.0,backfill
4912,2026-08,66953099.0,backfill
4912,2026-09,66953099.0,backfill
4912,2026-10,66953099.0,snap
4915,2025-09,471880824.0,backfill
4915,2025-10,471880824.0,backfill
4915,2025-11,471880824.0,backfill
4915,2025-12,471880824.0,backfill
4915,2026-01,471880824.0,backfill
4915,2026-02,471880824.0,backfill
4915,2026-03,471880824.0,backfill
4915,2026-04,471880824.0,backfill
4915,2026-05,471880824.0,backfill
4915,2026-06,471880824.0,backfill
4915,2026-07,471880824.0,backfill
4915,2026-08,471880824.0,backfill
4915,2026-09,471880824.0,backfill
4915,2026-10,471880824.0,snap
4916,2025-09,124082539.0,backfill
4916,2025-10,124082539.0,backfill
4916,2025-11,124082539.0,backfill
4916,2025-12,124082539.0,backfill
4916,2026-01,124082539.0,backfill
4916,2026-02,124082539.0,backfill
4916,2026-03,124082539.0,backfill
4916,2026-04,124082539.0,backfill
4916,2026-05,124082539.0,backfill
4916,2026-06,124082539.0,backfill
4916,2026-07,124082539.0,backfill
4916,2026-08,124082539.0,backfill
4916,2026-09,124082539.0,backfill
4916,2026-10,124082539.0,snap
4919,2025-09,419765268.0,backfill
4919,2025-10,419765268.0,backfill
4919,2025-11,419765268.0,backfill
4919,2025-12,419765268.0,backfill
4919,2026-01,419765268.0,backfill
4919,2026-02,419765268.0,backfill
4919,2026-03,419765268.0,backfill
4919,2026-04,419765268.0,backfill
4919,2026-05,419765268.0,backfill
4919,2026-06,419765268.0,backfill
4919,2026-07,419765268.0,backfill
4919,2026-08,419765268.0,backfill
4919,2026-09,419765268.0,backfill
4919,2026-10,419765268.0,snap
4923,2025-09,36940360.0,backfill
4923,2025-10,36940360.0,backfill
4923,2025-11,36940360.0,backfill
4923,2025-12,36940360.0,backfill
4923,2026-01,36940360.0,backfill
4923,2026-02,36940360.0,backfill
4923,2026-03,36940360.0,backfill
4923,2026-04,36940360.0,backfill
4923,2026-05,36940360.0,backfill
4923,2026-06,36940360.0,backfill
4923,2026-07,36940360.0,backfill
4923,2026-08,36940360.0,backfill
4923,2026-09,36940360.0,backfill
4923,2026-10,36940360.0,snap
4924,2025-09,37164409.0,backfill
4924,2025-10,37164409.0,backfill
4924,2025-11,37164409.0,backfill
4924,2025-12,37164409.0,backfill
4924,2026-01,37164409.0,backfill
4924,2026-02,37164409.0,backfill
4924,2026-03,37164409.0,backfill
4924,2026-04,37164409.0,backfill
4924,2026-05,37164409.0,backfill
4924,2026-06,37164409.0,backfill
4924,2026-07,37164409.0,backfill
4924,2026-08,37164409.0,backfill
4924,2026-09,37164409.0,backfill
4924,2026-10,37164409.0,snap
4927,2025-09,264937988.0,backfill
4927,2025-10,264937988.0,backfill
4927,2025-11,264937988.0,backfill
4927,2025-12,264937988.0,backfill
4927,2026-01,264937988.0,backfill
4927,2026-02,264937988.0,backfill
4927,2026-03,264937988.0,backfill
4927,2026-04,264937988.0,backfill
4927,2026-05,264937988.0,backfill
4927,2026-06,264937988.0,backfill
4927,2026-07,264937988.0,backfill
4927,2026-08,264937988.0,backfill
4927,2026-09,264937988.0,backfill
4927,2026-10,264937988.0,snap
4930,2025-09,80000000.0,backfill
4930,2025-10,80000000.0,backfill
4930,2025-11,80000000.0,backfill
4930,2025-12,80000000.0,backfill
4930,2026-01,80000000.0,backfill
4930,2026-02,80000000.0,backfill
4930,2026-03,80000000.0,backfill
4930,2026-04,80000000.0,backfill
4930,2026-05,80000000.0,backfill
4930,2026-06,80000000.0,backfill
4930,2026-07,80000000.0,backfill
4930,2026-08,80000000.0,backfill
4930,2026-09,80000000.0,backfill
4930,2026-10,80000000.0,snap
4931,2025-09,65565761.0,backfill
4931,2025-10,65565761.0,backfill
4931,2025-11,65565761.0,backfill
4931,2025-12,65565761.0,backfill
4931,2026-01,65565761.0,backfill
4931,2026-02,65565761.0,backfill
4931,2026-03,65565761.0,backfill
4931,2026-04,65565761.0,backfill
4931,2026-05,65565761.0,backfill
4931,2026-06,65565761.0,backfill
4931,2026-07,65565761.0,backfill
4931,2026-08,65565761.0,backfill
4931,2026-09,65565761.0,backfill
4931,2026-10,65565761.0,snap
4933,2025-09,82662675.0,backfill
4933,2025-10,82662675.0,backfill
4933,2025-11,82662675.0,backfill
4933,2025-12,82662675.0,backfill
4933,2026-01,82662675.0,backfill
4933,2026-02,82662675.0,backfill
4933,2026-03,82662675.0,backfill
4933,2026-04,82662675.0,backfill
4933,2026-05,82662675.0,backfill
4933,2026-06,82662675.0,backfill
4933,2026-07,82662675.0,backfill
4933,2026-08,82662675.0,backfill
4933,2026-09,82662675.0,backfill
4933,2026-10,82662675.0,snap
4934,2025-09,225000000.0,backfill
4934,2025-10,225000000.0,backfill
4934,2025-11,225000000.0,backfill
4934,2025-12,225000000.0,backfill
4934,2026-01,225000000.0,backfill
4934,2026-02,225000000.0,backfill
4934,2026-03,225000000.0,backfill
4934,2026-04,225000000.0,backfill
4934,2026-05,225000000.0,backfill
4934,2026-06,225000000.0,backfill
4934,2026-07,225000000.0,backfill
4934,2026-08,225000000.0,backfill
4934,2026-09,225000000.0,backfill
4934,2026-10,225000000.0,snap
4935,2025-09,128864091.0,backfill
4935,2025-10,128864091.0,backfill
4935,2025-11,128864091.0,backfill
4935,2025-12,128864091.0,backfill
4935,2026-01,128864091.0,backfill
4935,2026-02,128864091.0,backfill
4935,2026-03,128864091.0,backfill
4935,2026-04,128864091.0,backfill
4935,2026-05,128864091.0,backfill
4935,2026-06,128864091.0,backfill
4935,2026-07,128864091.0,backfill
4935,2026-08,128864091.0,backfill
4935,2026-09,128864091.0,backfill
4935,2026-10,128864091.0,snap
4938,2025-09,2675708703.0,backfill
4938,2025-10,2675708703.0,backfill
4938,2025-11,2675708703.0,backfill
4938,2025-12,2675708703.0,backfill
4938,2026-01,2675708703.0,backfill
4938,2026-02,2675708703.0,backfill
4938,2026-03,2675708703.0,backfill
4938,2026-04,2675708703.0,backfill
4938,2026-05,2675708703.0,backfill
4938,2026-06,2675708703.0,backfill
4938,2026-07,2675708703.0,backfill
4938,2026-08,2675708703.0,backfill
4938,2026-09,2675708703.0,backfill
4938,2026-10,2675708703.0,snap
4939,2025-09,98200868.0,backfill
4939,2025-10,98200868.0,backfill
4939,2025-11,98200868.0,backfill
4939,2025-12,98200868.0,backfill
4939,2026-01,98200868.0,backfill
4939,2026-02,98200868.0,backfill
4939,2026-03,98200868.0,backfill
4939,2026-04,98200868.0,backfill
4939,2026-05,98200868.0,backfill
4939,2026-06,98200868.0,backfill
4939,2026-07,98200868.0,backfill
4939,2026-08,98200868.0,backfill
4939,2026-09,98200868.0,backfill
4939,2026-10,98200868.0,snap
4942,2025-09,142367613.0,backfill
4942,2025-10,142367613.0,backfill
4942,2025-11,142367613.0,backfill
4942,2025-12,142367613.0,backfill
4942,2026-01,142367613.0,backfill
4942,2026-02,142367613.0,backfill
4942,2026-03,142367613.0,backfill
4942,2026-04,142367613.0,backfill
4942,2026-05,142367613.0,backfill
4942,2026-06,142367613.0,backfill
4942,2026-07,142367613.0,backfill
4942,2026-08,142367613.0,backfill
4942,2026-09,142367613.0,backfill
4942,2026-10,142367613.0,snap
4943,2025-09,126694353.0,backfill
4943,2025-10,126694353.0,backfill
4943,2025-11,126694353.0,backfill
4943,2025-12,126694353.0,backfill
4943,2026-01,126694353.0,backfill
4943,2026-02,126694353.0,backfill
4943,2026-03,126694353.0,backfill
4943,2026-04,126694353.0,backfill
4943,2026-05,126694353.0,backfill
4943,2026-06,126694353.0,backfill
4943,2026-07,126694353.0,backfill
4943,2026-08,126694353.0,backfill
4943,2026-09,126694353.0,backfill
4943,2026-10,126694353.0,snap
4946,2025-09,8852816.0,backfill
4946,2025-10,8852816.0,backfill
4946,2025-11,8852816.0,backfill
4946,2025-12,8852816.0,backfill
4946,2026-01,8852816.0,backfill
4946,2026-02,8852816.0,backfill
4946,2026-03,8852816.0,backfill
4946,2026-04,8852816.0,backfill
4946,2026-05,8852816.0,backfill
4946,2026-06,8852816.0,backfill
4946,2026-07,8852816.0,backfill
4946,2026-08,8852816.0,backfill
4946,2026-09,8852816.0,backfill
4946,2026-10,8852816.0,snap
4949,2025-09,67751543.0,backfill
4949,2025-10,67751543.0,backfill
4949,2025-11,67751543.0,backfill
4949,2025-12,67751543.0,backfill
4949,2026-01,67751543.0,backfill
4949,2026-02,67751543.0,backfill
4949,2026-03,67751543.0,backfill
4949,2026-04,67751543.0,backfill
4949,2026-05,67751543.0,backfill
4949,2026-06,67751543.0,backfill
4949,2026-07,67751543.0,backfill
4949,2026-08,67751543.0,backfill
4949,2026-09,67751543.0,backfill
4949,2026-10,67751543.0,snap
4950,2025-09,57729107.0,backfill
4950,2025-10,57729107.0,backfill
4950,2025-11,57729107.0,backfill
4950,2025-12,57729107.0,backfill
4950,2026-01,57729107.0,backfill
4950,2026-02,57729107.0,backfill
4950,2026-03,57729107.0,backfill
4950,2026-04,57729107.0,backfill
4950,2026-05,57729107.0,backfill
4950,2026-06,57729107.0,backfill
4950,2026-07,57729107.0,backfill
4950,2026-08,57729107.0,backfill
4950,2026-09,57729107.0,backfill
4950,2026-10,57729107.0,snap
4951,2025-09,34148713.0,backfill
4951,2025-10,34148713.0,backfill
4951,2025-11,34148713.0,backfill
4951,2025-12,34148713.0,backfill
4951,2026-01,34148713.0,backfill
4951,2026-02,34148713.0,backfill
4951,2026-03,34148713.0,backfill
4951,2026-04,34148713.0,backfill
4951,2026-05,34148713.0,backfill
4951,2026-06,34148713.0,backfill
4951,2026-07,34148713.0,backfill
4951,2026-08,34148713.0,backfill
4951,2026-09,34148713.0,backfill
4951,2026-10,34148713.0,snap
4952,2025-09,108815816.0,backfill
4952,2025-10,108815816.0,backfill
4952,2025-11,108815816.0,backfill
4952,2025-12,108815816.0,backfill
4952,2026-01,108815816.0,backfill
4952,2026-02,108815816.0,backfill
4952,2026-03,108815816.0,backfill
4952,2026-04,108815816.0,backfill
4952,2026-05,108815816.0,backfill
4952,2026-06,108815816.0,backfill
4952,2026-07,108815816.0,backfill
4952,2026-08,108815816.0,backfill
4952,2026-09,108815816.0,backfill
4952,2026-10,108815816.0,snap
4953,2025-09,74326386.0,backfill
4953,2025-10,74326386.0,backfill
4953,2025-11,74326386.0,backfill
4953,2025-12,74326386.0,backfill
4953,2026-01,74326386.0,backfill
4953,2026-02,74326386.0,backfill
4953,2026-03,74326386.0,backfill
4953,2026-04,74326386.0,backfill
4953,2026-05,74326386.0,backfill
4953,2026-06,74326386.0,backfill
4953,2026-07,74326386.0,backfill
4953,2026-08,74326386.0,backfill
4953,2026-09,74326386.0,backfill
4953,2026-10,74326386.0,snap
4956,2025-09,100408236.0,backfill
4956,2025-10,100408236.0,backfill
4956,2025-11,100408236.0,backfill
4956,2025-12,100408236.0,backfill
4956,2026-01,100408236.0,backfill
4956,2026-02,100408236.0,backfill
4956,2026-03,100408236.0,backfill
4956,2026-04,100408236.0,backfill
4956,2026-05,100408236.0,backfill
4956,2026-06,100408236.0,backfill
4956,2026-07,100408236.0,backfill
4956,2026-08,100408236.0,backfill
4956,2026-09,100408236.0,backfill
4956,2026-10,100408236.0,snap
4958,2025-09,1133397175.0,backfill
4958,2025-10,1133397175.0,backfill
4958,2025-11,1133397175.0,backfill
4958,2025-12,1133397175.0,backfill
4958,2026-01,1133397175.0,backfill
4958,2026-02,1133397175.0,backfill
4958,2026-03,1133397175.0,backfill
4958,2026-04,1133397175.0,backfill
4958,2026-05,1133397175.0,backfill
4958,2026-06,1133397175.0,backfill
4958,2026-07,1133397175.0,backfill
4958,2026-08,1133397175.0,backfill
4958,2026-09,1133397175.0,backfill
4958,2026-10,1133397175.0,snap
4960,2025-09,571705388.0,backfill
4960,2025-10,571705388.0,backfill
4960,2025-11,571705388.0,backfill
4960,2025-12,571705388.0,backfill
4960,2026-01,571705388.0,backfill
4960,2026-02,571705388.0,backfill
4960,2026-03,571705388.0,backfill
4960,2026-04,571705388.0,backfill
4960,2026-05,571705388.0,backfill
4960,2026-06,571705388.0,backfill
4960,2026-07,571705388.0,backfill
4960,2026-08,571705388.0,backfill
4960,2026-09,571705388.0,backfill
4960,2026-10,571705388.0,snap
4961,2025-09,121253603.0,backfill
4961,2025-10,121253603.0,backfill
4961,2025-11,121253603.0,backfill
4961,2025-12,121253603.0,backfill
4961,2026-01,121253603.0,backfill
4961,2026-02,121253603.0,backfill
4961,2026-03,121253603.0,backfill
4961,2026-04,121253603.0,backfill
4961,2026-05,121253603.0,backfill
4961,2026-06,121253603.0,backfill
4961,2026-07,121253603.0,backfill
4961,2026-08,121253603.0,backfill
4961,2026-09,121253603.0,backfill
4961,2026-10,121253603.0,snap
4966,2025-09,78957788.0,backfill
4966,2025-10,78957788.0,backfill
4966,2025-11,78957788.0,backfill
4966,2025-12,78957788.0,backfill
4966,2026-01,78957788.0,backfill
4966,2026-02,78957788.0,backfill
4966,2026-03,78957788.0,backfill
4966,2026-04,78957788.0,backfill
4966,2026-05,78957788.0,backfill
4966,2026-06,78957788.0,backfill
4966,2026-07,78957788.0,backfill
4966,2026-08,78957788.0,backfill
4966,2026-09,78957788.0,backfill
4966,2026-10,78957788.0,snap
4967,2025-09,98566394.0,backfill
4967,2025-10,98566394.0,backfill
4967,2025-11,98566394.0,backfill
4967,2025-12,98566394.0,backfill
4967,2026-01,98566394.0,backfill
4967,2026-02,98566394.0,backfill
4967,2026-03,98566394.0,backfill
4967,2026-04,98566394.0,backfill
4967,2026-05,98566394.0,backfill
4967,2026-06,98566394.0,backfill
4967,2026-07,98566394.0,backfill
4967,2026-08,98566394.0,backfill
4967,2026-09,98566394.0,backfill
4967,2026-10,98566394.0,snap
4968,2025-09,92209898.0,backfill
4968,2025-10,92209898.0,backfill
4968,2025-11,92209898.0,backfill
4968,2025-12,92209898.0,backfill
4968,2026-01,92209898.0,backfill
4968,2026-02,92209898.0,backfill
4968,2026-03,92209898.0,backfill
4968,2026-04,92209898.0,backfill
4968,2026-05,92209898.0,backfill
4968,2026-06,92209898.0,backfill
4968,2026-07,92209898.0,backfill
4968,2026-08,92209898.0,backfill
4968,2026-09,92209898.0,backfill
4968,2026-10,92209898.0,snap
4971,2025-09,47185743.0,backfill
4971,2025-10,47185743.0,backfill
4971,2025-11,47185743.0,backfill
4971,2025-12,47185743.0,backfill
4971,2026-01,47185743.0,backfill
4971,2026-02,47185743.0,backfill
4971,2026-03,47185743.0,backfill
4971,2026-04,47185743.0,backfill
4971,2026-05,47185743.0,backfill
4971,2026-06,47185743.0,backfill
4971,2026-07,47185743.0,backfill
4971,2026-08,47185743.0,backfill
4971,2026-09,47185743.0,backfill
4971,2026-10,47185743.0,snap
4972,2025-09,56888587.0,backfill
4972,2025-10,56888587.0,backfill
4972,2025-11,56888587.0,backfill
4972,2025-12,56888587.0,backfill
4972,2026-01,56888587.0,backfill
4972,2026-02,56888587.0,backfill
4972,2026-03,56888587.0,backfill
4972,2026-04,56888587.0,backfill
4972,2026-05,56888587.0,backfill
4972,2026-06,56888587.0,backfill
4972,2026-07,56888587.0,backfill
4972,2026-08,56888587.0,backfill
4972,2026-09,56888587.0,backfill
4972,2026-10,56888587.0,snap
4973,2025-09,65292843.0,backfill
4973,2025-10,65292843.0,backfill
4973,2025-11,65292843.0,backfill
4973,2025-12,65292843.0,backfill
4973,2026-01,65292843.0,backfill
4973,2026-02,65292843.0,backfill
4973,2026-03,65292843.0,backfill
4973,2026-04,65292843.0,backfill
4973,2026-05,65292843.0,backfill
4973,2026-06,65292843.0,backfill
4973,2026-07,65292843.0,backfill
4973,2026-08,65292843.0,backfill
4973,2026-09,65292843.0,backfill
4973,2026-10,65292843.0,snap
4974,2025-09,72500104.0,backfill
4974,2025-10,72500104.0,backfill
4974,2025-11,72500104.0,backfill
4974,2025-12,72500104.0,backfill
4974,2026-01,72500104.0,backfill
4974,2026-02,72500104.0,backfill
4974,2026-03,72500104.0,backfill
4974,2026-04,72500104.0,backfill
4974,2026-05,72500104.0,backfill
4974,2026-06,72500104.0,backfill
4974,2026-07,72500104.0,backfill
4974,2026-08,72500104.0,backfill
4974,2026-09,72500104.0,backfill
4974,2026-10,72500104.0,snap
4976,2025-09,141218000.0,backfill
4976,2025-10,141218000.0,backfill
4976,2025-11,141218000.0,backfill
4976,2025-12,141218000.0,backfill
4976,2026-01,141218000.0,backfill
4976,2026-02,141218000.0,backfill
4976,2026-03,141218000.0,backfill
4976,2026-04,141218000.0,backfill
4976,2026-05,141218000.0,backfill
4976,2026-06,141218000.0,backfill
4976,2026-07,141218000.0,backfill
4976,2026-08,141218000.0,backfill
4976,2026-09,141218000.0,backfill
4976,2026-10,141218000.0,snap
4977,2025-09,90989841.0,backfill
4977,2025-10,90989841.0,backfill
4977,2025-11,90989841.0,backfill
4977,2025-12,90989841.0,backfill
4977,2026-01,90989841.0,backfill
4977,2026-02,90989841.0,backfill
4977,2026-03,90989841.0,backfill
4977,2026-04,90989841.0,backfill
4977,2026-05,90989841.0,backfill
4977,2026-06,90989841.0,backfill
4977,2026-07,90989841.0,backfill
4977,2026-08,90989841.0,backfill
4977,2026-09,90989841.0,backfill
4977,2026-10,90989841.0,snap
4979,2025-09,142802027.0,backfill
4979,2025-10,142802027.0,backfill
4979,2025-11,142802027.0,backfill
4979,2025-12,142802027.0,backfill
4979,2026-01,142802027.0,backfill
4979,2026-02,142802027.0,backfill
4979,2026-03,142802027.0,backfill
4979,2026-04,142802027.0,backfill
4979,2026-05,142802027.0,backfill
4979,2026-06,142802027.0,backfill
4979,2026-07,142802027.0,backfill
4979,2026-08,142802027.0,backfill
4979,2026-09,142802027.0,backfill
4979,2026-10,142802027.0,snap
4989,2025-09,172776500.0,backfill
4989,2025-10,172776500.0,backfill
4989,2025-11,172776500.0,backfill
4989,2025-12,172776500.0,backfill
4989,2026-01,172776500.0,backfill
4989,2026-02,172776500.0,backfill
4989,2026-03,172776500.0,backfill
4989,2026-04,172776500.0,backfill
4989,2026-05,172776500.0,backfill
4989,2026-06,172776500.0,backfill
4989,2026-07,172776500.0,backfill
4989,2026-08,172776500.0,backfill
4989,2026-09,172776500.0,backfill
4989,2026-10,172776500.0,snap
4991,2025-09,121363372.0,backfill
4991,2025-10,121363372.0,backfill
4991,2025-11,121363372.0,backfill
4991,2025-12,121363372.0,backfill
4991,2026-01,121363372.0,backfill
4991,2026-02,121363372.0,backfill
4991,2026-03,121363372.0,backfill
4991,2026-04,121363372.0,backfill
4991,2026-05,121363372.0,backfill
4991,2026-06,121363372.0,backfill
4991,2026-07,121363372.0,backfill
4991,2026-08,121363372.0,backfill
4991,2026-09,121363372.0,backfill
4991,2026-10,121363372.0,snap
4994,2025-09,66383400.0,backfill
4994,2025-10,66383400.0,backfill
4994,2025-11,66383400.0,backfill
4994,2025-12,66383400.0,backfill
4994,2026-01,66383400.0,backfill
4994,2026-02,66383400.0,backfill
4994,2026-03,66383400.0,backfill
4994,2026-04,66383400.0,backfill
4994,2026-05,66383400.0,backfill
4994,2026-06,66383400.0,backfill
4994,2026-07,66383400.0,backfill
4994,2026-08,66383400.0,backfill
4994,2026-09,66383400.0,backfill
4994,2026-10,66383400.0,snap
4995,2025-09,42592036.0,backfill
4995,2025-10,42592036.0,backfill
4995,2025-11,42592036.0,backfill
4995,2025-12,42592036.0,backfill
4995,2026-01,42592036.0,backfill
4995,2026-02,42592036.0,backfill
4995,2026-03,42592036.0,backfill
4995,2026-04,42592036.0,backfill
4995,2026-05,42592036.0,backfill
4995,2026-06,42592036.0,backfill
4995,2026-07,42592036.0,backfill
4995,2026-08,42592036.0,backfill
4995,2026-09,42592036.0,backfill
4995,2026-10,42592036.0,snap
4999,2025-09,74417200.0,backfill
4999,2025-10,74417200.0,backfill
4999,2025-11,74417200.0,backfill
4999,2025-12,74417200.0,backfill
4999,2026-01,74417200.0,backfill
4999,2026-02,74417200.0,backfill
4999,2026-03,74417200.0,backfill
4999,2026-04,74417200.0,backfill
4999,2026-05,74417200.0,backfill
4999,2026-06,74417200.0,backfill
4999,2026-07,74417200.0,backfill
4999,2026-08,74417200.0,backfill
4999,2026-09,74417200.0,backfill
4999,2026-10,74417200.0,snap
5007,2025-09,294940154.0,backfill
5007,2025-10,294940154.0,backfill
5007,2025-11,294940154.0,backfill
5007,2025-12,294940154.0,backfill
5007,2026-01,294940154.0,backfill
5007,2026-02,294940154.0,backfill
5007,2026-03,294940154.0,backfill
5007,2026-04,294940154.0,backfill
5007,2026-05,294940154.0,backfill
5007,2026-06,294940154.0,backfill
5007,2026-07,294940154.0,backfill
5007,2026-08,294940154.0,backfill
5007,2026-09,294940154.0,backfill
5007,2026-10,294940154.0,snap
5009,2025-09,602471197.0,backfill
5009,2025-10,602471197.0,backfill
5009,2025-11,602471197.0,backfill
5009,2025-12,602471197.0,backfill
5009,2026-01,602471197.0,backfill
5009,2026-02,602471197.0,backfill
5009,2026-03,602471197.0,backfill
5009,2026-04,602471197.0,backfill
5009,2026-05,602471197.0,backfill
5009,2026-06,602471197.0,backfill
5009,2026-07,602471197.0,backfill
5009,2026-08,602471197.0,backfill
5009,2026-09,602471197.0,backfill
5009,2026-10,602471197.0,snap
5011,2025-09,100673922.0,backfill
5011,2025-10,100673922.0,backfill
5011,2025-11,100673922.0,backfill
5011,2025-12,100673922.0,backfill
5011,2026-01,100673922.0,backfill
5011,2026-02,100673922.0,backfill
5011,2026-03,100673922.0,backfill
5011,2026-04,100673922.0,backfill
5011,2026-05,100673922.0,backfill
5011,2026-06,100673922.0,backfill
5011,2026-07,100673922.0,backfill
5011,2026-08,100673922.0,backfill
5011,2026-09,100673922.0,backfill
5011,2026-10,100673922.0,snap
5013,2025-09,133416000.0,backfill
5013,2025-10,133416000.0,backfill
5013,2025-11,133416000.0,backfill
5013,2025-12,133416000.0,backfill
5013,2026-01,133416000.0,backfill
5013,2026-02,133416000.0,backfill
5013,2026-03,133416000.0,backfill
5013,2026-04,133416000.0,backfill
5013,2026-05,133416000.0,backfill
5013,2026-06,133416000.0,backfill
5013,2026-07,133416000.0,backfill
5013,2026-08,133416000.0,backfill
5013,2026-09,133416000.0,backfill
5013,2026-10,133416000.0,snap
5014,2025-09,183265054.0,backfill
5014,2025-10,183265054.0,backfill
5014,2025-11,183265054.0,backfill
5014,2025-12,183265054.0,backfill
5014,2026-01,183265054.0,backfill
5014,2026-02,183265054.0,backfill
5014,2026-03,183265054.0,backfill
5014,2026-04,183265054.0,backfill
5014,2026-05,183265054.0,backfill
5014,2026-06,183265054.0,backfill
5014,2026-07,183265054.0,backfill
5014,2026-08,183265054.0,backfill
5014,2026-09,183265054.0,backfill
5014,2026-10,183265054.0,snap
5015,2025-09,60639189.0,backfill
5015,2025-10,60639189.0,backfill
5015,2025-11,60639189.0,backfill
5015,2025-12,60639189.0,backfill
5015,2026-01,60639189.0,backfill
5015,2026-02,60639189.0,backfill
5015,2026-03,60639189.0,backfill
5015,2026-04,60639189.0,backfill
5015,2026-05,60639189.0,backfill
5015,2026-06,60639189.0,backfill
5015,2026-07,60639189.0,backfill
5015,2026-08,60639189.0,backfill
5015,2026-09,60639189.0,backfill
5015,2026-10,60639189.0,snap
5016,2025-09,49622076.0,backfill
5016,2025-10,49622076.0,backfill
5016,2025-11,49622076.0,backfill
5016,2025-12,49622076.0,backfill
5016,2026-01,49622076.0,backfill
5016,2026-02,49622076.0,backfill
5016,2026-03,49622076.0,backfill
5016,2026-04,49622076.0,backfill
5016,2026-05,49622076.0,backfill
5016,2026-06,49622076.0,backfill
5016,2026-07,49622076.0,backfill
5016,2026-08,49622076.0,backfill
5016,2026-09,49622076.0,backfill
5016,2026-10,49622076.0,snap
5201,2025-09,38674600.0,backfill
5201,2025-10,38674600.0,backfill
5201,2025-11,38674600.0,backfill
5201,2025-12,38674600.0,backfill
5201,2026-01,38674600.0,backfill
5201,2026-02,38674600.0,backfill
5201,2026-03,38674600.0,backfill
5201,2026-04,38674600.0,backfill
5201,2026-05,38674600.0,backfill
5201,2026-06,38674600.0,backfill
5201,2026-07,38674600.0,backfill
5201,2026-08,38674600.0,backfill
5201,2026-09,38674600.0,backfill
5201,2026-10,38674600.0,snap
5202,2025-09,89094000.0,backfill
5202,2025-10,89094000.0,backfill
5202,2025-11,89094000.0,backfill
5202,2025-12,89094000.0,backfill
5202,2026-01,89094000.0,backfill
5202,2026-02,89094000.0,backfill
5202,2026-03,89094000.0,backfill
5202,2026-04,89094000.0,backfill
5202,2026-05,89094000.0,backfill
5202,2026-06,89094000.0,backfill
5202,2026-07,89094000.0,backfill
5202,2026-08,89094000.0,backfill
5202,2026-09,89094000.0,backfill
5202,2026-10,89094000.0,snap
5203,2025-09,77342550.0,backfill
5203,2025-10,77342550.0,backfill
5203,2025-11,77342550.0,backfill
5203,2025-12,77342550.0,backfill
5203,2026-01,77342550.0,backfill
5203,2026-02,77342550.0,backfill
5203,2026-03,77342550.0,backfill
5203,2026-04,77342550.0,backfill
5203,2026-05,77342550.0,backfill
5203,2026-06,77342550.0,backfill
5203,2026-07,77342550.0,backfill
5203,2026-08,77342550.0,backfill
5203,2026-09,77342550.0,backfill
5203,2026-10,77342550.0,snap
5205,2025-09,14200000.0,backfill
5205,2025-10,14200000.0,backfill
5205,2025-11,14200000.0,backfill
5205,2025-12,14200000.0,backfill
5205,2026-01,14200000.0,backfill
5205,2026-02,14200000.0,backfill
5205,2026-03,14200000.0,backfill
5205,2026-04,14200000.0,backfill
5205,2026-05,14200000.0,backfill
5205,2026-06,14200000.0,backfill
5205,2026-07,14200000.0,backfill
5205,2026-08,14200000.0,backfill
5205,2026-09,14200000.0,backfill
5205,2026-10,14200000.0,snap
5206,2025-09,180093375.0,backfill
5206,2025-10,180093375.0,backfill
5206,2025-11,180093375.0,backfill
5206,2025-12,180093375.0,backfill
5206,2026-01,180093375.0,backfill
5206,2026-02,180093375.0,backfill
5206,2026-03,180093375.0,backfill
5206,2026-04,180093375.0,backfill
5206,2026-05,180093375.0,backfill
5206,2026-06,180093375.0,backfill
5206,2026-07,180093375.0,backfill
5206,2026-08,180093375.0,backfill
5206,2026-09,180093375.0,backfill
5206,2026-10,180093375.0,snap
5209,2025-09,28567224.0,backfill
5209,2025-10,28567224.0,backfill
5209,2025-11,28567224.0,backfill
5209,2025-12,28567224.0,backfill
5209,2026-01,28567224.0,backfill
5209,2026-02,28567224.0,backfill
5209,2026-03,28567224.0,backfill
5209,2026-04,28567224.0,backfill
5209,2026-05,28567224.0,backfill
5209,2026-06,28567224.0,backfill
5209,2026-07,28567224.0,backfill
5209,2026-08,28567224.0,backfill
5209,2026-09,28567224.0,backfill
5209,2026-10,28567224.0,snap
5210,2025-09,82177779.0,backfill
5210,2025-10,82177779.0,backfill
5210,2025-11,82177779.0,backfill
5210,2025-12,82177779.0,backfill
5210,2026-01,82177779.0,backfill
5210,2026-02,82177779.0,backfill
5210,2026-03,82177779.0,backfill
5210,2026-04,82177779.0,backfill
5210,2026-05,82177779.0,backfill
5210,2026-06,82177779.0,backfill
5210,2026-07,82177779.0,backfill
5210,2026-08,82177779.0,backfill
5210,2026-09,82177779.0,backfill
5210,2026-10,82177779.0,snap
5211,2025-09,32024727.0,backfill
5211,2025-10,32024727.0,backfill
5211,2025-11,32024727.0,backfill
5211,2025-12,32024727.0,backfill
5211,2026-01,32024727.0,backfill
5211,2026-02,32024727.0,backfill
5211,2026-03,32024727.0,backfill
5211,2026-04,32024727.0,backfill
5211,2026-05,32024727.0,backfill
5211,2026-06,32024727.0,backfill
5211,2026-07,32024727.0,backfill
5211,2026-08,32024727.0,backfill
5211,2026-09,32024727.0,backfill
5211,2026-10,32024727.0,snap
5212,2025-09,34633000.0,backfill
5212,2025-10,34633000.0,backfill
5212,2025-11,34633000.0,backfill
5212,2025-12,34633000.0,backfill
5212,2026-01,34633000.0,backfill
5212,2026-02,34633000.0,backfill
5212,2026-03,34633000.0,backfill
5212,2026-04,34633000.0,backfill
5212,2026-05,34633000.0,backfill
5212,2026-06,34633000.0,backfill
5212,2026-07,34633000.0,backfill
5212,2026-08,34633000.0,backfill
5212,2026-09,34633000.0,backfill
5212,2026-10,34633000.0,snap
5213,2025-09,721334326.0,backfill
5213,2025-10,721334326.0,backfill
5213,2025-11,721334326.0,backfill
5213,2025-12,721334326.0,backfill
5213,2026-01,721334326.0,backfill
5213,2026-02,721334326.0,backfill
5213,2026-03,721334326.0,backfill
5213,2026-04,721334326.0,backfill
5213,2026-05,721334326.0,backfill
5213,2026-06,721334326.0,backfill
5213,2026-07,721334326.0,backfill
5213,2026-08,721334326.0,backfill
5213,2026-09,721334326.0,backfill
5213,2026-10,721334326.0,snap
5215,2025-09,64337500.0,backfill
5215,2025-10,64337500.0,backfill
5215,2025-11,64337500.0,backfill
5215,2025-12,64337500.0,backfill
5215,2026-01,64337500.0,backfill
5215,2026-02,64337500.0,backfill
5215,2026-03,64337500.0,backfill
5215,2026-04,64337500.0,backfill
5215,2026-05,64337500.0,backfill
5215,2026-06,64337500.0,backfill
5215,2026-07,64337500.0,backfill
5215,2026-08,64337500.0,backfill
5215,2026-09,64337500.0,backfill
5215,2026-10,64337500.0,snap
5220,2025-09,39667000.0,backfill
5220,2025-10,39667000.0,backfill
5220,2025-11,39667000.0,backfill
5220,2025-12,39667000.0,backfill
5220,2026-01,39667000.0,backfill
5220,2026-02,39667000.0,backfill
5220,2026-03,39667000.0,backfill
5220,2026-04,39667000.0,backfill
5220,2026-05,39667000.0,backfill
5220,2026-06,39667000.0,backfill
5220,2026-07,39667000.0,backfill
5220,2026-08,39667000.0,backfill
5220,2026-09,39667000.0,backfill
5220,2026-10,39667000.0,snap
5222,2025-09,100108465.0,backfill
5222,2025-10,100108465.0,backfill
5222,2025-11,100108465.0,backfill
5222,2025-12,100108465.0,backfill
5222,2026-01,100108465.0,backfill
5222,2026-02,100108465.0,backfill
5222,2026-03,100108465.0,backfill
5222,2026-04,100108465.0,backfill
5222,2026-05,100108465.0,backfill
5222,2026-06,100108465.0,backfill
5222,2026-07,100108465.0,backfill
5222,2026-08,100108465.0,backfill
5222,2026-09,100108465.0,backfill
5222,2026-10,100108465.0,snap
5223,2025-09,44549781.0,backfill
5223,2025-10,44549781.0,backfill
5223,2025-11,44549781.0,backfill
5223,2025-12,44549781.0,backfill
5223,2026-01,44549781.0,backfill
5223,2026-02,44549781.0,backfill
5223,2026-03,44549781.0,backfill
5223,2026-04,44549781.0,backfill
5223,2026-05,44549781.0,backfill
5223,2026-06,44549781.0,backfill
5223,2026-07,44549781.0,backfill
5223,2026-08,44549781.0,backfill
5223,2026-09,44549781.0,backfill
5223,2026-10,44549781.0,snap
5225,2025-09,79136499.0,backfill
5225,2025-10,79136499.0,backfill
5225,2025-11,79136499.0,backfill
5225,2025-12,79136499.0,backfill
5225,2026-01,79136499.0,backfill
5225,2026-02,79136499.0,backfill
5225,2026-03,79136499.0,backfill
5225,2026-04,79136499.0,backfill
5225,2026-05,79136499.0,backfill
5225,2026-06,79136499.0,backfill
5225,2026-07,79136499.0,backfill
5225,2026-08,79136499.0,backfill
5225,2026-09,79136499.0,backfill
5225,2026-10,79136499.0,snap
5227,2025-09,96000000.0,backfill
5227,2025-10,96000000.0,backfill
5227,2025-11,96000000.0,backfill
5227,2025-12,96000000.0,backfill
5227,2026-01,96000000.0,backfill
5227,2026-02,96000000.0,backfill
5227,2026-03,96000000.0,backfill
5227,2026-04,96000000.0,backfill
5227,2026-05,96000000.0,backfill
5227,2026-06,96000000.0,backfill
5227,2026-07,96000000.0,backfill
5227,2026-08,96000000.0,backfill
5227,2026-09,96000000.0,backfill
5227,2026-10,96000000.0,snap
5228,2025-09,38056253.0,backfill
5228,2025-10,38056253.0,backfill
5228,2025-11,38056253.0,backfill
5228,2025-12,38056253.0,backfill
5228,2026-01,38056253.0,backfill
5228,2026-02,38056253.0,backfill
5228,2026-03,38056253.0,backfill
5228,2026-04,38056253.0,backfill
5228,2026-05,38056253.0,backfill
5228,2026-06,38056253.0,backfill
5228,2026-07,38056253.0,backfill
5228,2026-08,38056253.0,backfill
5228,2026-09,38056253.0,backfill
5228,2026-10,38056253.0,snap
5230,2025-09,56303831.0,backfill
5230,2025-10,56303831.0,backfill
5230,2025-11,56303831.0,backfill
5230,2025-12,56303831.0,backfill
5230,2026-01,56303831.0,backfill
5230,2026-02,56303831.0,backfill
5230,2026-03,56303831.0,backfill
5230,2026-04,56303831.0,backfill
5230,2026-05,56303831.0,backfill
5230,2026-06,56303831.0,backfill
5230,2026-07,56303831.0,backfill
5230,2026-08,56303831.0,backfill
5230,2026-09,56303831.0,backfill
5230,2026-10,56303831.0,snap
5234,2025-09,102715911.0,backfill
5234,2025-10,102715911.0,backfill
5234,2025-11,102715911.0,backfill
5234,2025-12,102715911.0,backfill
5234,2026-01,102715911.0,backfill
5234,2026-02,102715911.0,backfill
5234,2026-03,102715911.0,backfill
5234,2026-04,102715911.0,backfill
5234,2026-05,102715911.0,backfill
5234,2026-06,102715911.0,backfill
5234,2026-07,102715911.0,backfill
5234,2026-08,102715911.0,backfill
5234,2026-09,102715911.0,backfill
5234,2026-10,102715911.0,snap
5236,2025-09,60004038.0,backfill
5236,2025-10,60004038.0,backfill
5236,2025-11,60004038.0,backfill
5236,2025-12,60004038.0,backfill
5236,2026-01,60004038.0,backfill
5236,2026-02,60004038.0,backfill
5236,2026-03,60004038.0,backfill
5236,2026-04,60004038.0,backfill
5236,2026-05,60004038.0,backfill
5236,2026-06,60004038.0,backfill
5236,2026-07,60004038.0,backfill
5236,2026-08,60004038.0,backfill
5236,2026-09,60004038.0,backfill
5236,2026-10,60004038.0,snap
5243,2025-09,168528915.0,backfill
5243,2025-10,168528915.0,backfill
5243,2025-11,168528915.0,backfill
5243,2025-12,168528915.0,backfill
5243,2026-01,168528915.0,backfill
5243,2026-02,168528915.0,backfill
5243,2026-03,168528915.0,backfill
5243,2026-04,168528915.0,backfill
5243,2026-05,168528915.0,backfill
5243,2026-06,168528915.0,backfill
5243,2026-07,168528915.0,backfill
5243,2026-08,168528915.0,backfill
5243,2026-09,168528915.0,backfill
5243,2026-10,168528915.0,snap
5244,2025-09,68241899.0,backfill
5244,2025-10,68241899.0,backfill
5244,2025-11,68241899.0,backfill
5244,2025-12,68241899.0,backfill
5244,2026-01,68241899.0,backfill
5244,2026-02,68241899.0,backfill
5244,2026-03,68241899.0,backfill
5244,2026-04,68241899.0,backfill
5244,2026-05,68241899.0,backfill
5244,2026-06,68241899.0,backfill
5244,2026-07,68241899.0,backfill
5244,2026-08,68241899.0,backfill
5244,2026-09,68241899.0,backfill
5244,2026-10,68241899.0,snap
5245,2025-09,45127141.0,backfill
5245,2025-10,45127141.0,backfill
5245,2025-11,45127141.0,backfill
5245,2025-12,45127141.0,backfill
5245,2026-01,45127141.0,backfill
5245,2026-02,45127141.0,backfill
5245,2026-03,45127141.0,backfill
5245,2026-04,45127141.0,backfill
5245,2026-05,45127141.0,backfill
5245,2026-06,45127141.0,backfill
5245,2026-07,45127141.0,backfill
5245,2026-08,45127141.0,backfill
5245,2026-09,45127141.0,backfill
5245,2026-10,45127141.0,snap
5251,2025-09,33733377.0,backfill
5251,2025-10,33733377.0,backfill
5251,2025-11,33733377.0,backfill
5251,2025-12,33733377.0,backfill
5251,2026-01,33733377.0,backfill
5251,2026-02,33733377.0,backfill
5251,2026-03,33733377.0,backfill
5251,2026-04,33733377.0,backfill
5251,2026-05,33733377.0,backfill
5251,2026-06,33733377.0,backfill
5251,2026-07,33733377.0,backfill
5251,2026-08,33733377.0,backfill
5251,2026-09,33733377.0,backfill
5251,2026-10,33733377.0,snap
5258,2025-09,110364894.0,backfill
5258,2025-10,110364894.0,backfill
5258,2025-11,110364894.0,backfill
5258,2025-12,110364894.0,backfill
5258,2026-01,110364894.0,backfill
5258,2026-02,110364894.0,backfill
5258,2026-03,110364894.0,backfill
5258,2026-04,110364894.0,backfill
5258,2026-05,110364894.0,backfill
5258,2026-06,110364894.0,backfill
5258,2026-07,110364894.0,backfill
5258,2026-08,110364894.0,backfill
5258,2026-09,110364894.0,backfill
5258,2026-10,110364894.0,snap
5263,2025-09,78936891.0,backfill
5263,2025-10,78936891.0,backfill
5263,2025-11,78936891.0,backfill
5263,2025-12,78936891.0,backfill
5263,2026-01,78936891.0,backfill
5263,2026-02,78936891.0,backfill
5263,2026-03,78936891.0,backfill
5263,2026-04,78936891.0,backfill
5263,2026-05,78936891.0,backfill
5263,2026-06,78936891.0,backfill
5263,2026-07,78936891.0,backfill
5263,2026-08,78936891.0,backfill
5263,2026-09,78936891.0,backfill
5263,2026-10,78936891.0,snap
5269,2025-09,74156359.0,backfill
5269,2025-10,74156359.0,backfill
5269,2025-11,74156359.0,backfill
5269,2025-12,74156359.0,backfill
5269,2026-01,74156359.0,backfill
5269,2026-02,74156359.0,backfill
5269,2026-03,74156359.0,backfill
5269,2026-04,74156359.0,backfill
5269,2026-05,74156359.0,backfill
5269,2026-06,74156359.0,backfill
5269,2026-07,74156359.0,backfill
5269,2026-08,74156359.0,backfill
5269,2026-09,74156359.0,backfill
5269,2026-10,74156359.0,snap
5272,2025-09,55276118.0,backfill
5272,2025-10,55276118.0,backfill
5272,2025-11,55276118.0,backfill
5272,2025-12,55276118.0,backfill
5272,2026-01,55276118.0,backfill
5272,2026-02,55276118.0,backfill
5272,2026-03,55276118.0,backfill
5272,2026-04,55276118.0,backfill
5272,2026-05,55276118.0,backfill
5272,2026-06,55276118.0,backfill
5272,2026-07,55276118.0,backfill
5272,2026-08,55276118.0,backfill
5272,2026-09,55276118.0,backfill
5272,2026-10,55276118.0,snap
5274,2025-09,41582953.0,backfill
5274,2025-10,41582953.0,backfill
5274,2025-11,41582953.0,backfill
5274,2025-12,41582953.0,backfill
5274,2026-01,41582953.0,backfill
5274,2026-02,41582953.0,backfill
5274,2026-03,41582953.0,backfill
5274,2026-04,41582953.0,backfill
5274,2026-05,41582953.0,backfill
5274,2026-06,41582953.0,backfill
5274,2026-07,41582953.0,backfill
5274,2026-08,41582953.0,backfill
5274,2026-09,41582953.0,backfill
5274,2026-10,41582953.0,snap
5276,2025-09,39500000.0,backfill
5276,2025-10,39500000.0,backfill
5276,2025-11,39500000.0,backfill
5276,2025-12,39500000.0,backfill
5276,2026-01,39500000.0,backfill
5276,2026-02,39500000.0,backfill
5276,2026-03,39500000.0,backfill
5276,2026-04,39500000.0,backfill
5276,2026-05,39500000.0,backfill
5276,2026-06,39500000.0,backfill
5276,2026-07,39500000.0,backfill
5276,2026-08,39500000.0,backfill
5276,2026-09,39500000.0,backfill
5276,2026-10,39500000.0,snap
5278,2025-09,300000000.0,backfill
5278,2025-10,300000000.0,backfill
5278,2025-11,300000000.0,backfill
5278,2025-12,300000000.0,backfill
5278,2026-01,300000000.0,backfill
5278,2026-02,300000000.0,backfill
5278,2026-03,300000000.0,backfill
5278,2026-04,300000000.0,backfill
5278,2026-05,300000000.0,backfill
5278,2026-06,300000000.0,backfill
5278,2026-07,300000000.0,backfill
5278,2026-08,300000000.0,backfill
5278,2026-09,300000000.0,backfill
5278,2026-10,300000000.0,snap
5283,2025-09,87600510.0,backfill
5283,2025-10,87600510.0,backfill
5283,2025-11,87600510.0,backfill
5283,2025-12,87600510.0,backfill
5283,2026-01,87600510.0,backfill
5283,2026-02,87600510.0,backfill
5283,2026-03,87600510.0,backfill
5283,2026-04,87600510.0,backfill
5283,2026-05,87600510.0,backfill
5283,2026-06,87600510.0,backfill
5283,2026-07,87600510.0,backfill
5283,2026-08,87600510.0,backfill
5283,2026-09,87600510.0,backfill
5283,2026-10,87600510.0,snap
5284,2025-09,55142683.0,backfill
5284,2025-10,55142683.0,backfill
5284,2025-11,55142683.0,backfill
5284,2025-12,55142683.0,backfill
5284,2026-01,55142683.0,backfill
5284,2026-02,55142683.0,backfill
5284,2026-03,55142683.0,backfill
5284,2026-04,55142683.0,backfill
5284,2026-05,55142683.0,backfill
5284,2026-06,55142683.0,backfill
5284,2026-07,55142683.0,backfill
5284,2026-08,55142683.0,backfill
5284,2026-09,55142683.0,backfill
5284,2026-10,55142683.0,snap
5285,2025-09,102040926.0,backfill
5285,2025-10,102040926.0,backfill
5285,2025-11,102040926.0,backfill
5285,2025-12,102040926.0,backfill
5285,2026-01,102040926.0,backfill
5285,2026-02,102040926.0,backfill
5285,2026-03,102040926.0,backfill
5285,2026-04,102040926.0,backfill
5285,2026-05,102040926.0,backfill
5285,2026-06,102040926.0,backfill
5285,2026-07,102040926.0,backfill
5285,2026-08,102040926.0,backfill
5285,2026-09,102040926.0,backfill
5285,2026-10,102040926.0,snap
5287,2025-09,60310050.0,backfill
5287,2025-10,60310050.0,backfill
5287,2025-11,60310050.0,backfill
5287,2025-12,60310050.0,backfill
5287,2026-01,60310050.0,backfill
5287,2026-02,60310050.0,backfill
5287,2026-03,60310050.0,backfill
5287,2026-04,60310050.0,backfill
5287,2026-05,60310050.0,backfill
5287,2026-06,60310050.0,backfill
5287,2026-07,60310050.0,backfill
5287,2026-08,60310050.0,backfill
5287,2026-09,60310050.0,backfill
5287,2026-10,60310050.0,snap
5288,2025-09,69884722.0,backfill
5288,2025-10,69884722.0,backfill
5288,2025-11,69884722.0,backfill
5288,2025-12,69884722.0,backfill
5288,2026-01,69884722.0,backfill
5288,2026-02,69884722.0,backfill
5288,2026-03,69884722.0,backfill
5288,2026-04,69884722.0,backfill
5288,2026-05,69884722.0,backfill
5288,2026-06,69884722.0,backfill
5288,2026-07,69884722.0,backfill
5288,2026-08,69884722.0,backfill
5288,2026-09,69884722.0,backfill
5288,2026-10,69884722.0,snap
5289,2025-09,98289931.0,backfill
5289,2025-10,98289931.0,backfill
5289,2025-11,98289931.0,backfill
5289,2025-12,98289931.0,backfill
5289,2026-01,98289931.0,backfill
5289,2026-02,98289931.0,backfill
5289,2026-03,98289931.0,backfill
5289,2026-04,98289931.0,backfill
5289,2026-05,98289931.0,backfill
5289,2026-06,98289931.0,backfill
5289,2026-07,98289931.0,backfill
5289,2026-08,98289931.0,backfill
5289,2026-09,98289931.0,backfill
5289,2026-10,98289931.0,snap
5291,2025-09,41890606.0,backfill
5291,2025-10,41890606.0,backfill
5291,2025-11,41890606.0,backfill
5291,2025-12,41890606.0,backfill
5291,2026-01,41890606.0,backfill
5291,2026-02,41890606.0,backfill
5291,2026-03,41890606.0,backfill
5291,2026-04,41890606.0,backfill
5291,2026-05,41890606.0,backfill
5291,2026-06,41890606.0,backfill
5291,2026-07,41890606.0,backfill
5291,2026-08,41890606.0,backfill
5291,2026-09,41890606.0,backfill
5291,2026-10,41890606.0,snap
5292,2025-09,46318800.0,backfill
5292,2025-10,46318800.0,backfill
5292,2025-11,46318800.0,backfill
5292,2025-12,46318800.0,backfill
5292,2026-01,46318800.0,backfill
5292,2026-02,46318800.0,backfill
5292,2026-03,46318800.0,backfill
5292,2026-04,46318800.0,backfill
5292,2026-05,46318800.0,backfill
5292,2026-06,46318800.0,backfill
5292,2026-07,46318800.0,backfill
5292,2026-08,46318800.0,backfill
5292,2026-09,46318800.0,backfill
5292,2026-10,46318800.0,snap
5299,2025-09,50888981.0,backfill
5299,2025-10,50888981.0,backfill
5299,2025-11,50888981.0,backfill
5299,2025-12,50888981.0,backfill
5299,2026-01,50888981.0,backfill
5299,2026-02,50888981.0,backfill
5299,2026-03,50888981.0,backfill
5299,2026-04,50888981.0,backfill
5299,2026-05,50888981.0,backfill
5299,2026-06,50888981.0,backfill
5299,2026-07,50888981.0,backfill
5299,2026-08,50888981.0,backfill
5299,2026-09,50888981.0,backfill
5299,2026-10,50888981.0,snap
5301,2025-09,53928846.0,backfill
5301,2025-10,53928846.0,backfill
5301,2025-11,53928846.0,backfill
5301,2025-12,53928846.0,backfill
5301,2026-01,53928846.0,backfill
5301,2026-02,53928846.0,backfill
5301,2026-03,53928846.0,backfill
5301,2026-04,53928846.0,backfill
5301,2026-05,53928846.0,backfill
5301,2026-06,53928846.0,backfill
5301,2026-07,53928846.0,backfill
5301,2026-08,53928846.0,backfill
5301,2026-09,53928846.0,backfill
5301,2026-10,53928846.0,snap
5302,2025-09,159888349.0,backfill
5302,2025-10,159888349.0,backfill
5302,2025-11,159888349.0,backfill
5302,2025-12,159888349.0,backfill
5302,2026-01,159888349.0,backfill
5302,2026-02,159888349.0,backfill
5302,2026-03,159888349.0,backfill
5302,2026-04,159888349.0,backfill
5302,2026-05,159888349.0,backfill
5302,2026-06,159888349.0,backfill
5302,2026-07,159888349.0,backfill
5302,2026-08,159888349.0,backfill
5302,2026-09,159888349.0,backfill
5302,2026-10,159888349.0,snap
5306,2025-09,126000772.0,backfill
5306,2025-10,126000772.0,backfill
5306,2025-11,126000772.0,backfill
5306,2025-12,126000772.0,backfill
5306,2026-01,126000772.0,backfill
5306,2026-02,126000772.0,backfill
5306,2026-03,126000772.0,backfill
5306,2026-04,126000772.0,backfill
5306,2026-05,126000772.0,backfill
5306,2026-06,126000772.0,backfill
5306,2026-07,126000772.0,backfill
5306,2026-08,126000772.0,backfill
5306,2026-09,126000772.0,backfill
5306,2026-10,126000772.0,snap
5309,2025-09,230967451.0,backfill
5309,2025-10,230967451.0,backfill
5309,2025-11,230967451.0,backfill
5309,2025-12,230967451.0,backfill
5309,2026-01,230967451.0,backfill
5309,2026-02,230967451.0,backfill
5309,2026-03,230967451.0,backfill
5309,2026-04,230967451.0,backfill
5309,2026-05,230967451.0,backfill
5309,2026-06,230967451.0,backfill
5309,2026-07,230967451.0,backfill
5309,2026-08,230967451.0,backfill
5309,2026-09,230967451.0,backfill
5309,2026-10,230967451.0,snap
5310,2025-09,28943517.0,backfill
5310,2025-10,28943517.0,backfill
5310,2025-11,28943517.0,backfill
5310,2025-12,28943517.0,backfill
5310,2026-01,28943517.0,backfill
5310,2026-02,28943517.0,backfill
5310,2026-03,28943517.0,backfill
5310,2026-04,28943517.0,backfill
5310,2026-05,28943517.0,backfill
5310,2026-06,28943517.0,backfill
5310,2026-07,28943517.0,backfill
5310,2026-08,28943517.0,backfill
5310,2026-09,28943517.0,backfill
5310,2026-10,28943517.0,snap
5312,2025-09,60059898.0,backfill
5312,2025-10,60059898.0,backfill
5312,2025-11,60059898.0,backfill
5312,2025-12,60059898.0,backfill
5312,2026-01,60059898.0,backfill
5312,2026-02,60059898.0,backfill
5312,2026-03,60059898.0,backfill
5312,2026-04,60059898.0,backfill
5312,2026-05,60059898.0,backfill
5312,2026-06,60059898.0,backfill
5312,2026-07,60059898.0,backfill
5312,2026-08,60059898.0,backfill
5312,2026-09,60059898.0,backfill
5312,2026-10,60059898.0,snap
5314,2025-09,292000000.0,backfill
5314,2025-10,292000000.0,backfill
5314,2025-11,292000000.0,backfill
5314,2025-12,292000000.0,backfill
5314,2026-01,292000000.0,backfill
5314,2026-02,292000000.0,backfill
5314,2026-03,292000000.0,backfill
5314,2026-04,292000000.0,backfill
5314,2026-05,292000000.0,backfill
5314,2026-06,292000000.0,backfill
5314,2026-07,292000000.0,backfill
5314,2026-08,292000000.0,backfill
5314,2026-09,292000000.0,backfill
5314,2026-10,292000000.0,snap
5315,2025-09,106351832.0,backfill
5315,2025-10,106351832.0,backfill
5315,2025-11,106351832.0,backfill
5315,2025-12,106351832.0,backfill
5315,2026-01,106351832.0,backfill
5315,2026-02,106351832.0,backfill
5315,2026-03,106351832.0,backfill
5315,2026-04,106351832.0,backfill
5315,2026-05,106351832.0,backfill
5315,2026-06,106351832.0,backfill
5315,2026-07,106351832.0,backfill
5315,2026-08,106351832.0,backfill
5315,2026-09,106351832.0,backfill
5315,2026-10,106351832.0,snap
5321,2025-09,59543149.0,backfill
5321,2025-10,59543149.0,backfill
5321,2025-11,59543149.0,backfill
5321,2025-12,59543149.0,backfill
5321,2026-01,59543149.0,backfill
5321,2026-02,59543149.0,backfill
5321,2026-03,59543149.0,backfill
5321,2026-04,59543149.0,backfill
5321,2026-05,59543149.0,backfill
5321,2026-06,59543149.0,backfill
5321,2026-07,59543149.0,backfill
5321,2026-08,59543149.0,backfill
5321,2026-09,59543149.0,backfill
5321,2026-10,59543149.0,snap
5324,2025-09,226379090.0,backfill
5324,2025-10,226379090.0,backfill
5324,2025-11,226379090.0,backfill
5324,2025-12,226379090.0,backfill
5324,2026-01,226379090.0,backfill
5324,2026-02,226379090.0,backfill
5324,2026-03,226379090.0,backfill
5324,2026-04,226379090.0,backfill
5324,2026-05,226379090.0,backfill
5324,2026-06,226379090.0,backfill
5324,2026-07,226379090.0,backfill
5324,2026-08,226379090.0,backfill
5324,2026-09,226379090.0,backfill
5324,2026-10,226379090.0,snap
5328,2025-09,172710724.0,backfill
5328,2025-10,172710724.0,backfill
5328,2025-11,172710724.0,backfill
5328,2025-12,172710724.0,backfill
5328,2026-01,172710724.0,backfill
5328,2026-02,172710724.0,backfill
5328,2026-03,172710724.0,backfill
5328,2026-04,172710724.0,backfill
5328,2026-05,172710724.0,backfill
5328,2026-06,172710724.0,backfill
5328,2026-07,172710724.0,backfill
5328,2026-08,172710724.0,backfill
5328,2026-09,172710724.0,backfill
5328,2026-10,172710724.0,snap
5340,2025-09,194893964.0,backfill
5340,2025-10,194893964.0,backfill
5340,2025-11,194893964.0,backfill
5340,2025-12,194893964.0,backfill
5340,2026-01,194893964.0,backfill
5340,2026-02,194893964.0,backfill
5340,2026-03,194893964.0,backfill
5340,2026-04,194893964.0,backfill
5340,2026-05,194893964.0,backfill
5340,2026-06,194893964.0,backfill
5340,2026-07,194893964.0,backfill
5340,2026-08,194893964.0,backfill
5340,2026-09,194893964.0,backfill
5340,2026-10,194893964.0,snap
5344,2025-09,79447460.0,backfill
5344,2025-10,79447460.0,backfill
5344,2025-11,79447460.0,backfill
5344,2025-12,79447460.0,backfill
5344,2026-01,79447460.0,backfill
5344,2026-02,79447460.0,backfill
5344,2026-03,79447460.0,backfill
5344,2026-04,79447460.0,backfill
5344,2026-05,79447460.0,backfill
5344,2026-06,79447460.0,backfill
5344,2026-07,79447460.0,backfill
5344,2026-08,79447460.0,backfill
5344,2026-09,79447460.0,backfill
5344,2026-10,79447460.0,snap
5345,2025-09,37795000.0,backfill
5345,2025-10,37795000.0,backfill
5345,2025-11,37795000.0,backfill
5345,2025-12,37795000.0,backfill
5345,2026-01,37795000.0,backfill
5345,2026-02,37795000.0,backfill
5345,2026-03,37795000.0,backfill
5345,2026-04,37795000.0,backfill
5345,2026-05,37795000.0,backfill
5345,2026-06,37795000.0,backfill
5345,2026-07,37795000.0,backfill
5345,2026-08,37795000.0,backfill
5345,2026-09,37795000.0,backfill
5345,2026-10,37795000.0,snap
5347,2025-09,1878502192.0,backfill
5347,2025-10,1878502192.0,backfill
5347,2025-11,1878502192.0,backfill
5347,2025-12,1878502192.0,backfill
5347,2026-01,1878502192.0,backfill
5347,2026-02,1878502192.0,backfill
5347,2026-03,1878502192.0,backfill
5347,2026-04,1878502192.0,backfill
5347,2026-05,1878502192.0,backfill
5347,2026-06,1878502192.0,backfill
5347,2026-07,1878502192.0,backfill
5347,2026-08,1878502192.0,backfill
5347,2026-09,1878502192.0,backfill
5347,2026-10,1878502192.0,snap
5348,2025-09,14775917.0,backfill
5348,2025-10,14775917.0,backfill
5348,2025-11,14775917.0,backfill
5348,2025-12,14775917.0,backfill
5348,2026-01,14775917.0,backfill
5348,2026-02,14775917.0,backfill
5348,2026-03,14775917.0,backfill
5348,2026-04,14775917.0,backfill
5348,2026-05,14775917.0,backfill
5348,2026-06,14775917.0,backfill
5348,2026-07,14775917.0,backfill
5348,2026-08,14775917.0,backfill
5348,2026-09,14775917.0,backfill
5348,2026-10,14775917.0,snap
5351,2025-09,328636781.0,backfill
5351,2025-10,328636781.0,backfill
5351,2025-11,328636781.0,backfill
5351,2025-12,328636781.0,backfill
5351,2026-01,328636781.0,backfill
5351,2026-02,328636781.0,backfill
5351,2026-03,328636781.0,backfill
5351,2026-04,328636781.0,backfill
5351,2026-05,328636781.0,backfill
5351,2026-06,328636781.0,backfill
5351,2026-07,328636781.0,backfill
5351,2026-08,328636781.0,backfill
5351,2026-09,328636781.0,backfill
5351,2026-10,328636781.0,snap
5353,2025-09,76500000.0,backfill
5353,2025-10,76500000.0,backfill
5353,2025-11,76500000.0,backfill
5353,2025-12,76500000.0,backfill
5353,2026-01,76500000.0,backfill
5353,2026-02,76500000.0,backfill
5353,2026-03,76500000.0,backfill
5353,2026-04,76500000.0,backfill
5353,2026-05,76500000.0,backfill
5353,2026-06,76500000.0,backfill
5353,2026-07,76500000.0,backfill
5353,2026-08,76500000.0,backfill
5353,2026-09,76500000.0,backfill
5353,2026-10,76500000.0,snap
5355,2025-09,77500000.0,backfill
5355,2025-10,77500000.0,backfill
5355,2025-11,77500000.0,backfill
5355,2025-12,77500000.0,backfill
5355,2026-01,77500000.0,backfill
5355,2026-02,77500000.0,backfill
5355,2026-03,77500000.0,backfill
5355,2026-04,77500000.0,backfill
5355,2026-05,77500000.0,backfill
5355,2026-06,77500000.0,backfill
5355,2026-07,77500000.0,backfill
5355,2026-08,77500000.0,backfill
5355,2026-09,77500000.0,backfill
5355,2026-10,77500000.0,snap
5356,2025-09,103040000.0,backfill
5356,2025-10,103040000.0,backfill
5356,2025-11,103040000.0,backfill
5356,2025-12,103040000.0,backfill
5356,2026-01,103040000.0,backfill
5356,2026-02,103040000.0,backfill
5356,2026-03,103040000.0,backfill
5356,2026-04,103040000.0,backfill
5356,2026-05,103040000.0,backfill
5356,2026-06,103040000.0,backfill
5356,2026-07,103040000.0,backfill
5356,2026-08,103040000.0,backfill
5356,2026-09,103040000.0,backfill
5356,2026-10,103040000.0,snap
5364,2025-09,63849940.0,backfill
5364,2025-10,63849940.0,backfill
5364,2025-11,63849940.0,backfill
5364,2025-12,63849940.0,backfill
5364,2026-01,63849940.0,backfill
5364,2026-02,63849940.0,backfill
5364,2026-03,63849940.0,backfill
5364,2026-04,63849940.0,backfill
5364,2026-05,63849940.0,backfill
5364,2026-06,63849940.0,backfill
5364,2026-07,63849940.0,backfill
5364,2026-08,63849940.0,backfill
5364,2026-09,63849940.0,backfill
5364,2026-10,63849940.0,snap
5381,2025-09,207690562.0,backfill
5381,2025-10,207690562.0,backfill
5381,2025-11,207690562.0,backfill
5381,2025-12,207690562.0,backfill
5381,2026-01,207690562.0,backfill
5381,2026-02,207690562.0,backfill
5381,2026-03,207690562.0,backfill
5381,2026-04,207690562.0,backfill
5381,2026-05,207690562.0,backfill
5381,2026-06,207690562.0,backfill
5381,2026-07,207690562.0,backfill
5381,2026-08,207690562.0,backfill
5381,2026-09,207690562.0,backfill
5381,2026-10,207690562.0,snap
5386,2025-09,54121322.0,backfill
5386,2025-10,54121322.0,backfill
5386,2025-11,54121322.0,backfill
5386,2025-12,54121322.0,backfill
5386,2026-01,54121322.0,backfill
5386,2026-02,54121322.0,backfill
5386,2026-03,54121322.0,backfill
5386,2026-04,54121322.0,backfill
5386,2026-05,54121322.0,backfill
5386,2026-06,54121322.0,backfill
5386,2026-07,54121322.0,backfill
5386,2026-08,54121322.0,backfill
5386,2026-09,54121322.0,backfill
5386,2026-10,54121322.0,snap
5388,2025-09,304342542.0,backfill
5388,2025-10,304342542.0,backfill
5388,2025-11,304342542.0,backfill
5388,2025-12,304342542.0,backfill
5388,2026-01,304342542.0,backfill
5388,2026-02,304342542.0,backfill
5388,2026-03,304342542.0,backfill
5388,2026-04,304342542.0,backfill
5388,2026-05,304342542.0,backfill
5388,2026-06,304342542.0,backfill
5388,2026-07,304342542.0,backfill
5388,2026-08,304342542.0,backfill
5388,2026-09,304342542.0,backfill
5388,2026-10,304342542.0,snap
5392,2025-09,180093388.0,backfill
5392,2025-10,180093388.0,backfill
5392,2025-11,180093388.0,backfill
5392,2025-12,180093388.0,backfill
5392,2026-01,180093388.0,backfill
5392,2026-02,180093388.0,backfill
5392,2026-03,180093388.0,backfill
5392,2026-04,180093388.0,backfill
5392,2026-05,180093388.0,backfill
5392,2026-06,180093388.0,backfill
5392,2026-07,180093388.0,backfill
5392,2026-08,180093388.0,backfill
5392,2026-09,180093388.0,backfill
5392,2026-10,180093388.0,snap
5398,2025-09,49465460.0,backfill
5398,2025-10,49465460.0,backfill
5398,2025-11,49465460.0,backfill
5398,2025-12,49465460.0,backfill
5398,2026-01,49465460.0,backfill
5398,2026-02,49465460.0,backfill
5398,2026-03,49465460.0,backfill
5398,2026-04,49465460.0,backfill
5398,2026-05,49465460.0,backfill
5398,2026-06,49465460.0,backfill
5398,2026-07,49465460.0,backfill
5398,2026-08,49465460.0,backfill
5398,2026-09,49465460.0,backfill
5398,2026-10,49465460.0,snap
5403,2025-09,78120722.0,backfill
5403,2025-10,78120722.0,backfill
5403,2025-11,78120722.0,backfill
5403,2025-12,78120722.0,backfill
5403,2026-01,78120722.0,backfill
5403,2026-02,78120722.0,backfill
5403,2026-03,78120722.0,backfill
5403,2026-04,78120722.0,backfill
5403,2026-05,78120722.0,backfill
5403,2026-06,78120722.0,backfill
5403,2026-07,78120722.0,backfill
5403,2026-08,78120722.0,backfill
5403,2026-09,78120722.0,backfill
5403,2026-10,78120722.0,snap
5410,2025-09,93368623.0,backfill
5410,2025-10,93368623.0,backfill
5410,2025-11,93368623.0,backfill
5410,2025-12,93368623.0,backfill
5410,2026-01,93368623.0,backfill
5410,2026-02,93368623.0,backfill
5410,2026-03,93368623.0,backfill
5410,2026-04,93368623.0,backfill
5410,2026-05,93368623.0,backfill
5410,2026-06,93368623.0,backfill
5410,2026-07,93368623.0,backfill
5410,2026-08,93368623.0,backfill
5410,2026-09,93368623.0,backfill
5410,2026-10,93368623.0,snap
5425,2025-09,263485486.0,backfill
5425,2025-10,263485486.0,backfill
5425,2025-11,263485486.0,backfill
5425,2025-12,263485486.0,backfill
5425,2026-01,263485486.0,backfill
5425,2026-02,263485486.0,backfill
5425,2026-03,263485486.0,backfill
5425,2026-04,263485486.0,backfill
5425,2026-05,263485486.0,backfill
5425,2026-06,263485486.0,backfill
5425,2026-07,263485486.0,backfill
5425,2026-08,263485486.0,backfill
5425,2026-09,263485486.0,backfill
5425,2026-10,263485486.0,snap
5426,2025-09,143800000.0,backfill
5426,2025-10,143800000.0,backfill
5426,2025-11,143800000.0,backfill
5426,2025-12,143800000.0,backfill
5426,2026-01,143800000.0,backfill
5426,2026-02,143800000.0,backfill
5426,2026-03,143800000.0,backfill
5426,2026-04,143800000.0,backfill
5426,2026-05,143800000.0,backfill
5426,2026-06,143800000.0,backfill
5426,2026-07,143800000.0,backfill
5426,2026-08,143800000.0,backfill
5426,2026-09,143800000.0,backfill
5426,2026-10,143800000.0,snap
5432,2025-09,20687804.0,backfill
5432,2025-10,20687804.0,backfill
5432,2025-11,20687804.0,backfill
5432,2025-12,20687804.0,backfill
5432,2026-01,20687804.0,backfill
5432,2026-02,20687804.0,backfill
5432,2026-03,20687804.0,backfill
5432,2026-04,20687804.0,backfill
5432,2026-05,20687804.0,backfill
5432,2026-06,20687804.0,backfill
5432,2026-07,20687804.0,backfill
5432,2026-08,20687804.0,backfill
5432,2026-09,20687804.0,backfill
5432,2026-10,20687804.0,snap
5434,2025-09,194007983.0,backfill
5434,2025-10,194007983.0,backfill
5434,2025-11,194007983.0,backfill
5434,2025-12,194007983.0,backfill
5434,2026-01,194007983.0,backfill
5434,2026-02,194007983.0,backfill
5434,2026-03,194007983.0,backfill
5434,2026-04,194007983.0,backfill
5434,2026-05,194007983.0,backfill
5434,2026-06,194007983.0,backfill
5434,2026-07,194007983.0,backfill
5434,2026-08,194007983.0,backfill
5434,2026-09,194007983.0,backfill
5434,2026-10,194007983.0,snap
5438,2025-09,112536565.0,backfill
5438,2025-10,112536565.0,backfill
5438,2025-11,112536565.0,backfill
5438,2025-12,112536565.0,backfill
5438,2026-01,112536565.0,backfill
5438,2026-02,112536565.0,backfill
5438,2026-03,112536565.0,backfill
5438,2026-04,112536565.0,backfill
5438,2026-05,112536565.0,backfill
5438,2026-06,112536565.0,backfill
5438,2026-07,112536565.0,backfill
5438,2026-08,112536565.0,backfill
5438,2026-09,112536565.0,backfill
5438,2026-10,112536565.0,snap
5439,2025-09,92975752.0,backfill
5439,2025-10,92975752.0,backfill
5439,2025-11,92975752.0,backfill
5439,2025-12,92975752.0,backfill
5439,2026-01,92975752.0,backfill
5439,2026-02,92975752.0,backfill
5439,2026-03,92975752.0,backfill
5439,2026-04,92975752.0,backfill
5439,2026-05,92975752.0,backfill
5439,2026-06,92975752.0,backfill
5439,2026-07,92975752.0,backfill
5439,2026-08,92975752.0,backfill
5439,2026-09,92975752.0,backfill
5439,2026-10,92975752.0,snap
5443,2025-09,164746644.0,backfill
5443,2025-10,164746644.0,backfill
5443,2025-11,164746644.0,backfill
5443,2025-12,164746644.0,backfill
5443,2026-01,164746644.0,backfill
5443,2026-02,164746644.0,backfill
5443,2026-03,164746644.0,backfill
5443,2026-04,164746644.0,backfill
5443,2026-05,164746644.0,backfill
5443,2026-06,164746644.0,backfill
5443,2026-07,164746644.0,backfill
5443,2026-08,164746644.0,backfill
5443,2026-09,164746644.0,backfill
5443,2026-10,164746644.0,snap
5450,2025-09,122403239.0,backfill
5450,2025-10,122403239.0,backfill
5450,2025-11,122403239.0,backfill
5450,2025-12,122403239.0,backfill
5450,2026-01,122403239.0,backfill
5450,2026-02,122403239.0,backfill
5450,2026-03,122403239.0,backfill
5450,2026-04,122403239.0,backfill
5450,2026-05,122403239.0,backfill
5450,2026-06,122403239.0,backfill
5450,2026-07,122403239.0,backfill
5450,2026-08,122403239.0,backfill
5450,2026-09,122403239.0,backfill
5450,2026-10,122403239.0,snap
5452,2025-09,148763669.0,backfill
5452,2025-10,148763669.0,backfill
5452,2025-11,148763669.0,backfill
5452,2025-12,148763669.0,backfill
5452,2026-01,148763669.0,backfill
5452,2026-02,148763669.0,backfill
5452,2026-03,148763669.0,backfill
5452,2026-04,148763669.0,backfill
5452,2026-05,148763669.0,backfill
5452,2026-06,148763669.0,backfill
5452,2026-07,148763669.0,backfill
5452,2026-08,148763669.0,backfill
5452,2026-09,148763669.0,backfill
5452,2026-10,148763669.0,snap
5455,2025-09,65501813.0,backfill
5455,2025-10,65501813.0,backfill
5455,2025-11,65501813.0,backfill
5455,2025-12,65501813.0,backfill
5455,2026-01,65501813.0,backfill
5455,2026-02,65501813.0,backfill
5455,2026-03,65501813.0,backfill
5455,2026-04,65501813.0,backfill
5455,2026-05,65501813.0,backfill
5455,2026-06,65501813.0,backfill
5455,2026-07,65501813.0,backfill
5455,2026-08,65501813.0,backfill
5455,2026-09,65501813.0,backfill
5455,2026-10,65501813.0,snap
5457,2025-09,196237000.0,backfill
5457,2025-10,196237000.0,backfill
5457,2025-11,196237000.0,backfill
5457,2025-12,196237000.0,backfill
5457,2026-01,196237000.0,backfill
5457,2026-02,196237000.0,backfill
5457,2026-03,196237000.0,backfill
5457,2026-04,196237000.0,backfill
5457,2026-05,196237000.0,backfill
5457,2026-06,196237000.0,backfill
5457,2026-07,196237000.0,backfill
5457,2026-08,196237000.0,backfill
5457,2026-09,196237000.0,backfill
5457,2026-10,196237000.0,snap
5460,2025-09,58778130.0,backfill
5460,2025-10,58778130.0,backfill
5460,2025-11,58778130.0,backfill
5460,2025-12,58778130.0,backfill
5460,2026-01,58778130.0,backfill
5460,2026-02,58778130.0,backfill
5460,2026-03,58778130.0,backfill
5460,2026-04,58778130.0,backfill
5460,2026-05,58778130.0,backfill
5460,2026-06,58778130.0,backfill
5460,2026-07,58778130.0,backfill
5460,2026-08,58778130.0,backfill
5460,2026-09,58778130.0,backfill
5460,2026-10,58778130.0,snap
5464,2025-09,71071490.0,backfill
5464,2025-10,71071490.0,backfill
5464,2025-11,71071490.0,backfill
5464,2025-12,71071490.0,backfill
5464,2026-01,71071490.0,backfill
5464,2026-02,71071490.0,backfill
5464,2026-03,71071490.0,backfill
5464,2026-04,71071490.0,backfill
5464,2026-05,71071490.0,backfill
5464,2026-06,71071490.0,backfill
5464,2026-07,71071490.0,backfill
5464,2026-08,71071490.0,backfill
5464,2026-09,71071490.0,backfill
5464,2026-10,71071490.0,snap
5465,2025-09,147682629.0,backfill
5465,2025-10,147682629.0,backfill
5465,2025-11,147682629.0,backfill
5465,2025-12,147682629.0,backfill
5465,2026-01,147682629.0,backfill
5465,2026-02,147682629.0,backfill
5465,2026-03,147682629.0,backfill
5465,2026-04,147682629.0,backfill
5465,2026-05,147682629.0,backfill
5465,2026-06,147682629.0,backfill
5465,2026-07,147682629.0,backfill
5465,2026-08,147682629.0,backfill
5465,2026-09,147682629.0,backfill
5465,2026-10,147682629.0,snap
5468,2025-09,58922909.0,backfill
5468,2025-10,58922909.0,backfill
5468,2025-11,58922909.0,backfill
5468,2025-12,58922909.0,backfill
5468,2026-01,58922909.0,backfill
5468,2026-02,58922909.0,backfill
5468,2026-03,58922909.0,backfill
5468,2026-04,58922909.0,backfill
5468,2026-05,58922909.0,backfill
5468,2026-06,58922909.0,backfill
5468,2026-07,58922909.0,backfill
5468,2026-08,58922909.0,backfill
5468,2026-09,58922909.0,backfill
5468,2026-10,58922909.0,snap
5469,2025-09,486166000.0,backfill
5469,2025-10,486166000.0,backfill
5469,2025-11,486166000.0,backfill
5469,2025-12,486166000.0,backfill
5469,2026-01,486166000.0,backfill
5469,2026-02,486166000.0,backfill
5469,2026-03,486166000.0,backfill
5469,2026-04,486166000.0,backfill
5469,2026-05,486166000.0,backfill
5469,2026-06,486166000.0,backfill
5469,2026-07,486166000.0,backfill
5469,2026-08,486166000.0,backfill
5469,2026-09,486166000.0,backfill
5469,2026-10,486166000.0,snap
5471,2025-09,167877062.0,backfill
5471,2025-10,167877062.0,backfill
5471,2025-11,167877062.0,backfill
5471,2025-12,167877062.0,backfill
5471,2026-01,167877062.0,backfill
5471,2026-02,167877062.0,backfill
5471,2026-03,167877062.0,backfill
5471,2026-04,167877062.0,backfill
5471,2026-05,167877062.0,backfill
5471,2026-06,167877062.0,backfill
5471,2026-07,167877062.0,backfill
5471,2026-08,167877062.0,backfill
5471,2026-09,167877062.0,backfill
5471,2026-10,167877062.0,snap
5474,2025-09,39756944.0,backfill
5474,2025-10,39756944.0,backfill
5474,2025-11,39756944.0,backfill
5474,2025-12,39756944.0,backfill
5474,2026-01,39756944.0,backfill
5474,2026-02,39756944.0,backfill
5474,2026-03,39756944.0,backfill
5474,2026-04,39756944.0,backfill
5474,2026-05,39756944.0,backfill
5474,2026-06,39756944.0,backfill
5474,2026-07,39756944.0,backfill
5474,2026-08,39756944.0,backfill
5474,2026-09,39756944.0,backfill
5474,2026-10,39756944.0,snap
5475,2025-09,127127017.0,backfill
5475,2025-10,127127017.0,backfill
5475,2025-11,127127017.0,backfill
5475,2025-12,127127017.0,backfill
5475,2026-01,127127017.0,backfill
5475,2026-02,127127017.0,backfill
5475,2026-03,127127017.0,backfill
5475,2026-04,127127017.0,backfill
5475,2026-05,127127017.0,backfill
5475,2026-06,127127017.0,backfill
5475,2026-07,127127017.0,backfill
5475,2026-08,127127017.0,backfill
5475,2026-09,127127017.0,backfill
5475,2026-10,127127017.0,snap
5478,2025-09,156074332.0,backfill
5478,2025-10,156074332.0,backfill
5478,2025-11,156074332.0,backfill
5478,2025-12,156074332.0,backfill
5478,2026-01,156074332.0,backfill
5478,2026-02,156074332.0,backfill
5478,2026-03,156074332.0,backfill
5478,2026-04,156074332.0,backfill
5478,2026-05,156074332.0,backfill
5478,2026-06,156074332.0,backfill
5478,2026-07,156074332.0,backfill
5478,2026-08,156074332.0,backfill
5478,2026-09,156074332.0,backfill
5478,2026-10,156074332.0,snap
5481,2025-09,71402891.0,backfill
5481,2025-10,71402891.0,backfill
5481,2025-11,71402891.0,backfill
5481,2025-12,71402891.0,backfill
5481,2026-01,71402891.0,backfill
5481,2026-02,71402891.0,backfill
5481,2026-03,71402891.0,backfill
5481,2026-04,71402891.0,backfill
5481,2026-05,71402891.0,backfill
5481,2026-06,71402891.0,backfill
5481,2026-07,71402891.0,backfill
5481,2026-08,71402891.0,backfill
5481,2026-09,71402891.0,backfill
5481,2026-10,71402891.0,snap
5483,2025-09,641221651.0,backfill
5483,2025-10,641221651.0,backfill
5483,2025-11,641221651.0,backfill
5483,2025-12,641221651.0,backfill
5483,2026-01,641221651.0,backfill
5483,2026-02,641221651.0,backfill
5483,2026-03,641221651.0,backfill
5483,2026-04,641221651.0,backfill
5483,2026-05,641221651.0,backfill
5483,2026-06,641221651.0,backfill
5483,2026-07,641221651.0,backfill
5483,2026-08,641221651.0,backfill
5483,2026-09,641221651.0,backfill
5483,2026-10,641221651.0,snap
5484,2025-09,66801000.0,backfill
5484,2025-10,66801000.0,backfill
5484,2025-11,66801000.0,backfill
5484,2025-12,66801000.0,backfill
5484,2026-01,66801000.0,backfill
5484,2026-02,66801000.0,backfill
5484,2026-03,66801000.0,backfill
5484,2026-04,66801000.0,backfill
5484,2026-05,66801000.0,backfill
5484,2026-06,66801000.0,backfill
5484,2026-07,66801000.0,backfill
5484,2026-08,66801000.0,backfill
5484,2026-09,66801000.0,backfill
5484,2026-10,66801000.0,snap
5487,2025-09,24222516.0,backfill
5487,2025-10,24222516.0,backfill
5487,2025-11,24222516.0,backfill
5487,2025-12,24222516.0,backfill
5487,2026-01,24222516.0,backfill
5487,2026-02,24222516.0,backfill
5487,2026-03,24222516.0,backfill
5487,2026-04,24222516.0,backfill
5487,2026-05,24222516.0,backfill
5487,2026-06,24222516.0,backfill
5487,2026-07,24222516.0,backfill
5487,2026-08,24222516.0,backfill
5487,2026-09,24222516.0,backfill
5487,2026-10,24222516.0,snap
5488,2025-09,91586124.0,backfill
5488,2025-10,91586124.0,backfill
5488,2025-11,91586124.0,backfill
5488,2025-12,91586124.0,backfill
5488,2026-01,91586124.0,backfill
5488,2026-02,91586124.0,backfill
5488,2026-03,91586124.0,backfill
5488,2026-04,91586124.0,backfill
5488,2026-05,91586124.0,backfill
5488,2026-06,91586124.0,backfill
5488,2026-07,91586124.0,backfill
5488,2026-08,91586124.0,backfill
5488,2026-09,91586124.0,backfill
5488,2026-10,91586124.0,snap
5489,2025-09,102706441.0,backfill
5489,2025-10,102706441.0,backfill
5489,2025-11,102706441.0,backfill
5489,2025-12,102706441.0,backfill
5489,2026-01,102706441.0,backfill
5489,2026-02,102706441.0,backfill
5489,2026-03,102706441.0,backfill
5489,2026-04,102706441.0,backfill
5489,2026-05,102706441.0,backfill
5489,2026-06,102706441.0,backfill
5489,2026-07,102706441.0,backfill
5489,2026-08,102706441.0,backfill
5489,2026-09,102706441.0,backfill
5489,2026-10,102706441.0,snap
5490,2025-09,96152201.0,backfill
5490,2025-10,96152201.0,backfill
5490,2025-11,96152201.0,backfill
5490,2025-12,96152201.0,backfill
5490,2026-01,96152201.0,backfill
5490,2026-02,96152201.0,backfill
5490,2026-03,96152201.0,backfill
5490,2026-04,96152201.0,backfill
5490,2026-05,96152201.0,backfill
5490,2026-06,96152201.0,backfill
5490,2026-07,96152201.0,backfill
5490,2026-08,96152201.0,backfill
5490,2026-09,96152201.0,backfill
5490,2026-10,96152201.0,snap
5493,2025-09,43689255.0,backfill
5493,2025-10,43689255.0,backfill
5493,2025-11,43689255.0,backfill
5493,2025-12,43689255.0,backfill
5493,2026-01,43689255.0,backfill
5493,2026-02,43689255.0,backfill
5493,2026-03,43689255.0,backfill
5493,2026-04,43689255.0,backfill
5493,2026-05,43689255.0,backfill
5493,2026-06,43689255.0,backfill
5493,2026-07,43689255.0,backfill
5493,2026-08,43689255.0,backfill
5493,2026-09,43689255.0,backfill
5493,2026-10,43689255.0,snap
5498,2025-09,193548545.0,backfill
5498,2025-10,193548545.0,backfill
5498,2025-11,193548545.0,backfill
5498,2025-12,193548545.0,backfill
5498,2026-01,193548545.0,backfill
5498,2026-02,193548545.0,backfill
5498,2026-03,193548545.0,backfill
5498,2026-04,193548545.0,backfill
5498,2026-05,193548545.0,backfill
5498,2026-06,193548545.0,backfill
5498,2026-07,193548545.0,backfill
5498,2026-08,193548545.0,backfill
5498,2026-09,193548545.0,backfill
5498,2026-10,193548545.0,snap
5508,2025-09,217428133.0,backfill
5508,2025-10,217428133.0,backfill
5508,2025-11,217428133.0,backfill
5508,2025-12,217428133.0,backfill
5508,2026-01,217428133.0,backfill
5508,2026-02,217428133.0,backfill
5508,2026-03,217428133.0,backfill
5508,2026-04,217428133.0,backfill
5508,2026-05,217428133.0,backfill
5508,2026-06,217428133.0,backfill
5508,2026-07,217428133.0,backfill
5508,2026-08,217428133.0,backfill
5508,2026-09,217428133.0,backfill
5508,2026-10,217428133.0,snap
5511,2025-09,136000000.0,backfill
5511,2025-10,136000000.0,backfill
5511,2025-11,136000000.0,backfill
5511,2025-12,136000000.0,backfill
5511,2026-01,136000000.0,backfill
5511,2026-02,136000000.0,backfill
5511,2026-03,136000000.0,backfill
5511,2026-04,136000000.0,backfill
5511,2026-05,136000000.0,backfill
5511,2026-06,136000000.0,backfill
5511,2026-07,136000000.0,backfill
5511,2026-08,136000000.0,backfill
5511,2026-09,136000000.0,backfill
5511,2026-10,136000000.0,snap
5512,2025-09,766312494.0,backfill
5512,2025-10,766312494.0,backfill
5512,2025-11,766312494.0,backfill
5512,2025-12,766312494.0,backfill
5512,2026-01,766312494.0,backfill
5512,2026-02,766312494.0,backfill
5512,2026-03,766312494.0,backfill
5512,2026-04,766312494.0,backfill
5512,2026-05,766312494.0,backfill
5512,2026-06,766312494.0,backfill
5512,2026-07,766312494.0,backfill
5512,2026-08,766312494.0,backfill
5512,2026-09,766312494.0,backfill
5512,2026-10,766312494.0,snap
5514,2025-09,236118280.0,backfill
5514,2025-10,236118280.0,backfill
5514,2025-11,236118280.0,backfill
5514,2025-12,236118280.0,backfill
5514,2026-01,236118280.0,backfill
5514,2026-02,236118280.0,backfill
5514,2026-03,236118280.0,backfill
5514,2026-04,236118280.0,backfill
5514,2026-05,236118280.0,backfill
5514,2026-06,236118280.0,backfill
5514,2026-07,236118280.0,backfill
5514,2026-08,236118280.0,backfill
5514,2026-09,236118280.0,backfill
5514,2026-10,236118280.0,snap
5515,2025-09,201600084.0,backfill
5515,2025-10,201600084.0,backfill
5515,2025-11,201600084.0,backfill
5515,2025-12,201600084.0,backfill
5515,2026-01,201600084.0,backfill
5515,2026-02,201600084.0,backfill
5515,2026-03,201600084.0,backfill
5515,2026-04,201600084.0,backfill
5515,2026-05,201600084.0,backfill
5515,2026-06,201600084.0,backfill
5515,2026-07,201600084.0,backfill
5515,2026-08,201600084.0,backfill
5515,2026-09,201600084.0,backfill
5515,2026-10,201600084.0,snap
5516,2025-09,51545223.0,backfill
5516,2025-10,51545223.0,backfill
5516,2025-11,51545223.0,backfill
5516,2025-12,51545223.0,backfill
5516,2026-01,51545223.0,backfill
5516,2026-02,51545223.0,backfill
5516,2026-03,51545223.0,backfill
5516,2026-04,51545223.0,backfill
5516,2026-05,51545223.0,backfill
5516,2026-06,51545223.0,backfill
5516,2026-07,51545223.0,backfill
5516,2026-08,51545223.0,backfill
5516,2026-09,51545223.0,backfill
5516,2026-10,51545223.0,snap
5519,2025-09,230157039.0,backfill
5519,2025-10,230157039.0,backfill
5519,2025-11,230157039.0,backfill
5519,2025-12,230157039.0,backfill
5519,2026-01,230157039.0,backfill
5519,2026-02,230157039.0,backfill
5519,2026-03,230157039.0,backfill
5519,2026-04,230157039.0,backfill
5519,2026-05,230157039.0,backfill
5519,2026-06,230157039.0,backfill
5519,2026-07,230157039.0,backfill
5519,2026-08,230157039.0,backfill
5519,2026-09,230157039.0,backfill
5519,2026-10,230157039.0,snap
5520,2025-09,59975245.0,backfill
5520,2025-10,59975245.0,backfill
5520,2025-11,59975245.0,backfill
5520,2025-12,59975245.0,backfill
5520,2026-01,59975245.0,backfill
5520,2026-02,59975245.0,backfill
5520,2026-03,59975245.0,backfill
5520,2026-04,59975245.0,backfill
5520,2026-05,59975245.0,backfill
5520,2026-06,59975245.0,backfill
5520,2026-07,59975245.0,backfill
5520,2026-08,59975245.0,backfill
5520,2026-09,59975245.0,backfill
5520,2026-10,59975245.0,snap
5521,2025-09,492280155.0,backfill
5521,2025-10,492280155.0,backfill
5521,2025-11,492280155.0,backfill
5521,2025-12,492280155.0,backfill
5521,2026-01,492280155.0,backfill
5521,2026-02,492280155.0,backfill
5521,2026-03,492280155.0,backfill
5521,2026-04,492280155.0,backfill
5521,2026-05,492280155.0,backfill
5521,2026-06,492280155.0,backfill
5521,2026-07,492280155.0,backfill
5521,2026-08,492280155.0,backfill
5521,2026-09,492280155.0,backfill
5521,2026-10,492280155.0,snap
5522,2025-09,781596241.0,backfill
5522,2025-10,781596241.0,backfill
5522,2025-11,781596241.0,backfill
5522,2025-12,781596241.0,backfill
5522,2026-01,781596241.0,backfill
5522,2026-02,781596241.0,backfill
5522,2026-03,781596241.0,backfill
5522,2026-04,781596241.0,backfill
5522,2026-05,781596241.0,backfill
5522,2026-06,781596241.0,backfill
5522,2026-07,781596241.0,backfill
5522,2026-08,781596241.0,backfill
5522,2026-09,781596241.0,backfill
5522,2026-10,781596241.0,snap
5523,2025-09,155001464.0,backfill
5523,2025-10,155001464.0,backfill
5523,2025-11,155001464.0,backfill
5523,2025-12,155001464.0,backfill
5523,2026-01,155001464.0,backfill
5523,2026-02,155001464.0,backfill
5523,2026-03,155001464.0,backfill
5523,2026-04,155001464.0,backfill
5523,2026-05,155001464.0,backfill
5523,2026-06,155001464.0,backfill
5523,2026-07,155001464.0,backfill
5523,2026-08,155001464.0,backfill
5523,2026-09,155001464.0,backfill
5523,2026-10,155001464.0,snap
5525,2025-09,318105378.0,backfill
5525,2025-10,318105378.0,backfill
5525,2025-11,318105378.0,backfill
5525,2025-12,318105378.0,backfill
5525,2026-01,318105378.0,backfill
5525,2026-02,318105378.0,backfill
5525,2026-03,318105378.0,backfill
5525,2026-04,318105378.0,backfill
5525,2026-05,318105378.0,backfill
5525,2026-06,318105378.0,backfill
5525,2026-07,318105378.0,backfill
5525,2026-08,318105378.0,backfill
5525,2026-09,318105378.0,backfill
5525,2026-10,318105378.0,snap
5529,2025-09,105769350.0,backfill
5529,2025-10,105769350.0,backfill
5529,2025-11,105769350.0,backfill
5529,2025-12,105769350.0,backfill
5529,2026-01,105769350.0,backfill
5529,2026-02,105769350.0,backfill
5529,2026-03,105769350.0,backfill
5529,2026-04,105769350.0,backfill
5529,2026-05,105769350.0,backfill
5529,2026-06,105769350.0,backfill
5529,2026-07,105769350.0,backfill
5529,2026-08,105769350.0,backfill
5529,2026-09,105769350.0,backfill
5529,2026-10,105769350.0,snap
5530,2025-09,420084199.0,backfill
5530,2025-10,420084199.0,backfill
5530,2025-11,420084199.0,backfill
5530,2025-12,420084199.0,backfill
5530,2026-01,420084199.0,backfill
5530,2026-02,420084199.0,backfill
5530,2026-03,420084199.0,backfill
5530,2026-04,420084199.0,backfill
5530,2026-05,420084199.0,backfill
5530,2026-06,420084199.0,backfill
5530,2026-07,420084199.0,backfill
5530,2026-08,420084199.0,backfill
5530,2026-09,420084199.0,backfill
5530,2026-10,420084199.0,snap
5531,2025-09,977589245.0,backfill
5531,2025-10,977589245.0,backfill
5531,2025-11,977589245.0,backfill
5531,2025-12,977589245.0,backfill
5531,2026-01,977589245.0,backfill
5531,2026-02,977589245.0,backfill
5531,2026-03,977589245.0,backfill
5531,2026-04,977589245.0,backfill
5531,2026-05,977589245.0,backfill
5531,2026-06,977589245.0,backfill
5531,2026-07,977589245.0,backfill
5531,2026-08,977589245.0,backfill
5531,2026-09,977589245.0,backfill
5531,2026-10,977589245.0,snap
5533,2025-09,285244944.0,backfill
5533,2025-10,285244944.0,backfill
5533,2025-11,285244944.0,backfill
5533,2025-12,285244944.0,backfill
5533,2026-01,285244944.0,backfill
5533,2026-02,285244944.0,backfill
5533,2026-03,285244944.0,backfill
5533,2026-04,285244944.0,backfill
5533,2026-05,285244944.0,backfill
5533,2026-06,285244944.0,backfill
5533,2026-07,285244944.0,backfill
5533,2026-08,285244944.0,backfill
5533,2026-09,285244944.0,backfill
5533,2026-10,285244944.0,snap
5534,2025-09,315325960.0,backfill
5534,2025-10,315325960.0,backfill
5534,2025-11,315325960.0,backfill
5534,2025-12,315325960.0,backfill
5534,2026-01,315325960.0,backfill
5534,2026-02,315325960.0,backfill
5534,2026-03,315325960.0,backfill
5534,2026-04,315325960.0,backfill
5534,2026-05,315325960.0,backfill
5534,2026-06,315325960.0,backfill
5534,2026-07,315325960.0,backfill
5534,2026-08,315325960.0,backfill
5534,2026-09,315325960.0,backfill
5534,2026-10,315325960.0,snap
5536,2025-09,124080930.0,backfill
5536,2025-10,124080930.0,backfill
5536,2025-11,124080930.0,backfill
5536,2025-12,124080930.0,backfill
5536,2026-01,124080930.0,backfill
5536,2026-02,124080930.0,backfill
5536,2026-03,124080930.0,backfill
5536,2026-04,124080930.0,backfill
5536,2026-05,124080930.0,backfill
5536,2026-06,124080930.0,backfill
5536,2026-07,124080930.0,backfill
5536,2026-08,124080930.0,backfill
5536,2026-09,124080930.0,backfill
5536,2026-10,124080930.0,snap
5538,2025-09,201203333.0,backfill
5538,2025-10,201203333.0,backfill
5538,2025-11,201203333.0,backfill
5538,2025-12,201203333.0,backfill
5538,2026-01,201203333.0,backfill
5538,2026-02,201203333.0,backfill
5538,2026-03,201203333.0,backfill
5538,2026-04,201203333.0,backfill
5538,2026-05,201203333.0,backfill
5538,2026-06,201203333.0,backfill
5538,2026-07,201203333.0,backfill
5538,2026-08,201203333.0,backfill
5538,2026-09,201203333.0,backfill
5538,2026-10,201203333.0,snap
5543,2025-09,46703593.0,backfill
5543,2025-10,46703593.0,backfill
5543,2025-11,46703593.0,backfill
5543,2025-12,46703593.0,backfill
5543,2026-01,46703593.0,backfill
5543,2026-02,46703593.0,backfill
5543,2026-03,46703593.0,backfill
5543,2026-04,46703593.0,backfill
5543,2026-05,46703593.0,backfill
5543,2026-06,46703593.0,backfill
5543,2026-07,46703593.0,backfill
5543,2026-08,46703593.0,backfill
5543,2026-09,46703593.0,backfill
5543,2026-10,46703593.0,snap
5546,2025-09,82353402.0,backfill
5546,2025-10,82353402.0,backfill
5546,2025-11,82353402.0,backfill
5546,2025-12,82353402.0,backfill
5546,2026-01,82353402.0,backfill
5546,2026-02,82353402.0,backfill
5546,2026-03,82353402.0,backfill
5546,2026-04,82353402.0,backfill
5546,2026-05,82353402.0,backfill
5546,2026-06,82353402.0,backfill
5546,2026-07,82353402.0,backfill
5546,2026-08,82353402.0,backfill
5546,2026-09,82353402.0,backfill
5546,2026-10,82353402.0,snap
5547,2025-09,51000000.0,backfill
5547,2025-10,51000000.0,backfill
5547,2025-11,51000000.0,backfill
5547,2025-12,51000000.0,backfill
5547,2026-01,51000000.0,backfill
5547,2026-02,51000000.0,backfill
5547,2026-03,51000000.0,backfill
5547,2026-04,51000000.0,backfill
5547,2026-05,51000000.0,backfill
5547,2026-06,51000000.0,backfill
5547,2026-07,51000000.0,backfill
5547,2026-08,51000000.0,backfill
5547,2026-09,51000000.0,backfill
5547,2026-10,51000000.0,snap
5548,2025-09,63723065.0,backfill
5548,2025-10,63723065.0,backfill
5548,2025-11,63723065.0,backfill
5548,2025-12,63723065.0,backfill
5548,2026-01,63723065.0,backfill
5548,2026-02,63723065.0,backfill
5548,2026-03,63723065.0,backfill
5548,2026-04,63723065.0,backfill
5548,2026-05,63723065.0,backfill
5548,2026-06,63723065.0,backfill
5548,2026-07,63723065.0,backfill
5548,2026-08,63723065.0,backfill
5548,2026-09,63723065.0,backfill
5548,2026-10,63723065.0,snap
5601,2025-09,64800000.0,backfill
5601,2025-10,64800000.0,backfill
5601,2025-11,64800000.0,backfill
5601,2025-12,64800000.0,backfill
5601,2026-01,64800000.0,backfill
5601,2026-02,64800000.0,backfill
5601,2026-03,64800000.0,backfill
5601,2026-04,64800000.0,backfill
5601,2026-05,64800000.0,backfill
5601,2026-06,64800000.0,backfill
5601,2026-07,64800000.0,backfill
5601,2026-08,64800000.0,backfill
5601,2026-09,64800000.0,backfill
5601,2026-10,64800000.0,snap
5603,2025-09,104876607.0,backfill
5603,2025-10,104876607.0,backfill
5603,2025-11,104876607.0,backfill
5603,2025-12,104876607.0,backfill
5603,2026-01,104876607.0,backfill
5603,2026-02,104876607.0,backfill
5603,2026-03,104876607.0,backfill
5603,2026-04,104876607.0,backfill
5603,2026-05,104876607.0,backfill
5603,2026-06,104876607.0,backfill
5603,2026-07,104876607.0,backfill
5603,2026-08,104876607.0,backfill
5603,2026-09,104876607.0,backfill
5603,2026-10,104876607.0,snap
5604,2025-09,108782968.0,backfill
5604,2025-10,108782968.0,backfill
5604,2025-11,108782968.0,backfill
5604,2025-12,108782968.0,backfill
5604,2026-01,108782968.0,backfill
5604,2026-02,108782968.0,backfill
5604,2026-03,108782968.0,backfill
5604,2026-04,108782968.0,backfill
5604,2026-05,108782968.0,backfill
5604,2026-06,108782968.0,backfill
5604,2026-07,108782968.0,backfill
5604,2026-08,108782968.0,backfill
5604,2026-09,108782968.0,backfill
5604,2026-10,108782968.0,snap
5607,2025-09,370552913.0,backfill
5607,2025-10,370552913.0,backfill
5607,2025-11,370552913.0,backfill
5607,2025-12,370552913.0,backfill
5607,2026-01,370552913.0,backfill
5607,2026-02,370552913.0,backfill
5607,2026-03,370552913.0,backfill
5607,2026-04,370552913.0,backfill
5607,2026-05,370552913.0,backfill
5607,2026-06,370552913.0,backfill
5607,2026-07,370552913.0,backfill
5607,2026-08,370552913.0,backfill
5607,2026-09,370552913.0,backfill
5607,2026-10,370552913.0,snap
5608,2025-09,389276138.0,backfill
5608,2025-10,389276138.0,backfill
5608,2025-11,389276138.0,backfill
5608,2025-12,389276138.0,backfill
5608,2026-01,389276138.0,backfill
5608,2026-02,389276138.0,backfill
5608,2026-03,389276138.0,backfill
5608,2026-04,389276138.0,backfill
5608,2026-05,389276138.0,backfill
5608,2026-06,389276138.0,backfill
5608,2026-07,389276138.0,backfill
5608,2026-08,389276138.0,backfill
5608,2026-09,389276138.0,backfill
5608,2026-10,389276138.0,snap
5609,2025-09,142884000.0,backfill
5609,2025-10,142884000.0,backfill
5609,2025-11,142884000.0,backfill
5609,2025-12,142884000.0,backfill
5609,2026-01,142884000.0,backfill
5609,2026-02,142884000.0,backfill
5609,2026-03,142884000.0,backfill
5609,2026-04,142884000.0,backfill
5609,2026-05,142884000.0,backfill
5609,2026-06,142884000.0,backfill
5609,2026-07,142884000.0,backfill
5609,2026-08,142884000.0,backfill
5609,2026-09,142884000.0,backfill
5609,2026-10,142884000.0,snap
5701,2025-09,143000000.0,backfill
5701,2025-10,143000000.0,backfill
5701,2025-11,143000000.0,backfill
5701,2025-12,143000000.0,backfill
5701,2026-01,143000000.0,backfill
5701,2026-02,143000000.0,backfill
5701,2026-03,143000000.0,backfill
5701,2026-04,143000000.0,backfill
5701,2026-05,143000000.0,backfill
5701,2026-06,143000000.0,backfill
5701,2026-07,143000000.0,backfill
5701,2026-08,143000000.0,backfill
5701,2026-09,143000000.0,backfill
5701,2026-10,143000000.0,snap
5703,2025-09,70239594.0,backfill
5703,2025-10,70239594.0,backfill
5703,2025-11,70239594.0,backfill
5703,2025-12,70239594.0,backfill
5703,2026-01,70239594.0,backfill
5703,2026-02,70239594.0,backfill
5703,2026-03,70239594.0,backfill
5703,2026-04,70239594.0,backfill
5703,2026-05,70239594.0,backfill
5703,2026-06,70239594.0,backfill
5703,2026-07,70239594.0,backfill
5703,2026-08,70239594.0,backfill
5703,2026-09,70239594.0,backfill
5703,2026-10,70239594.0,snap
5704,2025-09,58861658.0,backfill
5704,2025-10,58861658.0,backfill
5704,2025-11,58861658.0,backfill
5704,2025-12,58861658.0,backfill
5704,2026-01,58861658.0,backfill
5704,2026-02,58861658.0,backfill
5704,2026-03,58861658.0,backfill
5704,2026-04,58861658.0,backfill
5704,2026-05,58861658.0,backfill
5704,2026-06,58861658.0,backfill
5704,2026-07,58861658.0,backfill
5704,2026-08,58861658.0,backfill
5704,2026-09,58861658.0,backfill
5704,2026-10,58861658.0,snap
5706,2025-09,83767920.0,backfill
5706,2025-10,83767920.0,backfill
5706,2025-11,83767920.0,backfill
5706,2025-12,83767920.0,backfill
5706,2026-01,83767920.0,backfill
5706,2026-02,83767920.0,backfill
5706,2026-03,83767920.0,backfill
5706,2026-04,83767920.0,backfill
5706,2026-05,83767920.0,backfill
5706,2026-06,83767920.0,backfill
5706,2026-07,83767920.0,backfill
5706,2026-08,83767920.0,backfill
5706,2026-09,83767920.0,backfill
5706,2026-10,83767920.0,snap
5864,2025-09,504490084.0,backfill
5864,2025-10,504490084.0,backfill
5864,2025-11,504490084.0,backfill
5864,2025-12,504490084.0,backfill
5864,2026-01,504490084.0,backfill
5864,2026-02,504490084.0,backfill
5864,2026-03,504490084.0,backfill
5864,2026-04,504490084.0,backfill
5864,2026-05,504490084.0,backfill
5864,2026-06,504490084.0,backfill
5864,2026-07,504490084.0,backfill
5864,2026-08,504490084.0,backfill
5864,2026-09,504490084.0,backfill
5864,2026-10,504490084.0,snap
5871,2025-09,1745649584.0,backfill
5871,2025-10,1745649584.0,backfill
5871,2025-11,1745649584.0,backfill
5871,2025-12,1745649584.0,backfill
5871,2026-01,1745649584.0,backfill
5871,2026-02,1745649584.0,backfill
5871,2026-03,1745649584.0,backfill
5871,2026-04,1745649584.0,backfill
5871,2026-05,1745649584.0,backfill
5871,2026-06,1745649584.0,backfill
5871,2026-07,1745649584.0,backfill
5871,2026-08,1745649584.0,backfill
5871,2026-09,1745649584.0,backfill
5871,2026-10,1745649584.0,snap
5876,2025-09,4910219171.0,backfill
5876,2025-10,4910219171.0,backfill
5876,2025-11,4910219171.0,backfill
5876,2025-12,4910219171.0,backfill
5876,2026-01,4910219171.0,backfill
5876,2026-02,4910219171.0,backfill
5876,2026-03,4910219171.0,backfill
5876,2026-04,4910219171.0,backfill
5876,2026-05,4910219171.0,backfill
5876,2026-06,4910219171.0,backfill
5876,2026-07,4910219171.0,backfill
5876,2026-08,4910219171.0,backfill
5876,2026-09,4910219171.0,backfill
5876,2026-10,4910219171.0,snap
5878,2025-09,25024303.0,backfill
5878,2025-10,25024303.0,backfill
5878,2025-11,25024303.0,backfill
5878,2025-12,25024303.0,backfill
5878,2026-01,25024303.0,backfill
5878,2026-02,25024303.0,backfill
5878,2026-03,25024303.0,backfill
5878,2026-04,25024303.0,backfill
5878,2026-05,25024303.0,backfill
5878,2026-06,25024303.0,backfill
5878,2026-07,25024303.0,backfill
5878,2026-08,25024303.0,backfill
5878,2026-09,25024303.0,backfill
5878,2026-10,25024303.0,snap
5880,2025-09,16072960337.0,backfill
5880,2025-10,16072960337.0,backfill
5880,2025-11,16072960337.0,backfill
5880,2025-12,16072960337.0,backfill
5880,2026-01,16072960337.0,backfill
5880,2026-02,16072960337.0,backfill
5880,2026-03,16072960337.0,backfill
5880,2026-04,16072960337.0,backfill
5880,2026-05,16072960337.0,backfill
5880,2026-06,16072960337.0,backfill
5880,2026-07,16072960337.0,backfill
5880,2026-08,16072960337.0,backfill
5880,2026-09,16072960337.0,backfill
5880,2026-10,16072960337.0,snap
5902,2025-09,94500000.0,backfill
5902,2025-10,94500000.0,backfill
5902,2025-11,94500000.0,backfill
5902,2025-12,94500000.0,backfill
5902,2026-01,94500000.0,backfill
5902,2026-02,94500000.0,backfill
5902,2026-03,94500000.0,backfill
5902,2026-04,94500000.0,backfill
5902,2026-05,94500000.0,backfill
5902,2026-06,94500000.0,backfill
5902,2026-07,94500000.0,backfill
5902,2026-08,94500000.0,backfill
5902,2026-09,94500000.0,backfill
5902,2026-10,94500000.0,snap
5903,2025-09,223220000.0,backfill
5903,2025-10,223220000.0,backfill
5903,2025-11,223220000.0,backfill
5903,2025-12,223220000.0,backfill
5903,2026-01,223220000.0,backfill
5903,2026-02,223220000.0,backfill
5903,2026-03,223220000.0,backfill
5903,2026-04,223220000.0,backfill
5903,2026-05,223220000.0,backfill
5903,2026-06,223220000.0,backfill
5903,2026-07,223220000.0,backfill
5903,2026-08,223220000.0,backfill
5903,2026-09,223220000.0,backfill
5903,2026-10,223220000.0,snap
5904,2025-09,1064438260.0,backfill
5904,2025-10,1064438260.0,backfill
5904,2025-11,1064438260.0,backfill
5904,2025-12,1064438260.0,backfill
5904,2026-01,1064438260.0,backfill
5904,2026-02,1064438260.0,backfill
5904,2026-03,1064438260.0,backfill
5904,2026-04,1064438260.0,backfill
5904,2026-05,1064438260.0,backfill
5904,2026-06,1064438260.0,backfill
5904,2026-07,1064438260.0,backfill
5904,2026-08,1064438260.0,backfill
5904,2026-09,1064438260.0,backfill
5904,2026-10,1064438260.0,snap
5905,2025-09,281623235.0,backfill
5905,2025-10,281623235.0,backfill
5905,2025-11,281623235.0,backfill
5905,2025-12,281623235.0,backfill
5905,2026-01,281623235.0,backfill
5905,2026-02,281623235.0,backfill
5905,2026-03,281623235.0,backfill
5905,2026-04,281623235.0,backfill
5905,2026-05,281623235.0,backfill
5905,2026-06,281623235.0,backfill
5905,2026-07,281623235.0,backfill
5905,2026-08,281623235.0,backfill
5905,2026-09,281623235.0,backfill
5905,2026-10,281623235.0,snap
5906,2025-09,37528483.0,backfill
5906,2025-10,37528483.0,backfill
5906,2025-11,37528483.0,backfill
5906,2025-12,37528483.0,backfill
5906,2026-01,37528483.0,backfill
5906,2026-02,37528483.0,backfill
5906,2026-03,37528483.0,backfill
5906,2026-04,37528483.0,backfill
5906,2026-05,37528483.0,backfill
5906,2026-06,37528483.0,backfill
5906,2026-07,37528483.0,backfill
5906,2026-08,37528483.0,backfill
5906,2026-09,37528483.0,backfill
5906,2026-10,37528483.0,snap
5907,2025-09,195531000.0,backfill
5907,2025-10,195531000.0,backfill
5907,2025-11,195531000.0,backfill
5907,2025-12,195531000.0,backfill
5907,2026-01,195531000.0,backfill
5907,2026-02,195531000.0,backfill
5907,2026-03,195531000.0,backfill
5907,2026-04,195531000.0,backfill
5907,2026-05,195531000.0,backfill
5907,2026-06,195531000.0,backfill
5907,2026-07,195531000.0,backfill
5907,2026-08,195531000.0,backfill
5907,2026-09,195531000.0,backfill
5907,2026-10,195531000.0,snap
6005,2025-09,2455297058.0,backfill
6005,2025-10,2455297058.0,backfill
6005,2025-11,2455297058.0,backfill
6005,2025-12,2455297058.0,backfill
6005,2026-01,2455297058.0,backfill
6005,2026-02,2455297058.0,backfill
6005,2026-03,2455297058.0,backfill
6005,2026-04,2455297058.0,backfill
6005,2026-05,2455297058.0,backfill
6005,2026-06,2455297058.0,backfill
6005,2026-07,2455297058.0,backfill
6005,2026-08,2455297058.0,backfill
6005,2026-09,2455297058.0,backfill
6005,2026-10,2455297058.0,snap
6015,2025-09,403614082.0,backfill
6015,2025-10,403614082.0,backfill
6015,2025-11,403614082.0,backfill
6015,2025-12,403614082.0,backfill
6015,2026-01,403614082.0,backfill
6015,2026-02,403614082.0,backfill
6015,2026-03,403614082.0,backfill
6015,2026-04,403614082.0,backfill
6015,2026-05,403614082.0,backfill
6015,2026-06,403614082.0,backfill
6015,2026-07,403614082.0,backfill
6015,2026-08,403614082.0,backfill
6015,2026-09,403614082.0,backfill
6015,2026-10,403614082.0,snap
6016,2025-09,772419946.0,backfill
6016,2025-10,772419946.0,backfill
6016,2025-11,772419946.0,backfill
6016,2025-12,772419946.0,backfill
6016,2026-01,772419946.0,backfill
6016,2026-02,772419946.0,backfill
6016,2026-03,772419946.0,backfill
6016,2026-04,772419946.0,backfill
6016,2026-05,772419946.0,backfill
6016,2026-06,772419946.0,backfill
6016,2026-07,772419946.0,backfill
6016,2026-08,772419946.0,backfill
6016,2026-09,772419946.0,backfill
6016,2026-10,772419946.0,snap
6020,2025-09,252353154.0,backfill
6020,2025-10,252353154.0,backfill
6020,2025-11,252353154.0,backfill
6020,2025-12,252353154.0,backfill
6020,2026-01,252353154.0,backfill
6020,2026-02,252353154.0,backfill
6020,2026-03,252353154.0,backfill
6020,2026-04,252353154.0,backfill
6020,2026-05,252353154.0,backfill
6020,2026-06,252353154.0,backfill
6020,2026-07,252353154.0,backfill
6020,2026-08,252353154.0,backfill
6020,2026-09,252353154.0,backfill
6020,2026-10,252353154.0,snap
6021,2025-09,312005974.0,backfill
6021,2025-10,312005974.0,backfill
6021,2025-11,312005974.0,backfill
6021,2025-12,312005974.0,backfill
6021,2026-01,312005974.0,backfill
6021,2026-02,312005974.0,backfill
6021,2026-03,312005974.0,backfill
6021,2026-04,312005974.0,backfill
6021,2026-05,312005974.0,backfill
6021,2026-06,312005974.0,backfill
6021,2026-07,312005974.0,backfill
6021,2026-08,312005974.0,backfill
6021,2026-09,312005974.0,backfill
6021,2026-10,312005974.0,snap
6023,2025-09,447972732.0,backfill
6023,2025-10,447972732.0,backfill
6023,2025-11,447972732.0,backfill
6023,2025-12,447972732.0,backfill
6023,2026-01,447972732.0,backfill
6023,2026-02,447972732.0,backfill
6023,2026-03,447972732.0,backfill
6023,2026-04,447972732.0,backfill
6023,2026-05,447972732.0,backfill
6023,2026-06,447972732.0,backfill
6023,2026-07,447972732.0,backfill
6023,2026-08,447972732.0,backfill
6023,2026-09,447972732.0,backfill
6023,2026-10,447972732.0,snap
6024,2025-09,266683403.0,backfill
6024,2025-10,266683403.0,backfill
6024,2025-11,266683403.0,backfill
6024,2025-12,266683403.0,backfill
6024,2026-01,266683403.0,backfill
6024,2026-02,266683403.0,backfill
6024,2026-03,266683403.0,backfill
6024,2026-04,266683403.0,backfill
6024,2026-05,266683403.0,backfill
6024,2026-06,266683403.0,backfill
6024,2026-07,266683403.0,backfill
6024,2026-08,266683403.0,backfill
6024,2026-09,266683403.0,backfill
6024,2026-10,266683403.0,snap
6026,2025-09,396161841.0,backfill
6026,2025-10,396161841.0,backfill
6026,2025-11,396161841.0,backfill
6026,2025-12,396161841.0,backfill
6026,2026-01,396161841.0,backfill
6026,2026-02,396161841.0,backfill
6026,2026-03,396161841.0,backfill
6026,2026-04,396161841.0,backfill
6026,2026-05,396161841.0,backfill
6026,2026-06,396161841.0,backfill
6026,2026-07,396161841.0,backfill
6026,2026-08,396161841.0,backfill
6026,2026-09,396161841.0,backfill
6026,2026-10,396161841.0,snap
6028,2025-09,25000000.0,backfill
6028,2025-10,25000000.0,backfill
6028,2025-11,25000000.0,backfill
6028,2025-12,25000000.0,backfill
6028,2026-01,25000000.0,backfill
6028,2026-02,25000000.0,backfill
6028,2026-03,25000000.0,backfill
6028,2026-04,25000000.0,backfill
6028,2026-05,25000000.0,backfill
6028,2026-06,25000000.0,backfill
6028,2026-07,25000000.0,backfill
6028,2026-08,25000000.0,backfill
6028,2026-09,25000000.0,backfill
6028,2026-10,25000000.0,snap
6101,2025-09,116601850.0,backfill
6101,2025-10,116601850.0,backfill
6101,2025-11,116601850.0,backfill
6101,2025-12,116601850.0,backfill
6101,2026-01,116601850.0,backfill
6101,2026-02,116601850.0,backfill
6101,2026-03,116601850.0,backfill
6101,2026-04,116601850.0,backfill
6101,2026-05,116601850.0,backfill
6101,2026-06,116601850.0,backfill
6101,2026-07,116601850.0,backfill
6101,2026-08,116601850.0,backfill
6101,2026-09,116601850.0,backfill
6101,2026-10,116601850.0,snap
6103,2025-09,13604891.0,backfill
6103,2025-10,13604891.0,backfill
6103,2025-11,13604891.0,backfill
6103,2025-12,13604891.0,backfill
6103,2026-01,13604891.0,backfill
6103,2026-02,13604891.0,backfill
6103,2026-03,13604891.0,backfill
6103,2026-04,13604891.0,backfill
6103,2026-05,13604891.0,backfill
6103,2026-06,13604891.0,backfill
6103,2026-07,13604891.0,backfill
6103,2026-08,13604891.0,backfill
6103,2026-09,13604891.0,backfill
6103,2026-10,13604891.0,snap
6104,2025-09,91128607.0,backfill
6104,2025-10,91128607.0,backfill
6104,2025-11,91128607.0,backfill
6104,2025-12,91128607.0,backfill
6104,2026-01,91128607.0,backfill
6104,2026-02,91128607.0,backfill
6104,2026-03,91128607.0,backfill
6104,2026-04,91128607.0,backfill
6104,2026-05,91128607.0,backfill
6104,2026-06,91128607.0,backfill
6104,2026-07,91128607.0,backfill
6104,2026-08,91128607.0,backfill
6104,2026-09,91128607.0,backfill
6104,2026-10,91128607.0,snap
6108,2025-09,108146018.0,backfill
6108,2025-10,108146018.0,backfill
6108,2025-11,108146018.0,backfill
6108,2025-12,108146018.0,backfill
6108,2026-01,108146018.0,backfill
6108,2026-02,108146018.0,backfill
6108,2026-03,108146018.0,backfill
6108,2026-04,108146018.0,backfill
6108,2026-05,108146018.0,backfill
6108,2026-06,108146018.0,backfill
6108,2026-07,108146018.0,backfill
6108,2026-08,108146018.0,backfill
6108,2026-09,108146018.0,backfill
6108,2026-10,108146018.0,snap
6109,2025-09,87825414.0,backfill
6109,2025-10,87825414.0,backfill
6109,2025-11,87825414.0,backfill
6109,2025-12,87825414.0,backfill
6109,2026-01,87825414.0,backfill
6109,2026-02,87825414.0,backfill
6109,2026-03,87825414.0,backfill
6109,2026-04,87825414.0,backfill
6109,2026-05,87825414.0,backfill
6109,2026-06,87825414.0,backfill
6109,2026-07,87825414.0,backfill
6109,2026-08,87825414.0,backfill
6109,2026-09,87825414.0,backfill
6109,2026-10,87825414.0,snap
6111,2025-09,108511051.0,backfill
6111,2025-10,108511051.0,backfill
6111,2025-11,108511051.0,backfill
6111,2025-12,108511051.0,backfill
6111,2026-01,108511051.0,backfill
6111,2026-02,108511051.0,backfill
6111,2026-03,108511051.0,backfill
6111,2026-04,108511051.0,backfill
6111,2026-05,108511051.0,backfill
6111,2026-06,108511051.0,backfill
6111,2026-07,108511051.0,backfill
6111,2026-08,108511051.0,backfill
6111,2026-09,108511051.0,backfill
6111,2026-10,108511051.0,snap
6112,2025-09,188357336.0,backfill
6112,2025-10,188357336.0,backfill
6112,2025-11,188357336.0,backfill
6112,2025-12,188357336.0,backfill
6112,2026-01,188357336.0,backfill
6112,2026-02,188357336.0,backfill
6112,2026-03,188357336.0,backfill
6112,2026-04,188357336.0,backfill
6112,2026-05,188357336.0,backfill
6112,2026-06,188357336.0,backfill
6112,2026-07,188357336.0,backfill
6112,2026-08,188357336.0,backfill
6112,2026-09,188357336.0,backfill
6112,2026-10,188357336.0,snap
6113,2025-09,52549455.0,backfill
6113,2025-10,52549455.0,backfill
6113,2025-11,52549455.0,backfill
6113,2025-12,52549455.0,backfill
6113,2026-01,52549455.0,backfill
6113,2026-02,52549455.0,backfill
6113,2026-03,52549455.0,backfill
6113,2026-04,52549455.0,backfill
6113,2026-05,52549455.0,backfill
6113,2026-06,52549455.0,backfill
6113,2026-07,52549455.0,backfill
6113,2026-08,52549455.0,backfill
6113,2026-09,52549455.0,backfill
6113,2026-10,52549455.0,snap
6114,2025-09,43911937.0,backfill
6114,2025-10,43911937.0,backfill
6114,2025-11,43911937.0,backfill
6114,2025-12,43911937.0,backfill
6114,2026-01,43911937.0,backfill
6114,2026-02,43911937.0,backfill
6114,2026-03,43911937.0,backfill
6114,2026-04,43911937.0,backfill
6114,2026-05,43911937.0,backfill
6114,2026-06,43911937.0,backfill
6114,2026-07,43911937.0,backfill
6114,2026-08,43911937.0,backfill
6114,2026-09,43911937.0,backfill
6114,2026-10,43911937.0,snap
6115,2025-09,187662154.0,backfill
6115,2025-10,187662154.0,backfill
6115,2025-11,187662154.0,backfill
6115,2025-12,187662154.0,backfill
6115,2026-01,187662154.0,backfill
6115,2026-02,187662154.0,backfill
6115,2026-03,187662154.0,backfill
6115,2026-04,187662154.0,backfill
6115,2026-05,187662154.0,backfill
6115,2026-06,187662154.0,backfill
6115,2026-07,187662154.0,backfill
6115,2026-08,187662154.0,backfill
6115,2026-09,187662154.0,backfill
6115,2026-10,187662154.0,snap
6116,2025-09,2858654851.0,backfill
6116,2025-10,2858654851.0,backfill
6116,2025-11,2858654851.0,backfill
6116,2025-12,2858654851.0,backfill
6116,2026-01,2858654851.0,backfill
6116,2026-02,2858654851.0,backfill
6116,2026-03,2858654851.0,backfill
6116,2026-04,2858654851.0,backfill
6116,2026-05,2858654851.0,backfill
6116,2026-06,2858654851.0,backfill
6116,2026-07,2858654851.0,backfill
6116,2026-08,2858654851.0,backfill
6116,2026-09,2858654851.0,backfill
6116,2026-10,2858654851.0,snap
6117,2025-09,92586749.0,backfill
6117,2025-10,92586749.0,backfill
6117,2025-11,92586749.0,backfill
6117,2025-12,92586749.0,backfill
6117,2026-01,92586749.0,backfill
6117,2026-02,92586749.0,backfill
6117,2026-03,92586749.0,backfill
6117,2026-04,92586749.0,backfill
6117,2026-05,92586749.0,backfill
6117,2026-06,92586749.0,backfill
6117,2026-07,92586749.0,backfill
6117,2026-08,92586749.0,backfill
6117,2026-09,92586749.0,backfill
6117,2026-10,92586749.0,snap
6118,2025-09,90889573.0,backfill
6118,2025-10,90889573.0,backfill
6118,2025-11,90889573.0,backfill
6118,2025-12,90889573.0,backfill
6118,2026-01,90889573.0,backfill
6118,2026-02,90889573.0,backfill
6118,2026-03,90889573.0,backfill
6118,2026-04,90889573.0,backfill
6118,2026-05,90889573.0,backfill
6118,2026-06,90889573.0,backfill
6118,2026-07,90889573.0,backfill
6118,2026-08,90889573.0,backfill
6118,2026-09,90889573.0,backfill
6118,2026-10,90889573.0,snap
6120,2025-09,598999602.0,backfill
6120,2025-10,598999602.0,backfill
6120,2025-11,598999602.0,backfill
6120,2025-12,598999602.0,backfill
6120,2026-01,598999602.0,backfill
6120,2026-02,598999602.0,backfill
6120,2026-03,598999602.0,backfill
6120,2026-04,598999602.0,backfill
6120,2026-05,598999602.0,backfill
6120,2026-06,598999602.0,backfill
6120,2026-07,598999602.0,backfill
6120,2026-08,598999602.0,backfill
6120,2026-09,598999602.0,backfill
6120,2026-10,598999602.0,snap
6121,2025-09,184970519.0,backfill
6121,2025-10,184970519.0,backfill
6121,2025-11,184970519.0,backfill
6121,2025-12,184970519.0,backfill
6121,2026-01,184970519.0,backfill
6121,2026-02,184970519.0,backfill
6121,2026-03,184970519.0,backfill
6121,2026-04,184970519.0,backfill
6121,2026-05,184970519.0,backfill
6121,2026-06,184970519.0,backfill
6121,2026-07,184970519.0,backfill
6121,2026-08,184970519.0,backfill
6121,2026-09,184970519.0,backfill
6121,2026-10,184970519.0,snap
6122,2025-09,78091632.0,backfill
6122,2025-10,78091632.0,backfill
6122,2025-11,78091632.0,backfill
6122,2025-12,78091632.0,backfill
6122,2026-01,78091632.0,backfill
6122,2026-02,78091632.0,backfill
6122,2026-03,78091632.0,backfill
6122,2026-04,78091632.0,backfill
6122,2026-05,78091632.0,backfill
6122,2026-06,78091632.0,backfill
6122,2026-07,78091632.0,backfill
6122,2026-08,78091632.0,backfill
6122,2026-09,78091632.0,backfill
6122,2026-10,78091632.0,snap
6123,2025-09,62089430.0,backfill
6123,2025-10,62089430.0,backfill
6123,2025-11,62089430.0,backfill
6123,2025-12,62089430.0,backfill
6123,2026-01,62089430.0,backfill
6123,2026-02,62089430.0,backfill
6123,2026-03,62089430.0,backfill
6123,2026-04,62089430.0,backfill
6123,2026-05,62089430.0,backfill
6123,2026-06,62089430.0,backfill
6123,2026-07,62089430.0,backfill
6123,2026-08,62089430.0,backfill
6123,2026-09,62089430.0,backfill
6123,2026-10,62089430.0,snap
6124,2025-09,182479945.0,backfill
6124,2025-10,182479945.0,backfill
6124,2025-11,182479945.0,backfill
6124,2025-12,182479945.0,backfill
6124,2026-01,182479945.0,backfill
6124,2026-02,182479945.0,backfill
6124,2026-03,182479945.0,backfill
6124,2026-04,182479945.0,backfill
6124,2026-05,182479945.0,backfill
6124,2026-06,182479945.0,backfill
6124,2026-07,182479945.0,backfill
6124,2026-08,182479945.0,backfill
6124,2026-09,182479945.0,backfill
6124,2026-10,182479945.0,snap
6125,2025-09,259011150.0,backfill
6125,2025-10,259011150.0,backfill
6125,2025-11,259011150.0,backfill
6125,2025-12,259011150.0,backfill
6125,2026-01,259011150.0,backfill
6125,2026-02,259011150.0,backfill
6125,2026-03,259011150.0,backfill
6125,2026-04,259011150.0,backfill
6125,2026-05,259011150.0,backfill
6125,2026-06,259011150.0,backfill
6125,2026-07,259011150.0,backfill
6125,2026-08,259011150.0,backfill
6125,2026-09,259011150.0,backfill
6125,2026-10,259011150.0,snap
6126,2025-09,130050754.0,backfill
6126,2025-10,130050754.0,backfill
6126,2025-11,130050754.0,backfill
6126,2025-12,130050754.0,backfill
6126,2026-01,130050754.0,backfill
6126,2026-02,130050754.0,backfill
6126,2026-03,130050754.0,backfill
6126,2026-04,130050754.0,backfill
6126,2026-05,130050754.0,backfill
6126,2026-06,130050754.0,backfill
6126,2026-07,130050754.0,backfill
6126,2026-08,130050754.0,backfill
6126,2026-09,130050754.0,backfill
6126,2026-10,130050754.0,snap
6127,2025-09,108079751.0,backfill
6127,2025-10,108079751.0,backfill
6127,2025-11,108079751.0,backfill
6127,2025-12,108079751.0,backfill
6127,2026-01,108079751.0,backfill
6127,2026-02,108079751.0,backfill
6127,2026-03,108079751.0,backfill
6127,2026-04,108079751.0,backfill
6127,2026-05,108079751.0,backfill
6127,2026-06,108079751.0,backfill
6127,2026-07,108079751.0,backfill
6127,2026-08,108079751.0,backfill
6127,2026-09,108079751.0,backfill
6127,2026-10,108079751.0,snap
6128,2025-09,127588740.0,backfill
6128,2025-10,127588740.0,backfill
6128,2025-11,127588740.0,backfill
6128,2025-12,127588740.0,backfill
6128,2026-01,127588740.0,backfill
6128,2026-02,127588740.0,backfill
6128,2026-03,127588740.0,backfill
6128,2026-04,127588740.0,backfill
6128,2026-05,127588740.0,backfill
6128,2026-06,127588740.0,backfill
6128,2026-07,127588740.0,backfill
6128,2026-08,127588740.0,backfill
6128,2026-09,127588740.0,backfill
6128,2026-10,127588740.0,snap
6129,2025-09,160574120.0,backfill
6129,2025-10,160574120.0,backfill
6129,2025-11,160574120.0,backfill
6129,2025-12,160574120.0,backfill
6129,2026-01,160574120.0,backfill
6129,2026-02,160574120.0,backfill
6129,2026-03,160574120.0,backfill
6129,2026-04,160574120.0,backfill
6129,2026-05,160574120.0,backfill
6129,2026-06,160574120.0,backfill
6129,2026-07,160574120.0,backfill
6129,2026-08,160574120.0,backfill
6129,2026-09,160574120.0,backfill
6129,2026-10,160574120.0,snap
6130,2025-09,49300000.0,backfill
6130,2025-10,49300000.0,backfill
6130,2025-11,49300000.0,backfill
6130,2025-12,49300000.0,backfill
6130,2026-01,49300000.0,backfill
6130,2026-02,49300000.0,backfill
6130,2026-03,49300000.0,backfill
6130,2026-04,49300000.0,backfill
6130,2026-05,49300000.0,backfill
6130,2026-06,49300000.0,backfill
6130,2026-07,49300000.0,backfill
6130,2026-08,49300000.0,backfill
6130,2026-09,49300000.0,backfill
6130,2026-10,49300000.0,snap
6133,2025-09,117006294.0,backfill
6133,2025-10,117006294.0,backfill
6133,2025-11,117006294.0,backfill
6133,2025-12,117006294.0,backfill
6133,2026-01,117006294.0,backfill
6133,2026-02,117006294.0,backfill
6133,2026-03,117006294.0,backfill
6133,2026-04,117006294.0,backfill
6133,2026-05,117006294.0,backfill
6133,2026-06,117006294.0,backfill
6133,2026-07,117006294.0,backfill
6133,2026-08,117006294.0,backfill
6133,2026-09,117006294.0,backfill
6133,2026-10,117006294.0,snap
6134,2025-09,81882117.0,backfill
6134,2025-10,81882117.0,backfill
6134,2025-11,81882117.0,backfill
6134,2025-12,81882117.0,backfill
6134,2026-01,81882117.0,backfill
6134,2026-02,81882117.0,backfill
6134,2026-03,81882117.0,backfill
6134,2026-04,81882117.0,backfill
6134,2026-05,81882117.0,backfill
6134,2026-06,81882117.0,backfill
6134,2026-07,81882117.0,backfill
6134,2026-08,81882117.0,backfill
6134,2026-09,81882117.0,backfill
6134,2026-10,81882117.0,snap
6136,2025-09,115536412.0,backfill
6136,2025-10,115536412.0,backfill
6136,2025-11,115536412.0,backfill
6136,2025-12,115536412.0,backfill
6136,2026-01,115536412.0,backfill
6136,2026-02,115536412.0,backfill
6136,2026-03,115536412.0,backfill
6136,2026-04,115536412.0,backfill
6136,2026-05,115536412.0,backfill
6136,2026-06,115536412.0,backfill
6136,2026-07,115536412.0,backfill
6136,2026-08,115536412.0,backfill
6136,2026-09,115536412.0,backfill
6136,2026-10,115536412.0,snap
6138,2025-09,75633500.0,backfill
6138,2025-10,75633500.0,backfill
6138,2025-11,75633500.0,backfill
6138,2025-12,75633500.0,backfill
6138,2026-01,75633500.0,backfill
6138,2026-02,75633500.0,backfill
6138,2026-03,75633500.0,backfill
6138,2026-04,75633500.0,backfill
6138,2026-05,75633500.0,backfill
6138,2026-06,75633500.0,backfill
6138,2026-07,75633500.0,backfill
6138,2026-08,75633500.0,backfill
6138,2026-09,75633500.0,backfill
6138,2026-10,75633500.0,snap
6139,2025-09,235575724.0,backfill
6139,2025-10,235575724.0,backfill
6139,2025-11,235575724.0,backfill
6139,2025-12,235575724.0,backfill
6139,2026-01,235575724.0,backfill
6139,2026-02,235575724.0,backfill
6139,2026-03,235575724.0,backfill
6139,2026-04,235575724.0,backfill
6139,2026-05,235575724.0,backfill
6139,2026-06,235575724.0,backfill
6139,2026-07,235575724.0,backfill
6139,2026-08,235575724.0,backfill
6139,2026-09,235575724.0,backfill
6139,2026-10,235575724.0,snap
6140,2025-09,54897760.0,backfill
6140,2025-10,54897760.0,backfill
6140,2025-11,54897760.0,backfill
6140,2025-12,54897760.0,backfill
6140,2026-01,54897760.0,backfill
6140,2026-02,54897760.0,backfill
6140,2026-03,54897760.0,backfill
6140,2026-04,54897760.0,backfill
6140,2026-05,54897760.0,backfill
6140,2026-06,54897760.0,backfill
6140,2026-07,54897760.0,backfill
6140,2026-08,54897760.0,backfill
6140,2026-09,54897760.0,backfill
6140,2026-10,54897760.0,snap
6141,2025-09,113354005.0,backfill
6141,2025-10,113354005.0,backfill
6141,2025-11,113354005.0,backfill
6141,2025-12,113354005.0,backfill
6141,2026-01,113354005.0,backfill
6141,2026-02,113354005.0,backfill
6141,2026-03,113354005.0,backfill
6141,2026-04,113354005.0,backfill
6141,2026-05,113354005.0,backfill
6141,2026-06,113354005.0,backfill
6141,2026-07,113354005.0,backfill
6141,2026-08,113354005.0,backfill
6141,2026-09,113354005.0,backfill
6141,2026-10,113354005.0,snap
6142,2025-09,304206695.0,backfill
6142,2025-10,304206695.0,backfill
6142,2025-11,304206695.0,backfill
6142,2025-12,304206695.0,backfill
6142,2026-01,304206695.0,backfill
6142,2026-02,304206695.0,backfill
6142,2026-03,304206695.0,backfill
6142,2026-04,304206695.0,backfill
6142,2026-05,304206695.0,backfill
6142,2026-06,304206695.0,backfill
6142,2026-07,304206695.0,backfill
6142,2026-08,304206695.0,backfill
6142,2026-09,304206695.0,backfill
6142,2026-10,304206695.0,snap
6143,2025-09,86058897.0,backfill
6143,2025-10,86058897.0,backfill
6143,2025-11,86058897.0,backfill
6143,2025-12,86058897.0,backfill
6143,2026-01,86058897.0,backfill
6143,2026-02,86058897.0,backfill
6143,2026-03,86058897.0,backfill
6143,2026-04,86058897.0,backfill
6143,2026-05,86058897.0,backfill
6143,2026-06,86058897.0,backfill
6143,2026-07,86058897.0,backfill
6143,2026-08,86058897.0,backfill
6143,2026-09,86058897.0,backfill
6143,2026-10,86058897.0,snap
6144,2025-09,38273701.0,backfill
6144,2025-10,38273701.0,backfill
6144,2025-11,38273701.0,backfill
6144,2025-12,38273701.0,backfill
6144,2026-01,38273701.0,backfill
6144,2026-02,38273701.0,backfill
6144,2026-03,38273701.0,backfill
6144,2026-04,38273701.0,backfill
6144,2026-05,38273701.0,backfill
6144,2026-06,38273701.0,backfill
6144,2026-07,38273701.0,backfill
6144,2026-08,38273701.0,backfill
6144,2026-09,38273701.0,backfill
6144,2026-10,38273701.0,snap
6146,2025-09,101867199.0,backfill
6146,2025-10,101867199.0,backfill
6146,2025-11,101867199.0,backfill
6146,2025-12,101867199.0,backfill
6146,2026-01,101867199.0,backfill
6146,2026-02,101867199.0,backfill
6146,2026-03,101867199.0,backfill
6146,2026-04,101867199.0,backfill
6146,2026-05,101867199.0,backfill
6146,2026-06,101867199.0,backfill
6146,2026-07,101867199.0,backfill
6146,2026-08,101867199.0,backfill
6146,2026-09,101867199.0,backfill
6146,2026-10,101867199.0,snap
6147,2025-09,744577539.0,backfill
6147,2025-10,744577539.0,backfill
6147,2025-11,744577539.0,backfill
6147,2025-12,744577539.0,backfill
6147,2026-01,744577539.0,backfill
6147,2026-02,744577539.0,backfill
6147,2026-03,744577539.0,backfill
6147,2026-04,744577539.0,backfill
6147,2026-05,744577539.0,backfill
6147,2026-06,744577539.0,backfill
6147,2026-07,744577539.0,backfill
6147,2026-08,744577539.0,backfill
6147,2026-09,744577539.0,backfill
6147,2026-10,744577539.0,snap
6148,2025-09,46603757.0,backfill
6148,2025-10,46603757.0,backfill
6148,2025-11,46603757.0,backfill
6148,2025-12,46603757.0,backfill
6148,2026-01,46603757.0,backfill
6148,2026-02,46603757.0,backfill
6148,2026-03,46603757.0,backfill
6148,2026-04,46603757.0,backfill
6148,2026-05,46603757.0,backfill
6148,2026-06,46603757.0,backfill
6148,2026-07,46603757.0,backfill
6148,2026-08,46603757.0,backfill
6148,2026-09,46603757.0,backfill
6148,2026-10,46603757.0,snap
6150,2025-09,48345985.0,backfill
6150,2025-10,48345985.0,backfill
6150,2025-11,48345985.0,backfill
6150,2025-12,48345985.0,backfill
6150,2026-01,48345985.0,backfill
6150,2026-02,48345985.0,backfill
6150,2026-03,48345985.0,backfill
6150,2026-04,48345985.0,backfill
6150,2026-05,48345985.0,backfill
6150,2026-06,48345985.0,backfill
6150,2026-07,48345985.0,backfill
6150,2026-08,48345985.0,backfill
6150,2026-09,48345985.0,backfill
6150,2026-10,48345985.0,snap
6151,2025-09,55257300.0,backfill
6151,2025-10,55257300.0,backfill
6151,2025-11,55257300.0,backfill
6151,2025-12,55257300.0,backfill
6151,2026-01,55257300.0,backfill
6151,2026-02,55257300.0,backfill
6151,2026-03,55257300.0,backfill
6151,2026-04,55257300.0,backfill
6151,2026-05,55257300.0,backfill
6151,2026-06,55257300.0,backfill
6151,2026-07,55257300.0,backfill
6151,2026-08,55257300.0,backfill
6151,2026-09,55257300.0,backfill
6151,2026-10,55257300.0,snap
6152,2025-09,167738463.0,backfill
6152,2025-10,167738463.0,backfill
6152,2025-11,167738463.0,backfill
6152,2025-12,167738463.0,backfill
6152,2026-01,167738463.0,backfill
6152,2026-02,167738463.0,backfill
6152,2026-03,167738463.0,backfill
6152,2026-04,167738463.0,backfill
6152,2026-05,167738463.0,backfill
6152,2026-06,167738463.0,backfill
6152,2026-07,167738463.0,backfill
6152,2026-08,167738463.0,backfill
6152,2026-09,167738463.0,backfill
6152,2026-10,167738463.0,snap
6153,2025-09,636177694.0,backfill
6153,2025-10,636177694.0,backfill
6153,2025-11,636177694.0,backfill
6153,2025-12,636177694.0,backfill
6153,2026-01,636177694.0,backfill
6153,2026-02,636177694.0,backfill
6153,2026-03,636177694.0,backfill
6153,2026-04,636177694.0,backfill
6153,2026-05,636177694.0,backfill
6153,2026-06,636177694.0,backfill
6153,2026-07,636177694.0,backfill
6153,2026-08,636177694.0,backfill
6153,2026-09,636177694.0,backfill
6153,2026-10,636177694.0,snap
6154,2025-09,80080000.0,backfill
6154,2025-10,80080000.0,backfill
6154,2025-11,80080000.0,backfill
6154,2025-12,80080000.0,backfill
6154,2026-01,80080000.0,backfill
6154,2026-02,80080000.0,backfill
6154,2026-03,80080000.0,backfill
6154,2026-04,80080000.0,backfill
6154,2026-05,80080000.0,backfill
6154,2026-06,80080000.0,backfill
6154,2026-07,80080000.0,backfill
6154,2026-08,80080000.0,backfill
6154,2026-09,80080000.0,backfill
6154,2026-10,80080000.0,snap
6155,2025-09,88023988.0,backfill
6155,2025-10,88023988.0,backfill
6155,2025-11,88023988.0,backfill
6155,2025-12,88023988.0,backfill
6155,2026-01,88023988.0,backfill
6155,2026-02,88023988.0,backfill
6155,2026-03,88023988.0,backfill
6155,2026-04,88023988.0,backfill
6155,2026-05,88023988.0,backfill
6155,2026-06,88023988.0,backfill
6155,2026-07,88023988.0,backfill
6155,2026-08,88023988.0,backfill
6155,2026-09,88023988.0,backfill
6155,2026-10,88023988.0,snap
6156,2025-09,107875010.0,backfill
6156,2025-10,107875010.0,backfill
6156,2025-11,107875010.0,backfill
6156,2025-12,107875010.0,backfill
6156,2026-01,107875010.0,backfill
6156,2026-02,107875010.0,backfill
6156,2026-03,107875010.0,backfill
6156,2026-04,107875010.0,backfill
6156,2026-05,107875010.0,backfill
6156,2026-06,107875010.0,backfill
6156,2026-07,107875010.0,backfill
6156,2026-08,107875010.0,backfill
6156,2026-09,107875010.0,backfill
6156,2026-10,107875010.0,snap
6158,2025-09,55028788.0,backfill
6158,2025-10,55028788.0,backfill
6158,2025-11,55028788.0,backfill
6158,2025-12,55028788.0,backfill
6158,2026-01,55028788.0,backfill
6158,2026-02,55028788.0,backfill
6158,2026-03,55028788.0,backfill
6158,2026-04,55028788.0,backfill
6158,2026-05,55028788.0,backfill
6158,2026-06,55028788.0,backfill
6158,2026-07,55028788.0,backfill
6158,2026-08,55028788.0,backfill
6158,2026-09,55028788.0,backfill
6158,2026-10,55028788.0,snap
6160,2025-09,68489120.0,backfill
6160,2025-10,68489120.0,backfill
6160,2025-11,68489120.0,backfill
6160,2025-12,68489120.0,backfill
6160,2026-01,68489120.0,backfill
6160,2026-02,68489120.0,backfill
6160,2026-03,68489120.0,backfill
6160,2026-04,68489120.0,backfill
6160,2026-05,68489120.0,backfill
6160,2026-06,68489120.0,backfill
6160,2026-07,68489120.0,backfill
6160,2026-08,68489120.0,backfill
6160,2026-09,68489120.0,backfill
6160,2026-10,68489120.0,snap
6161,2025-09,56237477.0,backfill
6161,2025-10,56237477.0,backfill
6161,2025-11,56237477.0,backfill
6161,2025-12,56237477.0,backfill
6161,2026-01,56237477.0,backfill
6161,2026-02,56237477.0,backfill
6161,2026-03,56237477.0,backfill
6161,2026-04,56237477.0,backfill
6161,2026-05,56237477.0,backfill
6161,2026-06,56237477.0,backfill
6161,2026-07,56237477.0,backfill
6161,2026-08,56237477.0,backfill
6161,2026-09,56237477.0,backfill
6161,2026-10,56237477.0,snap
6163,2025-09,148838747.0,backfill
6163,2025-10,148838747.0,backfill
6163,2025-11,148838747.0,backfill
6163,2025-12,148838747.0,backfill
6163,2026-01,148838747.0,backfill
6163,2026-02,148838747.0,backfill
6163,2026-03,148838747.0,backfill
6163,2026-04,148838747.0,backfill
6163,2026-05,148838747.0,backfill
6163,2026-06,148838747.0,backfill
6163,2026-07,148838747.0,backfill
6163,2026-08,148838747.0,backfill
6163,2026-09,148838747.0,backfill
6163,2026-10,148838747.0,snap
6164,2025-09,80000000.0,backfill
6164,2025-10,80000000.0,backfill
6164,2025-11,80000000.0,backfill
6164,2025-12,80000000.0,backfill
6164,2026-01,80000000.0,backfill
6164,2026-02,80000000.0,backfill
6164,2026-03,80000000.0,backfill
6164,2026-04,80000000.0,backfill
6164,2026-05,80000000.0,backfill
6164,2026-06,80000000.0,backfill
6164,2026-07,80000000.0,backfill
6164,2026-08,80000000.0,backfill
6164,2026-09,80000000.0,backfill
6164,2026-10,80000000.0,snap
6165,2025-09,77752623.0,backfill
6165,2025-10,77752623.0,backfill
6165,2025-11,77752623.0,backfill
6165,2025-12,77752623.0,backfill
6165,2026-01,77752623.0,backfill
6165,2026-02,77752623.0,backfill
6165,2026-03,77752623.0,backfill
6165,2026-04,77752623.0,backfill
6165,2026-05,77752623.0,backfill
6165,2026-06,77752623.0,backfill
6165,2026-07,77752623.0,backfill
6165,2026-08,77752623.0,backfill
6165,2026-09,77752623.0,backfill
6165,2026-10,77752623.0,snap
6166,2025-09,217779257.0,backfill
6166,2025-10,217779257.0,backfill
6166,2025-11,217779257.0,backfill
6166,2025-12,217779257.0,backfill
6166,2026-01,217779257.0,backfill
6166,2026-02,217779257.0,backfill
6166,2026-03,217779257.0,backfill
6166,2026-04,217779257.0,backfill
6166,2026-05,217779257.0,backfill
6166,2026-06,217779257.0,backfill
6166,2026-07,217779257.0,backfill
6166,2026-08,217779257.0,backfill
6166,2026-09,217779257.0,backfill
6166,2026-10,217779257.0,snap
6167,2025-09,143080000.0,backfill
6167,2025-10,143080000.0,backfill
6167,2025-11,143080000.0,backfill
6167,2025-12,143080000.0,backfill
6167,2026-01,143080000.0,backfill
6167,2026-02,143080000.0,backfill
6167,2026-03,143080000.0,backfill
6167,2026-04,143080000.0,backfill
6167,2026-05,143080000.0,backfill
6167,2026-06,143080000.0,backfill
6167,2026-07,143080000.0,backfill
6167,2026-08,143080000.0,backfill
6167,2026-09,143080000.0,backfill
6167,2026-10,143080000.0,snap
6168,2025-09,205761801.0,backfill
6168,2025-10,205761801.0,backfill
6168,2025-11,205761801.0,backfill
6168,2025-12,205761801.0,backfill
6168,2026-01,205761801.0,backfill
6168,2026-02,205761801.0,backfill
6168,2026-03,205761801.0,backfill
6168,2026-04,205761801.0,backfill
6168,2026-05,205761801.0,backfill
6168,2026-06,205761801.0,backfill
6168,2026-07,205761801.0,backfill
6168,2026-08,205761801.0,backfill
6168,2026-09,205761801.0,backfill
6168,2026-10,205761801.0,snap
6169,2025-09,23394960.0,backfill
6169,2025-10,23394960.0,backfill
6169,2025-11,23394960.0,backfill
6169,2025-12,23394960.0,backfill
6169,2026-01,23394960.0,backfill
6169,2026-02,23394960.0,backfill
6169,2026-03,23394960.0,backfill
6169,2026-04,23394960.0,backfill
6169,2026-05,23394960.0,backfill
6169,2026-06,23394960.0,backfill
6169,2026-07,23394960.0,backfill
6169,2026-08,23394960.0,backfill
6169,2026-09,23394960.0,backfill
6169,2026-10,23394960.0,snap
6170,2025-09,97260038.0,backfill
6170,2025-10,97260038.0,backfill
6170,2025-11,97260038.0,backfill
6170,2025-12,97260038.0,backfill
6170,2026-01,97260038.0,backfill
6170,2026-02,97260038.0,backfill
6170,2026-03,97260038.0,backfill
6170,2026-04,97260038.0,backfill
6170,2026-05,97260038.0,backfill
6170,2026-06,97260038.0,backfill
6170,2026-07,97260038.0,backfill
6170,2026-08,97260038.0,backfill
6170,2026-09,97260038.0,backfill
6170,2026-10,97260038.0,snap
6171,2025-09,100000000.0,backfill
6171,2025-10,100000000.0,backfill
6171,2025-11,100000000.0,backfill
6171,2025-12,100000000.0,backfill
6171,2026-01,100000000.0,backfill
6171,2026-02,100000000.0,backfill
6171,2026-03,100000000.0,backfill
6171,2026-04,100000000.0,backfill
6171,2026-05,100000000.0,backfill
6171,2026-06,100000000.0,backfill
6171,2026-07,100000000.0,backfill
6171,2026-08,100000000.0,backfill
6171,2026-09,100000000.0,backfill
6171,2026-10,100000000.0,snap
6173,2025-09,160928000.0,backfill
6173,2025-10,160928000.0,backfill
6173,2025-11,160928000.0,backfill
6173,2025-12,160928000.0,backfill
6173,2026-01,160928000.0,backfill
6173,2026-02,160928000.0,backfill
6173,2026-03,160928000.0,backfill
6173,2026-04,160928000.0,backfill
6173,2026-05,160928000.0,backfill
6173,2026-06,160928000.0,backfill
6173,2026-07,160928000.0,backfill
6173,2026-08,160928000.0,backfill
6173,2026-09,160928000.0,backfill
6173,2026-10,160928000.0,snap
6174,2025-09,50000000.0,backfill
6174,2025-10,50000000.0,backfill
6174,2025-11,50000000.0,backfill
6174,2025-12,50000000.0,backfill
6174,2026-01,50000000.0,backfill
6174,2026-02,50000000.0,backfill
6174,2026-03,50000000.0,backfill
6174,2026-04,50000000.0,backfill
6174,2026-05,50000000.0,backfill
6174,2026-06,50000000.0,backfill
6174,2026-07,50000000.0,backfill
6174,2026-08,50000000.0,backfill
6174,2026-09,50000000.0,backfill
6174,2026-10,50000000.0,snap
6175,2025-09,150121812.0,backfill
6175,2025-10,150121812.0,backfill
6175,2025-11,150121812.0,backfill
6175,2025-12,150121812.0,backfill
6175,2026-01,150121812.0,backfill
6175,2026-02,150121812.0,backfill
6175,2026-03,150121812.0,backfill
6175,2026-04,150121812.0,backfill
6175,2026-05,150121812.0,backfill
6175,2026-06,150121812.0,backfill
6175,2026-07,150121812.0,backfill
6175,2026-08,150121812.0,backfill
6175,2026-09,150121812.0,backfill
6175,2026-10,150121812.0,snap
6176,2025-09,348770447.0,backfill
6176,2025-10,348770447.0,backfill
6176,2025-11,348770447.0,backfill
6176,2025-12,348770447.0,backfill
6176,2026-01,348770447.0,backfill
6176,2026-02,348770447.0,backfill
6176,2026-03,348770447.0,backfill
6176,2026-04,348770447.0,backfill
6176,2026-05,348770447.0,backfill
6176,2026-06,348770447.0,backfill
6176,2026-07,348770447.0,backfill
6176,2026-08,348770447.0,backfill
6176,2026-09,348770447.0,backfill
6176,2026-10,348770447.0,snap
6177,2025-09,472370728.0,backfill
6177,2025-10,472370728.0,backfill
6177,2025-11,472370728.0,backfill
6177,2025-12,472370728.0,backfill
6177,2026-01,472370728.0,backfill
6177,2026-02,472370728.0,backfill
6177,2026-03,472370728.0,backfill
6177,2026-04,472370728.0,backfill
6177,2026-05,472370728.0,backfill
6177,2026-06,472370728.0,backfill
6177,2026-07,472370728.0,backfill
6177,2026-08,472370728.0,backfill
6177,2026-09,472370728.0,backfill
6177,2026-10,472370728.0,snap
6179,2025-09,177324650.0,backfill
6179,2025-10,177324650.0,backfill
6179,2025-11,177324650.0,backfill
6179,2025-12,177324650.0,backfill
6179,2026-01,177324650.0,backfill
6179,2026-02,177324650.0,backfill
6179,2026-03,177324650.0,backfill
6179,2026-04,177324650.0,backfill
6179,2026-05,177324650.0,backfill
6179,2026-06,177324650.0,backfill
6179,2026-07,177324650.0,backfill
6179,2026-08,177324650.0,backfill
6179,2026-09,177324650.0,backfill
6179,2026-10,177324650.0,snap
6180,2025-09,175493573.0,backfill
6180,2025-10,175493573.0,backfill
6180,2025-11,175493573.0,backfill
6180,2025-12,175493573.0,backfill
6180,2026-01,175493573.0,backfill
6180,2026-02,175493573.0,backfill
6180,2026-03,175493573.0,backfill
6180,2026-04,175493573.0,backfill
6180,2026-05,175493573.0,backfill
6180,2026-06,175493573.0,backfill
6180,2026-07,175493573.0,backfill
6180,2026-08,175493573.0,backfill
6180,2026-09,175493573.0,backfill
6180,2026-10,175493573.0,snap
6182,2025-09,625305662.0,backfill
6182,2025-10,625305662.0,backfill
6182,2025-11,625305662.0,backfill
6182,2025-12,625305662.0,backfill
6182,2026-01,625305662.0,backfill
6182,2026-02,625305662.0,backfill
6182,2026-03,625305662.0,backfill
6182,2026-04,625305662.0,backfill
6182,2026-05,625305662.0,backfill
6182,2026-06,625305662.0,backfill
6182,2026-07,625305662.0,backfill
6182,2026-08,625305662.0,backfill
6182,2026-09,625305662.0,backfill
6182,2026-10,625305662.0,snap
6183,2025-09,150000000.0,backfill
6183,2025-10,150000000.0,backfill
6183,2025-11,150000000.0,backfill
6183,2025-12,150000000.0,backfill
6183,2026-01,150000000.0,backfill
6183,2026-02,150000000.0,backfill
6183,2026-03,150000000.0,backfill
6183,2026-04,150000000.0,backfill
6183,2026-05,150000000.0,backfill
6183,2026-06,150000000.0,backfill
6183,2026-07,150000000.0,backfill
6183,2026-08,150000000.0,backfill
6183,2026-09,150000000.0,backfill
6183,2026-10,150000000.0,snap
6184,2025-09,158230657.0,backfill
6184,2025-10,158230657.0,backfill
6184,2025-11,158230657.0,backfill
6184,2025-12,158230657.0,backfill
6184,2026-01,158230657.0,backfill
6184,2026-02,158230657.0,backfill
6184,2026-03,158230657.0,backfill
6184,2026-04,158230657.0,backfill
6184,2026-05,158230657.0,backfill
6184,2026-06,158230657.0,backfill
6184,2026-07,158230657.0,backfill
6184,2026-08,158230657.0,backfill
6184,2026-09,158230657.0,backfill
6184,2026-10,158230657.0,snap
6185,2025-09,149867531.0,backfill
6185,2025-10,149867531.0,backfill
6185,2025-11,149867531.0,backfill
6185,2025-12,149867531.0,backfill
6185,2026-01,149867531.0,backfill
6185,2026-02,149867531.0,backfill
6185,2026-03,149867531.0,backfill
6185,2026-04,149867531.0,backfill
6185,2026-05,149867531.0,backfill
6185,2026-06,149867531.0,backfill
6185,2026-07,149867531.0,backfill
6185,2026-08,149867531.0,backfill
6185,2026-09,149867531.0,backfill
6185,2026-10,149867531.0,snap
6186,2025-09,194907598.0,backfill
6186,2025-10,194907598.0,backfill
6186,2025-11,194907598.0,backfill
6186,2025-12,194907598.0,backfill
6186,2026-01,194907598.0,backfill
6186,2026-02,194907598.0,backfill
6186,2026-03,194907598.0,backfill
6186,2026-04,194907598.0,backfill
6186,2026-05,194907598.0,backfill
6186,2026-06,194907598.0,backfill
6186,2026-07,194907598.0,backfill
6186,2026-08,194907598.0,backfill
6186,2026-09,194907598.0,backfill
6186,2026-10,194907598.0,snap
6187,2025-09,98262739.0,backfill
6187,2025-10,98262739.0,backfill
6187,2025-11,98262739.0,backfill
6187,2025-12,98262739.0,backfill
6187,2026-01,98262739.0,backfill
6187,2026-02,98262739.0,backfill
6187,2026-03,98262739.0,backfill
6187,2026-04,98262739.0,backfill
6187,2026-05,98262739.0,backfill
6187,2026-06,98262739.0,backfill
6187,2026-07,98262739.0,backfill
6187,2026-08,98262739.0,backfill
6187,2026-09,98262739.0,backfill
6187,2026-10,98262739.0,snap
6188,2025-09,278358910.0,backfill
6188,2025-10,278358910.0,backfill
6188,2025-11,278358910.0,backfill
6188,2025-12,278358910.0,backfill
6188,2026-01,278358910.0,backfill
6188,2026-02,278358910.0,backfill
6188,2026-03,278358910.0,backfill
6188,2026-04,278358910.0,backfill
6188,2026-05,278358910.0,backfill
6188,2026-06,278358910.0,backfill
6188,2026-07,278358910.0,backfill
6188,2026-08,278358910.0,backfill
6188,2026-09,278358910.0,backfill
6188,2026-10,278358910.0,snap
6189,2025-09,263826017.0,backfill
6189,2025-10,263826017.0,backfill
6189,2025-11,263826017.0,backfill
6189,2025-12,263826017.0,backfill
6189,2026-01,263826017.0,backfill
6189,2026-02,263826017.0,backfill
6189,2026-03,263826017.0,backfill
6189,2026-04,263826017.0,backfill
6189,2026-05,263826017.0,backfill
6189,2026-06,263826017.0,backfill
6189,2026-07,263826017.0,backfill
6189,2026-08,263826017.0,backfill
6189,2026-09,263826017.0,backfill
6189,2026-10,263826017.0,snap
6190,2025-09,186522441.0,backfill
6190,2025-10,186522441.0,backfill
6190,2025-11,186522441.0,backfill
6190,2025-12,186522441.0,backfill
6190,2026-01,186522441.0,backfill
6190,2026-02,186522441.0,backfill
6190,2026-03,186522441.0,backfill
6190,2026-04,186522441.0,backfill
6190,2026-05,186522441.0,backfill
6190,2026-06,186522441.0,backfill
6190,2026-07,186522441.0,backfill
6190,2026-08,186522441.0,backfill
6190,2026-09,186522441.0,backfill
6190,2026-10,186522441.0,snap
6191,2025-09,499303000.0,backfill
6191,2025-10,499303000.0,backfill
6191,2025-11,499303000.0,backfill
6191,2025-12,499303000.0,backfill
6191,2026-01,499303000.0,backfill
6191,2026-02,499303000.0,backfill
6191,2026-03,499303000.0,backfill
6191,2026-04,499303000.0,backfill
6191,2026-05,499303000.0,backfill
6191,2026-06,499303000.0,backfill
6191,2026-07,499303000.0,backfill
6191,2026-08,499303000.0,backfill
6191,2026-09,499303000.0,backfill
6191,2026-10,499303000.0,snap
6192,2025-09,96155770.0,backfill
6192,2025-10,96155770.0,backfill
6192,2025-11,96155770.0,backfill
6192,2025-12,96155770.0,backfill
6192,2026-01,96155770.0,backfill
6192,2026-02,96155770.0,backfill
6192,2026-03,96155770.0,backfill
6192,2026-04,96155770.0,backfill
6192,2026-05,96155770.0,backfill
6192,2026-06,96155770.0,backfill
6192,2026-07,96155770.0,backfill
6192,2026-08,96155770.0,backfill
6192,2026-09,96155770.0,backfill
6192,2026-10,96155770.0,snap
6194,2025-09,48000000.0,backfill
6194,2025-10,48000000.0,backfill
6194,2025-11,48000000.0,backfill
6194,2025-12,48000000.0,backfill
6194,2026-01,48000000.0,backfill
6194,2026-02,48000000.0,backfill
6194,2026-03,48000000.0,backfill
6194,2026-04,48000000.0,backfill
6194,2026-05,48000000.0,backfill
6194,2026-06,48000000.0,backfill
6194,2026-07,48000000.0,backfill
6194,2026-08,48000000.0,backfill
6194,2026-09,48000000.0,backfill
6194,2026-10,48000000.0,snap
6195,2025-09,50192942.0,backfill
6195,2025-10,50192942.0,backfill
6195,2025-11,50192942.0,backfill
6195,2025-12,50192942.0,backfill
6195,2026-01,50192942.0,backfill
6195,2026-02,50192942.0,backfill
6195,2026-03,50192942.0,backfill
6195,2026-04,50192942.0,backfill
6195,2026-05,50192942.0,backfill
6195,2026-06,50192942.0,backfill
6195,2026-07,50192942.0,backfill
6195,2026-08,50192942.0,backfill
6195,2026-09,50192942.0,backfill
6195,2026-10,50192942.0,snap
6196,2025-09,220329529.0,backfill
6196,2025-10,220329529.0,backfill
6196,2025-11,220329529.0,backfill
6196,2025-12,220329529.0,backfill
6196,2026-01,220329529.0,backfill
6196,2026-02,220329529.0,backfill
6196,2026-03,220329529.0,backfill
6196,2026-04,220329529.0,backfill
6196,2026-05,220329529.0,backfill
6196,2026-06,220329529.0,backfill
6196,2026-07,220329529.0,backfill
6196,2026-08,220329529.0,backfill
6196,2026-09,220329529.0,backfill
6196,2026-10,220329529.0,snap
6197,2025-09,123439128.0,backfill
6197,2025-10,123439128.0,backfill
6197,2025-11,123439128.0,backfill
6197,2025-12,123439128.0,backfill
6197,2026-01,123439128.0,backfill
6197,2026-02,123439128.0,backfill
6197,2026-03,123439128.0,backfill
6197,2026-04,123439128.0,backfill
6197,2026-05,123439128.0,backfill
6197,2026-06,123439128.0,backfill
6197,2026-07,123439128.0,backfill
6197,2026-08,123439128.0,backfill
6197,2026-09,123439128.0,backfill
6197,2026-10,123439128.0,snap
6198,2025-09,171400350.0,backfill
6198,2025-10,171400350.0,backfill
6198,2025-11,171400350.0,backfill
6198,2025-12,171400350.0,backfill
6198,2026-01,171400350.0,backfill
6198,2026-02,171400350.0,backfill
6198,2026-03,171400350.0,backfill
6198,2026-04,171400350.0,backfill
6198,2026-05,171400350.0,backfill
6198,2026-06,171400350.0,backfill
6198,2026-07,171400350.0,backfill
6198,2026-08,171400350.0,backfill
6198,2026-09,171400350.0,backfill
6198,2026-10,171400350.0,snap
6199,2025-09,61760018.0,backfill
6199,2025-10,61760018.0,backfill
6199,2025-11,61760018.0,backfill
6199,2025-12,61760018.0,backfill
6199,2026-01,61760018.0,backfill
6199,2026-02,61760018.0,backfill
6199,2026-03,61760018.0,backfill
6199,2026-04,61760018.0,backfill
6199,2026-05,61760018.0,backfill
6199,2026-06,61760018.0,backfill
6199,2026-07,61760018.0,backfill
6199,2026-08,61760018.0,backfill
6199,2026-09,61760018.0,backfill
6199,2026-10,61760018.0,snap
6201,2025-09,89200000.0,backfill
6201,2025-10,89200000.0,backfill
6201,2025-11,89200000.0,backfill
6201,2025-12,89200000.0,backfill
6201,2026-01,89200000.0,backfill
6201,2026-02,89200000.0,backfill
6201,2026-03,89200000.0,backfill
6201,2026-04,89200000.0,backfill
6201,2026-05,89200000.0,backfill
6201,2026-06,89200000.0,backfill
6201,2026-07,89200000.0,backfill
6201,2026-08,89200000.0,backfill
6201,2026-09,89200000.0,backfill
6201,2026-10,89200000.0,snap
6202,2025-09,230388200.0,backfill
6202,2025-10,230388200.0,backfill
6202,2025-11,230388200.0,backfill
6202,2025-12,230388200.0,backfill
6202,2026-01,230388200.0,backfill
6202,2026-02,230388200.0,backfill
6202,2026-03,230388200.0,backfill
6202,2026-04,230388200.0,backfill
6202,2026-05,230388200.0,backfill
6202,2026-06,230388200.0,backfill
6202,2026-07,230388200.0,backfill
6202,2026-08,230388200.0,backfill
6202,2026-09,230388200.0,backfill
6202,2026-10,230388200.0,snap
6203,2025-09,82401370.0,backfill
6203,2025-10,82401370.0,backfill
6203,2025-11,82401370.0,backfill
6203,2025-12,82401370.0,backfill
6203,2026-01,82401370.0,backfill
6203,2026-02,82401370.0,backfill
6203,2026-03,82401370.0,backfill
6203,2026-04,82401370.0,backfill
6203,2026-05,82401370.0,backfill
6203,2026-06,82401370.0,backfill
6203,2026-07,82401370.0,backfill
6203,2026-08,82401370.0,backfill
6203,2026-09,82401370.0,backfill
6203,2026-10,82401370.0,snap
6204,2025-09,23102080.0,backfill
6204,2025-10,23102080.0,backfill
6204,2025-11,23102080.0,backfill
6204,2025-12,23102080.0,backfill
6204,2026-01,23102080.0,backfill
6204,2026-02,23102080.0,backfill
6204,2026-03,23102080.0,backfill
6204,2026-04,23102080.0,backfill
6204,2026-05,23102080.0,backfill
6204,2026-06,23102080.0,backfill
6204,2026-07,23102080.0,backfill
6204,2026-08,23102080.0,backfill
6204,2026-09,23102080.0,backfill
6204,2026-10,23102080.0,snap
6205,2025-09,82235907.0,backfill
6205,2025-10,82235907.0,backfill
6205,2025-11,82235907.0,backfill
6205,2025-12,82235907.0,backfill
6205,2026-01,82235907.0,backfill
6205,2026-02,82235907.0,backfill
6205,2026-03,82235907.0,backfill
6205,2026-04,82235907.0,backfill
6205,2026-05,82235907.0,backfill
6205,2026-06,82235907.0,backfill
6205,2026-07,82235907.0,backfill
6205,2026-08,82235907.0,backfill
6205,2026-09,82235907.0,backfill
6205,2026-10,82235907.0,snap
6206,2025-09,143062324.0,backfill
6206,2025-10,143062324.0,backfill
6206,2025-11,143062324.0,backfill
6206,2025-12,143062324.0,backfill
6206,2026-01,143062324.0,backfill
6206,2026-02,143062324.0,backfill
6206,2026-03,143062324.0,backfill
6206,2026-04,143062324.0,backfill
6206,2026-05,143062324.0,backfill
6206,2026-06,143062324.0,backfill
6206,2026-07,143062324.0,backfill
6206,2026-08,143062324.0,backfill
6206,2026-09,143062324.0,backfill
6206,2026-10,143062324.0,snap
6207,2025-09,93066484.0,backfill
6207,2025-10,93066484.0,backfill
6207,2025-11,93066484.0,backfill
6207,2025-12,93066484.0,backfill
6207,2026-01,93066484.0,backfill
6207,2026-02,93066484.0,backfill
6207,2026-03,93066484.0,backfill
6207,2026-04,93066484.0,backfill
6207,2026-05,93066484.0,backfill
6207,2026-06,93066484.0,backfill
6207,2026-07,93066484.0,backfill
6207,2026-08,93066484.0,backfill
6207,2026-09,93066484.0,backfill
6207,2026-10,93066484.0,snap
6208,2025-09,94462343.0,backfill
6208,2025-10,94462343.0,backfill
6208,2025-11,94462343.0,backfill
6208,2025-12,94462343.0,backfill
6208,2026-01,94462343.0,backfill
6208,2026-02,94462343.0,backfill
6208,2026-03,94462343.0,backfill
6208,2026-04,94462343.0,backfill
6208,2026-05,94462343.0,backfill
6208,2026-06,94462343.0,backfill
6208,2026-07,94462343.0,backfill
6208,2026-08,94462343.0,backfill
6208,2026-09,94462343.0,backfill
6208,2026-10,94462343.0,snap
6209,2025-09,180462702.0,backfill
6209,2025-10,180462702.0,backfill
6209,2025-11,180462702.0,backfill
6209,2025-12,180462702.0,backfill
6209,2026-01,180462702.0,backfill
6209,2026-02,180462702.0,backfill
6209,2026-03,180462702.0,backfill
6209,2026-04,180462702.0,backfill
6209,2026-05,180462702.0,backfill
6209,2026-06,180462702.0,backfill
6209,2026-07,180462702.0,backfill
6209,2026-08,180462702.0,backfill
6209,2026-09,180462702.0,backfill
6209,2026-10,180462702.0,snap
6210,2025-09,35048000.0,backfill
6210,2025-10,35048000.0,backfill
6210,2025-11,35048000.0,backfill
6210,2025-12,35048000.0,backfill
6210,2026-01,35048000.0,backfill
6210,2026-02,35048000.0,backfill
6210,2026-03,35048000.0,backfill
6210,2026-04,35048000.0,backfill
6210,2026-05,35048000.0,backfill
6210,2026-06,35048000.0,backfill
6210,2026-07,35048000.0,backfill
6210,2026-08,35048000.0,backfill
6210,2026-09,35048000.0,backfill
6210,2026-10,35048000.0,snap
6212,2025-09,102000000.0,backfill
6212,2025-10,102000000.0,backfill
6212,2025-11,102000000.0,backfill
6212,2025-12,102000000.0,backfill
6212,2026-01,102000000.0,backfill
6212,2026-02,102000000.0,backfill
6212,2026-03,102000000.0,backfill
6212,2026-04,102000000.0,backfill
6212,2026-05,102000000.0,backfill
6212,2026-06,102000000.0,backfill
6212,2026-07,102000000.0,backfill
6212,2026-08,102000000.0,backfill
6212,2026-09,102000000.0,backfill
6212,2026-10,102000000.0,snap
6213,2025-09,363597218.0,backfill
6213,2025-10,363597218.0,backfill
6213,2025-11,363597218.0,backfill
6213,2025-12,363597218.0,backfill
6213,2026-01,363597218.0,backfill
6213,2026-02,363597218.0,backfill
6213,2026-03,363597218.0,backfill
6213,2026-04,363597218.0,backfill
6213,2026-05,363597218.0,backfill
6213,2026-06,363597218.0,backfill
6213,2026-07,363597218.0,backfill
6213,2026-08,363597218.0,backfill
6213,2026-09,363597218.0,backfill
6213,2026-10,363597218.0,snap
6214,2025-09,272243066.0,backfill
6214,2025-10,272243066.0,backfill
6214,2025-11,272243066.0,backfill
6214,2025-12,272243066.0,backfill
6214,2026-01,272243066.0,backfill
6214,2026-02,272243066.0,backfill
6214,2026-03,272243066.0,backfill
6214,2026-04,272243066.0,backfill
6214,2026-05,272243066.0,backfill
6214,2026-06,272243066.0,backfill
6214,2026-07,272243066.0,backfill
6214,2026-08,272243066.0,backfill
6214,2026-09,272243066.0,backfill
6214,2026-10,272243066.0,snap
6215,2025-09,83529693.0,backfill
6215,2025-10,83529693.0,backfill
6215,2025-11,83529693.0,backfill
6215,2025-12,83529693.0,backfill
6215,2026-01,83529693.0,backfill
6215,2026-02,83529693.0,backfill
6215,2026-03,83529693.0,backfill
6215,2026-04,83529693.0,backfill
6215,2026-05,83529693.0,backfill
6215,2026-06,83529693.0,backfill
6215,2026-07,83529693.0,backfill
6215,2026-08,83529693.0,backfill
6215,2026-09,83529693.0,backfill
6215,2026-10,83529693.0,snap
6216,2025-09,97296137.0,backfill
6216,2025-10,97296137.0,backfill
6216,2025-11,97296137.0,backfill
6216,2025-12,97296137.0,backfill
6216,2026-01,97296137.0,backfill
6216,2026-02,97296137.0,backfill
6216,2026-03,97296137.0,backfill
6216,2026-04,97296137.0,backfill
6216,2026-05,97296137.0,backfill
6216,2026-06,97296137.0,backfill
6216,2026-07,97296137.0,backfill
6216,2026-08,97296137.0,backfill
6216,2026-09,97296137.0,backfill
6216,2026-10,97296137.0,snap
6217,2025-09,117210018.0,backfill
6217,2025-10,117210018.0,backfill
6217,2025-11,117210018.0,backfill
6217,2025-12,117210018.0,backfill
6217,2026-01,117210018.0,backfill
6217,2026-02,117210018.0,backfill
6217,2026-03,117210018.0,backfill
6217,2026-04,117210018.0,backfill
6217,2026-05,117210018.0,backfill
6217,2026-06,117210018.0,backfill
6217,2026-07,117210018.0,backfill
6217,2026-08,117210018.0,backfill
6217,2026-09,117210018.0,backfill
6217,2026-10,117210018.0,snap
6218,2025-09,64262000.0,backfill
6218,2025-10,64262000.0,backfill
6218,2025-11,64262000.0,backfill
6218,2025-12,64262000.0,backfill
6218,2026-01,64262000.0,backfill
6218,2026-02,64262000.0,backfill
6218,2026-03,64262000.0,backfill
6218,2026-04,64262000.0,backfill
6218,2026-05,64262000.0,backfill
6218,2026-06,64262000.0,backfill
6218,2026-07,64262000.0,backfill
6218,2026-08,64262000.0,backfill
6218,2026-09,64262000.0,backfill
6218,2026-10,64262000.0,snap
6219,2025-09,124967090.0,backfill
6219,2025-10,124967090.0,backfill
6219,2025-11,124967090.0,backfill
6219,2025-12,124967090.0,backfill
6219,2026-01,124967090.0,backfill
6219,2026-02,124967090.0,backfill
6219,2026-03,124967090.0,backfill
6219,2026-04,124967090.0,backfill
6219,2026-05,124967090.0,backfill
6219,2026-06,124967090.0,backfill
6219,2026-07,124967090.0,backfill
6219,2026-08,124967090.0,backfill
6219,2026-09,124967090.0,backfill
6219,2026-10,124967090.0,snap
6220,2025-09,146462640.0,backfill
6220,2025-10,146462640.0,backfill
6220,2025-11,146462640.0,backfill
6220,2025-12,146462640.0,backfill
6220,2026-01,146462640.0,backfill
6220,2026-02,146462640.0,backfill
6220,2026-03,146462640.0,backfill
6220,2026-04,146462640.0,backfill
6220,2026-05,146462640.0,backfill
6220,2026-06,146462640.0,backfill
6220,2026-07,146462640.0,backfill
6220,2026-08,146462640.0,backfill
6220,2026-09,146462640.0,backfill
6220,2026-10,146462640.0,snap
6221,2025-09,168601206.0,backfill
6221,2025-10,168601206.0,backfill
6221,2025-11,168601206.0,backfill
6221,2025-12,168601206.0,backfill
6221,2026-01,168601206.0,backfill
6221,2026-02,168601206.0,backfill
6221,2026-03,168601206.0,backfill
6221,2026-04,168601206.0,backfill
6221,2026-05,168601206.0,backfill
6221,2026-06,168601206.0,backfill
6221,2026-07,168601206.0,backfill
6221,2026-08,168601206.0,backfill
6221,2026-09,168601206.0,backfill
6221,2026-10,168601206.0,snap
6222,2025-09,95688878.0,backfill
6222,2025-10,95688878.0,backfill
6222,2025-11,95688878.0,backfill
6222,2025-12,95688878.0,backfill
6222,2026-01,95688878.0,backfill
6222,2026-02,95688878.0,backfill
6222,2026-03,95688878.0,backfill
6222,2026-04,95688878.0,backfill
6222,2026-05,95688878.0,backfill
6222,2026-06,95688878.0,backfill
6222,2026-07,95688878.0,backfill
6222,2026-08,95688878.0,backfill
6222,2026-09,95688878.0,backfill
6222,2026-10,95688878.0,snap
6223,2025-09,97981309.0,backfill
6223,2025-10,97981309.0,backfill
6223,2025-11,97981309.0,backfill
6223,2025-12,97981309.0,backfill
6223,2026-01,97981309.0,backfill
6223,2026-02,97981309.0,backfill
6223,2026-03,97981309.0,backfill
6223,2026-04,97981309.0,backfill
6223,2026-05,97981309.0,backfill
6223,2026-06,97981309.0,backfill
6223,2026-07,97981309.0,backfill
6223,2026-08,97981309.0,backfill
6223,2026-09,97981309.0,backfill
6223,2026-10,97981309.0,snap
6224,2025-09,85645361.0,backfill
6224,2025-10,85645361.0,backfill
6224,2025-11,85645361.0,backfill
6224,2025-12,85645361.0,backfill
6224,2026-01,85645361.0,backfill
6224,2026-02,85645361.0,backfill
6224,2026-03,85645361.0,backfill
6224,2026-04,85645361.0,backfill
6224,2026-05,85645361.0,backfill
6224,2026-06,85645361.0,backfill
6224,2026-07,85645361.0,backfill
6224,2026-08,85645361.0,backfill
6224,2026-09,85645361.0,backfill
6224,2026-10,85645361.0,snap
6225,2025-09,27800000.0,backfill
6225,2025-10,27800000.0,backfill
6225,2025-11,27800000.0,backfill
6225,2025-12,27800000.0,backfill
6225,2026-01,27800000.0,backfill
6225,2026-02,27800000.0,backfill
6225,2026-03,27800000.0,backfill
6225,2026-04,27800000.0,backfill
6225,2026-05,27800000.0,backfill
6225,2026-06,27800000.0,backfill
6225,2026-07,27800000.0,backfill
6225,2026-08,27800000.0,backfill
6225,2026-09,27800000.0,backfill
6225,2026-10,27800000.0,snap
6226,2025-09,115534789.0,backfill
6226,2025-10,115534789.0,backfill
6226,2025-11,115534789.0,backfill
6226,2025-12,115534789.0,backfill
6226,2026-01,115534789.0,backfill
6226,2026-02,115534789.0,backfill
6226,2026-03,115534789.0,backfill
6226,2026-04,115534789.0,backfill
6226,2026-05,115534789.0,backfill
6226,2026-06,115534789.0,backfill
6226,2026-07,115534789.0,backfill
6226,2026-08,115534789.0,backfill
6226,2026-09,115534789.0,backfill
6226,2026-10,115534789.0,snap
6227,2025-09,76111786.0,backfill
6227,2025-10,76111786.0,backfill
6227,2025-11,76111786.0,backfill
6227,2025-12,76111786.0,backfill
6227,2026-01,76111786.0,backfill
6227,2026-02,76111786.0,backfill
6227,2026-03,76111786.0,backfill
6227,2026-04,76111786.0,backfill
6227,2026-05,76111786.0,backfill
6227,2026-06,76111786.0,backfill
6227,2026-07,76111786.0,backfill
6227,2026-08,76111786.0,backfill
6227,2026-09,76111786.0,backfill
6227,2026-10,76111786.0,snap
6228,2025-09,29000000.0,backfill
6228,2025-10,29000000.0,backfill
6228,2025-11,29000000.0,backfill
6228,2025-12,29000000.0,backfill
6228,2026-01,29000000.0,backfill
6228,2026-02,29000000.0,backfill
6228,2026-03,29000000.0,backfill
6228,2026-04,29000000.0,backfill
6228,2026-05,29000000.0,backfill
6228,2026-06,29000000.0,backfill
6228,2026-07,29000000.0,backfill
6228,2026-08,29000000.0,backfill
6228,2026-09,29000000.0,backfill
6228,2026-10,29000000.0,snap
6229,2025-09,40360700.0,backfill
6229,2025-10,40360700.0,backfill
6229,2025-11,40360700.0,backfill
6229,2025-12,40360700.0,backfill
6229,2026-01,40360700.0,backfill
6229,2026-02,40360700.0,backfill
6229,2026-03,40360700.0,backfill
6229,2026-04,40360700.0,backfill
6229,2026-05,40360700.0,backfill
6229,2026-06,40360700.0,backfill
6229,2026-07,40360700.0,backfill
6229,2026-08,40360700.0,backfill
6229,2026-09,40360700.0,backfill
6229,2026-10,40360700.0,snap
6230,2025-09,86343396.0,backfill
6230,2025-10,86343396.0,backfill
6230,2025-11,86343396.0,backfill
6230,2025-12,86343396.0,backfill
6230,2026-01,86343396.0,backfill
6230,2026-02,86343396.0,backfill
6230,2026-03,86343396.0,backfill
6230,2026-04,86343396.0,backfill
6230,2026-05,86343396.0,backfill
6230,2026-06,86343396.0,backfill
6230,2026-07,86343396.0,backfill
6230,2026-08,86343396.0,backfill
6230,2026-09,86343396.0,backfill
6230,2026-10,86343396.0,snap
6231,2025-09,45652186.0,backfill
6231,2025-10,45652186.0,backfill
6231,2025-11,45652186.0,backfill
6231,2025-12,45652186.0,backfill
6231,2026-01,45652186.0,backfill
6231,2026-02,45652186.0,backfill
6231,2026-03,45652186.0,backfill
6231,2026-04,45652186.0,backfill
6231,2026-05,45652186.0,backfill
6231,2026-06,45652186.0,backfill
6231,2026-07,45652186.0,backfill
6231,2026-08,45652186.0,backfill
6231,2026-09,45652186.0,backfill
6231,2026-10,45652186.0,snap
6233,2025-09,80971896.0,backfill
6233,2025-10,80971896.0,backfill
6233,2025-11,80971896.0,backfill
6233,2025-12,80971896.0,backfill
6233,2026-01,80971896.0,backfill
6233,2026-02,80971896.0,backfill
6233,2026-03,80971896.0,backfill
6233,2026-04,80971896.0,backfill
6233,2026-05,80971896.0,backfill
6233,2026-06,80971896.0,backfill
6233,2026-07,80971896.0,backfill
6233,2026-08,80971896.0,backfill
6233,2026-09,80971896.0,backfill
6233,2026-10,80971896.0,snap
6234,2025-09,100386398.0,backfill
6234,2025-10,100386398.0,backfill
6234,2025-11,100386398.0,backfill
6234,2025-12,100386398.0,backfill
6234,2026-01,100386398.0,backfill
6234,2026-02,100386398.0,backfill
6234,2026-03,100386398.0,backfill
6234,2026-04,100386398.0,backfill
6234,2026-05,100386398.0,backfill
6234,2026-06,100386398.0,backfill
6234,2026-07,100386398.0,backfill
6234,2026-08,100386398.0,backfill
6234,2026-09,100386398.0,backfill
6234,2026-10,100386398.0,snap
6235,2025-09,199906306.0,backfill
6235,2025-10,199906306.0,backfill
6235,2025-11,199906306.0,backfill
6235,2025-12,199906306.0,backfill
6235,2026-01,199906306.0,backfill
6235,2026-02,199906306.0,backfill
6235,2026-03,199906306.0,backfill
6235,2026-04,199906306.0,backfill
6235,2026-05,199906306.0,backfill
6235,2026-06,199906306.0,backfill
6235,2026-07,199906306.0,backfill
6235,2026-08,199906306.0,backfill
6235,2026-09,199906306.0,backfill
6235,2026-10,199906306.0,snap
6236,2025-09,41654039.0,backfill
6236,2025-10,41654039.0,backfill
6236,2025-11,41654039.0,backfill
6236,2025-12,41654039.0,backfill
6236,2026-01,41654039.0,backfill
6236,2026-02,41654039.0,backfill
6236,2026-03,41654039.0,backfill
6236,2026-04,41654039.0,backfill
6236,2026-05,41654039.0,backfill
6236,2026-06,41654039.0,backfill
6236,2026-07,41654039.0,backfill
6236,2026-08,41654039.0,backfill
6236,2026-09,41654039.0,backfill
6236,2026-10,41654039.0,snap
6237,2025-09,79645371.0,backfill
6237,2025-10,79645371.0,backfill
6237,2025-11,79645371.0,backfill
6237,2025-12,79645371.0,backfill
6237,2026-01,79645371.0,backfill
6237,2026-02,79645371.0,backfill
6237,2026-03,79645371.0,backfill
6237,2026-04,79645371.0,backfill
6237,2026-05,79645371.0,backfill
6237,2026-06,79645371.0,backfill
6237,2026-07,79645371.0,backfill
6237,2026-08,79645371.0,backfill
6237,2026-09,79645371.0,backfill
6237,2026-10,79645371.0,snap
6239,2025-09,759146634.0,backfill
6239,2025-10,759146634.0,backfill
6239,2025-11,759146634.0,backfill
6239,2025-12,759146634.0,backfill
6239,2026-01,759146634.0,backfill
6239,2026-02,759146634.0,backfill
6239,2026-03,759146634.0,backfill
6239,2026-04,759146634.0,backfill
6239,2026-05,759146634.0,backfill
6239,2026-06,759146634.0,backfill
6239,2026-07,759146634.0,backfill
6239,2026-08,759146634.0,backfill
6239,2026-09,759146634.0,backfill
6239,2026-10,759146634.0,snap
6240,2025-09,22867370.0,backfill
6240,2025-10,22867370.0,backfill
6240,2025-11,22867370.0,backfill
6240,2025-12,22867370.0,backfill
6240,2026-01,22867370.0,backfill
6240,2026-02,22867370.0,backfill
6240,2026-03,22867370.0,backfill
6240,2026-04,22867370.0,backfill
6240,2026-05,22867370.0,backfill
6240,2026-06,22867370.0,backfill
6240,2026-07,22867370.0,backfill
6240,2026-08,22867370.0,backfill
6240,2026-09,22867370.0,backfill
6240,2026-10,22867370.0,snap
6241,2025-09,45533670.0,backfill
6241,2025-10,45533670.0,backfill
6241,2025-11,45533670.0,backfill
6241,2025-12,45533670.0,backfill
6241,2026-01,45533670.0,backfill
6241,2026-02,45533670.0,backfill
6241,2026-03,45533670.0,backfill
6241,2026-04,45533670.0,backfill
6241,2026-05,45533670.0,backfill
6241,2026-06,45533670.0,backfill
6241,2026-07,45533670.0,backfill
6241,2026-08,45533670.0,backfill
6241,2026-09,45533670.0,backfill
6241,2026-10,45533670.0,snap
6242,2025-09,31806500.0,backfill
6242,2025-10,31806500.0,backfill
6242,2025-11,31806500.0,backfill
6242,2025-12,31806500.0,backfill
6242,2026-01,31806500.0,backfill
6242,2026-02,31806500.0,backfill
6242,2026-03,31806500.0,backfill
6242,2026-04,31806500.0,backfill
6242,2026-05,31806500.0,backfill
6242,2026-06,31806500.0,backfill
6242,2026-07,31806500.0,backfill
6242,2026-08,31806500.0,backfill
6242,2026-09,31806500.0,backfill
6242,2026-10,31806500.0,snap
6243,2025-09,45268841.0,backfill
6243,2025-10,45268841.0,backfill
6243,2025-11,45268841.0,backfill
6243,2025-12,45268841.0,backfill
6243,2026-01,45268841.0,backfill
6243,2026-02,45268841.0,backfill
6243,2026-03,45268841.0,backfill
6243,2026-04,45268841.0,backfill
6243,2026-05,45268841.0,backfill
6243,2026-06,45268841.0,backfill
6243,2026-07,45268841.0,backfill
6243,2026-08,45268841.0,backfill
6243,2026-09,45268841.0,backfill
6243,2026-10,45268841.0,snap
6244,2025-09,387041875.0,backfill
6244,2025-10,387041875.0,backfill
6244,2025-11,387041875.0,backfill
6244,2025-12,387041875.0,backfill
6244,2026-01,387041875.0,backfill
6244,2026-02,387041875.0,backfill
6244,2026-03,387041875.0,backfill
6244,2026-04,387041875.0,backfill
6244,2026-05,387041875.0,backfill
6244,2026-06,387041875.0,backfill
6244,2026-07,387041875.0,backfill
6244,2026-08,387041875.0,backfill
6244,2026-09,387041875.0,backfill
6244,2026-10,387041875.0,snap
6245,2025-09,146608303.0,backfill
6245,2025-10,146608303.0,backfill
6245,2025-11,146608303.0,backfill
6245,2025-12,146608303.0,backfill
6245,2026-01,146608303.0,backfill
6245,2026-02,146608303.0,backfill
6245,2026-03,146608303.0,backfill
6245,2026-04,146608303.0,backfill
6245,2026-05,146608303.0,backfill
6245,2026-06,146608303.0,backfill
6245,2026-07,146608303.0,backfill
6245,2026-08,146608303.0,backfill
6245,2026-09,146608303.0,backfill
6245,2026-10,146608303.0,snap
6246,2025-09,37851415.0,backfill
6246,2025-10,37851415.0,backfill
6246,2025-11,37851415.0,backfill
6246,2025-12,37851415.0,backfill
6246,2026-01,37851415.0,backfill
6246,2026-02,37851415.0,backfill
6246,2026-03,37851415.0,backfill
6246,2026-04,37851415.0,backfill
6246,2026-05,37851415.0,backfill
6246,2026-06,37851415.0,backfill
6246,2026-07,37851415.0,backfill
6246,2026-08,37851415.0,backfill
6246,2026-09,37851415.0,backfill
6246,2026-10,37851415.0,snap
6248,2025-09,99956149.0,backfill
6248,2025-10,99956149.0,backfill
6248,2025-11,99956149.0,backfill
6248,2025-12,99956149.0,backfill
6248,2026-01,99956149.0,backfill
6248,2026-02,99956149.0,backfill
6248,2026-03,99956149.0,backfill
6248,2026-04,99956149.0,backfill
6248,2026-05,99956149.0,backfill
6248,2026-06,99956149.0,backfill
6248,2026-07,99956149.0,backfill
6248,2026-08,99956149.0,backfill
6248,2026-09,99956149.0,backfill
6248,2026-10,99956149.0,snap
6257,2025-09,483912325.0,backfill
6257,2025-10,483912325.0,backfill
6257,2025-11,483912325.0,backfill
6257,2025-12,483912325.0,backfill
6257,2026-01,483912325.0,backfill
6257,2026-02,483912325.0,backfill
6257,2026-03,483912325.0,backfill
6257,2026-04,483912325.0,backfill
6257,2026-05,483912325.0,backfill
6257,2026-06,483912325.0,backfill
6257,2026-07,483912325.0,backfill
6257,2026-08,483912325.0,backfill
6257,2026-09,483912325.0,backfill
6257,2026-10,483912325.0,snap
6259,2025-09,28056146.0,backfill
6259,2025-10,28056146.0,backfill
6259,2025-11,28056146.0,backfill
6259,2025-12,28056146.0,backfill
6259,2026-01,28056146.0,backfill
6259,2026-02,28056146.0,backfill
6259,2026-03,28056146.0,backfill
6259,2026-04,28056146.0,backfill
6259,2026-05,28056146.0,backfill
6259,2026-06,28056146.0,backfill
6259,2026-07,28056146.0,backfill
6259,2026-08,28056146.0,backfill
6259,2026-09,28056146.0,backfill
6259,2026-10,28056146.0,snap
6261,2025-09,128497989.0,backfill
6261,2025-10,128497989.0,backfill
6261,2025-11,128497989.0,backfill
6261,2025-12,128497989.0,backfill
6261,2026-01,128497989.0,backfill
6261,2026-02,128497989.0,backfill
6261,2026-03,128497989.0,backfill
6261,2026-04,128497989.0,backfill
6261,2026-05,128497989.0,backfill
6261,2026-06,128497989.0,backfill
6261,2026-07,128497989.0,backfill
6261,2026-08,128497989.0,backfill
6261,2026-09,128497989.0,backfill
6261,2026-10,128497989.0,snap
6263,2025-09,62500964.0,backfill
6263,2025-10,62500964.0,backfill
6263,2025-11,62500964.0,backfill
6263,2025-12,62500964.0,backfill
6263,2026-01,62500964.0,backfill
6263,2026-02,62500964.0,backfill
6263,2026-03,62500964.0,backfill
6263,2026-04,62500964.0,backfill
6263,2026-05,62500964.0,backfill
6263,2026-06,62500964.0,backfill
6263,2026-07,62500964.0,backfill
6263,2026-08,62500964.0,backfill
6263,2026-09,62500964.0,backfill
6263,2026-10,62500964.0,snap
6264,2025-09,136355291.0,backfill
6264,2025-10,136355291.0,backfill
6264,2025-11,136355291.0,backfill
6264,2025-12,136355291.0,backfill
6264,2026-01,136355291.0,backfill
6264,2026-02,136355291.0,backfill
6264,2026-03,136355291.0,backfill
6264,2026-04,136355291.0,backfill
6264,2026-05,136355291.0,backfill
6264,2026-06,136355291.0,backfill
6264,2026-07,136355291.0,backfill
6264,2026-08,136355291.0,backfill
6264,2026-09,136355291.0,backfill
6264,2026-10,136355291.0,snap
6265,2025-09,118172151.0,backfill
6265,2025-10,118172151.0,backfill
6265,2025-11,118172151.0,backfill
6265,2025-12,118172151.0,backfill
6265,2026-01,118172151.0,backfill
6265,2026-02,118172151.0,backfill
6265,2026-03,118172151.0,backfill
6265,2026-04,118172151.0,backfill
6265,2026-05,118172151.0,backfill
6265,2026-06,118172151.0,backfill
6265,2026-07,118172151.0,backfill
6265,2026-08,118172151.0,backfill
6265,2026-09,118172151.0,backfill
6265,2026-10,118172151.0,snap
6266,2025-09,153871641.0,backfill
6266,2025-10,153871641.0,backfill
6266,2025-11,153871641.0,backfill
6266,2025-12,153871641.0,backfill
6266,2026-01,153871641.0,backfill
6266,2026-02,153871641.0,backfill
6266,2026-03,153871641.0,backfill
6266,2026-04,153871641.0,backfill
6266,2026-05,153871641.0,backfill
6266,2026-06,153871641.0,backfill
6266,2026-07,153871641.0,backfill
6266,2026-08,153871641.0,backfill
6266,2026-09,153871641.0,backfill
6266,2026-10,153871641.0,snap
6269,2025-09,323831481.0,backfill
6269,2025-10,323831481.0,backfill
6269,2025-11,323831481.0,backfill
6269,2025-12,323831481.0,backfill
6269,2026-01,323831481.0,backfill
6269,2026-02,323831481.0,backfill
6269,2026-03,323831481.0,backfill
6269,2026-04,323831481.0,backfill
6269,2026-05,323831481.0,backfill
6269,2026-06,323831481.0,backfill
6269,2026-07,323831481.0,backfill
6269,2026-08,323831481.0,backfill
6269,2026-09,323831481.0,backfill
6269,2026-10,323831481.0,snap
6270,2025-09,72145759.0,backfill
6270,2025-10,72145759.0,backfill
6270,2025-11,72145759.0,backfill
6270,2025-12,72145759.0,backfill
6270,2026-01,72145759.0,backfill
6270,2026-02,72145759.0,backfill
6270,2026-03,72145759.0,backfill
6270,2026-04,72145759.0,backfill
6270,2026-05,72145759.0,backfill
6270,2026-06,72145759.0,backfill
6270,2026-07,72145759.0,backfill
6270,2026-08,72145759.0,backfill
6270,2026-09,72145759.0,backfill
6270,2026-10,72145759.0,snap
6271,2025-09,209058024.0,backfill
6271,2025-10,209058024.0,backfill
6271,2025-11,209058024.0,backfill
6271,2025-12,209058024.0,backfill
6271,2026-01,209058024.0,backfill
6271,2026-02,209058024.0,backfill
6271,2026-03,209058024.0,backfill
6271,2026-04,209058024.0,backfill
6271,2026-05,209058024.0,backfill
6271,2026-06,209058024.0,backfill
6271,2026-07,209058024.0,backfill
6271,2026-08,209058024.0,backfill
6271,2026-09,209058024.0,backfill
6271,2026-10,209058024.0,snap
6272,2025-09,81763948.0,backfill
6272,2025-10,81763948.0,backfill
6272,2025-11,81763948.0,backfill
6272,2025-12,81763948.0,backfill
6272,2026-01,81763948.0,backfill
6272,2026-02,81763948.0,backfill
6272,2026-03,81763948.0,backfill
6272,2026-04,81763948.0,backfill
6272,2026-05,81763948.0,backfill
6272,2026-06,81763948.0,backfill
6272,2026-07,81763948.0,backfill
6272,2026-08,81763948.0,backfill
6272,2026-09,81763948.0,backfill
6272,2026-10,81763948.0,snap
6274,2025-09,299460093.0,backfill
6274,2025-10,299460093.0,backfill
6274,2025-11,299460093.0,backfill
6274,2025-12,299460093.0,backfill
6274,2026-01,299460093.0,backfill
6274,2026-02,299460093.0,backfill
6274,2026-03,299460093.0,backfill
6274,2026-04,299460093.0,backfill
6274,2026-05,299460093.0,backfill
6274,2026-06,299460093.0,backfill
6274,2026-07,299460093.0,backfill
6274,2026-08,299460093.0,backfill
6274,2026-09,299460093.0,backfill
6274,2026-10,299460093.0,snap
6275,2025-09,80344567.0,backfill
6275,2025-10,80344567.0,backfill
6275,2025-11,80344567.0,backfill
6275,2025-12,80344567.0,backfill
6275,2026-01,80344567.0,backfill
6275,2026-02,80344567.0,backfill
6275,2026-03,80344567.0,backfill
6275,2026-04,80344567.0,backfill
6275,2026-05,80344567.0,backfill
6275,2026-06,80344567.0,backfill
6275,2026-07,80344567.0,backfill
6275,2026-08,80344567.0,backfill
6275,2026-09,80344567.0,backfill
6275,2026-10,80344567.0,snap
6276,2025-09,22043000.0,backfill
6276,2025-10,22043000.0,backfill
6276,2025-11,22043000.0,backfill
6276,2025-12,22043000.0,backfill
6276,2026-01,22043000.0,backfill
6276,2026-02,22043000.0,backfill
6276,2026-03,22043000.0,backfill
6276,2026-04,22043000.0,backfill
6276,2026-05,22043000.0,backfill
6276,2026-06,22043000.0,backfill
6276,2026-07,22043000.0,backfill
6276,2026-08,22043000.0,backfill
6276,2026-09,22043000.0,backfill
6276,2026-10,22043000.0,snap
6277,2025-09,119471166.0,backfill
6277,2025-10,119471166.0,backfill
6277,2025-11,119471166.0,backfill
6277,2025-12,119471166.0,backfill
6277,2026-01,119471166.0,backfill
6277,2026-02,119471166.0,backfill
6277,2026-03,119471166.0,backfill
6277,2026-04,119471166.0,backfill
6277,2026-05,119471166.0,backfill
6277,2026-06,119471166.0,backfill
6277,2026-07,119471166.0,backfill
6277,2026-08,119471166.0,backfill
6277,2026-09,119471166.0,backfill
6277,2026-10,119471166.0,snap
6278,2025-09,292398353.0,backfill
6278,2025-10,292398353.0,backfill
6278,2025-11,292398353.0,backfill
6278,2025-12,292398353.0,backfill
6278,2026-01,292398353.0,backfill
6278,2026-02,292398353.0,backfill
6278,2026-03,292398353.0,backfill
6278,2026-04,292398353.0,backfill
6278,2026-05,292398353.0,backfill
6278,2026-06,292398353.0,backfill
6278,2026-07,292398353.0,backfill
6278,2026-08,292398353.0,backfill
6278,2026-09,292398353.0,backfill
6278,2026-10,292398353.0,snap
6279,2025-09,119015736.0,backfill
6279,2025-10,119015736.0,backfill
6279,2025-11,119015736.0,backfill
6279,2025-12,119015736.0,backfill
6279,2026-01,119015736.0,backfill
6279,2026-02,119015736.0,backfill
6279,2026-03,119015736.0,backfill
6279,2026-04,119015736.0,backfill
6279,2026-05,119015736.0,backfill
6279,2026-06,119015736.0,backfill
6279,2026-07,119015736.0,backfill
6279,2026-08,119015736.0,backfill
6279,2026-09,119015736.0,backfill
6279,2026-10,119015736.0,snap
6281,2025-09,99172945.0,backfill
6281,2025-10,99172945.0,backfill
6281,2025-11,99172945.0,backfill
6281,2025-12,99172945.0,backfill
6281,2026-01,99172945.0,backfill
6281,2026-02,99172945.0,backfill
6281,2026-03,99172945.0,backfill
6281,2026-04,99172945.0,backfill
6281,2026-05,99172945.0,backfill
6281,2026-06,99172945.0,backfill
6281,2026-07,99172945.0,backfill
6281,2026-08,99172945.0,backfill
6281,2026-09,99172945.0,backfill
6281,2026-10,99172945.0,snap
6282,2025-09,856100705.0,backfill
6282,2025-10,856100705.0,backfill
6282,2025-11,856100705.0,backfill
6282,2025-12,856100705.0,backfill
6282,2026-01,856100705.0,backfill
6282,2026-02,856100705.0,backfill
6282,2026-03,856100705.0,backfill
6282,2026-04,856100705.0,backfill
6282,2026-05,856100705.0,backfill
6282,2026-06,856100705.0,backfill
6282,2026-07,856100705.0,backfill
6282,2026-08,856100705.0,backfill
6282,2026-09,856100705.0,backfill
6282,2026-10,856100705.0,snap
6283,2025-09,147581343.0,backfill
6283,2025-10,147581343.0,backfill
6283,2025-11,147581343.0,backfill
6283,2025-12,147581343.0,backfill
6283,2026-01,147581343.0,backfill
6283,2026-02,147581343.0,backfill
6283,2026-03,147581343.0,backfill
6283,2026-04,147581343.0,backfill
6283,2026-05,147581343.0,backfill
6283,2026-06,147581343.0,backfill
6283,2026-07,147581343.0,backfill
6283,2026-08,147581343.0,backfill
6283,2026-09,147581343.0,backfill
6283,2026-10,147581343.0,snap
6284,2025-09,148980341.0,backfill
6284,2025-10,148980341.0,backfill
6284,2025-11,148980341.0,backfill
6284,2025-12,148980341.0,backfill
6284,2026-01,148980341.0,backfill
6284,2026-02,148980341.0,backfill
6284,2026-03,148980341.0,backfill
6284,2026-04,148980341.0,backfill
6284,2026-05,148980341.0,backfill
6284,2026-06,148980341.0,backfill
6284,2026-07,148980341.0,backfill
6284,2026-08,148980341.0,backfill
6284,2026-09,148980341.0,backfill
6284,2026-10,148980341.0,snap
6285,2025-09,483441359.0,backfill
6285,2025-10,483441359.0,backfill
6285,2025-11,483441359.0,backfill
6285,2025-12,483441359.0,backfill
6285,2026-01,483441359.0,backfill
6285,2026-02,483441359.0,backfill
6285,2026-03,483441359.0,backfill
6285,2026-04,483441359.0,backfill
6285,2026-05,483441359.0,backfill
6285,2026-06,483441359.0,backfill
6285,2026-07,483441359.0,backfill
6285,2026-08,483441359.0,backfill
6285,2026-09,483441359.0,backfill
6285,2026-10,483441359.0,snap
6290,2025-09,169652410.0,backfill
6290,2025-10,169652410.0,backfill
6290,2025-11,169652410.0,backfill
6290,2025-12,169652410.0,backfill
6290,2026-01,169652410.0,backfill
6290,2026-02,169652410.0,backfill
6290,2026-03,169652410.0,backfill
6290,2026-04,169652410.0,backfill
6290,2026-05,169652410.0,backfill
6290,2026-06,169652410.0,backfill
6290,2026-07,169652410.0,backfill
6290,2026-08,169652410.0,backfill
6290,2026-09,169652410.0,backfill
6290,2026-10,169652410.0,snap
6291,2025-09,42000000.0,backfill
6291,2025-10,42000000.0,backfill
6291,2025-11,42000000.0,backfill
6291,2025-12,42000000.0,backfill
6291,2026-01,42000000.0,backfill
6291,2026-02,42000000.0,backfill
6291,2026-03,42000000.0,backfill
6291,2026-04,42000000.0,backfill
6291,2026-05,42000000.0,backfill
6291,2026-06,42000000.0,backfill
6291,2026-07,42000000.0,backfill
6291,2026-08,42000000.0,backfill
6291,2026-09,42000000.0,backfill
6291,2026-10,42000000.0,snap
6292,2025-09,46600712.0,backfill
6292,2025-10,46600712.0,backfill
6292,2025-11,46600712.0,backfill
6292,2025-12,46600712.0,backfill
6292,2026-01,46600712.0,backfill
6292,2026-02,46600712.0,backfill
6292,2026-03,46600712.0,backfill
6292,2026-04,46600712.0,backfill
6292,2026-05,46600712.0,backfill
6292,2026-06,46600712.0,backfill
6292,2026-07,46600712.0,backfill
6292,2026-08,46600712.0,backfill
6292,2026-09,46600712.0,backfill
6292,2026-10,46600712.0,snap
6294,2025-09,26047106.0,backfill
6294,2025-10,26047106.0,backfill
6294,2025-11,26047106.0,backfill
6294,2025-12,26047106.0,backfill
6294,2026-01,26047106.0,backfill
6294,2026-02,26047106.0,backfill
6294,2026-03,26047106.0,backfill
6294,2026-04,26047106.0,backfill
6294,2026-05,26047106.0,backfill
6294,2026-06,26047106.0,backfill
6294,2026-07,26047106.0,backfill
6294,2026-08,26047106.0,backfill
6294,2026-09,26047106.0,backfill
6294,2026-10,26047106.0,snap
6405,2025-09,65800000.0,backfill
6405,2025-10,65800000.0,backfill
6405,2025-11,65800000.0,backfill
6405,2025-12,65800000.0,backfill
6405,2026-01,65800000.0,backfill
6405,2026-02,65800000.0,backfill
6405,2026-03,65800000.0,backfill
6405,2026-04,65800000.0,backfill
6405,2026-05,65800000.0,backfill
6405,2026-06,65800000.0,backfill
6405,2026-07,65800000.0,backfill
6405,2026-08,65800000.0,backfill
6405,2026-09,65800000.0,backfill
6405,2026-10,65800000.0,snap
6409,2025-09,88253566.0,backfill
6409,2025-10,88253566.0,backfill
6409,2025-11,88253566.0,backfill
6409,2025-12,88253566.0,backfill
6409,2026-01,88253566.0,backfill
6409,2026-02,88253566.0,backfill
6409,2026-03,88253566.0,backfill
6409,2026-04,88253566.0,backfill
6409,2026-05,88253566.0,backfill
6409,2026-06,88253566.0,backfill
6409,2026-07,88253566.0,backfill
6409,2026-08,88253566.0,backfill
6409,2026-09,88253566.0,backfill
6409,2026-10,88253566.0,snap
6411,2025-09,99508031.0,backfill
6411,2025-10,99508031.0,backfill
6411,2025-11,99508031.0,backfill
6411,2025-12,99508031.0,backfill
6411,2026-01,99508031.0,backfill
6411,2026-02,99508031.0,backfill
6411,2026-03,99508031.0,backfill
6411,2026-04,99508031.0,backfill
6411,2026-05,99508031.0,backfill
6411,2026-06,99508031.0,backfill
6411,2026-07,99508031.0,backfill
6411,2026-08,99508031.0,backfill
6411,2026-09,99508031.0,backfill
6411,2026-10,99508031.0,snap
6412,2025-09,400769126.0,backfill
6412,2025-10,400769126.0,backfill
6412,2025-11,400769126.0,backfill
6412,2025-12,400769126.0,backfill
6412,2026-01,400769126.0,backfill
6412,2026-02,400769126.0,backfill
6412,2026-03,400769126.0,backfill
6412,2026-04,400769126.0,backfill
6412,2026-05,400769126.0,backfill
6412,2026-06,400769126.0,backfill
6412,2026-07,400769126.0,backfill
6412,2026-08,400769126.0,backfill
6412,2026-09,400769126.0,backfill
6412,2026-10,400769126.0,snap
6414,2025-09,151315037.0,backfill
6414,2025-10,151315037.0,backfill
6414,2025-11,151315037.0,backfill
6414,2025-12,151315037.0,backfill
6414,2026-01,151315037.0,backfill
6414,2026-02,151315037.0,backfill
6414,2026-03,151315037.0,backfill
6414,2026-04,151315037.0,backfill
6414,2026-05,151315037.0,backfill
6414,2026-06,151315037.0,backfill
6414,2026-07,151315037.0,backfill
6414,2026-08,151315037.0,backfill
6414,2026-09,151315037.0,backfill
6414,2026-10,151315037.0,snap
6415,2025-09,390362929.0,backfill
6415,2025-10,390362929.0,backfill
6415,2025-11,390362929.0,backfill
6415,2025-12,390362929.0,backfill
6415,2026-01,390362929.0,backfill
6415,2026-02,390362929.0,backfill
6415,2026-03,390362929.0,backfill
6415,2026-04,390362929.0,backfill
6415,2026-05,390362929.0,backfill
6415,2026-06,390362929.0,backfill
6415,2026-07,390362929.0,backfill
6415,2026-08,390362929.0,backfill
6415,2026-09,390362929.0,backfill
6415,2026-10,390362929.0,snap
6416,2025-09,73348460.0,backfill
6416,2025-10,73348460.0,backfill
6416,2025-11,73348460.0,backfill
6416,2025-12,73348460.0,backfill
6416,2026-01,73348460.0,backfill
6416,2026-02,73348460.0,backfill
6416,2026-03,73348460.0,backfill
6416,2026-04,73348460.0,backfill
6416,2026-05,73348460.0,backfill
6416,2026-06,73348460.0,backfill
6416,2026-07,73348460.0,backfill
6416,2026-08,73348460.0,backfill
6416,2026-09,73348460.0,backfill
6416,2026-10,73348460.0,snap
6417,2025-09,42274000.0,backfill
6417,2025-10,42274000.0,backfill
6417,2025-11,42274000.0,backfill
6417,2025-12,42274000.0,backfill
6417,2026-01,42274000.0,backfill
6417,2026-02,42274000.0,backfill
6417,2026-03,42274000.0,backfill
6417,2026-04,42274000.0,backfill
6417,2026-05,42274000.0,backfill
6417,2026-06,42274000.0,backfill
6417,2026-07,42274000.0,backfill
6417,2026-08,42274000.0,backfill
6417,2026-09,42274000.0,backfill
6417,2026-10,42274000.0,snap
6418,2025-09,34522000.0,backfill
6418,2025-10,34522000.0,backfill
6418,2025-11,34522000.0,backfill
6418,2025-12,34522000.0,backfill
6418,2026-01,34522000.0,backfill
6418,2026-02,34522000.0,backfill
6418,2026-03,34522000.0,backfill
6418,2026-04,34522000.0,backfill
6418,2026-05,34522000.0,backfill
6418,2026-06,34522000.0,backfill
6418,2026-07,34522000.0,backfill
6418,2026-08,34522000.0,backfill
6418,2026-09,34522000.0,backfill
6418,2026-10,34522000.0,snap
6419,2025-09,13159170.0,backfill
6419,2025-10,13159170.0,backfill
6419,2025-11,13159170.0,backfill
6419,2025-12,13159170.0,backfill
6419,2026-01,13159170.0,backfill
6419,2026-02,13159170.0,backfill
6419,2026-03,13159170.0,backfill
6419,2026-04,13159170.0,backfill
6419,2026-05,13159170.0,backfill
6419,2026-06,13159170.0,backfill
6419,2026-07,13159170.0,backfill
6419,2026-08,13159170.0,backfill
6419,2026-09,13159170.0,backfill
6419,2026-10,13159170.0,snap
6423,2025-09,31016000.0,backfill
6423,2025-10,31016000.0,backfill
6423,2025-11,31016000.0,backfill
6423,2025-12,31016000.0,backfill
6423,2026-01,31016000.0,backfill
6423,2026-02,31016000.0,backfill
6423,2026-03,31016000.0,backfill
6423,2026-04,31016000.0,backfill
6423,2026-05,31016000.0,backfill
6423,2026-06,31016000.0,backfill
6423,2026-07,31016000.0,backfill
6423,2026-08,31016000.0,backfill
6423,2026-09,31016000.0,backfill
6423,2026-10,31016000.0,snap
6425,2025-09,51382317.0,backfill
6425,2025-10,51382317.0,backfill
6425,2025-11,51382317.0,backfill
6425,2025-12,51382317.0,backfill
6425,2026-01,51382317.0,backfill
6425,2026-02,51382317.0,backfill
6425,2026-03,51382317.0,backfill
6425,2026-04,51382317.0,backfill
6425,2026-05,51382317.0,backfill
6425,2026-06,51382317.0,backfill
6425,2026-07,51382317.0,backfill
6425,2026-08,51382317.0,backfill
6425,2026-09,51382317.0,backfill
6425,2026-10,51382317.0,snap
6426,2025-09,38509000.0,backfill
6426,2025-10,38509000.0,backfill
6426,2025-11,38509000.0,backfill
6426,2025-12,38509000.0,backfill
6426,2026-01,38509000.0,backfill
6426,2026-02,38509000.0,backfill
6426,2026-03,38509000.0,backfill
6426,2026-04,38509000.0,backfill
6426,2026-05,38509000.0,backfill
6426,2026-06,38509000.0,backfill
6426,2026-07,38509000.0,backfill
6426,2026-08,38509000.0,backfill
6426,2026-09,38509000.0,backfill
6426,2026-10,38509000.0,snap
6431,2025-09,97398835.0,backfill
6431,2025-10,97398835.0,backfill
6431,2025-11,97398835.0,backfill
6431,2025-12,97398835.0,backfill
6431,2026-01,97398835.0,backfill
6431,2026-02,97398835.0,backfill
6431,2026-03,97398835.0,backfill
6431,2026-04,97398835.0,backfill
6431,2026-05,97398835.0,backfill
6431,2026-06,97398835.0,backfill
6431,2026-07,97398835.0,backfill
6431,2026-08,97398835.0,backfill
6431,2026-09,97398835.0,backfill
6431,2026-10,97398835.0,snap
6432,2025-09,38784067.0,backfill
6432,2025-10,38784067.0,backfill
6432,2025-11,38784067.0,backfill
6432,2025-12,38784067.0,backfill
6432,2026-01,38784067.0,backfill
6432,2026-02,38784067.0,backfill
6432,2026-03,38784067.0,backfill
6432,2026-04,38784067.0,backfill
6432,2026-05,38784067.0,backfill
6432,2026-06,38784067.0,backfill
6432,2026-07,38784067.0,backfill
6432,2026-08,38784067.0,backfill
6432,2026-09,38784067.0,backfill
6432,2026-10,38784067.0,snap
6435,2025-09,37461300.0,backfill
6435,2025-10,37461300.0,backfill
6435,2025-11,37461300.0,backfill
6435,2025-12,37461300.0,backfill
6435,2026-01,37461300.0,backfill
6435,2026-02,37461300.0,backfill
6435,2026-03,37461300.0,backfill
6435,2026-04,37461300.0,backfill
6435,2026-05,37461300.0,backfill
6435,2026-06,37461300.0,backfill
6435,2026-07,37461300.0,backfill
6435,2026-08,37461300.0,backfill
6435,2026-09,37461300.0,backfill
6435,2026-10,37461300.0,snap
6438,2025-09,82206325.0,backfill
6438,2025-10,82206325.0,backfill
6438,2025-11,82206325.0,backfill
6438,2025-12,82206325.0,backfill
6438,2026-01,82206325.0,backfill
6438,2026-02,82206325.0,backfill
6438,2026-03,82206325.0,backfill
6438,2026-04,82206325.0,backfill
6438,2026-05,82206325.0,backfill
6438,2026-06,82206325.0,backfill
6438,2026-07,82206325.0,backfill
6438,2026-08,82206325.0,backfill
6438,2026-09,82206325.0,backfill
6438,2026-10,82206325.0,snap
6441,2025-09,53318429.0,backfill
6441,2025-10,53318429.0,backfill
6441,2025-11,53318429.0,backfill
6441,2025-12,53318429.0,backfill
6441,2026-01,53318429.0,backfill
6441,2026-02,53318429.0,backfill
6441,2026-03,53318429.0,backfill
6441,2026-04,53318429.0,backfill
6441,2026-05,53318429.0,backfill
6441,2026-06,53318429.0,backfill
6441,2026-07,53318429.0,backfill
6441,2026-08,53318429.0,backfill
6441,2026-09,53318429.0,backfill
6441,2026-10,53318429.0,snap
6442,2025-09,81817552.0,backfill
6442,2025-10,81817552.0,backfill
6442,2025-11,81817552.0,backfill
6442,2025-12,81817552.0,backfill
6442,2026-01,81817552.0,backfill
6442,2026-02,81817552.0,backfill
6442,2026-03,81817552.0,backfill
6442,2026-04,81817552.0,backfill
6442,2026-05,81817552.0,backfill
6442,2026-06,81817552.0,backfill
6442,2026-07,81817552.0,backfill
6442,2026-08,81817552.0,backfill
6442,2026-09,81817552.0,backfill
6442,2026-10,81817552.0,snap
6443,2025-09,512796730.0,backfill
6443,2025-10,512796730.0,backfill
6443,2025-11,512796730.0,backfill
6443,2025-12,512796730.0,backfill
6443,2026-01,512796730.0,backfill
6443,2026-02,512796730.0,backfill
6443,2026-03,512796730.0,backfill
6443,2026-04,512796730.0,backfill
6443,2026-05,512796730.0,backfill
6443,2026-06,512796730.0,backfill
6443,2026-07,512796730.0,backfill
6443,2026-08,512796730.0,backfill
6443,2026-09,512796730.0,backfill
6443,2026-10,512796730.0,snap
6446,2025-09,422434636.0,backfill
6446,2025-10,422434636.0,backfill
6446,2025-11,422434636.0,backfill
6446,2025-12,422434636.0,backfill
6446,2026-01,422434636.0,backfill
6446,2026-02,422434636.0,backfill
6446,2026-03,422434636.0,backfill
6446,2026-04,422434636.0,backfill
6446,2026-05,422434636.0,backfill
6446,2026-06,422434636.0,backfill
6446,2026-07,422434636.0,backfill
6446,2026-08,422434636.0,backfill
6446,2026-09,422434636.0,backfill
6446,2026-10,422434636.0,snap
6449,2025-09,91878014.0,backfill
6449,2025-10,91878014.0,backfill
6449,2025-11,91878014.0,backfill
6449,2025-12,91878014.0,backfill
6449,2026-01,91878014.0,backfill
6449,2026-02,91878014.0,backfill
6449,2026-03,91878014.0,backfill
6449,2026-04,91878014.0,backfill
6449,2026-05,91878014.0,backfill
6449,2026-06,91878014.0,backfill
6449,2026-07,91878014.0,backfill
6449,2026-08,91878014.0,backfill
6449,2026-09,91878014.0,backfill
6449,2026-10,91878014.0,snap
6451,2025-09,117853601.0,backfill
6451,2025-10,117853601.0,backfill
6451,2025-11,117853601.0,backfill
6451,2025-12,117853601.0,backfill
6451,2026-01,117853601.0,backfill
6451,2026-02,117853601.0,backfill
6451,2026-03,117853601.0,backfill
6451,2026-04,117853601.0,backfill
6451,2026-05,117853601.0,backfill
6451,2026-06,117853601.0,backfill
6451,2026-07,117853601.0,backfill
6451,2026-08,117853601.0,backfill
6451,2026-09,117853601.0,backfill
6451,2026-10,117853601.0,snap
6456,2025-09,337939800.0,backfill
6456,2025-10,337939800.0,backfill
6456,2025-11,337939800.0,backfill
6456,2025-12,337939800.0,backfill
6456,2026-01,337939800.0,backfill
6456,2026-02,337939800.0,backfill
6456,2026-03,337939800.0,backfill
6456,2026-04,337939800.0,backfill
6456,2026-05,337939800.0,backfill
6456,2026-06,337939800.0,backfill
6456,2026-07,337939800.0,backfill
6456,2026-08,337939800.0,backfill
6456,2026-09,337939800.0,backfill
6456,2026-10,337939800.0,snap
6461,2025-09,110324527.0,backfill
6461,2025-10,110324527.0,backfill
6461,2025-11,110324527.0,backfill
6461,2025-12,110324527.0,backfill
6461,2026-01,110324527.0,backfill
6461,2026-02,110324527.0,backfill
6461,2026-03,110324527.0,backfill
6461,2026-04,110324527.0,backfill
6461,2026-05,110324527.0,backfill
6461,2026-06,110324527.0,backfill
6461,2026-07,110324527.0,backfill
6461,2026-08,110324527.0,backfill
6461,2026-09,110324527.0,backfill
6461,2026-10,110324527.0,snap
6462,2025-09,91250754.0,backfill
6462,2025-10,91250754.0,backfill
6462,2025-11,91250754.0,backfill
6462,2025-12,91250754.0,backfill
6462,2026-01,91250754.0,backfill
6462,2026-02,91250754.0,backfill
6462,2026-03,91250754.0,backfill
6462,2026-04,91250754.0,backfill
6462,2026-05,91250754.0,backfill
6462,2026-06,91250754.0,backfill
6462,2026-07,91250754.0,backfill
6462,2026-08,91250754.0,backfill
6462,2026-09,91250754.0,backfill
6462,2026-10,91250754.0,snap
6464,2025-09,133932793.0,backfill
6464,2025-10,133932793.0,backfill
6464,2025-11,133932793.0,backfill
6464,2025-12,133932793.0,backfill
6464,2026-01,133932793.0,backfill
6464,2026-02,133932793.0,backfill
6464,2026-03,133932793.0,backfill
6464,2026-04,133932793.0,backfill
6464,2026-05,133932793.0,backfill
6464,2026-06,133932793.0,backfill
6464,2026-07,133932793.0,backfill
6464,2026-08,133932793.0,backfill
6464,2026-09,133932793.0,backfill
6464,2026-10,133932793.0,snap
6465,2025-09,59073685.0,backfill
6465,2025-10,59073685.0,backfill
6465,2025-11,59073685.0,backfill
6465,2025-12,59073685.0,backfill
6465,2026-01,59073685.0,backfill
6465,2026-02,59073685.0,backfill
6465,2026-03,59073685.0,backfill
6465,2026-04,59073685.0,backfill
6465,2026-05,59073685.0,backfill
6465,2026-06,59073685.0,backfill
6465,2026-07,59073685.0,backfill
6465,2026-08,59073685.0,backfill
6465,2026-09,59073685.0,backfill
6465,2026-10,59073685.0,snap
6469,2025-09,159085152.0,backfill
6469,2025-10,159085152.0,backfill
6469,2025-11,159085152.0,backfill
6469,2025-12,159085152.0,backfill
6469,2026-01,159085152.0,backfill
6469,2026-02,159085152.0,backfill
6469,2026-03,159085152.0,backfill
6469,2026-04,159085152.0,backfill
6469,2026-05,159085152.0,backfill
6469,2026-06,159085152.0,backfill
6469,2026-07,159085152.0,backfill
6469,2026-08,159085152.0,backfill
6469,2026-09,159085152.0,backfill
6469,2026-10,159085152.0,snap
6470,2025-09,37694100.0,backfill
6470,2025-10,37694100.0,backfill
6470,2025-11,37694100.0,backfill
6470,2025-12,37694100.0,backfill
6470,2026-01,37694100.0,backfill
6470,2026-02,37694100.0,backfill
6470,2026-03,37694100.0,backfill
6470,2026-04,37694100.0,backfill
6470,2026-05,37694100.0,backfill
6470,2026-06,37694100.0,backfill
6470,2026-07,37694100.0,backfill
6470,2026-08,37694100.0,backfill
6470,2026-09,37694100.0,backfill
6470,2026-10,37694100.0,snap
6472,2025-09,128019122.0,backfill
6472,2025-10,128019122.0,backfill
6472,2025-11,128019122.0,backfill
6472,2025-12,128019122.0,backfill
6472,2026-01,128019122.0,backfill
6472,2026-02,128019122.0,backfill
6472,2026-03,128019122.0,backfill
6472,2026-04,128019122.0,backfill
6472,2026-05,128019122.0,backfill
6472,2026-06,128019122.0,backfill
6472,2026-07,128019122.0,backfill
6472,2026-08,128019122.0,backfill
6472,2026-09,128019122.0,backfill
6472,2026-10,128019122.0,snap
6474,2025-09,52526199.0,backfill
6474,2025-10,52526199.0,backfill
6474,2025-11,52526199.0,backfill
6474,2025-12,52526199.0,backfill
6474,2026-01,52526199.0,backfill
6474,2026-02,52526199.0,backfill
6474,2026-03,52526199.0,backfill
6474,2026-04,52526199.0,backfill
6474,2026-05,52526199.0,backfill
6474,2026-06,52526199.0,backfill
6474,2026-07,52526199.0,backfill
6474,2026-08,52526199.0,backfill
6474,2026-09,52526199.0,backfill
6474,2026-10,52526199.0,snap
6477,2025-09,123787196.0,backfill
6477,2025-10,123787196.0,backfill
6477,2025-11,123787196.0,backfill
6477,2025-12,123787196.0,backfill
6477,2026-01,123787196.0,backfill
6477,2026-02,123787196.0,backfill
6477,2026-03,123787196.0,backfill
6477,2026-04,123787196.0,backfill
6477,2026-05,123787196.0,backfill
6477,2026-06,123787196.0,backfill
6477,2026-07,123787196.0,backfill
6477,2026-08,123787196.0,backfill
6477,2026-09,123787196.0,backfill
6477,2026-10,123787196.0,snap
6482,2025-09,28634463.0,backfill
6482,2025-10,28634463.0,backfill
6482,2025-11,28634463.0,backfill
6482,2025-12,28634463.0,backfill
6482,2026-01,28634463.0,backfill
6482,2026-02,28634463.0,backfill
6482,2026-03,28634463.0,backfill
6482,2026-04,28634463.0,backfill
6482,2026-05,28634463.0,backfill
6482,2026-06,28634463.0,backfill
6482,2026-07,28634463.0,backfill
6482,2026-08,28634463.0,backfill
6482,2026-09,28634463.0,backfill
6482,2026-10,28634463.0,snap
6485,2025-09,47366493.0,backfill
6485,2025-10,47366493.0,backfill
6485,2025-11,47366493.0,backfill
6485,2025-12,47366493.0,backfill
6485,2026-01,47366493.0,backfill
6485,2026-02,47366493.0,backfill
6485,2026-03,47366493.0,backfill
6485,2026-04,47366493.0,backfill
6485,2026-05,47366493.0,backfill
6485,2026-06,47366493.0,backfill
6485,2026-07,47366493.0,backfill
6485,2026-08,47366493.0,backfill
6485,2026-09,47366493.0,backfill
6485,2026-10,47366493.0,snap
6486,2025-09,50893286.0,backfill
6486,2025-10,50893286.0,backfill
6486,2025-11,50893286.0,backfill
6486,2025-12,50893286.0,backfill
6486,2026-01,50893286.0,backfill
6486,2026-02,50893286.0,backfill
6486,2026-03,50893286.0,backfill
6486,2026-04,50893286.0,backfill
6486,2026-05,50893286.0,backfill
6486,2026-06,50893286.0,backfill
6486,2026-07,50893286.0,backfill
6486,2026-08,50893286.0,backfill
6486,2026-09,50893286.0,backfill
6486,2026-10,50893286.0,snap
6488,2025-09,478113725.0,backfill
6488,2025-10,478113725.0,backfill
6488,2025-11,478113725.0,backfill
6488,2025-12,478113725.0,backfill
6488,2026-01,478113725.0,backfill
6488,2026-02,478113725.0,backfill
6488,2026-03,478113725.0,backfill
6488,2026-04,478113725.0,backfill
6488,2026-05,478113725.0,backfill
6488,2026-06,478113725.0,backfill
6488,2026-07,478113725.0,backfill
6488,2026-08,478113725.0,backfill
6488,2026-09,478113725.0,backfill
6488,2026-10,478113725.0,snap
6491,2025-09,78000000.0,backfill
6491,2025-10,78000000.0,backfill
6491,2025-11,78000000.0,backfill
6491,2025-12,78000000.0,backfill
6491,2026-01,78000000.0,backfill
6491,2026-02,78000000.0,backfill
6491,2026-03,78000000.0,backfill
6491,2026-04,78000000.0,backfill
6491,2026-05,78000000.0,backfill
6491,2026-06,78000000.0,backfill
6491,2026-07,78000000.0,backfill
6491,2026-08,78000000.0,backfill
6491,2026-09,78000000.0,backfill
6491,2026-10,78000000.0,snap
6492,2025-09,114903620.0,backfill
6492,2025-10,114903620.0,backfill
6492,2025-11,114903620.0,backfill
6492,2025-12,114903620.0,backfill
6492,2026-01,114903620.0,backfill
6492,2026-02,114903620.0,backfill
6492,2026-03,114903620.0,backfill
6492,2026-04,114903620.0,backfill
6492,2026-05,114903620.0,backfill
6492,2026-06,114903620.0,backfill
6492,2026-07,114903620.0,backfill
6492,2026-08,114903620.0,backfill
6492,2026-09,114903620.0,backfill
6492,2026-10,114903620.0,snap
6494,2025-09,31559690.0,backfill
6494,2025-10,31559690.0,backfill
6494,2025-11,31559690.0,backfill
6494,2025-12,31559690.0,backfill
6494,2026-01,31559690.0,backfill
6494,2026-02,31559690.0,backfill
6494,2026-03,31559690.0,backfill
6494,2026-04,31559690.0,backfill
6494,2026-05,31559690.0,backfill
6494,2026-06,31559690.0,backfill
6494,2026-07,31559690.0,backfill
6494,2026-08,31559690.0,backfill
6494,2026-09,31559690.0,backfill
6494,2026-10,31559690.0,snap
6496,2025-09,47290220.0,backfill
6496,2025-10,47290220.0,backfill
6496,2025-11,47290220.0,backfill
6496,2025-12,47290220.0,backfill
6496,2026-01,47290220.0,backfill
6496,2026-02,47290220.0,backfill
6496,2026-03,47290220.0,backfill
6496,2026-04,47290220.0,backfill
6496,2026-05,47290220.0,backfill
6496,2026-06,47290220.0,backfill
6496,2026-07,47290220.0,backfill
6496,2026-08,47290220.0,backfill
6496,2026-09,47290220.0,backfill
6496,2026-10,47290220.0,snap
6498,2025-09,47475892.0,backfill
6498,2025-10,47475892.0,backfill
6498,2025-11,47475892.0,backfill
6498,2025-12,47475892.0,backfill
6498,2026-01,47475892.0,backfill
6498,2026-02,47475892.0,backfill
6498,2026-03,47475892.0,backfill
6498,2026-04,47475892.0,backfill
6498,2026-05,47475892.0,backfill
6498,2026-06,47475892.0,backfill
6498,2026-07,47475892.0,backfill
6498,2026-08,47475892.0,backfill
6498,2026-09,47475892.0,backfill
6498,2026-10,47475892.0,snap
6499,2025-09,96944893.0,backfill
6499,2025-10,96944893.0,backfill
6499,2025-11,96944893.0,backfill
6499,2025-12,96944893.0,backfill
6499,2026-01,96944893.0,backfill
6499,2026-02,96944893.0,backfill
6499,2026-03,96944893.0,backfill
6499,2026-04,96944893.0,backfill
6499,2026-05,96944893.0,backfill
6499,2026-06,96944893.0,backfill
6499,2026-07,96944893.0,backfill
6499,2026-08,96944893.0,backfill
6499,2026-09,96944893.0,backfill
6499,2026-10,96944893.0,snap
6504,2025-09,72600000.0,backfill
6504,2025-10,72600000.0,backfill
6504,2025-11,72600000.0,backfill
6504,2025-12,72600000.0,backfill
6504,2026-01,72600000.0,backfill
6504,2026-02,72600000.0,backfill
6504,2026-03,72600000.0,backfill
6504,2026-04,72600000.0,backfill
6504,2026-05,72600000.0,backfill
6504,2026-06,72600000.0,backfill
6504,2026-07,72600000.0,backfill
6504,2026-08,72600000.0,backfill
6504,2026-09,72600000.0,backfill
6504,2026-10,72600000.0,snap
6505,2025-09,9525959652.0,backfill
6505,2025-10,9525959652.0,backfill
6505,2025-11,9525959652.0,backfill
6505,2025-12,9525959652.0,backfill
6505,2026-01,9525959652.0,backfill
6505,2026-02,9525959652.0,backfill
6505,2026-03,9525959652.0,backfill
6505,2026-04,9525959652.0,backfill
6505,2026-05,9525959652.0,backfill
6505,2026-06,9525959652.0,backfill
6505,2026-07,9525959652.0,backfill
6505,2026-08,9525959652.0,backfill
6505,2026-09,9525959652.0,backfill
6505,2026-10,9525959652.0,snap
6506,2025-09,82360826.0,backfill
6506,2025-10,82360826.0,backfill
6506,2025-11,82360826.0,backfill
6506,2025-12,82360826.0,backfill
6506,2026-01,82360826.0,backfill
6506,2026-02,82360826.0,backfill
6506,2026-03,82360826.0,backfill
6506,2026-04,82360826.0,backfill
6506,2026-05,82360826.0,backfill
6506,2026-06,82360826.0,backfill
6506,2026-07,82360826.0,backfill
6506,2026-08,82360826.0,backfill
6506,2026-09,82360826.0,backfill
6506,2026-10,82360826.0,snap
6508,2025-09,86538864.0,backfill
6508,2025-10,86538864.0,backfill
6508,2025-11,86538864.0,backfill
6508,2025-12,86538864.0,backfill
6508,2026-01,86538864.0,backfill
6508,2026-02,86538864.0,backfill
6508,2026-03,86538864.0,backfill
6508,2026-04,86538864.0,backfill
6508,2026-05,86538864.0,backfill
6508,2026-06,86538864.0,backfill
6508,2026-07,86538864.0,backfill
6508,2026-08,86538864.0,backfill
6508,2026-09,86538864.0,backfill
6508,2026-10,86538864.0,snap
6509,2025-09,197080553.0,backfill
6509,2025-10,197080553.0,backfill
6509,2025-11,197080553.0,backfill
6509,2025-12,197080553.0,backfill
6509,2026-01,197080553.0,backfill
6509,2026-02,197080553.0,backfill
6509,2026-03,197080553.0,backfill
6509,2026-04,197080553.0,backfill
6509,2026-05,197080553.0,backfill
6509,2026-06,197080553.0,backfill
6509,2026-07,197080553.0,backfill
6509,2026-08,197080553.0,backfill
6509,2026-09,197080553.0,backfill
6509,2026-10,197080553.0,snap
6510,2025-09,32929138.0,backfill
6510,2025-10,32929138.0,backfill
6510,2025-11,32929138.0,backfill
6510,2025-12,32929138.0,backfill
6510,2026-01,32929138.0,backfill
6510,2026-02,32929138.0,backfill
6510,2026-03,32929138.0,backfill
6510,2026-04,32929138.0,backfill
6510,2026-05,32929138.0,backfill
6510,2026-06,32929138.0,backfill
6510,2026-07,32929138.0,backfill
6510,2026-08,32929138.0,backfill
6510,2026-09,32929138.0,backfill
6510,2026-10,32929138.0,snap
6512,2025-09,25260000.0,backfill
6512,2025-10,25260000.0,backfill
6512,2025-11,25260000.0,backfill
6512,2025-12,25260000.0,backfill
6512,2026-01,25260000.0,backfill
6512,2026-02,25260000.0,backfill
6512,2026-03,25260000.0,backfill
6512,2026-04,25260000.0,backfill
6512,2026-05,25260000.0,backfill
6512,2026-06,25260000.0,backfill
6512,2026-07,25260000.0,backfill
6512,2026-08,25260000.0,backfill
6512,2026-09,25260000.0,backfill
6512,2026-10,25260000.0,snap
6515,2025-09,36444782.0,backfill
6515,2025-10,36444782.0,backfill
6515,2025-11,36444782.0,backfill
6515,2025-12,36444782.0,backfill
6515,2026-01,36444782.0,backfill
6515,2026-02,36444782.0,backfill
6515,2026-03,36444782.0,backfill
6515,2026-04,36444782.0,backfill
6515,2026-05,36444782.0,backfill
6515,2026-06,36444782.0,backfill
6515,2026-07,36444782.0,backfill
6515,2026-08,36444782.0,backfill
6515,2026-09,36444782.0,backfill
6515,2026-10,36444782.0,snap
6516,2025-09,56336935.0,backfill
6516,2025-10,56336935.0,backfill
6516,2025-11,56336935.0,backfill
6516,2025-12,56336935.0,backfill
6516,2026-01,56336935.0,backfill
6516,2026-02,56336935.0,backfill
6516,2026-03,56336935.0,backfill
6516,2026-04,56336935.0,backfill
6516,2026-05,56336935.0,backfill
6516,2026-06,56336935.0,backfill
6516,2026-07,56336935.0,backfill
6516,2026-08,56336935.0,backfill
6516,2026-09,56336935.0,backfill
6516,2026-10,56336935.0,snap
6517,2025-09,30579053.0,backfill
6517,2025-10,30579053.0,backfill
6517,2025-11,30579053.0,backfill
6517,2025-12,30579053.0,backfill
6517,2026-01,30579053.0,backfill
6517,2026-02,30579053.0,backfill
6517,2026-03,30579053.0,backfill
6517,2026-04,30579053.0,backfill
6517,2026-05,30579053.0,backfill
6517,2026-06,30579053.0,backfill
6517,2026-07,30579053.0,backfill
6517,2026-08,30579053.0,backfill
6517,2026-09,30579053.0,backfill
6517,2026-10,30579053.0,snap
6523,2025-09,45047625.0,backfill
6523,2025-10,45047625.0,backfill
6523,2025-11,45047625.0,backfill
6523,2025-12,45047625.0,backfill
6523,2026-01,45047625.0,backfill
6523,2026-02,45047625.0,backfill
6523,2026-03,45047625.0,backfill
6523,2026-04,45047625.0,backfill
6523,2026-05,45047625.0,backfill
6523,2026-06,45047625.0,backfill
6523,2026-07,45047625.0,backfill
6523,2026-08,45047625.0,backfill
6523,2026-09,45047625.0,backfill
6523,2026-10,45047625.0,snap
6525,2025-09,129047384.0,backfill
6525,2025-10,129047384.0,backfill
6525,2025-11,129047384.0,backfill
6525,2025-12,129047384.0,backfill
6525,2026-01,129047384.0,backfill
6525,2026-02,129047384.0,backfill
6525,2026-03,129047384.0,backfill
6525,2026-04,129047384.0,backfill
6525,2026-05,129047384.0,backfill
6525,2026-06,129047384.0,backfill
6525,2026-07,129047384.0,backfill
6525,2026-08,129047384.0,backfill
6525,2026-09,129047384.0,backfill
6525,2026-10,129047384.0,snap
6526,2025-09,167505554.0,backfill
6526,2025-10,167505554.0,backfill
6526,2025-11,167505554.0,backfill
6526,2025-12,167505554.0,backfill
6526,2026-01,167505554.0,backfill
6526,2026-02,167505554.0,backfill
6526,2026-03,167505554.0,backfill
6526,2026-04,167505554.0,backfill
6526,2026-05,167505554.0,backfill
6526,2026-06,167505554.0,backfill
6526,2026-07,167505554.0,backfill
6526,2026-08,167505554.0,backfill
6526,2026-09,167505554.0,backfill
6526,2026-10,167505554.0,snap
6527,2025-09,25458550.0,backfill
6527,2025-10,25458550.0,backfill
6527,2025-11,25458550.0,backfill
6527,2025-12,25458550.0,backfill
6527,2026-01,25458550.0,backfill
6527,2026-02,25458550.0,backfill
6527,2026-03,25458550.0,backfill
6527,2026-04,25458550.0,backfill
6527,2026-05,25458550.0,backfill
6527,2026-06,25458550.0,backfill
6527,2026-07,25458550.0,backfill
6527,2026-08,25458550.0,backfill
6527,2026-09,25458550.0,backfill
6527,2026-10,25458550.0,snap
6530,2025-09,33750000.0,backfill
6530,2025-10,33750000.0,backfill
6530,2025-11,33750000.0,backfill
6530,2025-12,33750000.0,backfill
6530,2026-01,33750000.0,backfill
6530,2026-02,33750000.0,backfill
6530,2026-03,33750000.0,backfill
6530,2026-04,33750000.0,backfill
6530,2026-05,33750000.0,backfill
6530,2026-06,33750000.0,backfill
6530,2026-07,33750000.0,backfill
6530,2026-08,33750000.0,backfill
6530,2026-09,33750000.0,backfill
6530,2026-10,33750000.0,snap
6531,2025-09,163149082.0,backfill
6531,2025-10,163149082.0,backfill
6531,2025-11,163149082.0,backfill
6531,2025-12,163149082.0,backfill
6531,2026-01,163149082.0,backfill
6531,2026-02,163149082.0,backfill
6531,2026-03,163149082.0,backfill
6531,2026-04,163149082.0,backfill
6531,2026-05,163149082.0,backfill
6531,2026-06,163149082.0,backfill
6531,2026-07,163149082.0,backfill
6531,2026-08,163149082.0,backfill
6531,2026-09,163149082.0,backfill
6531,2026-10,163149082.0,snap
6532,2025-09,37445147.0,backfill
6532,2025-10,37445147.0,backfill
6532,2025-11,37445147.0,backfill
6532,2025-12,37445147.0,backfill
6532,2026-01,37445147.0,backfill
6532,2026-02,37445147.0,backfill
6532,2026-03,37445147.0,backfill
6532,2026-04,37445147.0,backfill
6532,2026-05,37445147.0,backfill
6532,2026-06,37445147.0,backfill
6532,2026-07,37445147.0,backfill
6532,2026-08,37445147.0,backfill
6532,2026-09,37445147.0,backfill
6532,2026-10,37445147.0,snap
6533,2025-09,50650911.0,backfill
6533,2025-10,50650911.0,backfill
6533,2025-11,50650911.0,backfill
6533,2025-12,50650911.0,backfill
6533,2026-01,50650911.0,backfill
6533,2026-02,50650911.0,backfill
6533,2026-03,50650911.0,backfill
6533,2026-04,50650911.0,backfill
6533,2026-05,50650911.0,backfill
6533,2026-06,50650911.0,backfill
6533,2026-07,50650911.0,backfill
6533,2026-08,50650911.0,backfill
6533,2026-09,50650911.0,backfill
6533,2026-10,50650911.0,snap
6534,2025-09,102800000.0,backfill
6534,2025-10,102800000.0,backfill
6534,2025-11,102800000.0,backfill
6534,2025-12,102800000.0,backfill
6534,2026-01,102800000.0,backfill
6534,2026-02,102800000.0,backfill
6534,2026-03,102800000.0,backfill
6534,2026-04,102800000.0,backfill
6534,2026-05,102800000.0,backfill
6534,2026-06,102800000.0,backfill
6534,2026-07,102800000.0,backfill
6534,2026-08,102800000.0,backfill
6534,2026-09,102800000.0,backfill
6534,2026-10,102800000.0,snap
6535,2025-09,167840825.0,backfill
6535,2025-10,167840825.0,backfill
6535,2025-11,167840825.0,backfill
6535,2025-12,167840825.0,backfill
6535,2026-01,167840825.0,backfill
6535,2026-02,167840825.0,backfill
6535,2026-03,167840825.0,backfill
6535,2026-04,167840825.0,backfill
6535,2026-05,167840825.0,backfill
6535,2026-06,167840825.0,backfill
6535,2026-07,167840825.0,backfill
6535,2026-08,167840825.0,backfill
6535,2026-09,167840825.0,backfill
6535,2026-10,167840825.0,snap
6538,2025-09,37270493.0,backfill
6538,2025-10,37270493.0,backfill
6538,2025-11,37270493.0,backfill
6538,2025-12,37270493.0,backfill
6538,2026-01,37270493.0,backfill
6538,2026-02,37270493.0,backfill
6538,2026-03,37270493.0,backfill
6538,2026-04,37270493.0,backfill
6538,2026-05,37270493.0,backfill
6538,2026-06,37270493.0,backfill
6538,2026-07,37270493.0,backfill
6538,2026-08,37270493.0,backfill
6538,2026-09,37270493.0,backfill
6538,2026-10,37270493.0,snap
6541,2025-09,265216367.0,backfill
6541,2025-10,265216367.0,backfill
6541,2025-11,265216367.0,backfill
6541,2025-12,265216367.0,backfill
6541,2026-01,265216367.0,backfill
6541,2026-02,265216367.0,backfill
6541,2026-03,265216367.0,backfill
6541,2026-04,265216367.0,backfill
6541,2026-05,265216367.0,backfill
6541,2026-06,265216367.0,backfill
6541,2026-07,265216367.0,backfill
6541,2026-08,265216367.0,backfill
6541,2026-09,265216367.0,backfill
6541,2026-10,265216367.0,snap
6542,2025-09,42000630.0,backfill
6542,2025-10,42000630.0,backfill
6542,2025-11,42000630.0,backfill
6542,2025-12,42000630.0,backfill
6542,2026-01,42000630.0,backfill
6542,2026-02,42000630.0,backfill
6542,2026-03,42000630.0,backfill
6542,2026-04,42000630.0,backfill
6542,2026-05,42000630.0,backfill
6542,2026-06,42000630.0,backfill
6542,2026-07,42000630.0,backfill
6542,2026-08,42000630.0,backfill
6542,2026-09,42000630.0,backfill
6542,2026-10,42000630.0,snap
6546,2025-09,66848449.0,backfill
6546,2025-10,66848449.0,backfill
6546,2025-11,66848449.0,backfill
6546,2025-12,66848449.0,backfill
6546,2026-01,66848449.0,backfill
6546,2026-02,66848449.0,backfill
6546,2026-03,66848449.0,backfill
6546,2026-04,66848449.0,backfill
6546,2026-05,66848449.0,backfill
6546,2026-06,66848449.0,backfill
6546,2026-07,66848449.0,backfill
6546,2026-08,66848449.0,backfill
6546,2026-09,66848449.0,backfill
6546,2026-10,66848449.0,snap
6547,2025-09,328943644.0,backfill
6547,2025-10,328943644.0,backfill
6547,2025-11,328943644.0,backfill
6547,2025-12,328943644.0,backfill
6547,2026-01,328943644.0,backfill
6547,2026-02,328943644.0,backfill
6547,2026-03,328943644.0,backfill
6547,2026-04,328943644.0,backfill
6547,2026-05,328943644.0,backfill
6547,2026-06,328943644.0,backfill
6547,2026-07,328943644.0,backfill
6547,2026-08,328943644.0,backfill
6547,2026-09,328943644.0,backfill
6547,2026-10,328943644.0,snap
6548,2025-09,950464700.0,backfill
6548,2025-10,950464700.0,backfill
6548,2025-11,950464700.0,backfill
6548,2025-12,950464700.0,backfill
6548,2026-01,950464700.0,backfill
6548,2026-02,950464700.0,backfill
6548,2026-03,950464700.0,backfill
6548,2026-04,950464700.0,backfill
6548,2026-05,950464700.0,backfill
6548,2026-06,950464700.0,backfill
6548,2026-07,950464700.0,backfill
6548,2026-08,950464700.0,backfill
6548,2026-09,950464700.0,backfill
6548,2026-10,950464700.0,snap
6550,2025-09,464846344.0,backfill
6550,2025-10,464846344.0,backfill
6550,2025-11,464846344.0,backfill
6550,2025-12,464846344.0,backfill
6550,2026-01,464846344.0,backfill
6550,2026-02,464846344.0,backfill
6550,2026-03,464846344.0,backfill
6550,2026-04,464846344.0,backfill
6550,2026-05,464846344.0,backfill
6550,2026-06,464846344.0,backfill
6550,2026-07,464846344.0,backfill
6550,2026-08,464846344.0,backfill
6550,2026-09,464846344.0,backfill
6550,2026-10,464846344.0,snap
6552,2025-09,83000000.0,backfill
6552,2025-10,83000000.0,backfill
6552,2025-11,83000000.0,backfill
6552,2025-12,83000000.0,backfill
6552,2026-01,83000000.0,backfill
6552,2026-02,83000000.0,backfill
6552,2026-03,83000000.0,backfill
6552,2026-04,83000000.0,backfill
6552,2026-05,83000000.0,backfill
6552,2026-06,83000000.0,backfill
6552,2026-07,83000000.0,backfill
6552,2026-08,83000000.0,backfill
6552,2026-09,83000000.0,backfill
6552,2026-10,83000000.0,snap
6556,2025-09,28750000.0,backfill
6556,2025-10,28750000.0,backfill
6556,2025-11,28750000.0,backfill
6556,2025-12,28750000.0,backfill
6556,2026-01,28750000.0,backfill
6556,2026-02,28750000.0,backfill
6556,2026-03,28750000.0,backfill
6556,2026-04,28750000.0,backfill
6556,2026-05,28750000.0,backfill
6556,2026-06,28750000.0,backfill
6556,2026-07,28750000.0,backfill
6556,2026-08,28750000.0,backfill
6556,2026-09,28750000.0,backfill
6556,2026-10,28750000.0,snap
6558,2025-09,93788875.0,backfill
6558,2025-10,93788875.0,backfill
6558,2025-11,93788875.0,backfill
6558,2025-12,93788875.0,backfill
6558,2026-01,93788875.0,backfill
6558,2026-02,93788875.0,backfill
6558,2026-03,93788875.0,backfill
6558,2026-04,93788875.0,backfill
6558,2026-05,93788875.0,backfill
6558,2026-06,93788875.0,backfill
6558,2026-07,93788875.0,backfill
6558,2026-08,93788875.0,backfill
6558,2026-09,93788875.0,backfill
6558,2026-10,93788875.0,snap
6560,2025-09,33474715.0,backfill
6560,2025-10,33474715.0,backfill
6560,2025-11,33474715.0,backfill
6560,2025-12,33474715.0,backfill
6560,2026-01,33474715.0,backfill
6560,2026-02,33474715.0,backfill
6560,2026-03,33474715.0,backfill
6560,2026-04,33474715.0,backfill
6560,2026-05,33474715.0,backfill
6560,2026-06,33474715.0,backfill
6560,2026-07,33474715.0,backfill
6560,2026-08,33474715.0,backfill
6560,2026-09,33474715.0,backfill
6560,2026-10,33474715.0,snap
6561,2025-09,77958370.0,backfill
6561,2025-10,77958370.0,backfill
6561,2025-11,77958370.0,backfill
6561,2025-12,77958370.0,backfill
6561,2026-01,77958370.0,backfill
6561,2026-02,77958370.0,backfill
6561,2026-03,77958370.0,backfill
6561,2026-04,77958370.0,backfill
6561,2026-05,77958370.0,backfill
6561,2026-06,77958370.0,backfill
6561,2026-07,77958370.0,backfill
6561,2026-08,77958370.0,backfill
6561,2026-09,77958370.0,backfill
6561,2026-10,77958370.0,snap
6568,2025-09,30796200.0,backfill
6568,2025-10,30796200.0,backfill
6568,2025-11,30796200.0,backfill
6568,2025-12,30796200.0,backfill
6568,2026-01,30796200.0,backfill
6568,2026-02,30796200.0,backfill
6568,2026-03,30796200.0,backfill
6568,2026-04,30796200.0,backfill
6568,2026-05,30796200.0,backfill
6568,2026-06,30796200.0,backfill
6568,2026-07,30796200.0,backfill
6568,2026-08,30796200.0,backfill
6568,2026-09,30796200.0,backfill
6568,2026-10,30796200.0,snap
6569,2025-09,42820745.0,backfill
6569,2025-10,42820745.0,backfill
6569,2025-11,42820745.0,backfill
6569,2025-12,42820745.0,backfill
6569,2026-01,42820745.0,backfill
6569,2026-02,42820745.0,backfill
6569,2026-03,42820745.0,backfill
6569,2026-04,42820745.0,backfill
6569,2026-05,42820745.0,backfill
6569,2026-06,42820745.0,backfill
6569,2026-07,42820745.0,backfill
6569,2026-08,42820745.0,backfill
6569,2026-09,42820745.0,backfill
6569,2026-10,42820745.0,snap
6570,2025-09,37119170.0,backfill
6570,2025-10,37119170.0,backfill
6570,2025-11,37119170.0,backfill
6570,2025-12,37119170.0,backfill
6570,2026-01,37119170.0,backfill
6570,2026-02,37119170.0,backfill
6570,2026-03,37119170.0,backfill
6570,2026-04,37119170.0,backfill
6570,2026-05,37119170.0,backfill
6570,2026-06,37119170.0,backfill
6570,2026-07,37119170.0,backfill
6570,2026-08,37119170.0,backfill
6570,2026-09,37119170.0,backfill
6570,2026-10,37119170.0,snap
6573,2025-09,80499345.0,backfill
6573,2025-10,80499345.0,backfill
6573,2025-11,80499345.0,backfill
6573,2025-12,80499345.0,backfill
6573,2026-01,80499345.0,backfill
6573,2026-02,80499345.0,backfill
6573,2026-03,80499345.0,backfill
6573,2026-04,80499345.0,backfill
6573,2026-05,80499345.0,backfill
6573,2026-06,80499345.0,backfill
6573,2026-07,80499345.0,backfill
6573,2026-08,80499345.0,backfill
6573,2026-09,80499345.0,backfill
6573,2026-10,80499345.0,snap
6574,2025-09,21990000.0,backfill
6574,2025-10,21990000.0,backfill
6574,2025-11,21990000.0,backfill
6574,2025-12,21990000.0,backfill
6574,2026-01,21990000.0,backfill
6574,2026-02,21990000.0,backfill
6574,2026-03,21990000.0,backfill
6574,2026-04,21990000.0,backfill
6574,2026-05,21990000.0,backfill
6574,2026-06,21990000.0,backfill
6574,2026-07,21990000.0,backfill
6574,2026-08,21990000.0,backfill
6574,2026-09,21990000.0,backfill
6574,2026-10,21990000.0,snap
6576,2025-09,157540541.0,backfill
6576,2025-10,157540541.0,backfill
6576,2025-11,157540541.0,backfill
6576,2025-12,157540541.0,backfill
6576,2026-01,157540541.0,backfill
6576,2026-02,157540541.0,backfill
6576,2026-03,157540541.0,backfill
6576,2026-04,157540541.0,backfill
6576,2026-05,157540541.0,backfill
6576,2026-06,157540541.0,backfill
6576,2026-07,157540541.0,backfill
6576,2026-08,157540541.0,backfill
6576,2026-09,157540541.0,backfill
6576,2026-10,157540541.0,snap
6577,2025-09,60060145.0,backfill
6577,2025-10,60060145.0,backfill
6577,2025-11,60060145.0,backfill
6577,2025-12,60060145.0,backfill
6577,2026-01,60060145.0,backfill
6577,2026-02,60060145.0,backfill
6577,2026-03,60060145.0,backfill
6577,2026-04,60060145.0,backfill
6577,2026-05,60060145.0,backfill
6577,2026-06,60060145.0,backfill
6577,2026-07,60060145.0,backfill
6577,2026-08,60060145.0,backfill
6577,2026-09,60060145.0,backfill
6577,2026-10,60060145.0,snap
6578,2025-09,71941901.0,backfill
6578,2025-10,71941901.0,backfill
6578,2025-11,71941901.0,backfill
6578,2025-12,71941901.0,backfill
6578,2026-01,71941901.0,backfill
6578,2026-02,71941901.0,backfill
6578,2026-03,71941901.0,backfill
6578,2026-04,71941901.0,backfill
6578,2026-05,71941901.0,backfill
6578,2026-06,71941901.0,backfill
6578,2026-07,71941901.0,backfill
6578,2026-08,71941901.0,backfill
6578,2026-09,71941901.0,backfill
6578,2026-10,71941901.0,snap
6579,2025-09,169451221.0,backfill
6579,2025-10,169451221.0,backfill
6579,2025-11,169451221.0,backfill
6579,2025-12,169451221.0,backfill
6579,2026-01,169451221.0,backfill
6579,2026-02,169451221.0,backfill
6579,2026-03,169451221.0,backfill
6579,2026-04,169451221.0,backfill
6579,2026-05,169451221.0,backfill
6579,2026-06,169451221.0,backfill
6579,2026-07,169451221.0,backfill
6579,2026-08,169451221.0,backfill
6579,2026-09,169451221.0,backfill
6579,2026-10,169451221.0,snap
6581,2025-09,111270887.0,backfill
6581,2025-10,111270887.0,backfill
6581,2025-11,111270887.0,backfill
6581,2025-12,111270887.0,backfill
6581,2026-01,111270887.0,backfill
6581,2026-02,111270887.0,backfill
6581,2026-03,111270887.0,backfill
6581,2026-04,111270887.0,backfill
6581,2026-05,111270887.0,backfill
6581,2026-06,111270887.0,backfill
6581,2026-07,111270887.0,backfill
6581,2026-08,111270887.0,backfill
6581,2026-09,111270887.0,backfill
6581,2026-10,111270887.0,snap
6582,2025-09,106174141.0,backfill
6582,2025-10,106174141.0,backfill
6582,2025-11,106174141.0,backfill
6582,2025-12,106174141.0,backfill
6582,2026-01,106174141.0,backfill
6582,2026-02,106174141.0,backfill
6582,2026-03,106174141.0,backfill
6582,2026-04,106174141.0,backfill
6582,2026-05,106174141.0,backfill
6582,2026-06,106174141.0,backfill
6582,2026-07,106174141.0,backfill
6582,2026-08,106174141.0,backfill
6582,2026-09,106174141.0,backfill
6582,2026-10,106174141.0,snap
6584,2025-09,71379810.0,backfill
6584,2025-10,71379810.0,backfill
6584,2025-11,71379810.0,backfill
6584,2025-12,71379810.0,backfill
6584,2026-01,71379810.0,backfill
6584,2026-02,71379810.0,backfill
6584,2026-03,71379810.0,backfill
6584,2026-04,71379810.0,backfill
6584,2026-05,71379810.0,backfill
6584,2026-06,71379810.0,backfill
6584,2026-07,71379810.0,backfill
6584,2026-08,71379810.0,backfill
6584,2026-09,71379810.0,backfill
6584,2026-10,71379810.0,snap
6585,2025-09,72133587.0,backfill
6585,2025-10,72133587.0,backfill
6585,2025-11,72133587.0,backfill
6585,2025-12,72133587.0,backfill
6585,2026-01,72133587.0,backfill
6585,2026-02,72133587.0,backfill
6585,2026-03,72133587.0,backfill
6585,2026-04,72133587.0,backfill
6585,2026-05,72133587.0,backfill
6585,2026-06,72133587.0,backfill
6585,2026-07,72133587.0,backfill
6585,2026-08,72133587.0,backfill
6585,2026-09,72133587.0,backfill
6585,2026-10,72133587.0,snap
6588,2025-09,34700825.0,backfill
6588,2025-10,34700825.0,backfill
6588,2025-11,34700825.0,backfill
6588,2025-12,34700825.0,backfill
6588,2026-01,34700825.0,backfill
6588,2026-02,34700825.0,backfill
6588,2026-03,34700825.0,backfill
6588,2026-04,34700825.0,backfill
6588,2026-05,34700825.0,backfill
6588,2026-06,34700825.0,backfill
6588,2026-07,34700825.0,backfill
6588,2026-08,34700825.0,backfill
6588,2026-09,34700825.0,backfill
6588,2026-10,34700825.0,snap
6589,2025-09,302068169.0,backfill
6589,2025-10,302068169.0,backfill
6589,2025-11,302068169.0,backfill
6589,2025-12,302068169.0,backfill
6589,2026-01,302068169.0,backfill
6589,2026-02,302068169.0,backfill
6589,2026-03,302068169.0,backfill
6589,2026-04,302068169.0,backfill
6589,2026-05,302068169.0,backfill
6589,2026-06,302068169.0,backfill
6589,2026-07,302068169.0,backfill
6589,2026-08,302068169.0,backfill
6589,2026-09,302068169.0,backfill
6589,2026-10,302068169.0,snap
6590,2025-09,28695603.0,backfill
6590,2025-10,28695603.0,backfill
6590,2025-11,28695603.0,backfill
6590,2025-12,28695603.0,backfill
6590,2026-01,28695603.0,backfill
6590,2026-02,28695603.0,backfill
6590,2026-03,28695603.0,backfill
6590,2026-04,28695603.0,backfill
6590,2026-05,28695603.0,backfill
6590,2026-06,28695603.0,backfill
6590,2026-07,28695603.0,backfill
6590,2026-08,28695603.0,backfill
6590,2026-09,28695603.0,backfill
6590,2026-10,28695603.0,snap
6591,2025-09,41122465.0,backfill
6591,2025-10,41122465.0,backfill
6591,2025-11,41122465.0,backfill
6591,2025-12,41122465.0,backfill
6591,2026-01,41122465.0,backfill
6591,2026-02,41122465.0,backfill
6591,2026-03,41122465.0,backfill
6591,2026-04,41122465.0,backfill
6591,2026-05,41122465.0,backfill
6591,2026-06,41122465.0,backfill
6591,2026-07,41122465.0,backfill
6591,2026-08,41122465.0,backfill
6591,2026-09,41122465.0,backfill
6591,2026-10,41122465.0,snap
6592,2025-09,641845008.0,backfill
6592,2025-10,641845008.0,backfill
6592,2025-11,641845008.0,backfill
6592,2025-12,641845008.0,backfill
6592,2026-01,641845008.0,backfill
6592,2026-02,641845008.0,backfill
6592,2026-03,641845008.0,backfill
6592,2026-04,641845008.0,backfill
6592,2026-05,641845008.0,backfill
6592,2026-06,641845008.0,backfill
6592,2026-07,641845008.0,backfill
6592,2026-08,641845008.0,backfill
6592,2026-09,641845008.0,backfill
6592,2026-10,641845008.0,snap
6593,2025-09,31856609.0,backfill
6593,2025-10,31856609.0,backfill
6593,2025-11,31856609.0,backfill
6593,2025-12,31856609.0,backfill
6593,2026-01,31856609.0,backfill
6593,2026-02,31856609.0,backfill
6593,2026-03,31856609.0,backfill
6593,2026-04,31856609.0,backfill
6593,2026-05,31856609.0,backfill
6593,2026-06,31856609.0,backfill
6593,2026-07,31856609.0,backfill
6593,2026-08,31856609.0,backfill
6593,2026-09,31856609.0,backfill
6593,2026-10,31856609.0,snap
6596,2025-09,38000000.0,backfill
6596,2025-10,38000000.0,backfill
6596,2025-11,38000000.0,backfill
6596,2025-12,38000000.0,backfill
6596,2026-01,38000000.0,backfill
6596,2026-02,38000000.0,backfill
6596,2026-03,38000000.0,backfill
6596,2026-04,38000000.0,backfill
6596,2026-05,38000000.0,backfill
6596,2026-06,38000000.0,backfill
6596,2026-07,38000000.0,backfill
6596,2026-08,38000000.0,backfill
6596,2026-09,38000000.0,backfill
6596,2026-10,38000000.0,snap
6597,2025-09,30042250.0,backfill
6597,2025-10,30042250.0,backfill
6597,2025-11,30042250.0,backfill
6597,2025-12,30042250.0,backfill
6597,2026-01,30042250.0,backfill
6597,2026-02,30042250.0,backfill
6597,2026-03,30042250.0,backfill
6597,2026-04,30042250.0,backfill
6597,2026-05,30042250.0,backfill
6597,2026-06,30042250.0,backfill
6597,2026-07,30042250.0,backfill
6597,2026-08,30042250.0,backfill
6597,2026-09,30042250.0,backfill
6597,2026-10,30042250.0,snap
6598,2025-09,102819061.0,backfill
6598,2025-10,102819061.0,backfill
6598,2025-11,102819061.0,backfill
6598,2025-12,102819061.0,backfill
6598,2026-01,102819061.0,backfill
6598,2026-02,102819061.0,backfill
6598,2026-03,102819061.0,backfill
6598,2026-04,102819061.0,backfill
6598,2026-05,102819061.0,backfill
6598,2026-06,102819061.0,backfill
6598,2026-07,102819061.0,backfill
6598,2026-08,102819061.0,backfill
6598,2026-09,102819061.0,backfill
6598,2026-10,102819061.0,snap
6603,2025-09,167442946.0,backfill
6603,2025-10,167442946.0,backfill
6603,2025-11,167442946.0,backfill
6603,2025-12,167442946.0,backfill
6603,2026-01,167442946.0,backfill
6603,2026-02,167442946.0,backfill
6603,2026-03,167442946.0,backfill
6603,2026-04,167442946.0,backfill
6603,2026-05,167442946.0,backfill
6603,2026-06,167442946.0,backfill
6603,2026-07,167442946.0,backfill
6603,2026-08,167442946.0,backfill
6603,2026-09,167442946.0,backfill
6603,2026-10,167442946.0,snap
6604,2026-10,50731039.0,snap
6605,2025-09,165816397.0,backfill
6605,2025-10,165816397.0,backfill
6605,2025-11,165816397.0,backfill
6605,2025-12,165816397.0,backfill
6605,2026-01,165816397.0,backfill
6605,2026-02,165816397.0,backfill
6605,2026-03,165816397.0,backfill
6605,2026-04,165816397.0,backfill
6605,2026-05,165816397.0,backfill
6605,2026-06,165816397.0,backfill
6605,2026-07,165816397.0,backfill
6605,2026-08,165816397.0,backfill
6605,2026-09,165816397.0,backfill
6605,2026-10,165816397.0,snap
6606,2025-09,110303783.0,backfill
6606,2025-10,110303783.0,backfill
6606,2025-11,110303783.0,backfill
6606,2025-12,110303783.0,backfill
6606,2026-01,110303783.0,backfill
6606,2026-02,110303783.0,backfill
6606,2026-03,110303783.0,backfill
6606,2026-04,110303783.0,backfill
6606,2026-05,110303783.0,backfill
6606,2026-06,110303783.0,backfill
6606,2026-07,110303783.0,backfill
6606,2026-08,110303783.0,backfill
6606,2026-09,110303783.0,backfill
6606,2026-10,110303783.0,snap
6609,2025-09,72456246.0,backfill
6609,2025-10,72456246.0,backfill
6609,2025-11,72456246.0,backfill
6609,2025-12,72456246.0,backfill
6609,2026-01,72456246.0,backfill
6609,2026-02,72456246.0,backfill
6609,2026-03,72456246.0,backfill
6609,2026-04,72456246.0,backfill
6609,2026-05,72456246.0,backfill
6609,2026-06,72456246.0,backfill
6609,2026-07,72456246.0,backfill
6609,2026-08,72456246.0,backfill
6609,2026-09,72456246.0,backfill
6609,2026-10,72456246.0,snap
6612,2025-09,52266043.0,backfill
6612,2025-10,52266043.0,backfill
6612,2025-11,52266043.0,backfill
6612,2025-12,52266043.0,backfill
6612,2026-01,52266043.0,backfill
6612,2026-02,52266043.0,backfill
6612,2026-03,52266043.0,backfill
6612,2026-04,52266043.0,backfill
6612,2026-05,52266043.0,backfill
6612,2026-06,52266043.0,backfill
6612,2026-07,52266043.0,backfill
6612,2026-08,52266043.0,backfill
6612,2026-09,52266043.0,backfill
6612,2026-10,52266043.0,snap
6613,2025-09,77801485.0,backfill
6613,2025-10,77801485.0,backfill
6613,2025-11,77801485.0,backfill
6613,2025-12,77801485.0,backfill
6613,2026-01,77801485.0,backfill
6613,2026-02,77801485.0,backfill
6613,2026-03,77801485.0,backfill
6613,2026-04,77801485.0,backfill
6613,2026-05,77801485.0,backfill
6613,2026-06,77801485.0,backfill
6613,2026-07,77801485.0,backfill
6613,2026-08,77801485.0,backfill
6613,2026-09,77801485.0,backfill
6613,2026-10,77801485.0,snap
6614,2025-09,80660521.0,backfill
6614,2025-10,80660521.0,backfill
6614,2025-11,80660521.0,backfill
6614,2025-12,80660521.0,backfill
6614,2026-01,80660521.0,backfill
6614,2026-02,80660521.0,backfill
6614,2026-03,80660521.0,backfill
6614,2026-04,80660521.0,backfill
6614,2026-05,80660521.0,backfill
6614,2026-06,80660521.0,backfill
6614,2026-07,80660521.0,backfill
6614,2026-08,80660521.0,backfill
6614,2026-09,80660521.0,backfill
6614,2026-10,80660521.0,snap
6615,2025-09,21593400.0,backfill
6615,2025-10,21593400.0,backfill
6615,2025-11,21593400.0,backfill
6615,2025-12,21593400.0,backfill
6615,2026-01,21593400.0,backfill
6615,2026-02,21593400.0,backfill
6615,2026-03,21593400.0,backfill
6615,2026-04,21593400.0,backfill
6615,2026-05,21593400.0,backfill
6615,2026-06,21593400.0,backfill
6615,2026-07,21593400.0,backfill
6615,2026-08,21593400.0,backfill
6615,2026-09,21593400.0,backfill
6615,2026-10,21593400.0,snap
6616,2025-09,35428473.0,backfill
6616,2025-10,35428473.0,backfill
6616,2025-11,35428473.0,backfill
6616,2025-12,35428473.0,backfill
6616,2026-01,35428473.0,backfill
6616,2026-02,35428473.0,backfill
6616,2026-03,35428473.0,backfill
6616,2026-04,35428473.0,backfill
6616,2026-05,35428473.0,backfill
6616,2026-06,35428473.0,backfill
6616,2026-07,35428473.0,backfill
6616,2026-08,35428473.0,backfill
6616,2026-09,35428473.0,backfill
6616,2026-10,35428473.0,snap
6617,2025-09,127506100.0,backfill
6617,2025-10,127506100.0,backfill
6617,2025-11,127506100.0,backfill
6617,2025-12,127506100.0,backfill
6617,2026-01,127506100.0,backfill
6617,2026-02,127506100.0,backfill
6617,2026-03,127506100.0,backfill
6617,2026-04,127506100.0,backfill
6617,2026-05,127506100.0,backfill
6617,2026-06,127506100.0,backfill
6617,2026-07,127506100.0,backfill
6617,2026-08,127506100.0,backfill
6617,2026-09,127506100.0,backfill
6617,2026-10,127506100.0,snap
6620,2025-09,165981900.0,backfill
6620,2025-10,165981900.0,backfill
6620,2025-11,165981900.0,backfill
6620,2025-12,165981900.0,backfill
6620,2026-01,165981900.0,backfill
6620,2026-02,165981900.0,backfill
6620,2026-03,165981900.0,backfill
6620,2026-04,165981900.0,backfill
6620,2026-05,165981900.0,backfill
6620,2026-06,165981900.0,backfill
6620,2026-07,165981900.0,backfill
6620,2026-08,165981900.0,backfill
6620,2026-09,165981900.0,backfill
6620,2026-10,165981900.0,snap
6624,2025-09,22579482.0,backfill
6624,2025-10,22579482.0,backfill
6624,2025-11,22579482.0,backfill
6624,2025-12,22579482.0,backfill
6624,2026-01,22579482.0,backfill
6624,2026-02,22579482.0,backfill
6624,2026-03,22579482.0,backfill
6624,2026-04,22579482.0,backfill
6624,2026-05,22579482.0,backfill
6624,2026-06,22579482.0,backfill
6624,2026-07,22579482.0,backfill
6624,2026-08,22579482.0,backfill
6624,2026-09,22579482.0,backfill
6624,2026-10,22579482.0,snap
6625,2025-09,57972488.0,backfill
6625,2025-10,57972488.0,backfill
6625,2025-11,57972488.0,backfill
6625,2025-12,57972488.0,backfill
6625,2026-01,57972488.0,backfill
6625,2026-02,57972488.0,backfill
6625,2026-03,57972488.0,backfill
6625,2026-04,57972488.0,backfill
6625,2026-05,57972488.0,backfill
6625,2026-06,57972488.0,backfill
6625,2026-07,57972488.0,backfill
6625,2026-08,57972488.0,backfill
6625,2026-09,57972488.0,backfill
6625,2026-10,57972488.0,snap
6629,2025-09,38379563.0,backfill
6629,2025-10,38379563.0,backfill
6629,2025-11,38379563.0,backfill
6629,2025-12,38379563.0,backfill
6629,2026-01,38379563.0,backfill
6629,2026-02,38379563.0,backfill
6629,2026-03,38379563.0,backfill
6629,2026-04,38379563.0,backfill
6629,2026-05,38379563.0,backfill
6629,2026-06,38379563.0,backfill
6629,2026-07,38379563.0,backfill
6629,2026-08,38379563.0,backfill
6629,2026-09,38379563.0,backfill
6629,2026-10,38379563.0,snap
6637,2025-09,26810000.0,backfill
6637,2025-10,26810000.0,backfill
6637,2025-11,26810000.0,backfill
6637,2025-12,26810000.0,backfill
6637,2026-01,26810000.0,backfill
6637,2026-02,26810000.0,backfill
6637,2026-03,26810000.0,backfill
6637,2026-04,26810000.0,backfill
6637,2026-05,26810000.0,backfill
6637,2026-06,26810000.0,backfill
6637,2026-07,26810000.0,backfill
6637,2026-08,26810000.0,backfill
6637,2026-09,26810000.0,backfill
6637,2026-10,26810000.0,snap
6640,2025-09,28911500.0,backfill
6640,2025-10,28911500.0,backfill
6640,2025-11,28911500.0,backfill
6640,2025-12,28911500.0,backfill
6640,2026-01,28911500.0,backfill
6640,2026-02,28911500.0,backfill
6640,2026-03,28911500.0,backfill
6640,2026-04,28911500.0,backfill
6640,2026-05,28911500.0,backfill
6640,2026-06,28911500.0,backfill
6640,2026-07,28911500.0,backfill
6640,2026-08,28911500.0,backfill
6640,2026-09,28911500.0,backfill
6640,2026-10,28911500.0,snap
6641,2025-09,36500000.0,backfill
6641,2025-10,36500000.0,backfill
6641,2025-11,36500000.0,backfill
6641,2025-12,36500000.0,backfill
6641,2026-01,36500000.0,backfill
6641,2026-02,36500000.0,backfill
6641,2026-03,36500000.0,backfill
6641,2026-04,36500000.0,backfill
6641,2026-05,36500000.0,backfill
6641,2026-06,36500000.0,backfill
6641,2026-07,36500000.0,backfill
6641,2026-08,36500000.0,backfill
6641,2026-09,36500000.0,backfill
6641,2026-10,36500000.0,snap
6642,2025-09,37399662.0,backfill
6642,2025-10,37399662.0,backfill
6642,2025-11,37399662.0,backfill
6642,2025-12,37399662.0,backfill
6642,2026-01,37399662.0,backfill
6642,2026-02,37399662.0,backfill
6642,2026-03,37399662.0,backfill
6642,2026-04,37399662.0,backfill
6642,2026-05,37399662.0,backfill
6642,2026-06,37399662.0,backfill
6642,2026-07,37399662.0,backfill
6642,2026-08,37399662.0,backfill
6642,2026-09,37399662.0,backfill
6642,2026-10,37399662.0,snap
6643,2025-09,42620160.0,backfill
6643,2025-10,42620160.0,backfill
6643,2025-11,42620160.0,backfill
6643,2025-12,42620160.0,backfill
6643,2026-01,42620160.0,backfill
6643,2026-02,42620160.0,backfill
6643,2026-03,42620160.0,backfill
6643,2026-04,42620160.0,backfill
6643,2026-05,42620160.0,backfill
6643,2026-06,42620160.0,backfill
6643,2026-07,42620160.0,backfill
6643,2026-08,42620160.0,backfill
6643,2026-09,42620160.0,backfill
6643,2026-10,42620160.0,snap
6645,2025-09,60864050.0,backfill
6645,2025-10,60864050.0,backfill
6645,2025-11,60864050.0,backfill
6645,2025-12,60864050.0,backfill
6645,2026-01,60864050.0,backfill
6645,2026-02,60864050.0,backfill
6645,2026-03,60864050.0,backfill
6645,2026-04,60864050.0,backfill
6645,2026-05,60864050.0,backfill
6645,2026-06,60864050.0,backfill
6645,2026-07,60864050.0,backfill
6645,2026-08,60864050.0,backfill
6645,2026-09,60864050.0,backfill
6645,2026-10,60864050.0,snap
6649,2025-09,42000000.0,backfill
6649,2025-10,42000000.0,backfill
6649,2025-11,42000000.0,backfill
6649,2025-12,42000000.0,backfill
6649,2026-01,42000000.0,backfill
6649,2026-02,42000000.0,backfill
6649,2026-03,42000000.0,backfill
6649,2026-04,42000000.0,backfill
6649,2026-05,42000000.0,backfill
6649,2026-06,42000000.0,backfill
6649,2026-07,42000000.0,backfill
6649,2026-08,42000000.0,backfill
6649,2026-09,42000000.0,backfill
6649,2026-10,42000000.0,snap
6651,2025-09,34601541.0,backfill
6651,2025-10,34601541.0,backfill
6651,2025-11,34601541.0,backfill
6651,2025-12,34601541.0,backfill
6651,2026-01,34601541.0,backfill
6651,2026-02,34601541.0,backfill
6651,2026-03,34601541.0,backfill
6651,2026-04,34601541.0,backfill
6651,2026-05,34601541.0,backfill
6651,2026-06,34601541.0,backfill
6651,2026-07,34601541.0,backfill
6651,2026-08,34601541.0,backfill
6651,2026-09,34601541.0,backfill
6651,2026-10,34601541.0,snap
6654,2025-09,40962720.0,backfill
6654,2025-10,40962720.0,backfill
6654,2025-11,40962720.0,backfill
6654,2025-12,40962720.0,backfill
6654,2026-01,40962720.0,backfill
6654,2026-02,40962720.0,backfill
6654,2026-03,40962720.0,backfill
6654,2026-04,40962720.0,backfill
6654,2026-05,40962720.0,backfill
6654,2026-06,40962720.0,backfill
6654,2026-07,40962720.0,backfill
6654,2026-08,40962720.0,backfill
6654,2026-09,40962720.0,backfill
6654,2026-10,40962720.0,snap
6655,2025-09,80571817.0,backfill
6655,2025-10,80571817.0,backfill
6655,2025-11,80571817.0,backfill
6655,2025-12,80571817.0,backfill
6655,2026-01,80571817.0,backfill
6655,2026-02,80571817.0,backfill
6655,2026-03,80571817.0,backfill
6655,2026-04,80571817.0,backfill
6655,2026-05,80571817.0,backfill
6655,2026-06,80571817.0,backfill
6655,2026-07,80571817.0,backfill
6655,2026-08,80571817.0,backfill
6655,2026-09,80571817.0,backfill
6655,2026-10,80571817.0,snap
6657,2025-09,88808000.0,backfill
6657,2025-10,88808000.0,backfill
6657,2025-11,88808000.0,backfill
6657,2025-12,88808000.0,backfill
6657,2026-01,88808000.0,backfill
6657,2026-02,88808000.0,backfill
6657,2026-03,88808000.0,backfill
6657,2026-04,88808000.0,backfill
6657,2026-05,88808000.0,backfill
6657,2026-06,88808000.0,backfill
6657,2026-07,88808000.0,backfill
6657,2026-08,88808000.0,backfill
6657,2026-09,88808000.0,backfill
6657,2026-10,88808000.0,snap
6658,2025-09,38370000.0,backfill
6658,2025-10,38370000.0,backfill
6658,2025-11,38370000.0,backfill
6658,2025-12,38370000.0,backfill
6658,2026-01,38370000.0,backfill
6658,2026-02,38370000.0,backfill
6658,2026-03,38370000.0,backfill
6658,2026-04,38370000.0,backfill
6658,2026-05,38370000.0,backfill
6658,2026-06,38370000.0,backfill
6658,2026-07,38370000.0,backfill
6658,2026-08,38370000.0,backfill
6658,2026-09,38370000.0,backfill
6658,2026-10,38370000.0,snap
6661,2025-09,23304248.0,backfill
6661,2025-10,23304248.0,backfill
6661,2025-11,23304248.0,backfill
6661,2025-12,23304248.0,backfill
6661,2026-01,23304248.0,backfill
6661,2026-02,23304248.0,backfill
6661,2026-03,23304248.0,backfill
6661,2026-04,23304248.0,backfill
6661,2026-05,23304248.0,backfill
6661,2026-06,23304248.0,backfill
6661,2026-07,23304248.0,backfill
6661,2026-08,23304248.0,backfill
6661,2026-09,23304248.0,backfill
6661,2026-10,23304248.0,snap
6662,2025-09,25612400.0,backfill
6662,2025-10,25612400.0,backfill
6662,2025-11,25612400.0,backfill
6662,2025-12,25612400.0,backfill
6662,2026-01,25612400.0,backfill
6662,2026-02,25612400.0,backfill
6662,2026-03,25612400.0,backfill
6662,2026-04,25612400.0,backfill
6662,2026-05,25612400.0,backfill
6662,2026-06,25612400.0,backfill
6662,2026-07,25612400.0,backfill
6662,2026-08,25612400.0,backfill
6662,2026-09,25612400.0,backfill
6662,2026-10,25612400.0,snap
6664,2025-09,61151307.0,backfill
6664,2025-10,61151307.0,backfill
6664,2025-11,61151307.0,backfill
6664,2025-12,61151307.0,backfill
6664,2026-01,61151307.0,backfill
6664,2026-02,61151307.0,backfill
6664,2026-03,61151307.0,backfill
6664,2026-04,61151307.0,backfill
6664,2026-05,61151307.0,backfill
6664,2026-06,61151307.0,backfill
6664,2026-07,61151307.0,backfill
6664,2026-08,61151307.0,backfill
6664,2026-09,61151307.0,backfill
6664,2026-10,61151307.0,snap
6666,2025-09,47388000.0,backfill
6666,2025-10,47388000.0,backfill
6666,2025-11,47388000.0,backfill
6666,2025-12,47388000.0,backfill
6666,2026-01,47388000.0,backfill
6666,2026-02,47388000.0,backfill
6666,2026-03,47388000.0,backfill
6666,2026-04,47388000.0,backfill
6666,2026-05,47388000.0,backfill
6666,2026-06,47388000.0,backfill
6666,2026-07,47388000.0,backfill
6666,2026-08,47388000.0,backfill
6666,2026-09,47388000.0,backfill
6666,2026-10,47388000.0,snap
6667,2025-09,49278878.0,backfill
6667,2025-10,49278878.0,backfill
6667,2025-11,49278878.0,backfill
6667,2025-12,49278878.0,backfill
6667,2026-01,49278878.0,backfill
6667,2026-02,49278878.0,backfill
6667,2026-03,49278878.0,backfill
6667,2026-04,49278878.0,backfill
6667,2026-05,49278878.0,backfill
6667,2026-06,49278878.0,backfill
6667,2026-07,49278878.0,backfill
6667,2026-08,49278878.0,backfill
6667,2026-09,49278878.0,backfill
6667,2026-10,49278878.0,snap
6668,2025-09,107116087.0,backfill
6668,2025-10,107116087.0,backfill
6668,2025-11,107116087.0,backfill
6668,2025-12,107116087.0,backfill
6668,2026-01,107116087.0,backfill
6668,2026-02,107116087.0,backfill
6668,2026-03,107116087.0,backfill
6668,2026-04,107116087.0,backfill
6668,2026-05,107116087.0,backfill
6668,2026-06,107116087.0,backfill
6668,2026-07,107116087.0,backfill
6668,2026-08,107116087.0,backfill
6668,2026-09,107116087.0,backfill
6668,2026-10,107116087.0,snap
6669,2025-09,560199772.0,backfill
6669,2025-10,560199772.0,backfill
6669,2025-11,560199772.0,backfill
6669,2025-12,560199772.0,backfill
6669,2026-01,560199772.0,backfill
6669,2026-02,560199772.0,backfill
6669,2026-03,560199772.0,backfill
6669,2026-04,560199772.0,backfill
6669,2026-05,560199772.0,backfill
6669,2026-06,560199772.0,backfill
6669,2026-07,560199772.0,backfill
6669,2026-08,560199772.0,backfill
6669,2026-09,560199772.0,backfill
6669,2026-10,560199772.0,snap
6670,2025-09,139386973.0,backfill
6670,2025-10,139386973.0,backfill
6670,2025-11,139386973.0,backfill
6670,2025-12,139386973.0,backfill
6670,2026-01,139386973.0,backfill
6670,2026-02,139386973.0,backfill
6670,2026-03,139386973.0,backfill
6670,2026-04,139386973.0,backfill
6670,2026-05,139386973.0,backfill
6670,2026-06,139386973.0,backfill
6670,2026-07,139386973.0,backfill
6670,2026-08,139386973.0,backfill
6670,2026-09,139386973.0,backfill
6670,2026-10,139386973.0,snap
6671,2025-09,60750000.0,backfill
6671,2025-10,60750000.0,backfill
6671,2025-11,60750000.0,backfill
6671,2025-12,60750000.0,backfill
6671,2026-01,60750000.0,backfill
6671,2026-02,60750000.0,backfill
6671,2026-03,60750000.0,backfill
6671,2026-04,60750000.0,backfill
6671,2026-05,60750000.0,backfill
6671,2026-06,60750000.0,backfill
6671,2026-07,60750000.0,backfill
6671,2026-08,60750000.0,backfill
6671,2026-09,60750000.0,backfill
6671,2026-10,60750000.0,snap
6672,2025-09,81620212.0,backfill
6672,2025-10,81620212.0,backfill
6672,2025-11,81620212.0,backfill
6672,2025-12,81620212.0,backfill
6672,2026-01,81620212.0,backfill
6672,2026-02,81620212.0,backfill
6672,2026-03,81620212.0,backfill
6672,2026-04,81620212.0,backfill
6672,2026-05,81620212.0,backfill
6672,2026-06,81620212.0,backfill
6672,2026-07,81620212.0,backfill
6672,2026-08,81620212.0,backfill
6672,2026-09,81620212.0,backfill
6672,2026-10,81620212.0,snap
6674,2025-09,68222459.0,backfill
6674,2025-10,68222459.0,backfill
6674,2025-11,68222459.0,backfill
6674,2025-12,68222459.0,backfill
6674,2026-01,68222459.0,backfill
6674,2026-02,68222459.0,backfill
6674,2026-03,68222459.0,backfill
6674,2026-04,68222459.0,backfill
6674,2026-05,68222459.0,backfill
6674,2026-06,68222459.0,backfill
6674,2026-07,68222459.0,backfill
6674,2026-08,68222459.0,backfill
6674,2026-09,68222459.0,backfill
6674,2026-10,68222459.0,snap
6679,2025-09,54975335.0,backfill
6679,2025-10,54975335.0,backfill
6679,2025-11,54975335.0,backfill
6679,2025-12,54975335.0,backfill
6679,2026-01,54975335.0,backfill
6679,2026-02,54975335.0,backfill
6679,2026-03,54975335.0,backfill
6679,2026-04,54975335.0,backfill
6679,2026-05,54975335.0,backfill
6679,2026-06,54975335.0,backfill
6679,2026-07,54975335.0,backfill
6679,2026-08,54975335.0,backfill
6679,2026-09,54975335.0,backfill
6679,2026-10,54975335.0,snap
6680,2025-09,25071427.0,backfill
6680,2025-10,25071427.0,backfill
6680,2025-11,25071427.0,backfill
6680,2025-12,25071427.0,backfill
6680,2026-01,25071427.0,backfill
6680,2026-02,25071427.0,backfill
6680,2026-03,25071427.0,backfill
6680,2026-04,25071427.0,backfill
6680,2026-05,25071427.0,backfill
6680,2026-06,25071427.0,backfill
6680,2026-07,25071427.0,backfill
6680,2026-08,25071427.0,backfill
6680,2026-09,25071427.0,backfill
6680,2026-10,25071427.0,snap
6683,2025-09,27552661.0,backfill
6683,2025-10,27552661.0,backfill
6683,2025-11,27552661.0,backfill
6683,2025-12,27552661.0,backfill
6683,2026-01,27552661.0,backfill
6683,2026-02,27552661.0,backfill
6683,2026-03,27552661.0,backfill
6683,2026-04,27552661.0,backfill
6683,2026-05,27552661.0,backfill
6683,2026-06,27552661.0,backfill
6683,2026-07,27552661.0,backfill
6683,2026-08,27552661.0,backfill
6683,2026-09,27552661.0,backfill
6683,2026-10,27552661.0,snap
6684,2025-09,44559496.0,backfill
6684,2025-10,44559496.0,backfill
6684,2025-11,44559496.0,backfill
6684,2025-12,44559496.0,backfill
6684,2026-01,44559496.0,backfill
6684,2026-02,44559496.0,backfill
6684,2026-03,44559496.0,backfill
6684,2026-04,44559496.0,backfill
6684,2026-05,44559496.0,backfill
6684,2026-06,44559496.0,backfill
6684,2026-07,44559496.0,backfill
6684,2026-08,44559496.0,backfill
6684,2026-09,44559496.0,backfill
6684,2026-10,44559496.0,snap
6689,2025-09,68000000.0,backfill
6689,2025-10,68000000.0,backfill
6689,2025-11,68000000.0,backfill
6689,2025-12,68000000.0,backfill
6689,2026-01,68000000.0,backfill
6689,2026-02,68000000.0,backfill
6689,2026-03,68000000.0,backfill
6689,2026-04,68000000.0,backfill
6689,2026-05,68000000.0,backfill
6689,2026-06,68000000.0,backfill
6689,2026-07,68000000.0,backfill
6689,2026-08,68000000.0,backfill
6689,2026-09,68000000.0,backfill
6689,2026-10,68000000.0,snap
6690,2025-09,29999720.0,backfill
6690,2025-10,29999720.0,backfill
6690,2025-11,29999720.0,backfill
6690,2025-12,29999720.0,backfill
6690,2026-01,29999720.0,backfill
6690,2026-02,29999720.0,backfill
6690,2026-03,29999720.0,backfill
6690,2026-04,29999720.0,backfill
6690,2026-05,29999720.0,backfill
6690,2026-06,29999720.0,backfill
6690,2026-07,29999720.0,backfill
6690,2026-08,29999720.0,backfill
6690,2026-09,29999720.0,backfill
6690,2026-10,29999720.0,snap
6691,2025-09,133546930.0,backfill
6691,2025-10,133546930.0,backfill
6691,2025-11,133546930.0,backfill
6691,2025-12,133546930.0,backfill
6691,2026-01,133546930.0,backfill
6691,2026-02,133546930.0,backfill
6691,2026-03,133546930.0,backfill
6691,2026-04,133546930.0,backfill
6691,2026-05,133546930.0,backfill
6691,2026-06,133546930.0,backfill
6691,2026-07,133546930.0,backfill
6691,2026-08,133546930.0,backfill
6691,2026-09,133546930.0,backfill
6691,2026-10,133546930.0,snap
6692,2025-09,58843890.0,backfill
6692,2025-10,58843890.0,backfill
6692,2025-11,58843890.0,backfill
6692,2025-12,58843890.0,backfill
6692,2026-01,58843890.0,backfill
6692,2026-02,58843890.0,backfill
6692,2026-03,58843890.0,backfill
6692,2026-04,58843890.0,backfill
6692,2026-05,58843890.0,backfill
6692,2026-06,58843890.0,backfill
6692,2026-07,58843890.0,backfill
6692,2026-08,58843890.0,backfill
6692,2026-09,58843890.0,backfill
6692,2026-10,58843890.0,snap
6693,2025-09,45720000.0,backfill
6693,2025-10,45720000.0,backfill
6693,2025-11,45720000.0,backfill
6693,2025-12,45720000.0,backfill
6693,2026-01,45720000.0,backfill
6693,2026-02,45720000.0,backfill
6693,2026-03,45720000.0,backfill
6693,2026-04,45720000.0,backfill
6693,2026-05,45720000.0,backfill
6693,2026-06,45720000.0,backfill
6693,2026-07,45720000.0,backfill
6693,2026-08,45720000.0,backfill
6693,2026-09,45720000.0,backfill
6693,2026-10,45720000.0,snap
6695,2025-09,106947650.0,backfill
6695,2025-10,106947650.0,backfill
6695,2025-11,106947650.0,backfill
6695,2025-12,106947650.0,backfill
6695,2026-01,106947650.0,backfill
6695,2026-02,106947650.0,backfill
6695,2026-03,106947650.0,backfill
6695,2026-04,106947650.0,backfill
6695,2026-05,106947650.0,backfill
6695,2026-06,106947650.0,backfill
6695,2026-07,106947650.0,backfill
6695,2026-08,106947650.0,backfill
6695,2026-09,106947650.0,backfill
6695,2026-10,106947650.0,snap
6697,2025-09,27323364.0,backfill
6697,2025-10,27323364.0,backfill
6697,2025-11,27323364.0,backfill
6697,2025-12,27323364.0,backfill
6697,2026-01,27323364.0,backfill
6697,2026-02,27323364.0,backfill
6697,2026-03,27323364.0,backfill
6697,2026-04,27323364.0,backfill
6697,2026-05,27323364.0,backfill
6697,2026-06,27323364.0,backfill
6697,2026-07,27323364.0,backfill
6697,2026-08,27323364.0,backfill
6697,2026-09,27323364.0,backfill
6697,2026-10,27323364.0,snap
6698,2025-09,66389753.0,backfill
6698,2025-10,66389753.0,backfill
6698,2025-11,66389753.0,backfill
6698,2025-12,66389753.0,backfill
6698,2026-01,66389753.0,backfill
6698,2026-02,66389753.0,backfill
6698,2026-03,66389753.0,backfill
6698,2026-04,66389753.0,backfill
6698,2026-05,66389753.0,backfill
6698,2026-06,66389753.0,backfill
6698,2026-07,66389753.0,backfill
6698,2026-08,66389753.0,backfill
6698,2026-09,66389753.0,backfill
6698,2026-10,66389753.0,snap
6703,2025-09,36607210.0,backfill
6703,2025-10,36607210.0,backfill
6703,2025-11,36607210.0,backfill
6703,2025-12,36607210.0,backfill
6703,2026-01,36607210.0,backfill
6703,2026-02,36607210.0,backfill
6703,2026-03,36607210.0,backfill
6703,2026-04,36607210.0,backfill
6703,2026-05,36607210.0,backfill
6703,2026-06,36607210.0,backfill
6703,2026-07,36607210.0,backfill
6703,2026-08,36607210.0,backfill
6703,2026-09,36607210.0,backfill
6703,2026-10,36607210.0,snap
6706,2025-09,78549433.0,backfill
6706,2025-10,78549433.0,backfill
6706,2025-11,78549433.0,backfill
6706,2025-12,78549433.0,backfill
6706,2026-01,78549433.0,backfill
6706,2026-02,78549433.0,backfill
6706,2026-03,78549433.0,backfill
6706,2026-04,78549433.0,backfill
6706,2026-05,78549433.0,backfill
6706,2026-06,78549433.0,backfill
6706,2026-07,78549433.0,backfill
6706,2026-08,78549433.0,backfill
6706,2026-09,78549433.0,backfill
6706,2026-10,78549433.0,snap
6708,2025-09,29008779.0,backfill
6708,2025-10,29008779.0,backfill
6708,2025-11,29008779.0,backfill
6708,2025-12,29008779.0,backfill
6708,2026-01,29008779.0,backfill
6708,2026-02,29008779.0,backfill
6708,2026-03,29008779.0,backfill
6708,2026-04,29008779.0,backfill
6708,2026-05,29008779.0,backfill
6708,2026-06,29008779.0,backfill
6708,2026-07,29008779.0,backfill
6708,2026-08,29008779.0,backfill
6708,2026-09,29008779.0,backfill
6708,2026-10,29008779.0,snap
6712,2025-09,100488861.0,backfill
6712,2025-10,100488861.0,backfill
6712,2025-11,100488861.0,backfill
6712,2025-12,100488861.0,backfill
6712,2026-01,100488861.0,backfill
6712,2026-02,100488861.0,backfill
6712,2026-03,100488861.0,backfill
6712,2026-04,100488861.0,backfill
6712,2026-05,100488861.0,backfill
6712,2026-06,100488861.0,backfill
6712,2026-07,100488861.0,backfill
6712,2026-08,100488861.0,backfill
6712,2026-09,100488861.0,backfill
6712,2026-10,100488861.0,snap
6715,2025-09,68274026.0,backfill
6715,2025-10,68274026.0,backfill
6715,2025-11,68274026.0,backfill
6715,2025-12,68274026.0,backfill
6715,2026-01,68274026.0,backfill
6715,2026-02,68274026.0,backfill
6715,2026-03,68274026.0,backfill
6715,2026-04,68274026.0,backfill
6715,2026-05,68274026.0,backfill
6715,2026-06,68274026.0,backfill
6715,2026-07,68274026.0,backfill
6715,2026-08,68274026.0,backfill
6715,2026-09,68274026.0,backfill
6715,2026-10,68274026.0,snap
6716,2025-09,30241814.0,backfill
6716,2025-10,30241814.0,backfill
6716,2025-11,30241814.0,backfill
6716,2025-12,30241814.0,backfill
6716,2026-01,30241814.0,backfill
6716,2026-02,30241814.0,backfill
6716,2026-03,30241814.0,backfill
6716,2026-04,30241814.0,backfill
6716,2026-05,30241814.0,backfill
6716,2026-06,30241814.0,backfill
6716,2026-07,30241814.0,backfill
6716,2026-08,30241814.0,backfill
6716,2026-09,30241814.0,backfill
6716,2026-10,30241814.0,snap
6719,2025-09,105516989.0,backfill
6719,2025-10,105516989.0,backfill
6719,2025-11,105516989.0,backfill
6719,2025-12,105516989.0,backfill
6719,2026-01,105516989.0,backfill
6719,2026-02,105516989.0,backfill
6719,2026-03,105516989.0,backfill
6719,2026-04,105516989.0,backfill
6719,2026-05,105516989.0,backfill
6719,2026-06,105516989.0,backfill
6719,2026-07,105516989.0,backfill
6719,2026-08,105516989.0,backfill
6719,2026-09,105516989.0,backfill
6719,2026-10,105516989.0,snap
6720,2025-09,30225741.0,backfill
6720,2025-10,30225741.0,backfill
6720,2025-11,30225741.0,backfill
6720,2025-12,30225741.0,backfill
6720,2026-01,30225741.0,backfill
6720,2026-02,30225741.0,backfill
6720,2026-03,30225741.0,backfill
6720,2026-04,30225741.0,backfill
6720,2026-05,30225741.0,backfill
6720,2026-06,30225741.0,backfill
6720,2026-07,30225741.0,backfill
6720,2026-08,30225741.0,backfill
6720,2026-09,30225741.0,backfill
6720,2026-10,30225741.0,snap
6721,2025-09,24500000.0,backfill
6721,2025-10,24500000.0,backfill
6721,2025-11,24500000.0,backfill
6721,2025-12,24500000.0,backfill
6721,2026-01,24500000.0,backfill
6721,2026-02,24500000.0,backfill
6721,2026-03,24500000.0,backfill
6721,2026-04,24500000.0,backfill
6721,2026-05,24500000.0,backfill
6721,2026-06,24500000.0,backfill
6721,2026-07,24500000.0,backfill
6721,2026-08,24500000.0,backfill
6721,2026-09,24500000.0,backfill
6721,2026-10,24500000.0,snap
6722,2025-09,88400000.0,backfill
6722,2025-10,88400000.0,backfill
6722,2025-11,88400000.0,backfill
6722,2025-12,88400000.0,backfill
6722,2026-01,88400000.0,backfill
6722,2026-02,88400000.0,backfill
6722,2026-03,88400000.0,backfill
6722,2026-04,88400000.0,backfill
6722,2026-05,88400000.0,backfill
6722,2026-06,88400000.0,backfill
6722,2026-07,88400000.0,backfill
6722,2026-08,88400000.0,backfill
6722,2026-09,88400000.0,backfill
6722,2026-10,88400000.0,snap
6725,2025-09,37130000.0,backfill
6725,2025-10,37130000.0,backfill
6725,2025-11,37130000.0,backfill
6725,2025-12,37130000.0,backfill
6725,2026-01,37130000.0,backfill
6725,2026-02,37130000.0,backfill
6725,2026-03,37130000.0,backfill
6725,2026-04,37130000.0,backfill
6725,2026-05,37130000.0,backfill
6725,2026-06,37130000.0,backfill
6725,2026-07,37130000.0,backfill
6725,2026-08,37130000.0,backfill
6725,2026-09,37130000.0,backfill
6725,2026-10,37130000.0,snap
6727,2025-09,26884177.0,backfill
6727,2025-10,26884177.0,backfill
6727,2025-11,26884177.0,backfill
6727,2025-12,26884177.0,backfill
6727,2026-01,26884177.0,backfill
6727,2026-02,26884177.0,backfill
6727,2026-03,26884177.0,backfill
6727,2026-04,26884177.0,backfill
6727,2026-05,26884177.0,backfill
6727,2026-06,26884177.0,backfill
6727,2026-07,26884177.0,backfill
6727,2026-08,26884177.0,backfill
6727,2026-09,26884177.0,backfill
6727,2026-10,26884177.0,snap
6728,2025-09,30120000.0,backfill
6728,2025-10,30120000.0,backfill
6728,2025-11,30120000.0,backfill
6728,2025-12,30120000.0,backfill
6728,2026-01,30120000.0,backfill
6728,2026-02,30120000.0,backfill
6728,2026-03,30120000.0,backfill
6728,2026-04,30120000.0,backfill
6728,2026-05,30120000.0,backfill
6728,2026-06,30120000.0,backfill
6728,2026-07,30120000.0,backfill
6728,2026-08,30120000.0,backfill
6728,2026-09,30120000.0,backfill
6728,2026-10,30120000.0,snap
6730,2025-09,36298151.0,backfill
6730,2025-10,36298151.0,backfill
6730,2025-11,36298151.0,backfill
6730,2025-12,36298151.0,backfill
6730,2026-01,36298151.0,backfill
6730,2026-02,36298151.0,backfill
6730,2026-03,36298151.0,backfill
6730,2026-04,36298151.0,backfill
6730,2026-05,36298151.0,backfill
6730,2026-06,36298151.0,backfill
6730,2026-07,36298151.0,backfill
6730,2026-08,36298151.0,backfill
6730,2026-09,36298151.0,backfill
6730,2026-10,36298151.0,snap
6732,2025-09,48912618.0,backfill
6732,2025-10,48912618.0,backfill
6732,2025-11,48912618.0,backfill
6732,2025-12,48912618.0,backfill
6732,2026-01,48912618.0,backfill
6732,2026-02,48912618.0,backfill
6732,2026-03,48912618.0,backfill
6732,2026-04,48912618.0,backfill
6732,2026-05,48912618.0,backfill
6732,2026-06,48912618.0,backfill
6732,2026-07,48912618.0,backfill
6732,2026-08,48912618.0,backfill
6732,2026-09,48912618.0,backfill
6732,2026-10,48912618.0,snap
6733,2025-09,134316026.0,backfill
6733,2025-10,134316026.0,backfill
6733,2025-11,134316026.0,backfill
6733,2025-12,134316026.0,backfill
6733,2026-01,134316026.0,backfill
6733,2026-02,134316026.0,backfill
6733,2026-03,134316026.0,backfill
6733,2026-04,134316026.0,backfill
6733,2026-05,134316026.0,backfill
6733,2026-06,134316026.0,backfill
6733,2026-07,134316026.0,backfill
6733,2026-08,134316026.0,backfill
6733,2026-09,134316026.0,backfill
6733,2026-10,134316026.0,snap
6735,2025-09,46182292.0,backfill
6735,2025-10,46182292.0,backfill
6735,2025-11,46182292.0,backfill
6735,2025-12,46182292.0,backfill
6735,2026-01,46182292.0,backfill
6735,2026-02,46182292.0,backfill
6735,2026-03,46182292.0,backfill
6735,2026-04,46182292.0,backfill
6735,2026-05,46182292.0,backfill
6735,2026-06,46182292.0,backfill
6735,2026-07,46182292.0,backfill
6735,2026-08,46182292.0,backfill
6735,2026-09,46182292.0,backfill
6735,2026-10,46182292.0,snap
6739,2025-09,23392500.0,backfill
6739,2025-10,23392500.0,backfill
6739,2025-11,23392500.0,backfill
6739,2025-12,23392500.0,backfill
6739,2026-01,23392500.0,backfill
6739,2026-02,23392500.0,backfill
6739,2026-03,23392500.0,backfill
6739,2026-04,23392500.0,backfill
6739,2026-05,23392500.0,backfill
6739,2026-06,23392500.0,backfill
6739,2026-07,23392500.0,backfill
6739,2026-08,23392500.0,backfill
6739,2026-09,23392500.0,backfill
6739,2026-10,23392500.0,snap
6741,2025-09,120577997.0,backfill
6741,2025-10,120577997.0,backfill
6741,2025-11,120577997.0,backfill
6741,2025-12,120577997.0,backfill
6741,2026-01,120577997.0,backfill
6741,2026-02,120577997.0,backfill
6741,2026-03,120577997.0,backfill
6741,2026-04,120577997.0,backfill
6741,2026-05,120577997.0,backfill
6741,2026-06,120577997.0,backfill
6741,2026-07,120577997.0,backfill
6741,2026-08,120577997.0,backfill
6741,2026-09,120577997.0,backfill
6741,2026-10,120577997.0,snap
6742,2025-09,71267948.0,backfill
6742,2025-10,71267948.0,backfill
6742,2025-11,71267948.0,backfill
6742,2025-12,71267948.0,backfill
6742,2026-01,71267948.0,backfill
6742,2026-02,71267948.0,backfill
6742,2026-03,71267948.0,backfill
6742,2026-04,71267948.0,backfill
6742,2026-05,71267948.0,backfill
6742,2026-06,71267948.0,backfill
6742,2026-07,71267948.0,backfill
6742,2026-08,71267948.0,backfill
6742,2026-09,71267948.0,backfill
6742,2026-10,71267948.0,snap
6743,2025-09,150000000.0,backfill
6743,2025-10,150000000.0,backfill
6743,2025-11,150000000.0,backfill
6743,2025-12,150000000.0,backfill
6743,2026-01,150000000.0,backfill
6743,2026-02,150000000.0,backfill
6743,2026-03,150000000.0,backfill
6743,2026-04,150000000.0,backfill
6743,2026-05,150000000.0,backfill
6743,2026-06,150000000.0,backfill
6743,2026-07,150000000.0,backfill
6743,2026-08,150000000.0,backfill
6743,2026-09,150000000.0,backfill
6743,2026-10,150000000.0,snap
6751,2025-09,22200000.0,backfill
6751,2025-10,22200000.0,backfill
6751,2025-11,22200000.0,backfill
6751,2025-12,22200000.0,backfill
6751,2026-01,22200000.0,backfill
6751,2026-02,22200000.0,backfill
6751,2026-03,22200000.0,backfill
6751,2026-04,22200000.0,backfill
6751,2026-05,22200000.0,backfill
6751,2026-06,22200000.0,backfill
6751,2026-07,22200000.0,backfill
6751,2026-08,22200000.0,backfill
6751,2026-09,22200000.0,backfill
6751,2026-10,22200000.0,snap
6752,2025-09,38258471.0,backfill
6752,2025-10,38258471.0,backfill
6752,2025-11,38258471.0,backfill
6752,2025-12,38258471.0,backfill
6752,2026-01,38258471.0,backfill
6752,2026-02,38258471.0,backfill
6752,2026-03,38258471.0,backfill
6752,2026-04,38258471.0,backfill
6752,2026-05,38258471.0,backfill
6752,2026-06,38258471.0,backfill
6752,2026-07,38258471.0,backfill
6752,2026-08,38258471.0,backfill
6752,2026-09,38258471.0,backfill
6752,2026-10,38258471.0,snap
6753,2025-09,117254081.0,backfill
6753,2025-10,117254081.0,backfill
6753,2025-11,117254081.0,backfill
6753,2025-12,117254081.0,backfill
6753,2026-01,117254081.0,backfill
6753,2026-02,117254081.0,backfill
6753,2026-03,117254081.0,backfill
6753,2026-04,117254081.0,backfill
6753,2026-05,117254081.0,backfill
6753,2026-06,117254081.0,backfill
6753,2026-07,117254081.0,backfill
6753,2026-08,117254081.0,backfill
6753,2026-09,117254081.0,backfill
6753,2026-10,117254081.0,snap
6754,2025-09,66000000.0,backfill
6754,2025-10,66000000.0,backfill
6754,2025-11,66000000.0,backfill
6754,2025-12,66000000.0,backfill
6754,2026-01,66000000.0,backfill
6754,2026-02,66000000.0,backfill
6754,2026-03,66000000.0,backfill
6754,2026-04,66000000.0,backfill
6754,2026-05,66000000.0,backfill
6754,2026-06,66000000.0,backfill
6754,2026-07,66000000.0,backfill
6754,2026-08,66000000.0,backfill
6754,2026-09,66000000.0,backfill
6754,2026-10,66000000.0,snap
6756,2025-09,69990000.0,backfill
6756,2025-10,69990000.0,backfill
6756,2025-11,69990000.0,backfill
6756,2025-12,69990000.0,backfill
6756,2026-01,69990000.0,backfill
6756,2026-02,69990000.0,backfill
6756,2026-03,69990000.0,backfill
6756,2026-04,69990000.0,backfill
6756,2026-05,69990000.0,backfill
6756,2026-06,69990000.0,backfill
6756,2026-07,69990000.0,backfill
6756,2026-08,69990000.0,backfill
6756,2026-09,69990000.0,backfill
6756,2026-10,69990000.0,snap
6757,2025-09,459530000.0,backfill
6757,2025-10,459530000.0,backfill
6757,2025-11,459530000.0,backfill
6757,2025-12,459530000.0,backfill
6757,2026-01,459530000.0,backfill
6757,2026-02,459530000.0,backfill
6757,2026-03,459530000.0,backfill
6757,2026-04,459530000.0,backfill
6757,2026-05,459530000.0,backfill
6757,2026-06,459530000.0,backfill
6757,2026-07,459530000.0,backfill
6757,2026-08,459530000.0,backfill
6757,2026-09,459530000.0,backfill
6757,2026-10,459530000.0,snap
6761,2025-09,34955867.0,backfill
6761,2025-10,34955867.0,backfill
6761,2025-11,34955867.0,backfill
6761,2025-12,34955867.0,backfill
6761,2026-01,34955867.0,backfill
6761,2026-02,34955867.0,backfill
6761,2026-03,34955867.0,backfill
6761,2026-04,34955867.0,backfill
6761,2026-05,34955867.0,backfill
6761,2026-06,34955867.0,backfill
6761,2026-07,34955867.0,backfill
6761,2026-08,34955867.0,backfill
6761,2026-09,34955867.0,backfill
6761,2026-10,34955867.0,snap
6762,2025-09,36930288.0,backfill
6762,2025-10,36930288.0,backfill
6762,2025-11,36930288.0,backfill
6762,2025-12,36930288.0,backfill
6762,2026-01,36930288.0,backfill
6762,2026-02,36930288.0,backfill
6762,2026-03,36930288.0,backfill
6762,2026-04,36930288.0,backfill
6762,2026-05,36930288.0,backfill
6762,2026-06,36930288.0,backfill
6762,2026-07,36930288.0,backfill
6762,2026-08,36930288.0,backfill
6762,2026-09,36930288.0,backfill
6762,2026-10,36930288.0,snap
6763,2025-09,184039130.0,backfill
6763,2025-10,184039130.0,backfill
6763,2025-11,184039130.0,backfill
6763,2025-12,184039130.0,backfill
6763,2026-01,184039130.0,backfill
6763,2026-02,184039130.0,backfill
6763,2026-03,184039130.0,backfill
6763,2026-04,184039130.0,backfill
6763,2026-05,184039130.0,backfill
6763,2026-06,184039130.0,backfill
6763,2026-07,184039130.0,backfill
6763,2026-08,184039130.0,backfill
6763,2026-09,184039130.0,backfill
6763,2026-10,184039130.0,snap
6767,2025-09,39183630.0,backfill
6767,2025-10,39183630.0,backfill
6767,2025-11,39183630.0,backfill
6767,2025-12,39183630.0,backfill
6767,2026-01,39183630.0,backfill
6767,2026-02,39183630.0,backfill
6767,2026-03,39183630.0,backfill
6767,2026-04,39183630.0,backfill
6767,2026-05,39183630.0,backfill
6767,2026-06,39183630.0,backfill
6767,2026-07,39183630.0,backfill
6767,2026-08,39183630.0,backfill
6767,2026-09,39183630.0,backfill
6767,2026-10,39183630.0,snap
6768,2025-09,200095061.0,backfill
6768,2025-10,200095061.0,backfill
6768,2025-11,200095061.0,backfill
6768,2025-12,200095061.0,backfill
6768,2026-01,200095061.0,backfill
6768,2026-02,200095061.0,backfill
6768,2026-03,200095061.0,backfill
6768,2026-04,200095061.0,backfill
6768,2026-05,200095061.0,backfill
6768,2026-06,200095061.0,backfill
6768,2026-07,200095061.0,backfill
6768,2026-08,200095061.0,backfill
6768,2026-09,200095061.0,backfill
6768,2026-10,200095061.0,snap
6770,2025-09,4712080856.0,backfill
6770,2025-10,4712080856.0,backfill
6770,2025-11,4712080856.0,backfill
6770,2025-12,4712080856.0,backfill
6770,2026-01,4712080856.0,backfill
6770,2026-02,4712080856.0,backfill
6770,2026-03,4712080856.0,backfill
6770,2026-04,4712080856.0,backfill
6770,2026-05,4712080856.0,backfill
6770,2026-06,4712080856.0,backfill
6770,2026-07,4712080856.0,backfill
6770,2026-08,4712080856.0,backfill
6770,2026-09,4712080856.0,backfill
6770,2026-10,4712080856.0,snap
6771,2025-09,31179500.0,backfill
6771,2025-10,31179500.0,backfill
6771,2025-11,31179500.0,backfill
6771,2025-12,31179500.0,backfill
6771,2026-01,31179500.0,backfill
6771,2026-02,31179500.0,backfill
6771,2026-03,31179500.0,backfill
6771,2026-04,31179500.0,backfill
6771,2026-05,31179500.0,backfill
6771,2026-06,31179500.0,backfill
6771,2026-07,31179500.0,backfill
6771,2026-08,31179500.0,backfill
6771,2026-09,31179500.0,backfill
6771,2026-10,31179500.0,snap
6776,2025-09,91581430.0,backfill
6776,2025-10,91581430.0,backfill
6776,2025-11,91581430.0,backfill
6776,2025-12,91581430.0,backfill
6776,2026-01,91581430.0,backfill
6776,2026-02,91581430.0,backfill
6776,2026-03,91581430.0,backfill
6776,2026-04,91581430.0,backfill
6776,2026-05,91581430.0,backfill
6776,2026-06,91581430.0,backfill
6776,2026-07,91581430.0,backfill
6776,2026-08,91581430.0,backfill
6776,2026-09,91581430.0,backfill
6776,2026-10,91581430.0,snap
6781,2025-09,85418780.0,backfill
6781,2025-10,85418780.0,backfill
6781,2025-11,85418780.0,backfill
6781,2025-12,85418780.0,backfill
6781,2026-01,85418780.0,backfill
6781,2026-02,85418780.0,backfill
6781,2026-03,85418780.0,backfill
6781,2026-04,85418780.0,backfill
6781,2026-05,85418780.0,backfill
6781,2026-06,85418780.0,backfill
6781,2026-07,85418780.0,backfill
6781,2026-08,85418780.0,backfill
6781,2026-09,85418780.0,backfill
6781,2026-10,85418780.0,snap
6782,2025-09,63000000.0,backfill
6782,2025-10,63000000.0,backfill
6782,2025-11,63000000.0,backfill
6782,2025-12,63000000.0,backfill
6782,2026-01,63000000.0,backfill
6782,2026-02,63000000.0,backfill
6782,2026-03,63000000.0,backfill
6782,2026-04,63000000.0,backfill
6782,2026-05,63000000.0,backfill
6782,2026-06,63000000.0,backfill
6782,2026-07,63000000.0,backfill
6782,2026-08,63000000.0,backfill
6782,2026-09,63000000.0,backfill
6782,2026-10,63000000.0,snap
6785,2025-09,66800000.0,backfill
6785,2025-10,66800000.0,backfill
6785,2025-11,66800000.0,backfill
6785,2025-12,66800000.0,backfill
6785,2026-01,66800000.0,backfill
6785,2026-02,66800000.0,backfill
6785,2026-03,66800000.0,backfill
6785,2026-04,66800000.0,backfill
6785,2026-05,66800000.0,backfill
6785,2026-06,66800000.0,backfill
6785,2026-07,66800000.0,backfill
6785,2026-08,66800000.0,backfill
6785,2026-09,66800000.0,backfill
6785,2026-10,66800000.0,snap
6788,2025-09,38739683.0,backfill
6788,2025-10,38739683.0,backfill
6788,2025-11,38739683.0,backfill
6788,2025-12,38739683.0,backfill
6788,2026-01,38739683.0,backfill
6788,2026-02,38739683.0,backfill
6788,2026-03,38739683.0,backfill
6788,2026-04,38739683.0,backfill
6788,2026-05,38739683.0,backfill
6788,2026-06,38739683.0,backfill
6788,2026-07,38739683.0,backfill
6788,2026-08,38739683.0,backfill
6788,2026-09,38739683.0,backfill
6788,2026-10,38739683.0,snap
6789,2025-09,318299119.0,backfill
6789,2025-10,318299119.0,backfill
6789,2025-11,318299119.0,backfill
6789,2025-12,318299119.0,backfill
6789,2026-01,318299119.0,backfill
6789,2026-02,318299119.0,backfill
6789,2026-03,318299119.0,backfill
6789,2026-04,318299119.0,backfill
6789,2026-05,318299119.0,backfill
6789,2026-06,318299119.0,backfill
6789,2026-07,318299119.0,backfill
6789,2026-08,318299119.0,backfill
6789,2026-09,318299119.0,backfill
6789,2026-10,318299119.0,snap
6790,2025-09,267129021.0,backfill
6790,2025-10,267129021.0,backfill
6790,2025-11,267129021.0,backfill
6790,2025-12,267129021.0,backfill
6790,2026-01,267129021.0,backfill
6790,2026-02,267129021.0,backfill
6790,2026-03,267129021.0,backfill
6790,2026-04,267129021.0,backfill
6790,2026-05,267129021.0,backfill
6790,2026-06,267129021.0,backfill
6790,2026-07,267129021.0,backfill
6790,2026-08,267129021.0,backfill
6790,2026-09,267129021.0,backfill
6790,2026-10,267129021.0,snap
6791,2025-09,20847000.0,backfill
6791,2025-10,20847000.0,backfill
6791,2025-11,20847000.0,backfill
6791,2025-12,20847000.0,backfill
6791,2026-01,20847000.0,backfill
6791,2026-02,20847000.0,backfill
6791,2026-03,20847000.0,backfill
6791,2026-04,20847000.0,backfill
6791,2026-05,20847000.0,backfill
6791,2026-06,20847000.0,backfill
6791,2026-07,20847000.0,backfill
6791,2026-08,20847000.0,backfill
6791,2026-09,20847000.0,backfill
6791,2026-10,20847000.0,snap
6792,2025-09,47875325.0,backfill
6792,2025-10,47875325.0,backfill
6792,2025-11,47875325.0,backfill
6792,2025-12,47875325.0,backfill
6792,2026-01,47875325.0,backfill
6792,2026-02,47875325.0,backfill
6792,2026-03,47875325.0,backfill
6792,2026-04,47875325.0,backfill
6792,2026-05,47875325.0,backfill
6792,2026-06,47875325.0,backfill
6792,2026-07,47875325.0,backfill
6792,2026-08,47875325.0,backfill
6792,2026-09,47875325.0,backfill
6792,2026-10,47875325.0,snap
6794,2025-09,63637000.0,backfill
6794,2025-10,63637000.0,backfill
6794,2025-11,63637000.0,backfill
6794,2025-12,63637000.0,backfill
6794,2026-01,63637000.0,backfill
6794,2026-02,63637000.0,backfill
6794,2026-03,63637000.0,backfill
6794,2026-04,63637000.0,backfill
6794,2026-05,63637000.0,backfill
6794,2026-06,63637000.0,backfill
6794,2026-07,63637000.0,backfill
6794,2026-08,63637000.0,backfill
6794,2026-09,63637000.0,backfill
6794,2026-10,63637000.0,snap
6796,2025-09,40233970.0,backfill
6796,2025-10,40233970.0,backfill
6796,2025-11,40233970.0,backfill
6796,2025-12,40233970.0,backfill
6796,2026-01,40233970.0,backfill
6796,2026-02,40233970.0,backfill
6796,2026-03,40233970.0,backfill
6796,2026-04,40233970.0,backfill
6796,2026-05,40233970.0,backfill
6796,2026-06,40233970.0,backfill
6796,2026-07,40233970.0,backfill
6796,2026-08,40233970.0,backfill
6796,2026-09,40233970.0,backfill
6796,2026-10,40233970.0,snap
6799,2025-09,43652193.0,backfill
6799,2025-10,43652193.0,backfill
6799,2025-11,43652193.0,backfill
6799,2025-12,43652193.0,backfill
6799,2026-01,43652193.0,backfill
6799,2026-02,43652193.0,backfill
6799,2026-03,43652193.0,backfill
6799,2026-04,43652193.0,backfill
6799,2026-05,43652193.0,backfill
6799,2026-06,43652193.0,backfill
6799,2026-07,43652193.0,backfill
6799,2026-08,43652193.0,backfill
6799,2026-09,43652193.0,backfill
6799,2026-10,43652193.0,snap
6803,2025-09,72794385.0,backfill
6803,2025-10,72794385.0,backfill
6803,2025-11,72794385.0,backfill
6803,2025-12,72794385.0,backfill
6803,2026-01,72794385.0,backfill
6803,2026-02,72794385.0,backfill
6803,2026-03,72794385.0,backfill
6803,2026-04,72794385.0,backfill
6803,2026-05,72794385.0,backfill
6803,2026-06,72794385.0,backfill
6803,2026-07,72794385.0,backfill
6803,2026-08,72794385.0,backfill
6803,2026-09,72794385.0,backfill
6803,2026-10,72794385.0,snap
6804,2025-09,47500000.0,backfill
6804,2025-10,47500000.0,backfill
6804,2025-11,47500000.0,backfill
6804,2025-12,47500000.0,backfill
6804,2026-01,47500000.0,backfill
6804,2026-02,47500000.0,backfill
6804,2026-03,47500000.0,backfill
6804,2026-04,47500000.0,backfill
6804,2026-05,47500000.0,backfill
6804,2026-06,47500000.0,backfill
6804,2026-07,47500000.0,backfill
6804,2026-08,47500000.0,backfill
6804,2026-09,47500000.0,backfill
6804,2026-10,47500000.0,snap
6805,2025-09,68553896.0,backfill
6805,2025-10,68553896.0,backfill
6805,2025-11,68553896.0,backfill
6805,2025-12,68553896.0,backfill
6805,2026-01,68553896.0,backfill
6805,2026-02,68553896.0,backfill
6805,2026-03,68553896.0,backfill
6805,2026-04,68553896.0,backfill
6805,2026-05,68553896.0,backfill
6805,2026-06,68553896.0,backfill
6805,2026-07,68553896.0,backfill
6805,2026-08,68553896.0,backfill
6805,2026-09,68553896.0,backfill
6805,2026-10,68553896.0,snap
6807,2025-09,54000000.0,backfill
6807,2025-10,54000000.0,backfill
6807,2025-11,54000000.0,backfill
6807,2025-12,54000000.0,backfill
6807,2026-01,54000000.0,backfill
6807,2026-02,54000000.0,backfill
6807,2026-03,54000000.0,backfill
6807,2026-04,54000000.0,backfill
6807,2026-05,54000000.0,backfill
6807,2026-06,54000000.0,backfill
6807,2026-07,54000000.0,backfill
6807,2026-08,54000000.0,backfill
6807,2026-09,54000000.0,backfill
6807,2026-10,54000000.0,snap
6811,2025-09,41449000.0,backfill
6811,2025-10,41449000.0,backfill
6811,2025-11,41449000.0,backfill
6811,2025-12,41449000.0,backfill
6811,2026-01,41449000.0,backfill
6811,2026-02,41449000.0,backfill
6811,2026-03,41449000.0,backfill
6811,2026-04,41449000.0,backfill
6811,2026-05,41449000.0,backfill
6811,2026-06,41449000.0,backfill
6811,2026-07,41449000.0,backfill
6811,2026-08,41449000.0,backfill
6811,2026-09,41449000.0,backfill
6811,2026-10,41449000.0,snap
6821,2025-09,35913193.0,backfill
6821,2025-10,35913193.0,backfill
6821,2025-11,35913193.0,backfill
6821,2025-12,35913193.0,backfill
6821,2026-01,35913193.0,backfill
6821,2026-02,35913193.0,backfill
6821,2026-03,35913193.0,backfill
6821,2026-04,35913193.0,backfill
6821,2026-05,35913193.0,backfill
6821,2026-06,35913193.0,backfill
6821,2026-07,35913193.0,backfill
6821,2026-08,35913193.0,backfill
6821,2026-09,35913193.0,backfill
6821,2026-10,35913193.0,snap
6823,2025-09,33233920.0,backfill
6823,2025-10,33233920.0,backfill
6823,2025-11,33233920.0,backfill
6823,2025-12,33233920.0,backfill
6823,2026-01,33233920.0,backfill
6823,2026-02,33233920.0,backfill
6823,2026-03,33233920.0,backfill
6823,2026-04,33233920.0,backfill
6823,2026-05,33233920.0,backfill
6823,2026-06,33233920.0,backfill
6823,2026-07,33233920.0,backfill
6823,2026-08,33233920.0,backfill
6823,2026-09,33233920.0,backfill
6823,2026-10,33233920.0,snap
6829,2025-09,59169000.0,backfill
6829,2025-10,59169000.0,backfill
6829,2025-11,59169000.0,backfill
6829,2025-12,59169000.0,backfill
6829,2026-01,59169000.0,backfill
6829,2026-02,59169000.0,backfill
6829,2026-03,59169000.0,backfill
6829,2026-04,59169000.0,backfill
6829,2026-05,59169000.0,backfill
6829,2026-06,59169000.0,backfill
6829,2026-07,59169000.0,backfill
6829,2026-08,59169000.0,backfill
6829,2026-09,59169000.0,backfill
6829,2026-10,59169000.0,snap
6830,2025-09,54413615.0,backfill
6830,2025-10,54413615.0,backfill
6830,2025-11,54413615.0,backfill
6830,2025-12,54413615.0,backfill
6830,2026-01,54413615.0,backfill
6830,2026-02,54413615.0,backfill
6830,2026-03,54413615.0,backfill
6830,2026-04,54413615.0,backfill
6830,2026-05,54413615.0,backfill
6830,2026-06,54413615.0,backfill
6830,2026-07,54413615.0,backfill
6830,2026-08,54413615.0,backfill
6830,2026-09,54413615.0,backfill
6830,2026-10,54413615.0,snap
6831,2025-09,67500000.0,backfill
6831,2025-10,67500000.0,backfill
6831,2025-11,67500000.0,backfill
6831,2025-12,67500000.0,backfill
6831,2026-01,67500000.0,backfill
6831,2026-02,67500000.0,backfill
6831,2026-03,67500000.0,backfill
6831,2026-04,67500000.0,backfill
6831,2026-05,67500000.0,backfill
6831,2026-06,67500000.0,backfill
6831,2026-07,67500000.0,backfill
6831,2026-08,67500000.0,backfill
6831,2026-09,67500000.0,backfill
6831,2026-10,67500000.0,snap
6834,2025-09,88471082.0,backfill
6834,2025-10,88471082.0,backfill
6834,2025-11,88471082.0,backfill
6834,2025-12,88471082.0,backfill
6834,2026-01,88471082.0,backfill
6834,2026-02,88471082.0,backfill
6834,2026-03,88471082.0,backfill
6834,2026-04,88471082.0,backfill
6834,2026-05,88471082.0,backfill
6834,2026-06,88471082.0,backfill
6834,2026-07,88471082.0,backfill
6834,2026-08,88471082.0,backfill
6834,2026-09,88471082.0,backfill
6834,2026-10,88471082.0,snap
6835,2025-09,66172297.0,backfill
6835,2025-10,66172297.0,backfill
6835,2025-11,66172297.0,backfill
6835,2025-12,66172297.0,backfill
6835,2026-01,66172297.0,backfill
6835,2026-02,66172297.0,backfill
6835,2026-03,66172297.0,backfill
6835,2026-04,66172297.0,backfill
6835,2026-05,66172297.0,backfill
6835,2026-06,66172297.0,backfill
6835,2026-07,66172297.0,backfill
6835,2026-08,66172297.0,backfill
6835,2026-09,66172297.0,backfill
6835,2026-10,66172297.0,snap
6838,2025-09,150977100.0,backfill
6838,2025-10,150977100.0,backfill
6838,2025-11,150977100.0,backfill
6838,2025-12,150977100.0,backfill
6838,2026-01,150977100.0,backfill
6838,2026-02,150977100.0,backfill
6838,2026-03,150977100.0,backfill
6838,2026-04,150977100.0,backfill
6838,2026-05,150977100.0,backfill
6838,2026-06,150977100.0,backfill
6838,2026-07,150977100.0,backfill
6838,2026-08,150977100.0,backfill
6838,2026-09,150977100.0,backfill
6838,2026-10,150977100.0,snap
6840,2025-09,30767284.0,backfill
6840,2025-10,30767284.0,backfill
6840,2025-11,30767284.0,backfill
6840,2025-12,30767284.0,backfill
6840,2026-01,30767284.0,backfill
6840,2026-02,30767284.0,backfill
6840,2026-03,30767284.0,backfill
6840,2026-04,30767284.0,backfill
6840,2026-05,30767284.0,backfill
6840,2026-06,30767284.0,backfill
6840,2026-07,30767284.0,backfill
6840,2026-08,30767284.0,backfill
6840,2026-09,30767284.0,backfill
6840,2026-10,30767284.0,snap
6841,2025-09,95223000.0,backfill
6841,2025-10,95223000.0,backfill
6841,2025-11,95223000.0,backfill
6841,2025-12,95223000.0,backfill
6841,2026-01,95223000.0,backfill
6841,2026-02,95223000.0,backfill
6841,2026-03,95223000.0,backfill
6841,2026-04,95223000.0,backfill
6841,2026-05,95223000.0,backfill
6841,2026-06,95223000.0,backfill
6841,2026-07,95223000.0,backfill
6841,2026-08,95223000.0,backfill
6841,2026-09,95223000.0,backfill
6841,2026-10,95223000.0,snap
6843,2025-09,33304000.0,backfill
6843,2025-10,33304000.0,backfill
6843,2025-11,33304000.0,backfill
6843,2025-12,33304000.0,backfill
6843,2026-01,33304000.0,backfill
6843,2026-02,33304000.0,backfill
6843,2026-03,33304000.0,backfill
6843,2026-04,33304000.0,backfill
6843,2026-05,33304000.0,backfill
6843,2026-06,33304000.0,backfill
6843,2026-07,33304000.0,backfill
6843,2026-08,33304000.0,backfill
6843,2026-09,33304000.0,backfill
6843,2026-10,33304000.0,snap
6844,2025-09,37428440.0,backfill
6844,2025-10,37428440.0,backfill
6844,2025-11,37428440.0,backfill
6844,2025-12,37428440.0,backfill
6844,2026-01,37428440.0,backfill
6844,2026-02,37428440.0,backfill
6844,2026-03,37428440.0,backfill
6844,2026-04,37428440.0,backfill
6844,2026-05,37428440.0,backfill
6844,2026-06,37428440.0,backfill
6844,2026-07,37428440.0,backfill
6844,2026-08,37428440.0,backfill
6844,2026-09,37428440.0,backfill
6844,2026-10,37428440.0,snap
6846,2025-09,27066039.0,backfill
6846,2025-10,27066039.0,backfill
6846,2025-11,27066039.0,backfill
6846,2025-12,27066039.0,backfill
6846,2026-01,27066039.0,backfill
6846,2026-02,27066039.0,backfill
6846,2026-03,27066039.0,backfill
6846,2026-04,27066039.0,backfill
6846,2026-05,27066039.0,backfill
6846,2026-06,27066039.0,backfill
6846,2026-07,27066039.0,backfill
6846,2026-08,27066039.0,backfill
6846,2026-09,27066039.0,backfill
6846,2026-10,27066039.0,snap
6854,2025-09,117678622.0,backfill
6854,2025-10,117678622.0,backfill
6854,2025-11,117678622.0,backfill
6854,2025-12,117678622.0,backfill
6854,2026-01,117678622.0,backfill
6854,2026-02,117678622.0,backfill
6854,2026-03,117678622.0,backfill
6854,2026-04,117678622.0,backfill
6854,2026-05,117678622.0,backfill
6854,2026-06,117678622.0,backfill
6854,2026-07,117678622.0,backfill
6854,2026-08,117678622.0,backfill
6854,2026-09,117678622.0,backfill
6854,2026-10,117678622.0,snap
6855,2025-09,23249716.0,backfill
6855,2025-10,23249716.0,backfill
6855,2025-11,23249716.0,backfill
6855,2025-12,23249716.0,backfill
6855,2026-01,23249716.0,backfill
6855,2026-02,23249716.0,backfill
6855,2026-03,23249716.0,backfill
6855,2026-04,23249716.0,backfill
6855,2026-05,23249716.0,backfill
6855,2026-06,23249716.0,backfill
6855,2026-07,23249716.0,backfill
6855,2026-08,23249716.0,backfill
6855,2026-09,23249716.0,backfill
6855,2026-10,23249716.0,snap
6856,2025-09,28200000.0,backfill
6856,2025-10,28200000.0,backfill
6856,2025-11,28200000.0,backfill
6856,2025-12,28200000.0,backfill
6856,2026-01,28200000.0,backfill
6856,2026-02,28200000.0,backfill
6856,2026-03,28200000.0,backfill
6856,2026-04,28200000.0,backfill
6856,2026-05,28200000.0,backfill
6856,2026-06,28200000.0,backfill
6856,2026-07,28200000.0,backfill
6856,2026-08,28200000.0,backfill
6856,2026-09,28200000.0,backfill
6856,2026-10,28200000.0,snap
6859,2025-09,41588600.0,backfill
6859,2025-10,41588600.0,backfill
6859,2025-11,41588600.0,backfill
6859,2025-12,41588600.0,backfill
6859,2026-01,41588600.0,backfill
6859,2026-02,41588600.0,backfill
6859,2026-03,41588600.0,backfill
6859,2026-04,41588600.0,backfill
6859,2026-05,41588600.0,backfill
6859,2026-06,41588600.0,backfill
6859,2026-07,41588600.0,backfill
6859,2026-08,41588600.0,backfill
6859,2026-09,41588600.0,backfill
6859,2026-10,41588600.0,snap
6861,2025-09,41599250.0,backfill
6861,2025-10,41599250.0,backfill
6861,2025-11,41599250.0,backfill
6861,2025-12,41599250.0,backfill
6861,2026-01,41599250.0,backfill
6861,2026-02,41599250.0,backfill
6861,2026-03,41599250.0,backfill
6861,2026-04,41599250.0,backfill
6861,2026-05,41599250.0,backfill
6861,2026-06,41599250.0,backfill
6861,2026-07,41599250.0,backfill
6861,2026-08,41599250.0,backfill
6861,2026-09,41599250.0,backfill
6861,2026-10,41599250.0,snap
6862,2025-09,50000000.0,backfill
6862,2025-10,50000000.0,backfill
6862,2025-11,50000000.0,backfill
6862,2025-12,50000000.0,backfill
6862,2026-01,50000000.0,backfill
6862,2026-02,50000000.0,backfill
6862,2026-03,50000000.0,backfill
6862,2026-04,50000000.0,backfill
6862,2026-05,50000000.0,backfill
6862,2026-06,50000000.0,backfill
6862,2026-07,50000000.0,backfill
6862,2026-08,50000000.0,backfill
6862,2026-09,50000000.0,backfill
6862,2026-10,50000000.0,snap
6863,2025-09,74888000.0,backfill
6863,2025-10,74888000.0,backfill
6863,2025-11,74888000.0,backfill
6863,2025-12,74888000.0,backfill
6863,2026-01,74888000.0,backfill
6863,2026-02,74888000.0,backfill
6863,2026-03,74888000.0,backfill
6863,2026-04,74888000.0,backfill
6863,2026-05,74888000.0,backfill
6863,2026-06,74888000.0,backfill
6863,2026-07,74888000.0,backfill
6863,2026-08,74888000.0,backfill
6863,2026-09,74888000.0,backfill
6863,2026-10,74888000.0,snap
6865,2025-09,15840645.0,backfill
6865,2025-10,15840645.0,backfill
6865,2025-11,15840645.0,backfill
6865,2025-12,15840645.0,backfill
6865,2026-01,15840645.0,backfill
6865,2026-02,15840645.0,backfill
6865,2026-03,15840645.0,backfill
6865,2026-04,15840645.0,backfill
6865,2026-05,15840645.0,backfill
6865,2026-06,15840645.0,backfill
6865,2026-07,15840645.0,backfill
6865,2026-08,15840645.0,backfill
6865,2026-09,15840645.0,backfill
6865,2026-10,15840645.0,snap
6869,2025-09,137830041.0,backfill
6869,2025-10,137830041.0,backfill
6869,2025-11,137830041.0,backfill
6869,2025-12,137830041.0,backfill
6869,2026-01,137830041.0,backfill
6869,2026-02,137830041.0,backfill
6869,2026-03,137830041.0,backfill
6869,2026-04,137830041.0,backfill
6869,2026-05,137830041.0,backfill
6869,2026-06,137830041.0,backfill
6869,2026-07,137830041.0,backfill
6869,2026-08,137830041.0,backfill
6869,2026-09,137830041.0,backfill
6869,2026-10,137830041.0,snap
6870,2025-09,28317550.0,backfill
6870,2025-10,28317550.0,backfill
6870,2025-11,28317550.0,backfill
6870,2025-12,28317550.0,backfill
6870,2026-01,28317550.0,backfill
6870,2026-02,28317550.0,backfill
6870,2026-03,28317550.0,backfill
6870,2026-04,28317550.0,backfill
6870,2026-05,28317550.0,backfill
6870,2026-06,28317550.0,backfill
6870,2026-07,28317550.0,backfill
6870,2026-08,28317550.0,backfill
6870,2026-09,28317550.0,backfill
6870,2026-10,28317550.0,snap
6872,2025-09,70750511.0,backfill
6872,2025-10,70750511.0,backfill
6872,2025-11,70750511.0,backfill
6872,2025-12,70750511.0,backfill
6872,2026-01,70750511.0,backfill
6872,2026-02,70750511.0,backfill
6872,2026-03,70750511.0,backfill
6872,2026-04,70750511.0,backfill
6872,2026-05,70750511.0,backfill
6872,2026-06,70750511.0,backfill
6872,2026-07,70750511.0,backfill
6872,2026-08,70750511.0,backfill
6872,2026-09,70750511.0,backfill
6872,2026-10,70750511.0,snap
6873,2025-09,142649099.0,backfill
6873,2025-10,142649099.0,backfill
6873,2025-11,142649099.0,backfill
6873,2025-12,142649099.0,backfill
6873,2026-01,142649099.0,backfill
6873,2026-02,142649099.0,backfill
6873,2026-03,142649099.0,backfill
6873,2026-04,142649099.0,backfill
6873,2026-05,142649099.0,backfill
6873,2026-06,142649099.0,backfill
6873,2026-07,142649099.0,backfill
6873,2026-08,142649099.0,backfill
6873,2026-09,142649099.0,backfill
6873,2026-10,142649099.0,snap
6874,2025-09,22000000.0,backfill
6874,2025-10,22000000.0,backfill
6874,2025-11,22000000.0,backfill
6874,2025-12,22000000.0,backfill
6874,2026-01,22000000.0,backfill
6874,2026-02,22000000.0,backfill
6874,2026-03,22000000.0,backfill
6874,2026-04,22000000.0,backfill
6874,2026-05,22000000.0,backfill
6874,2026-06,22000000.0,backfill
6874,2026-07,22000000.0,backfill
6874,2026-08,22000000.0,backfill
6874,2026-09,22000000.0,backfill
6874,2026-10,22000000.0,snap
6875,2025-09,129182804.0,backfill
6875,2025-10,129182804.0,backfill
6875,2025-11,129182804.0,backfill
6875,2025-12,129182804.0,backfill
6875,2026-01,129182804.0,backfill
6875,2026-02,129182804.0,backfill
6875,2026-03,129182804.0,backfill
6875,2026-04,129182804.0,backfill
6875,2026-05,129182804.0,backfill
6875,2026-06,129182804.0,backfill
6875,2026-07,129182804.0,backfill
6875,2026-08,129182804.0,backfill
6875,2026-09,129182804.0,backfill
6875,2026-10,129182804.0,snap
6877,2025-09,47167122.0,backfill
6877,2025-10,47167122.0,backfill
6877,2025-11,47167122.0,backfill
6877,2025-12,47167122.0,backfill
6877,2026-01,47167122.0,backfill
6877,2026-02,47167122.0,backfill
6877,2026-03,47167122.0,backfill
6877,2026-04,47167122.0,backfill
6877,2026-05,47167122.0,backfill
6877,2026-06,47167122.0,backfill
6877,2026-07,47167122.0,backfill
6877,2026-08,47167122.0,backfill
6877,2026-09,47167122.0,backfill
6877,2026-10,47167122.0,snap
6881,2025-09,15000000.0,backfill
6881,2025-10,15000000.0,backfill
6881,2025-11,15000000.0,backfill
6881,2025-12,15000000.0,backfill
6881,2026-01,15000000.0,backfill
6881,2026-02,15000000.0,backfill
6881,2026-03,15000000.0,backfill
6881,2026-04,15000000.0,backfill
6881,2026-05,15000000.0,backfill
6881,2026-06,15000000.0,backfill
6881,2026-07,15000000.0,backfill
6881,2026-08,15000000.0,backfill
6881,2026-09,15000000.0,backfill
6881,2026-10,15000000.0,snap
6884,2025-09,18390000.0,backfill
6884,2025-10,18390000.0,backfill
6884,2025-11,18390000.0,backfill
6884,2025-12,18390000.0,backfill
6884,2026-01,18390000.0,backfill
6884,2026-02,18390000.0,backfill
6884,2026-03,18390000.0,backfill
6884,2026-04,18390000.0,backfill
6884,2026-05,18390000.0,backfill
6884,2026-06,18390000.0,backfill
6884,2026-07,18390000.0,backfill
6884,2026-08,18390000.0,backfill
6884,2026-09,18390000.0,backfill
6884,2026-10,18390000.0,snap
6885,2025-09,133061000.0,backfill
6885,2025-10,133061000.0,backfill
6885,2025-11,133061000.0,backfill
6885,2025-12,133061000.0,backfill
6885,2026-01,133061000.0,backfill
6885,2026-02,133061000.0,backfill
6885,2026-03,133061000.0,backfill
6885,2026-04,133061000.0,backfill
6885,2026-05,133061000.0,backfill
6885,2026-06,133061000.0,backfill
6885,2026-07,133061000.0,backfill
6885,2026-08,133061000.0,backfill
6885,2026-09,133061000.0,backfill
6885,2026-10,133061000.0,snap
6887,2025-09,74205512.0,backfill
6887,2025-10,74205512.0,backfill
6887,2025-11,74205512.0,backfill
6887,2025-12,74205512.0,backfill
6887,2026-01,74205512.0,backfill
6887,2026-02,74205512.0,backfill
6887,2026-03,74205512.0,backfill
6887,2026-04,74205512.0,backfill
6887,2026-05,74205512.0,backfill
6887,2026-06,74205512.0,backfill
6887,2026-07,74205512.0,backfill
6887,2026-08,74205512.0,backfill
6887,2026-09,74205512.0,backfill
6887,2026-10,74205512.0,snap
6890,2025-09,250296650.0,backfill
6890,2025-10,250296650.0,backfill
6890,2025-11,250296650.0,backfill
6890,2025-12,250296650.0,backfill
6890,2026-01,250296650.0,backfill
6890,2026-02,250296650.0,backfill
6890,2026-03,250296650.0,backfill
6890,2026-04,250296650.0,backfill
6890,2026-05,250296650.0,backfill
6890,2026-06,250296650.0,backfill
6890,2026-07,250296650.0,backfill
6890,2026-08,250296650.0,backfill
6890,2026-09,250296650.0,backfill
6890,2026-10,250296650.0,snap
6894,2025-09,23800000.0,backfill
6894,2025-10,23800000.0,backfill
6894,2025-11,23800000.0,backfill
6894,2025-12,23800000.0,backfill
6894,2026-01,23800000.0,backfill
6894,2026-02,23800000.0,backfill
6894,2026-03,23800000.0,backfill
6894,2026-04,23800000.0,backfill
6894,2026-05,23800000.0,backfill
6894,2026-06,23800000.0,backfill
6894,2026-07,23800000.0,backfill
6894,2026-08,23800000.0,backfill
6894,2026-09,23800000.0,backfill
6894,2026-10,23800000.0,snap
6895,2025-09,34100000.0,backfill
6895,2025-10,34100000.0,backfill
6895,2025-11,34100000.0,backfill
6895,2025-12,34100000.0,backfill
6895,2026-01,34100000.0,backfill
6895,2026-02,34100000.0,backfill
6895,2026-03,34100000.0,backfill
6895,2026-04,34100000.0,backfill
6895,2026-05,34100000.0,backfill
6895,2026-06,34100000.0,backfill
6895,2026-07,34100000.0,backfill
6895,2026-08,34100000.0,backfill
6895,2026-09,34100000.0,backfill
6895,2026-10,34100000.0,snap
6899,2025-09,42398491.0,backfill
6899,2025-10,42398491.0,backfill
6899,2025-11,42398491.0,backfill
6899,2025-12,42398491.0,backfill
6899,2026-01,42398491.0,backfill
6899,2026-02,42398491.0,backfill
6899,2026-03,42398491.0,backfill
6899,2026-04,42398491.0,backfill
6899,2026-05,42398491.0,backfill
6899,2026-06,42398491.0,backfill
6899,2026-07,42398491.0,backfill
6899,2026-08,42398491.0,backfill
6899,2026-09,42398491.0,backfill
6899,2026-10,42398491.0,snap
6901,2025-09,853360000.0,backfill
6901,2025-10,853360000.0,backfill
6901,2025-11,853360000.0,backfill
6901,2025-12,853360000.0,backfill
6901,2026-01,853360000.0,backfill
6901,2026-02,853360000.0,backfill
6901,2026-03,853360000.0,backfill
6901,2026-04,853360000.0,backfill
6901,2026-05,853360000.0,backfill
6901,2026-06,853360000.0,backfill
6901,2026-07,853360000.0,backfill
6901,2026-08,853360000.0,backfill
6901,2026-09,853360000.0,backfill
6901,2026-10,853360000.0,snap
6902,2025-09,35529948.0,backfill
6902,2025-10,35529948.0,backfill
6902,2025-11,35529948.0,backfill
6902,2025-12,35529948.0,backfill
6902,2026-01,35529948.0,backfill
6902,2026-02,35529948.0,backfill
6902,2026-03,35529948.0,backfill
6902,2026-04,35529948.0,backfill
6902,2026-05,35529948.0,backfill
6902,2026-06,35529948.0,backfill
6902,2026-07,35529948.0,backfill
6902,2026-08,35529948.0,backfill
6902,2026-09,35529948.0,backfill
6902,2026-10,35529948.0,snap
6903,2025-09,66676000.0,backfill
6903,2025-10,66676000.0,backfill
6903,2025-11,66676000.0,backfill
6903,2025-12,66676000.0,backfill
6903,2026-01,66676000.0,backfill
6903,2026-02,66676000.0,backfill
6903,2026-03,66676000.0,backfill
6903,2026-04,66676000.0,backfill
6903,2026-05,66676000.0,backfill
6903,2026-06,66676000.0,backfill
6903,2026-07,66676000.0,backfill
6903,2026-08,66676000.0,backfill
6903,2026-09,66676000.0,backfill
6903,2026-10,66676000.0,snap
6904,2025-09,18500000.0,backfill
6904,2025-10,18500000.0,backfill
6904,2025-11,18500000.0,backfill
6904,2025-12,18500000.0,backfill
6904,2026-01,18500000.0,backfill
6904,2026-02,18500000.0,backfill
6904,2026-03,18500000.0,backfill
6904,2026-04,18500000.0,backfill
6904,2026-05,18500000.0,backfill
6904,2026-06,18500000.0,backfill
6904,2026-07,18500000.0,backfill
6904,2026-08,18500000.0,backfill
6904,2026-09,18500000.0,backfill
6904,2026-10,18500000.0,snap
6906,2025-09,33537400.0,backfill
6906,2025-10,33537400.0,backfill
6906,2025-11,33537400.0,backfill
6906,2025-12,33537400.0,backfill
6906,2026-01,33537400.0,backfill
6906,2026-02,33537400.0,backfill
6906,2026-03,33537400.0,backfill
6906,2026-04,33537400.0,backfill
6906,2026-05,33537400.0,backfill
6906,2026-06,33537400.0,backfill
6906,2026-07,33537400.0,backfill
6906,2026-08,33537400.0,backfill
6906,2026-09,33537400.0,backfill
6906,2026-10,33537400.0,snap
6907,2025-09,62562500.0,backfill
6907,2025-10,62562500.0,backfill
6907,2025-11,62562500.0,backfill
6907,2025-12,62562500.0,backfill
6907,2026-01,62562500.0,backfill
6907,2026-02,62562500.0,backfill
6907,2026-03,62562500.0,backfill
6907,2026-04,62562500.0,backfill
6907,2026-05,62562500.0,backfill
6907,2026-06,62562500.0,backfill
6907,2026-07,62562500.0,backfill
6907,2026-08,62562500.0,backfill
6907,2026-09,62562500.0,backfill
6907,2026-10,62562500.0,snap
6908,2025-09,37180000.0,backfill
6908,2025-10,37180000.0,backfill
6908,2025-11,37180000.0,backfill
6908,2025-12,37180000.0,backfill
6908,2026-01,37180000.0,backfill
6908,2026-02,37180000.0,backfill
6908,2026-03,37180000.0,backfill
6908,2026-04,37180000.0,backfill
6908,2026-05,37180000.0,backfill
6908,2026-06,37180000.0,backfill
6908,2026-07,37180000.0,backfill
6908,2026-08,37180000.0,backfill
6908,2026-09,37180000.0,backfill
6908,2026-10,37180000.0,snap
6909,2025-09,67487900.0,backfill
6909,2025-10,67487900.0,backfill
6909,2025-11,67487900.0,backfill
6909,2025-12,67487900.0,backfill
6909,2026-01,67487900.0,backfill
6909,2026-02,67487900.0,backfill
6909,2026-03,67487900.0,backfill
6909,2026-04,67487900.0,backfill
6909,2026-05,67487900.0,backfill
6909,2026-06,67487900.0,backfill
6909,2026-07,67487900.0,backfill
6909,2026-08,67487900.0,backfill
6909,2026-09,67487900.0,backfill
6909,2026-10,67487900.0,snap
6910,2025-09,30521000.0,backfill
6910,2025-10,30521000.0,backfill
6910,2025-11,30521000.0,backfill
6910,2025-12,30521000.0,backfill
6910,2026-01,30521000.0,backfill
6910,2026-02,30521000.0,backfill
6910,2026-03,30521000.0,backfill
6910,2026-04,30521000.0,backfill
6910,2026-05,30521000.0,backfill
6910,2026-06,30521000.0,backfill
6910,2026-07,30521000.0,backfill
6910,2026-08,30521000.0,backfill
6910,2026-09,30521000.0,backfill
6910,2026-10,30521000.0,snap
6913,2025-09,43848863.0,backfill
6913,2025-10,43848863.0,backfill
6913,2025-11,43848863.0,backfill
6913,2025-12,43848863.0,backfill
6913,2026-01,43848863.0,backfill
6913,2026-02,43848863.0,backfill
6913,2026-03,43848863.0,backfill
6913,2026-04,43848863.0,backfill
6913,2026-05,43848863.0,backfill
6913,2026-06,43848863.0,backfill
6913,2026-07,43848863.0,backfill
6913,2026-08,43848863.0,backfill
6913,2026-09,43848863.0,backfill
6913,2026-10,43848863.0,snap
6914,2025-09,79471200.0,backfill
6914,2025-10,79471200.0,backfill
6914,2025-11,79471200.0,backfill
6914,2025-12,79471200.0,backfill
6914,2026-01,79471200.0,backfill
6914,2026-02,79471200.0,backfill
6914,2026-03,79471200.0,backfill
6914,2026-04,79471200.0,backfill
6914,2026-05,79471200.0,backfill
6914,2026-06,79471200.0,backfill
6914,2026-07,79471200.0,backfill
6914,2026-08,79471200.0,backfill
6914,2026-09,79471200.0,backfill
6914,2026-10,79471200.0,snap
6916,2025-09,67500000.0,backfill
6916,2025-10,67500000.0,backfill
6916,2025-11,67500000.0,backfill
6916,2025-12,67500000.0,backfill
6916,2026-01,67500000.0,backfill
6916,2026-02,67500000.0,backfill
6916,2026-03,67500000.0,backfill
6916,2026-04,67500000.0,backfill
6916,2026-05,67500000.0,backfill
6916,2026-06,67500000.0,backfill
6916,2026-07,67500000.0,backfill
6916,2026-08,67500000.0,backfill
6916,2026-09,67500000.0,backfill
6916,2026-10,67500000.0,snap
6918,2025-09,34571000.0,backfill
6918,2025-10,34571000.0,backfill
6918,2025-11,34571000.0,backfill
6918,2025-12,34571000.0,backfill
6918,2026-01,34571000.0,backfill
6918,2026-02,34571000.0,backfill
6918,2026-03,34571000.0,backfill
6918,2026-04,34571000.0,backfill
6918,2026-05,34571000.0,backfill
6918,2026-06,34571000.0,backfill
6918,2026-07,34571000.0,backfill
6918,2026-08,34571000.0,backfill
6918,2026-09,34571000.0,backfill
6918,2026-10,34571000.0,snap
6919,2025-09,1557200860.0,backfill
6919,2025-10,1557200860.0,backfill
6919,2025-11,1557200860.0,backfill
6919,2025-12,1557200860.0,backfill
6919,2026-01,1557200860.0,backfill
6919,2026-02,1557200860.0,backfill
6919,2026-03,1557200860.0,backfill
6919,2026-04,1557200860.0,backfill
6919,2026-05,1557200860.0,backfill
6919,2026-06,1557200860.0,backfill
6919,2026-07,1557200860.0,backfill
6919,2026-08,1557200860.0,backfill
6919,2026-09,1557200860.0,backfill
6919,2026-10,1557200860.0,snap
6921,2025-09,32261941.0,backfill
6921,2025-10,32261941.0,backfill
6921,2025-11,32261941.0,backfill
6921,2025-12,32261941.0,backfill
6921,2026-01,32261941.0,backfill
6921,2026-02,32261941.0,backfill
6921,2026-03,32261941.0,backfill
6921,2026-04,32261941.0,backfill
6921,2026-05,32261941.0,backfill
6921,2026-06,32261941.0,backfill
6921,2026-07,32261941.0,backfill
6921,2026-08,32261941.0,backfill
6921,2026-09,32261941.0,backfill
6921,2026-10,32261941.0,snap
6922,2025-09,27155385.0,backfill
6922,2025-10,27155385.0,backfill
6922,2025-11,27155385.0,backfill
6922,2025-12,27155385.0,backfill
6922,2026-01,27155385.0,backfill
6922,2026-02,27155385.0,backfill
6922,2026-03,27155385.0,backfill
6922,2026-04,27155385.0,backfill
6922,2026-05,27155385.0,backfill
6922,2026-06,27155385.0,backfill
6922,2026-07,27155385.0,backfill
6922,2026-08,27155385.0,backfill
6922,2026-09,27155385.0,backfill
6922,2026-10,27155385.0,snap
6923,2025-09,90439000.0,backfill
6923,2025-10,90439000.0,backfill
6923,2025-11,90439000.0,backfill
6923,2025-12,90439000.0,backfill
6923,2026-01,90439000.0,backfill
6923,2026-02,90439000.0,backfill
6923,2026-03,90439000.0,backfill
6923,2026-04,90439000.0,backfill
6923,2026-05,90439000.0,backfill
6923,2026-06,90439000.0,backfill
6923,2026-07,90439000.0,backfill
6923,2026-08,90439000.0,backfill
6923,2026-09,90439000.0,backfill
6923,2026-10,90439000.0,snap
6924,2025-09,20624000.0,backfill
6924,2025-10,20624000.0,backfill
6924,2025-11,20624000.0,backfill
6924,2025-12,20624000.0,backfill
6924,2026-01,20624000.0,backfill
6924,2026-02,20624000.0,backfill
6924,2026-03,20624000.0,backfill
6924,2026-04,20624000.0,backfill
6924,2026-05,20624000.0,backfill
6924,2026-06,20624000.0,backfill
6924,2026-07,20624000.0,backfill
6924,2026-08,20624000.0,backfill
6924,2026-09,20624000.0,backfill
6924,2026-10,20624000.0,snap
6925,2025-09,20000300.0,backfill
6925,2025-10,20000300.0,backfill
6925,2025-11,20000300.0,backfill
6925,2025-12,20000300.0,backfill
6925,2026-01,20000300.0,backfill
6925,2026-02,20000300.0,backfill
6925,2026-03,20000300.0,backfill
6925,2026-04,20000300.0,backfill
6925,2026-05,20000300.0,backfill
6925,2026-06,20000300.0,backfill
6925,2026-07,20000300.0,backfill
6925,2026-08,20000300.0,backfill
6925,2026-09,20000300.0,backfill
6925,2026-10,20000300.0,snap
6928,2025-09,86000000.0,backfill
6928,2025-10,86000000.0,backfill
6928,2025-11,86000000.0,backfill
6928,2025-12,86000000.0,backfill
6928,2026-01,86000000.0,backfill
6928,2026-02,86000000.0,backfill
6928,2026-03,86000000.0,backfill
6928,2026-04,86000000.0,backfill
6928,2026-05,86000000.0,backfill
6928,2026-06,86000000.0,backfill
6928,2026-07,86000000.0,backfill
6928,2026-08,86000000.0,backfill
6928,2026-09,86000000.0,backfill
6928,2026-10,86000000.0,snap
6929,2025-09,45090000.0,backfill
6929,2025-10,45090000.0,backfill
6929,2025-11,45090000.0,backfill
6929,2025-12,45090000.0,backfill
6929,2026-01,45090000.0,backfill
6929,2026-02,45090000.0,backfill
6929,2026-03,45090000.0,backfill
6929,2026-04,45090000.0,backfill
6929,2026-05,45090000.0,backfill
6929,2026-06,45090000.0,backfill
6929,2026-07,45090000.0,backfill
6929,2026-08,45090000.0,backfill
6929,2026-09,45090000.0,backfill
6929,2026-10,45090000.0,snap
6931,2025-09,66152160.0,backfill
6931,2025-10,66152160.0,backfill
6931,2025-11,66152160.0,backfill
6931,2025-12,66152160.0,backfill
6931,2026-01,66152160.0,backfill
6931,2026-02,66152160.0,backfill
6931,2026-03,66152160.0,backfill
6931,2026-04,66152160.0,backfill
6931,2026-05,66152160.0,backfill
6931,2026-06,66152160.0,backfill
6931,2026-07,66152160.0,backfill
6931,2026-08,66152160.0,backfill
6931,2026-09,66152160.0,backfill
6931,2026-10,66152160.0,snap
6933,2025-09,42486350.0,backfill
6933,2025-10,42486350.0,backfill
6933,2025-11,42486350.0,backfill
6933,2025-12,42486350.0,backfill
6933,2026-01,42486350.0,backfill
6933,2026-02,42486350.0,backfill
6933,2026-03,42486350.0,backfill
6933,2026-04,42486350.0,backfill
6933,2026-05,42486350.0,backfill
6933,2026-06,42486350.0,backfill
6933,2026-07,42486350.0,backfill
6933,2026-08,42486350.0,backfill
6933,2026-09,42486350.0,backfill
6933,2026-10,42486350.0,snap
6934,2025-09,36130304.0,backfill
6934,2025-10,36130304.0,backfill
6934,2025-11,36130304.0,backfill
6934,2025-12,36130304.0,backfill
6934,2026-01,36130304.0,backfill
6934,2026-02,36130304.0,backfill
6934,2026-03,36130304.0,backfill
6934,2026-04,36130304.0,backfill
6934,2026-05,36130304.0,backfill
6934,2026-06,36130304.0,backfill
6934,2026-07,36130304.0,backfill
6934,2026-08,36130304.0,backfill
6934,2026-09,36130304.0,backfill
6934,2026-10,36130304.0,snap
6936,2025-09,72804000.0,backfill
6936,2025-10,72804000.0,backfill
6936,2025-11,72804000.0,backfill
6936,2025-12,72804000.0,backfill
6936,2026-01,72804000.0,backfill
6936,2026-02,72804000.0,backfill
6936,2026-03,72804000.0,backfill
6936,2026-04,72804000.0,backfill
6936,2026-05,72804000.0,backfill
6936,2026-06,72804000.0,backfill
6936,2026-07,72804000.0,backfill
6936,2026-08,72804000.0,backfill
6936,2026-09,72804000.0,backfill
6936,2026-10,72804000.0,snap
6937,2025-09,67655263.0,backfill
6937,2025-10,67655263.0,backfill
6937,2025-11,67655263.0,backfill
6937,2025-12,67655263.0,backfill
6937,2026-01,67655263.0,backfill
6937,2026-02,67655263.0,backfill
6937,2026-03,67655263.0,backfill
6937,2026-04,67655263.0,backfill
6937,2026-05,67655263.0,backfill
6937,2026-06,67655263.0,backfill
6937,2026-07,67655263.0,backfill
6937,2026-08,67655263.0,backfill
6937,2026-09,67655263.0,backfill
6937,2026-10,67655263.0,snap
6944,2025-09,99694286.0,backfill
6944,2025-10,99694286.0,backfill
6944,2025-11,99694286.0,backfill
6944,2025-12,99694286.0,backfill
6944,2026-01,99694286.0,backfill
6944,2026-02,99694286.0,backfill
6944,2026-03,99694286.0,backfill
6944,2026-04,99694286.0,backfill
6944,2026-05,99694286.0,backfill
6944,2026-06,99694286.0,backfill
6944,2026-07,99694286.0,backfill
6944,2026-08,99694286.0,backfill
6944,2026-09,99694286.0,backfill
6944,2026-10,99694286.0,snap
6945,2025-09,97531160.0,backfill
6945,2025-10,97531160.0,backfill
6945,2025-11,97531160.0,backfill
6945,2025-12,97531160.0,backfill
6945,2026-01,97531160.0,backfill
6945,2026-02,97531160.0,backfill
6945,2026-03,97531160.0,backfill
6945,2026-04,97531160.0,backfill
6945,2026-05,97531160.0,backfill
6945,2026-06,97531160.0,backfill
6945,2026-07,97531160.0,backfill
6945,2026-08,97531160.0,backfill
6945,2026-09,97531160.0,backfill
6945,2026-10,97531160.0,snap
6947,2025-09,106126334.0,backfill
6947,2025-10,106126334.0,backfill
6947,2025-11,106126334.0,backfill
6947,2025-12,106126334.0,backfill
6947,2026-01,106126334.0,backfill
6947,2026-02,106126334.0,backfill
6947,2026-03,106126334.0,backfill
6947,2026-04,106126334.0,backfill
6947,2026-05,106126334.0,backfill
6947,2026-06,106126334.0,backfill
6947,2026-07,106126334.0,backfill
6947,2026-08,106126334.0,backfill
6947,2026-09,106126334.0,backfill
6947,2026-10,106126334.0,snap
6949,2025-09,1311601000.0,backfill
6949,2025-10,1311601000.0,backfill
6949,2025-11,1311601000.0,backfill
6949,2025-12,1311601000.0,backfill
6949,2026-01,1311601000.0,backfill
6949,2026-02,1311601000.0,backfill
6949,2026-03,1311601000.0,backfill
6949,2026-04,1311601000.0,backfill
6949,2026-05,1311601000.0,backfill
6949,2026-06,1311601000.0,backfill
6949,2026-07,1311601000.0,backfill
6949,2026-08,1311601000.0,backfill
6949,2026-09,1311601000.0,backfill
6949,2026-10,1311601000.0,snap
6951,2025-09,52000000.0,backfill
6951,2025-10,52000000.0,backfill
6951,2025-11,52000000.0,backfill
6951,2025-12,52000000.0,backfill
6951,2026-01,52000000.0,backfill
6951,2026-02,52000000.0,backfill
6951,2026-03,52000000.0,backfill
6951,2026-04,52000000.0,backfill
6951,2026-05,52000000.0,backfill
6951,2026-06,52000000.0,backfill
6951,2026-07,52000000.0,backfill
6951,2026-08,52000000.0,backfill
6951,2026-09,52000000.0,backfill
6951,2026-10,52000000.0,snap
6952,2025-09,68345000.0,backfill
6952,2025-10,68345000.0,backfill
6952,2025-11,68345000.0,backfill
6952,2025-12,68345000.0,backfill
6952,2026-01,68345000.0,backfill
6952,2026-02,68345000.0,backfill
6952,2026-03,68345000.0,backfill
6952,2026-04,68345000.0,backfill
6952,2026-05,68345000.0,backfill
6952,2026-06,68345000.0,backfill
6952,2026-07,68345000.0,backfill
6952,2026-08,68345000.0,backfill
6952,2026-09,68345000.0,backfill
6952,2026-10,68345000.0,snap
6953,2025-09,30014600.0,backfill
6953,2025-10,30014600.0,backfill
6953,2025-11,30014600.0,backfill
6953,2025-12,30014600.0,backfill
6953,2026-01,30014600.0,backfill
6953,2026-02,30014600.0,backfill
6953,2026-03,30014600.0,backfill
6953,2026-04,30014600.0,backfill
6953,2026-05,30014600.0,backfill
6953,2026-06,30014600.0,backfill
6953,2026-07,30014600.0,backfill
6953,2026-08,30014600.0,backfill
6953,2026-09,30014600.0,backfill
6953,2026-10,30014600.0,snap
6955,2025-09,30380960.0,backfill
6955,2025-10,30380960.0,backfill
6955,2025-11,30380960.0,backfill
6955,2025-12,30380960.0,backfill
6955,2026-01,30380960.0,backfill
6955,2026-02,30380960.0,backfill
6955,2026-03,30380960.0,backfill
6955,2026-04,30380960.0,backfill
6955,2026-05,30380960.0,backfill
6955,2026-06,30380960.0,backfill
6955,2026-07,30380960.0,backfill
6955,2026-08,30380960.0,backfill
6955,2026-09,30380960.0,backfill
6955,2026-10,30380960.0,snap
6957,2025-09,55736455.0,backfill
6957,2025-10,55736455.0,backfill
6957,2025-11,55736455.0,backfill
6957,2025-12,55736455.0,backfill
6957,2026-01,55736455.0,backfill
6957,2026-02,55736455.0,backfill
6957,2026-03,55736455.0,backfill
6957,2026-04,55736455.0,backfill
6957,2026-05,55736455.0,backfill
6957,2026-06,55736455.0,backfill
6957,2026-07,55736455.0,backfill
6957,2026-08,55736455.0,backfill
6957,2026-09,55736455.0,backfill
6957,2026-10,55736455.0,snap
6958,2025-09,421453828.0,backfill
6958,2025-10,421453828.0,backfill
6958,2025-11,421453828.0,backfill
6958,2025-12,421453828.0,backfill
6958,2026-01,421453828.0,backfill
6958,2026-02,421453828.0,backfill
6958,2026-03,421453828.0,backfill
6958,2026-04,421453828.0,backfill
6958,2026-05,421453828.0,backfill
6958,2026-06,421453828.0,backfill
6958,2026-07,421453828.0,backfill
6958,2026-08,421453828.0,backfill
6958,2026-09,421453828.0,backfill
6958,2026-10,421453828.0,snap
6961,2025-09,26834000.0,backfill
6961,2025-10,26834000.0,backfill
6961,2025-11,26834000.0,backfill
6961,2025-12,26834000.0,backfill
6961,2026-01,26834000.0,backfill
6961,2026-02,26834000.0,backfill
6961,2026-03,26834000.0,backfill
6961,2026-04,26834000.0,backfill
6961,2026-05,26834000.0,backfill
6961,2026-06,26834000.0,backfill
6961,2026-07,26834000.0,backfill
6961,2026-08,26834000.0,backfill
6961,2026-09,26834000.0,backfill
6961,2026-10,26834000.0,snap
6962,2025-09,492396565.0,backfill
6962,2025-10,492396565.0,backfill
6962,2025-11,492396565.0,backfill
6962,2025-12,492396565.0,backfill
6962,2026-01,492396565.0,backfill
6962,2026-02,492396565.0,backfill
6962,2026-03,492396565.0,backfill
6962,2026-04,492396565.0,backfill
6962,2026-05,492396565.0,backfill
6962,2026-06,492396565.0,backfill
6962,2026-07,492396565.0,backfill
6962,2026-08,492396565.0,backfill
6962,2026-09,492396565.0,backfill
6962,2026-10,492396565.0,snap
6965,2025-09,156336000.0,backfill
6965,2025-10,156336000.0,backfill
6965,2025-11,156336000.0,backfill
6965,2025-12,156336000.0,backfill
6965,2026-01,156336000.0,backfill
6965,2026-02,156336000.0,backfill
6965,2026-03,156336000.0,backfill
6965,2026-04,156336000.0,backfill
6965,2026-05,156336000.0,backfill
6965,2026-06,156336000.0,backfill
6965,2026-07,156336000.0,backfill
6965,2026-08,156336000.0,backfill
6965,2026-09,156336000.0,backfill
6965,2026-10,156336000.0,snap
6967,2025-09,30404477.0,backfill
6967,2025-10,30404477.0,backfill
6967,2025-11,30404477.0,backfill
6967,2025-12,30404477.0,backfill
6967,2026-01,30404477.0,backfill
6967,2026-02,30404477.0,backfill
6967,2026-03,30404477.0,backfill
6967,2026-04,30404477.0,backfill
6967,2026-05,30404477.0,backfill
6967,2026-06,30404477.0,backfill
6967,2026-07,30404477.0,backfill
6967,2026-08,30404477.0,backfill
6967,2026-09,30404477.0,backfill
6967,2026-10,30404477.0,snap
6968,2025-09,50436279.0,backfill
6968,2025-10,50436279.0,backfill
6968,2025-11,50436279.0,backfill
6968,2025-12,50436279.0,backfill
6968,2026-01,50436279.0,backfill
6968,2026-02,50436279.0,backfill
6968,2026-03,50436279.0,backfill
6968,2026-04,50436279.0,backfill
6968,2026-05,50436279.0,backfill
6968,2026-06,50436279.0,backfill
6968,2026-07,50436279.0,backfill
6968,2026-08,50436279.0,backfill
6968,2026-09,50436279.0,backfill
6968,2026-10,50436279.0,snap
6969,2025-09,43857189.0,backfill
6969,2025-10,43857189.0,backfill
6969,2025-11,43857189.0,backfill
6969,2025-12,43857189.0,backfill
6969,2026-01,43857189.0,backfill
6969,2026-02,43857189.0,backfill
6969,2026-03,43857189.0,backfill
6969,2026-04,43857189.0,backfill
6969,2026-05,43857189.0,backfill
6969,2026-06,43857189.0,backfill
6969,2026-07,43857189.0,backfill
6969,2026-08,43857189.0,backfill
6969,2026-09,43857189.0,backfill
6969,2026-10,43857189.0,snap
6971,2025-09,38668000.0,backfill
6971,2025-10,38668000.0,backfill
6971,2025-11,38668000.0,backfill
6971,2025-12,38668000.0,backfill
6971,2026-01,38668000.0,backfill
6971,2026-02,38668000.0,backfill
6971,2026-03,38668000.0,backfill
6971,2026-04,38668000.0,backfill
6971,2026-05,38668000.0,backfill
6971,2026-06,38668000.0,backfill
6971,2026-07,38668000.0,backfill
6971,2026-08,38668000.0,backfill
6971,2026-09,38668000.0,backfill
6971,2026-10,38668000.0,snap
6982,2025-09,40752381.0,backfill
6982,2025-10,40752381.0,backfill
6982,2025-11,40752381.0,backfill
6982,2025-12,40752381.0,backfill
6982,2026-01,40752381.0,backfill
6982,2026-02,40752381.0,backfill
6982,2026-03,40752381.0,backfill
6982,2026-04,40752381.0,backfill
6982,2026-05,40752381.0,backfill
6982,2026-06,40752381.0,backfill
6982,2026-07,40752381.0,backfill
6982,2026-08,40752381.0,backfill
6982,2026-09,40752381.0,backfill
6982,2026-10,40752381.0,snap
6983,2025-09,18020000.0,backfill
6983,2025-10,18020000.0,backfill
6983,2025-11,18020000.0,backfill
6983,2025-12,18020000.0,backfill
6983,2026-01,18020000.0,backfill
6983,2026-02,18020000.0,backfill
6983,2026-03,18020000.0,backfill
6983,2026-04,18020000.0,backfill
6983,2026-05,18020000.0,backfill
6983,2026-06,18020000.0,backfill
6983,2026-07,18020000.0,backfill
6983,2026-08,18020000.0,backfill
6983,2026-09,18020000.0,backfill
6983,2026-10,18020000.0,snap
6986,2025-09,52134000.0,backfill
6986,2025-10,52134000.0,backfill
6986,2025-11,52134000.0,backfill
6986,2025-12,52134000.0,backfill
6986,2026-01,52134000.0,backfill
6986,2026-02,52134000.0,backfill
6986,2026-03,52134000.0,backfill
6986,2026-04,52134000.0,backfill
6986,2026-05,52134000.0,backfill
6986,2026-06,52134000.0,backfill
6986,2026-07,52134000.0,backfill
6986,2026-08,52134000.0,backfill
6986,2026-09,52134000.0,backfill
6986,2026-10,52134000.0,snap
6988,2025-09,47600000.0,backfill
6988,2025-10,47600000.0,backfill
6988,2025-11,47600000.0,backfill
6988,2025-12,47600000.0,backfill
6988,2026-01,47600000.0,backfill
6988,2026-02,47600000.0,backfill
6988,2026-03,47600000.0,backfill
6988,2026-04,47600000.0,backfill
6988,2026-05,47600000.0,backfill
6988,2026-06,47600000.0,backfill
6988,2026-07,47600000.0,backfill
6988,2026-08,47600000.0,backfill
6988,2026-09,47600000.0,backfill
6988,2026-10,47600000.0,snap
6994,2025-09,74162071.0,backfill
6994,2025-10,74162071.0,backfill
6994,2025-11,74162071.0,backfill
6994,2025-12,74162071.0,backfill
6994,2026-01,74162071.0,backfill
6994,2026-02,74162071.0,backfill
6994,2026-03,74162071.0,backfill
6994,2026-04,74162071.0,backfill
6994,2026-05,74162071.0,backfill
6994,2026-06,74162071.0,backfill
6994,2026-07,74162071.0,backfill
6994,2026-08,74162071.0,backfill
6994,2026-09,74162071.0,backfill
6994,2026-10,74162071.0,snap
6996,2025-09,42090333.0,backfill
6996,2025-10,42090333.0,backfill
6996,2025-11,42090333.0,backfill
6996,2025-12,42090333.0,backfill
6996,2026-01,42090333.0,backfill
6996,2026-02,42090333.0,backfill
6996,2026-03,42090333.0,backfill
6996,2026-04,42090333.0,backfill
6996,2026-05,42090333.0,backfill
6996,2026-06,42090333.0,backfill
6996,2026-07,42090333.0,backfill
6996,2026-08,42090333.0,backfill
6996,2026-09,42090333.0,backfill
6996,2026-10,42090333.0,snap
6997,2025-09,22100500.0,backfill
6997,2025-10,22100500.0,backfill
6997,2025-11,22100500.0,backfill
6997,2025-12,22100500.0,backfill
6997,2026-01,22100500.0,backfill
6997,2026-02,22100500.0,backfill
6997,2026-03,22100500.0,backfill
6997,2026-04,22100500.0,backfill
6997,2026-05,22100500.0,backfill
6997,2026-06,22100500.0,backfill
6997,2026-07,22100500.0,backfill
6997,2026-08,22100500.0,backfill
6997,2026-09,22100500.0,backfill
6997,2026-10,22100500.0,snap
7402,2025-09,35280646.0,backfill
7402,2025-10,35280646.0,backfill
7402,2025-11,35280646.0,backfill
7402,2025-12,35280646.0,backfill
7402,2026-01,35280646.0,backfill
7402,2026-02,35280646.0,backfill
7402,2026-03,35280646.0,backfill
7402,2026-04,35280646.0,backfill
7402,2026-05,35280646.0,backfill
7402,2026-06,35280646.0,backfill
7402,2026-07,35280646.0,backfill
7402,2026-08,35280646.0,backfill
7402,2026-09,35280646.0,backfill
7402,2026-10,35280646.0,snap
7547,2025-09,33963000.0,backfill
7547,2025-10,33963000.0,backfill
7547,2025-11,33963000.0,backfill
7547,2025-12,33963000.0,backfill
7547,2026-01,33963000.0,backfill
7547,2026-02,33963000.0,backfill
7547,2026-03,33963000.0,backfill
7547,2026-04,33963000.0,backfill
7547,2026-05,33963000.0,backfill
7547,2026-06,33963000.0,backfill
7547,2026-07,33963000.0,backfill
7547,2026-08,33963000.0,backfill
7547,2026-09,33963000.0,backfill
7547,2026-10,33963000.0,snap
7556,2025-09,29080869.0,backfill
7556,2025-10,29080869.0,backfill
7556,2025-11,29080869.0,backfill
7556,2025-12,29080869.0,backfill
7556,2026-01,29080869.0,backfill
7556,2026-02,29080869.0,backfill
7556,2026-03,29080869.0,backfill
7556,2026-04,29080869.0,backfill
7556,2026-05,29080869.0,backfill
7556,2026-06,29080869.0,backfill
7556,2026-07,29080869.0,backfill
7556,2026-08,29080869.0,backfill
7556,2026-09,29080869.0,backfill
7556,2026-10,29080869.0,snap
7584,2025-09,16462808.0,backfill
7584,2025-10,16462808.0,backfill
7584,2025-11,16462808.0,backfill
7584,2025-12,16462808.0,backfill
7584,2026-01,16462808.0,backfill
7584,2026-02,16462808.0,backfill
7584,2026-03,16462808.0,backfill
7584,2026-04,16462808.0,backfill
7584,2026-05,16462808.0,backfill
7584,2026-06,16462808.0,backfill
7584,2026-07,16462808.0,backfill
7584,2026-08,16462808.0,backfill
7584,2026-09,16462808.0,backfill
7584,2026-10,17055469.0,snap
7610,2025-09,58305456.0,backfill
7610,2025-10,58305456.0,backfill
7610,2025-11,58305456.0,backfill
7610,2025-12,58305456.0,backfill
7610,2026-01,58305456.0,backfill
7610,2026-02,58305456.0,backfill
7610,2026-03,58305456.0,backfill
7610,2026-04,58305456.0,backfill
7610,2026-05,58305456.0,backfill
7610,2026-06,58305456.0,backfill
7610,2026-07,58305456.0,backfill
7610,2026-08,58305456.0,backfill
7610,2026-09,58305456.0,backfill
7610,2026-10,58305456.0,snap
7631,2025-09,20142000.0,backfill
7631,2025-10,20142000.0,backfill
7631,2025-11,20142000.0,backfill
7631,2025-12,20142000.0,backfill
7631,2026-01,20142000.0,backfill
7631,2026-02,20142000.0,backfill
7631,2026-03,20142000.0,backfill
7631,2026-04,20142000.0,backfill
7631,2026-05,20142000.0,backfill
7631,2026-06,20142000.0,backfill
7631,2026-07,20142000.0,backfill
7631,2026-08,20142000.0,backfill
7631,2026-09,20142000.0,backfill
7631,2026-10,20142000.0,snap
7642,2025-09,30194258.0,backfill
7642,2025-10,30194258.0,backfill
7642,2025-11,30194258.0,backfill
7642,2025-12,30194258.0,backfill
7642,2026-01,30194258.0,backfill
7642,2026-02,30194258.0,backfill
7642,2026-03,30194258.0,backfill
7642,2026-04,30194258.0,backfill
7642,2026-05,30194258.0,backfill
7642,2026-06,30194258.0,backfill
7642,2026-07,30194258.0,backfill
7642,2026-08,30194258.0,backfill
7642,2026-09,30194258.0,backfill
7642,2026-10,30194258.0,snap
7689,2025-09,58507250.0,backfill
7689,2025-10,58507250.0,backfill
7689,2025-11,58507250.0,backfill
7689,2025-12,58507250.0,backfill
7689,2026-01,58507250.0,backfill
7689,2026-02,58507250.0,backfill
7689,2026-03,58507250.0,backfill
7689,2026-04,58507250.0,backfill
7689,2026-05,58507250.0,backfill
7689,2026-06,58507250.0,backfill
7689,2026-07,58507250.0,backfill
7689,2026-08,58507250.0,backfill
7689,2026-09,58507250.0,backfill
7689,2026-10,58507250.0,snap
7703,2025-09,34745000.0,backfill
7703,2025-10,34745000.0,backfill
7703,2025-11,34745000.0,backfill
7703,2025-12,34745000.0,backfill
7703,2026-01,34745000.0,backfill
7703,2026-02,34745000.0,backfill
7703,2026-03,34745000.0,backfill
7703,2026-04,34745000.0,backfill
7703,2026-05,34745000.0,backfill
7703,2026-06,34745000.0,backfill
7703,2026-07,34745000.0,backfill
7703,2026-08,34745000.0,backfill
7703,2026-09,34745000.0,backfill
7703,2026-10,34745000.0,snap
7704,2025-09,33769804.0,backfill
7704,2025-10,33769804.0,backfill
7704,2025-11,33769804.0,backfill
7704,2025-12,33769804.0,backfill
7704,2026-01,33769804.0,backfill
7704,2026-02,33769804.0,backfill
7704,2026-03,33769804.0,backfill
7704,2026-04,33769804.0,backfill
7704,2026-05,33769804.0,backfill
7704,2026-06,33769804.0,backfill
7704,2026-07,33769804.0,backfill
7704,2026-08,33769804.0,backfill
7704,2026-09,33769804.0,backfill
7704,2026-10,33769804.0,snap
7705,2025-09,66067304.0,backfill
7705,2025-10,66067304.0,backfill
7705,2025-11,66067304.0,backfill
7705,2025-12,66067304.0,backfill
7705,2026-01,66067304.0,backfill
7705,2026-02,66067304.0,backfill
7705,2026-03,66067304.0,backfill
7705,2026-04,66067304.0,backfill
7705,2026-05,66067304.0,backfill
7705,2026-06,66067304.0,backfill
7705,2026-07,66067304.0,backfill
7705,2026-08,66067304.0,backfill
7705,2026-09,66067304.0,backfill
7705,2026-10,66067304.0,snap
7708,2025-09,25500000.0,backfill
7708,2025-10,25500000.0,backfill
7708,2025-11,25500000.0,backfill
7708,2025-12,25500000.0,backfill
7708,2026-01,25500000.0,backfill
7708,2026-02,25500000.0,backfill
7708,2026-03,25500000.0,backfill
7708,2026-04,25500000.0,backfill
7708,2026-05,25500000.0,backfill
7708,2026-06,25500000.0,backfill
7708,2026-07,25500000.0,backfill
7708,2026-08,25500000.0,backfill
7708,2026-09,25500000.0,backfill
7708,2026-10,25500000.0,snap
7709,2025-09,39102740.0,backfill
7709,2025-10,39102740.0,backfill
7709,2025-11,39102740.0,backfill
7709,2025-12,39102740.0,backfill
7709,2026-01,39102740.0,backfill
7709,2026-02,39102740.0,backfill
7709,2026-03,39102740.0,backfill
7709,2026-04,39102740.0,backfill
7709,2026-05,39102740.0,backfill
7709,2026-06,39102740.0,backfill
7709,2026-07,39102740.0,backfill
7709,2026-08,39102740.0,backfill
7709,2026-09,39102740.0,backfill
7709,2026-10,39102740.0,snap
7711,2025-09,71700445.0,backfill
7711,2025-10,71700445.0,backfill
7711,2025-11,71700445.0,backfill
7711,2025-12,71700445.0,backfill
7711,2026-01,71700445.0,backfill
7711,2026-02,71700445.0,backfill
7711,2026-03,71700445.0,backfill
7711,2026-04,71700445.0,backfill
7711,2026-05,71700445.0,backfill
7711,2026-06,71700445.0,backfill
7711,2026-07,71700445.0,backfill
7711,2026-08,71700445.0,backfill
7711,2026-09,71700445.0,backfill
7711,2026-10,71700445.0,snap
7712,2025-09,32561873.0,backfill
7712,2025-10,32561873.0,backfill
7712,2025-11,32561873.0,backfill
7712,2025-12,32561873.0,backfill
7712,2026-01,32561873.0,backfill
7712,2026-02,32561873.0,backfill
7712,2026-03,32561873.0,backfill
7712,2026-04,32561873.0,backfill
7712,2026-05,32561873.0,backfill
7712,2026-06,32561873.0,backfill
7712,2026-07,32561873.0,backfill
7712,2026-08,32561873.0,backfill
7712,2026-09,32561873.0,backfill
7712,2026-10,32561873.0,snap
7713,2025-09,45478843.0,backfill
7713,2025-10,45478843.0,backfill
7713,2025-11,45478843.0,backfill
7713,2025-12,45478843.0,backfill
7713,2026-01,45478843.0,backfill
7713,2026-02,45478843.0,backfill
7713,2026-03,45478843.0,backfill
7713,2026-04,45478843.0,backfill
7713,2026-05,45478843.0,backfill
7713,2026-06,45478843.0,backfill
7713,2026-07,45478843.0,backfill
7713,2026-08,45478843.0,backfill
7713,2026-09,45478843.0,backfill
7713,2026-10,45478843.0,snap
7714,2025-09,21000000.0,backfill
7714,2025-10,21000000.0,backfill
7714,2025-11,21000000.0,backfill
7714,2025-12,21000000.0,backfill
7714,2026-01,21000000.0,backfill
7714,2026-02,21000000.0,backfill
7714,2026-03,21000000.0,backfill
7714,2026-04,21000000.0,backfill
7714,2026-05,21000000.0,backfill
7714,2026-06,21000000.0,backfill
7714,2026-07,21000000.0,backfill
7714,2026-08,21000000.0,backfill
7714,2026-09,21000000.0,backfill
7714,2026-10,21000000.0,snap
7715,2025-09,32756500.0,backfill
7715,2025-10,32756500.0,backfill
7715,2025-11,32756500.0,backfill
7715,2025-12,32756500.0,backfill
7715,2026-01,32756500.0,backfill
7715,2026-02,32756500.0,backfill
7715,2026-03,32756500.0,backfill
7715,2026-04,32756500.0,backfill
7715,2026-05,32756500.0,backfill
7715,2026-06,32756500.0,backfill
7715,2026-07,32756500.0,backfill
7715,2026-08,32756500.0,backfill
7715,2026-09,32756500.0,backfill
7715,2026-10,32756500.0,snap
7716,2025-09,22500000.0,backfill
7716,2025-10,22500000.0,backfill
7716,2025-11,22500000.0,backfill
7716,2025-12,22500000.0,backfill
7716,2026-01,22500000.0,backfill
7716,2026-02,22500000.0,backfill
7716,2026-03,22500000.0,backfill
7716,2026-04,22500000.0,backfill
7716,2026-05,22500000.0,backfill
7716,2026-06,22500000.0,backfill
7716,2026-07,22500000.0,backfill
7716,2026-08,22500000.0,backfill
7716,2026-09,22500000.0,backfill
7716,2026-10,22500000.0,snap
7717,2025-09,24831518.0,backfill
7717,2025-10,24831518.0,backfill
7717,2025-11,24831518.0,backfill
7717,2025-12,24831518.0,backfill
7717,2026-01,24831518.0,backfill
7717,2026-02,24831518.0,backfill
7717,2026-03,24831518.0,backfill
7717,2026-04,24831518.0,backfill
7717,2026-05,24831518.0,backfill
7717,2026-06,24831518.0,backfill
7717,2026-07,24831518.0,backfill
7717,2026-08,24831518.0,backfill
7717,2026-09,24831518.0,backfill
7717,2026-10,24831518.0,snap
7718,2025-09,46356484.0,backfill
7718,2025-10,46356484.0,backfill
7718,2025-11,46356484.0,backfill
7718,2025-12,46356484.0,backfill
7718,2026-01,46356484.0,backfill
7718,2026-02,46356484.0,backfill
7718,2026-03,46356484.0,backfill
7718,2026-04,46356484.0,backfill
7718,2026-05,46356484.0,backfill
7718,2026-06,46356484.0,backfill
7718,2026-07,46356484.0,backfill
7718,2026-08,46356484.0,backfill
7718,2026-09,46356484.0,backfill
7718,2026-10,46356484.0,snap
7721,2025-09,55370000.0,backfill
7721,2025-10,55370000.0,backfill
7721,2025-11,55370000.0,backfill
7721,2025-12,55370000.0,backfill
7721,2026-01,55370000.0,backfill
7721,2026-02,55370000.0,backfill
7721,2026-03,55370000.0,backfill
7721,2026-04,55370000.0,backfill
7721,2026-05,55370000.0,backfill
7721,2026-06,55370000.0,backfill
7721,2026-07,55370000.0,backfill
7721,2026-08,55370000.0,backfill
7721,2026-09,55370000.0,backfill
7721,2026-10,55370000.0,snap
7722,2025-09,71400000.0,backfill
7722,2025-10,71400000.0,backfill
7722,2025-11,71400000.0,backfill
7722,2025-12,71400000.0,backfill
7722,2026-01,71400000.0,backfill
7722,2026-02,71400000.0,backfill
7722,2026-03,71400000.0,backfill
7722,2026-04,71400000.0,backfill
7722,2026-05,71400000.0,backfill
7722,2026-06,71400000.0,backfill
7722,2026-07,71400000.0,backfill
7722,2026-08,71400000.0,backfill
7722,2026-09,71400000.0,backfill
7722,2026-10,71400000.0,snap
7723,2025-09,49619550.0,backfill
7723,2025-10,49619550.0,backfill
7723,2025-11,49619550.0,backfill
7723,2025-12,49619550.0,backfill
7723,2026-01,49619550.0,backfill
7723,2026-02,49619550.0,backfill
7723,2026-03,49619550.0,backfill
7723,2026-04,49619550.0,backfill
7723,2026-05,49619550.0,backfill
7723,2026-06,49619550.0,backfill
7723,2026-07,49619550.0,backfill
7723,2026-08,49619550.0,backfill
7723,2026-09,49619550.0,backfill
7723,2026-10,49619550.0,snap
7728,2025-09,13992621.0,backfill
7728,2025-10,13992621.0,backfill
7728,2025-11,13992621.0,backfill
7728,2025-12,13992621.0,backfill
7728,2026-01,13992621.0,backfill
7728,2026-02,13992621.0,backfill
7728,2026-03,13992621.0,backfill
7728,2026-04,13992621.0,backfill
7728,2026-05,13992621.0,backfill
7728,2026-06,13992621.0,backfill
7728,2026-07,13992621.0,backfill
7728,2026-08,13992621.0,backfill
7728,2026-09,13992621.0,backfill
7728,2026-10,13992621.0,snap
7730,2025-09,38636568.0,backfill
7730,2025-10,38636568.0,backfill
7730,2025-11,38636568.0,backfill
7730,2025-12,38636568.0,backfill
7730,2026-01,38636568.0,backfill
7730,2026-02,38636568.0,backfill
7730,2026-03,38636568.0,backfill
7730,2026-04,38636568.0,backfill
7730,2026-05,38636568.0,backfill
7730,2026-06,38636568.0,backfill
7730,2026-07,38636568.0,backfill
7730,2026-08,38636568.0,backfill
7730,2026-09,38636568.0,backfill
7730,2026-10,38636568.0,snap
7732,2025-09,64680000.0,backfill
7732,2025-10,64680000.0,backfill
7732,2025-11,64680000.0,backfill
7732,2025-12,64680000.0,backfill
7732,2026-01,64680000.0,backfill
7732,2026-02,64680000.0,backfill
7732,2026-03,64680000.0,backfill
7732,2026-04,64680000.0,backfill
7732,2026-05,64680000.0,backfill
7732,2026-06,64680000.0,backfill
7732,2026-07,64680000.0,backfill
7732,2026-08,64680000.0,backfill
7732,2026-09,64680000.0,backfill
7732,2026-10,64680000.0,snap
7734,2025-09,28000000.0,backfill
7734,2025-10,28000000.0,backfill
7734,2025-11,28000000.0,backfill
7734,2025-12,28000000.0,backfill
7734,2026-01,28000000.0,backfill
7734,2026-02,28000000.0,backfill
7734,2026-03,28000000.0,backfill
7734,2026-04,28000000.0,backfill
7734,2026-05,28000000.0,backfill
7734,2026-06,28000000.0,backfill
7734,2026-07,28000000.0,backfill
7734,2026-08,28000000.0,backfill
7734,2026-09,28000000.0,backfill
7734,2026-10,28000000.0,snap
7736,2025-09,76000000.0,backfill
7736,2025-10,76000000.0,backfill
7736,2025-11,76000000.0,backfill
7736,2025-12,76000000.0,backfill
7736,2026-01,76000000.0,backfill
7736,2026-02,76000000.0,backfill
7736,2026-03,76000000.0,backfill
7736,2026-04,76000000.0,backfill
7736,2026-05,76000000.0,backfill
7736,2026-06,76000000.0,backfill
7736,2026-07,76000000.0,backfill
7736,2026-08,76000000.0,backfill
7736,2026-09,76000000.0,backfill
7736,2026-10,76000000.0,snap
7738,2025-09,27355799.0,backfill
7738,2025-10,27355799.0,backfill
7738,2025-11,27355799.0,backfill
7738,2025-12,27355799.0,backfill
7738,2026-01,27355799.0,backfill
7738,2026-02,27355799.0,backfill
7738,2026-03,27355799.0,backfill
7738,2026-04,27355799.0,backfill
7738,2026-05,27355799.0,backfill
7738,2026-06,27355799.0,backfill
7738,2026-07,27355799.0,backfill
7738,2026-08,27355799.0,backfill
7738,2026-09,27355799.0,backfill
7738,2026-10,27355799.0,snap
7740,2025-09,60000000.0,backfill
7740,2025-10,60000000.0,backfill
7740,2025-11,60000000.0,backfill
7740,2025-12,60000000.0,backfill
7740,2026-01,60000000.0,backfill
7740,2026-02,60000000.0,backfill
7740,2026-03,60000000.0,backfill
7740,2026-04,60000000.0,backfill
7740,2026-05,60000000.0,backfill
7740,2026-06,60000000.0,backfill
7740,2026-07,60000000.0,backfill
7740,2026-08,60000000.0,backfill
7740,2026-09,60000000.0,backfill
7740,2026-10,60000000.0,snap
7743,2025-09,36483338.0,backfill
7743,2025-10,36483338.0,backfill
7743,2025-11,36483338.0,backfill
7743,2025-12,36483338.0,backfill
7743,2026-01,36483338.0,backfill
7743,2026-02,36483338.0,backfill
7743,2026-03,36483338.0,backfill
7743,2026-04,36483338.0,backfill
7743,2026-05,36483338.0,backfill
7743,2026-06,36483338.0,backfill
7743,2026-07,36483338.0,backfill
7743,2026-08,36483338.0,backfill
7743,2026-09,36483338.0,backfill
7743,2026-10,36483338.0,snap
7744,2025-09,32076710.0,backfill
7744,2025-10,32076710.0,backfill
7744,2025-11,32076710.0,backfill
7744,2025-12,32076710.0,backfill
7744,2026-01,32076710.0,backfill
7744,2026-02,32076710.0,backfill
7744,2026-03,32076710.0,backfill
7744,2026-04,32076710.0,backfill
7744,2026-05,32076710.0,backfill
7744,2026-06,32076710.0,backfill
7744,2026-07,32076710.0,backfill
7744,2026-08,32076710.0,backfill
7744,2026-09,32076710.0,backfill
7744,2026-10,32076710.0,snap
7747,2025-09,30168600.0,backfill
7747,2025-10,30168600.0,backfill
7747,2025-11,30168600.0,backfill
7747,2025-12,30168600.0,backfill
7747,2026-01,30168600.0,backfill
7747,2026-02,30168600.0,backfill
7747,2026-03,30168600.0,backfill
7747,2026-04,30168600.0,backfill
7747,2026-05,30168600.0,backfill
7747,2026-06,30168600.0,backfill
7747,2026-07,30168600.0,backfill
7747,2026-08,30168600.0,backfill
7747,2026-09,30168600.0,backfill
7747,2026-10,30168600.0,snap
7749,2025-09,46485728.0,backfill
7749,2025-10,46485728.0,backfill
7749,2025-11,46485728.0,backfill
7749,2025-12,46485728.0,backfill
7749,2026-01,46485728.0,backfill
7749,2026-02,46485728.0,backfill
7749,2026-03,46485728.0,backfill
7749,2026-04,46485728.0,backfill
7749,2026-05,46485728.0,backfill
7749,2026-06,46485728.0,backfill
7749,2026-07,46485728.0,backfill
7749,2026-08,46485728.0,backfill
7749,2026-09,46485728.0,backfill
7749,2026-10,46485728.0,snap
7750,2025-09,71843000.0,backfill
7750,2025-10,71843000.0,backfill
7750,2025-11,71843000.0,backfill
7750,2025-12,71843000.0,backfill
7750,2026-01,71843000.0,backfill
7750,2026-02,71843000.0,backfill
7750,2026-03,71843000.0,backfill
7750,2026-04,71843000.0,backfill
7750,2026-05,71843000.0,backfill
7750,2026-06,71843000.0,backfill
7750,2026-07,71843000.0,backfill
7750,2026-08,71843000.0,backfill
7750,2026-09,71843000.0,backfill
7750,2026-10,71843000.0,snap
7751,2025-09,26888600.0,backfill
7751,2025-10,26888600.0,backfill
7751,2025-11,26888600.0,backfill
7751,2025-12,26888600.0,backfill
7751,2026-01,26888600.0,backfill
7751,2026-02,26888600.0,backfill
7751,2026-03,26888600.0,backfill
7751,2026-04,26888600.0,backfill
7751,2026-05,26888600.0,backfill
7751,2026-06,26888600.0,backfill
7751,2026-07,26888600.0,backfill
7751,2026-08,26888600.0,backfill
7751,2026-09,26888600.0,backfill
7751,2026-10,26888600.0,snap
7753,2025-09,25000000.0,backfill
7753,2025-10,25000000.0,backfill
7753,2025-11,25000000.0,backfill
7753,2025-12,25000000.0,backfill
7753,2026-01,25000000.0,backfill
7753,2026-02,25000000.0,backfill
7753,2026-03,25000000.0,backfill
7753,2026-04,25000000.0,backfill
7753,2026-05,25000000.0,backfill
7753,2026-06,25000000.0,backfill
7753,2026-07,25000000.0,backfill
7753,2026-08,25000000.0,backfill
7753,2026-09,25000000.0,backfill
7753,2026-10,25000000.0,snap
7757,2025-09,24100000.0,backfill
7757,2025-10,24100000.0,backfill
7757,2025-11,24100000.0,backfill
7757,2025-12,24100000.0,backfill
7757,2026-01,24100000.0,backfill
7757,2026-02,24100000.0,backfill
7757,2026-03,24100000.0,backfill
7757,2026-04,24100000.0,backfill
7757,2026-05,24100000.0,backfill
7757,2026-06,24100000.0,backfill
7757,2026-07,24100000.0,backfill
7757,2026-08,24100000.0,backfill
7757,2026-09,24100000.0,backfill
7757,2026-10,24100000.0,snap
7760,2025-09,64548000.0,backfill
7760,2025-10,64548000.0,backfill
7760,2025-11,64548000.0,backfill
7760,2025-12,64548000.0,backfill
7760,2026-01,64548000.0,backfill
7760,2026-02,64548000.0,backfill
7760,2026-03,64548000.0,backfill
7760,2026-04,64548000.0,backfill
7760,2026-05,64548000.0,backfill
7760,2026-06,64548000.0,backfill
7760,2026-07,64548000.0,backfill
7760,2026-08,64548000.0,backfill
7760,2026-09,64548000.0,backfill
7760,2026-10,64548000.0,snap
7765,2025-09,40681000.0,backfill
7765,2025-10,40681000.0,backfill
7765,2025-11,40681000.0,backfill
7765,2025-12,40681000.0,backfill
7765,2026-01,40681000.0,backfill
7765,2026-02,40681000.0,backfill
7765,2026-03,40681000.0,backfill
7765,2026-04,40681000.0,backfill
7765,2026-05,40681000.0,backfill
7765,2026-06,40681000.0,backfill
7765,2026-07,40681000.0,backfill
7765,2026-08,40681000.0,backfill
7765,2026-09,40681000.0,backfill
7765,2026-10,40681000.0,snap
7767,2025-09,30100000.0,backfill
7767,2025-10,30100000.0,backfill
7767,2025-11,30100000.0,backfill
7767,2025-12,30100000.0,backfill
7767,2026-01,30100000.0,backfill
7767,2026-02,30100000.0,backfill
7767,2026-03,30100000.0,backfill
7767,2026-04,30100000.0,backfill
7767,2026-05,30100000.0,backfill
7767,2026-06,30100000.0,backfill
7767,2026-07,30100000.0,backfill
7767,2026-08,30100000.0,backfill
7767,2026-09,30100000.0,backfill
7767,2026-10,30100000.0,snap
7768,2025-09,70065000.0,backfill
7768,2025-10,70065000.0,backfill
7768,2025-11,70065000.0,backfill
7768,2025-12,70065000.0,backfill
7768,2026-01,70065000.0,backfill
7768,2026-02,70065000.0,backfill
7768,2026-03,70065000.0,backfill
7768,2026-04,70065000.0,backfill
7768,2026-05,70065000.0,backfill
7768,2026-06,70065000.0,backfill
7768,2026-07,70065000.0,backfill
7768,2026-08,70065000.0,backfill
7768,2026-09,70065000.0,backfill
7768,2026-10,70065000.0,snap
7769,2025-09,179930000.0,backfill
7769,2025-10,179930000.0,backfill
7769,2025-11,179930000.0,backfill
7769,2025-12,179930000.0,backfill
7769,2026-01,179930000.0,backfill
7769,2026-02,179930000.0,backfill
7769,2026-03,179930000.0,backfill
7769,2026-04,179930000.0,backfill
7769,2026-05,179930000.0,backfill
7769,2026-06,179930000.0,backfill
7769,2026-07,179930000.0,backfill
7769,2026-08,179930000.0,backfill
7769,2026-09,179930000.0,backfill
7769,2026-10,179930000.0,snap
7770,2025-09,30062053.0,backfill
7770,2025-10,30062053.0,backfill
7770,2025-11,30062053.0,backfill
7770,2025-12,30062053.0,backfill
7770,2026-01,30062053.0,backfill
7770,2026-02,30062053.0,backfill
7770,2026-03,30062053.0,backfill
7770,2026-04,30062053.0,backfill
7770,2026-05,30062053.0,backfill
7770,2026-06,30062053.0,backfill
7770,2026-07,30062053.0,backfill
7770,2026-08,30062053.0,backfill
7770,2026-09,30062053.0,backfill
7770,2026-10,30062053.0,snap
7772,2025-09,26498600.0,backfill
7772,2025-10,26498600.0,backfill
7772,2025-11,26498600.0,backfill
7772,2025-12,26498600.0,backfill
7772,2026-01,26498600.0,backfill
7772,2026-02,26498600.0,backfill
7772,2026-03,26498600.0,backfill
7772,2026-04,26498600.0,backfill
7772,2026-05,26498600.0,backfill
7772,2026-06,26498600.0,backfill
7772,2026-07,26498600.0,backfill
7772,2026-08,26498600.0,backfill
7772,2026-09,26498600.0,backfill
7772,2026-10,26498600.0,snap
7777,2025-09,186606250.0,backfill
7777,2025-10,186606250.0,backfill
7777,2025-11,186606250.0,backfill
7777,2025-12,186606250.0,backfill
7777,2026-01,186606250.0,backfill
7777,2026-02,186606250.0,backfill
7777,2026-03,186606250.0,backfill
7777,2026-04,186606250.0,backfill
7777,2026-05,186606250.0,backfill
7777,2026-06,186606250.0,backfill
7777,2026-07,186606250.0,backfill
7777,2026-08,186606250.0,backfill
7777,2026-09,186606250.0,backfill
7777,2026-10,186606250.0,snap
7780,2025-09,810024170.0,backfill
7780,2025-10,810024170.0,backfill
7780,2025-11,810024170.0,backfill
7780,2025-12,810024170.0,backfill
7780,2026-01,810024170.0,backfill
7780,2026-02,810024170.0,backfill
7780,2026-03,810024170.0,backfill
7780,2026-04,810024170.0,backfill
7780,2026-05,810024170.0,backfill
7780,2026-06,810024170.0,backfill
7780,2026-07,810024170.0,backfill
7780,2026-08,810024170.0,backfill
7780,2026-09,810024170.0,backfill
7780,2026-10,810024170.0,snap
7782,2025-09,23213000.0,backfill
7782,2025-10,23213000.0,backfill
7782,2025-11,23213000.0,backfill
7782,2025-12,23213000.0,backfill
7782,2026-01,23213000.0,backfill
7782,2026-02,23213000.0,backfill
7782,2026-03,23213000.0,backfill
7782,2026-04,23213000.0,backfill
7782,2026-05,23213000.0,backfill
7782,2026-06,23213000.0,backfill
7782,2026-07,23213000.0,backfill
7782,2026-08,23213000.0,backfill
7782,2026-09,23213000.0,backfill
7782,2026-10,23213000.0,snap
7786,2025-09,175953944.0,backfill
7786,2025-10,175953944.0,backfill
7786,2025-11,175953944.0,backfill
7786,2025-12,175953944.0,backfill
7786,2026-01,175953944.0,backfill
7786,2026-02,175953944.0,backfill
7786,2026-03,175953944.0,backfill
7786,2026-04,175953944.0,backfill
7786,2026-05,175953944.0,backfill
7786,2026-06,175953944.0,backfill
7786,2026-07,175953944.0,backfill
7786,2026-08,175953944.0,backfill
7786,2026-09,175953944.0,backfill
7786,2026-10,175953944.0,snap
7788,2025-09,79745993.0,backfill
7788,2025-10,79745993.0,backfill
7788,2025-11,79745993.0,backfill
7788,2025-12,79745993.0,backfill
7788,2026-01,79745993.0,backfill
7788,2026-02,79745993.0,backfill
7788,2026-03,79745993.0,backfill
7788,2026-04,79745993.0,backfill
7788,2026-05,79745993.0,backfill
7788,2026-06,79745993.0,backfill
7788,2026-07,79745993.0,backfill
7788,2026-08,79745993.0,backfill
7788,2026-09,79745993.0,backfill
7788,2026-10,79745993.0,snap
7791,2025-09,80000000.0,backfill
7791,2025-10,80000000.0,backfill
7791,2025-11,80000000.0,backfill
7791,2025-12,80000000.0,backfill
7791,2026-01,80000000.0,backfill
7791,2026-02,80000000.0,backfill
7791,2026-03,80000000.0,backfill
7791,2026-04,80000000.0,backfill
7791,2026-05,80000000.0,backfill
7791,2026-06,80000000.0,backfill
7791,2026-07,80000000.0,backfill
7791,2026-08,80000000.0,backfill
7791,2026-09,80000000.0,backfill
7791,2026-10,80000000.0,snap
7792,2025-09,46662000.0,backfill
7792,2025-10,46662000.0,backfill
7792,2025-11,46662000.0,backfill
7792,2025-12,46662000.0,backfill
7792,2026-01,46662000.0,backfill
7792,2026-02,46662000.0,backfill
7792,2026-03,46662000.0,backfill
7792,2026-04,46662000.0,backfill
7792,2026-05,46662000.0,backfill
7792,2026-06,46662000.0,backfill
7792,2026-07,46662000.0,backfill
7792,2026-08,46662000.0,backfill
7792,2026-09,46662000.0,backfill
7792,2026-10,46662000.0,snap
7794,2025-09,28000000.0,backfill
7794,2025-10,28000000.0,backfill
7794,2025-11,28000000.0,backfill
7794,2025-12,28000000.0,backfill
7794,2026-01,28000000.0,backfill
7794,2026-02,28000000.0,backfill
7794,2026-03,28000000.0,backfill
7794,2026-04,28000000.0,backfill
7794,2026-05,28000000.0,backfill
7794,2026-06,28000000.0,backfill
7794,2026-07,28000000.0,backfill
7794,2026-08,28000000.0,backfill
7794,2026-09,28000000.0,backfill
7794,2026-10,28000000.0,snap
7795,2025-09,78828500.0,backfill
7795,2025-10,78828500.0,backfill
7795,2025-11,78828500.0,backfill
7795,2025-12,78828500.0,backfill
7795,2026-01,78828500.0,backfill
7795,2026-02,78828500.0,backfill
7795,2026-03,78828500.0,backfill
7795,2026-04,78828500.0,backfill
7795,2026-05,78828500.0,backfill
7795,2026-06,78828500.0,backfill
7795,2026-07,78828500.0,backfill
7795,2026-08,78828500.0,backfill
7795,2026-09,78828500.0,backfill
7795,2026-10,78828500.0,snap
7799,2025-09,158245000.0,backfill
7799,2025-10,158245000.0,backfill
7799,2025-11,158245000.0,backfill
7799,2025-12,158245000.0,backfill
7799,2026-01,158245000.0,backfill
7799,2026-02,158245000.0,backfill
7799,2026-03,158245000.0,backfill
7799,2026-04,158245000.0,backfill
7799,2026-05,158245000.0,backfill
7799,2026-06,158245000.0,backfill
7799,2026-07,158245000.0,backfill
7799,2026-08,158245000.0,backfill
7799,2026-09,158245000.0,backfill
7799,2026-10,158245000.0,snap
7803,2025-09,94412888.0,backfill
7803,2025-10,94412888.0,backfill
7803,2025-11,94412888.0,backfill
7803,2025-12,94412888.0,backfill
7803,2026-01,94412888.0,backfill
7803,2026-02,94412888.0,backfill
7803,2026-03,94412888.0,backfill
7803,2026-04,94412888.0,backfill
7803,2026-05,94412888.0,backfill
7803,2026-06,94412888.0,backfill
7803,2026-07,94412888.0,backfill
7803,2026-08,94412888.0,backfill
7803,2026-09,94412888.0,backfill
7803,2026-10,94412888.0,snap
7805,2025-09,39750122.0,backfill
7805,2025-10,39750122.0,backfill
7805,2025-11,39750122.0,backfill
7805,2025-12,39750122.0,backfill
7805,2026-01,39750122.0,backfill
7805,2026-02,39750122.0,backfill
7805,2026-03,39750122.0,backfill
7805,2026-04,39750122.0,backfill
7805,2026-05,39750122.0,backfill
7805,2026-06,39750122.0,backfill
7805,2026-07,39750122.0,backfill
7805,2026-08,39750122.0,backfill
7805,2026-09,39750122.0,backfill
7805,2026-10,39750122.0,snap
7810,2025-09,20250000.0,backfill
7810,2025-10,20250000.0,backfill
7810,2025-11,20250000.0,backfill
7810,2025-12,20250000.0,backfill
7810,2026-01,20250000.0,backfill
7810,2026-02,20250000.0,backfill
7810,2026-03,20250000.0,backfill
7810,2026-04,20250000.0,backfill
7810,2026-05,20250000.0,backfill
7810,2026-06,20250000.0,backfill
7810,2026-07,20250000.0,backfill
7810,2026-08,20250000.0,backfill
7810,2026-09,20250000.0,backfill
7810,2026-10,20250000.0,snap
7811,2025-09,33377000.0,backfill
7811,2025-10,33377000.0,backfill
7811,2025-11,33377000.0,backfill
7811,2025-12,33377000.0,backfill
7811,2026-01,33377000.0,backfill
7811,2026-02,33377000.0,backfill
7811,2026-03,33377000.0,backfill
7811,2026-04,33377000.0,backfill
7811,2026-05,33377000.0,backfill
7811,2026-06,33377000.0,backfill
7811,2026-07,33377000.0,backfill
7811,2026-08,33377000.0,backfill
7811,2026-09,33377000.0,backfill
7811,2026-10,33377000.0,snap
7812,2025-09,64398521.0,backfill
7812,2025-10,64398521.0,backfill
7812,2025-11,64398521.0,backfill
7812,2025-12,64398521.0,backfill
7812,2026-01,64398521.0,backfill
7812,2026-02,64398521.0,backfill
7812,2026-03,64398521.0,backfill
7812,2026-04,64398521.0,backfill
7812,2026-05,64398521.0,backfill
7812,2026-06,64398521.0,backfill
7812,2026-07,64398521.0,backfill
7812,2026-08,64398521.0,backfill
7812,2026-09,64398521.0,backfill
7812,2026-10,64398521.0,snap
7814,2025-09,45000000.0,backfill
7814,2025-10,45000000.0,backfill
7814,2025-11,45000000.0,backfill
7814,2025-12,45000000.0,backfill
7814,2026-01,45000000.0,backfill
7814,2026-02,45000000.0,backfill
7814,2026-03,45000000.0,backfill
7814,2026-04,45000000.0,backfill
7814,2026-05,45000000.0,backfill
7814,2026-06,45000000.0,backfill
7814,2026-07,45000000.0,backfill
7814,2026-08,45000000.0,backfill
7814,2026-09,45000000.0,backfill
7814,2026-10,45000000.0,snap
7818,2025-09,164946000.0,backfill
7818,2025-10,164946000.0,backfill
7818,2025-11,164946000.0,backfill
7818,2025-12,164946000.0,backfill
7818,2026-01,164946000.0,backfill
7818,2026-02,164946000.0,backfill
7818,2026-03,164946000.0,backfill
7818,2026-04,164946000.0,backfill
7818,2026-05,164946000.0,backfill
7818,2026-06,164946000.0,backfill
7818,2026-07,164946000.0,backfill
7818,2026-08,164946000.0,backfill
7818,2026-09,164946000.0,backfill
7818,2026-10,164946000.0,snap
7819,2025-09,25263500.0,backfill
7819,2025-10,25263500.0,backfill
7819,2025-11,25263500.0,backfill
7819,2025-12,25263500.0,backfill
7819,2026-01,25263500.0,backfill
7819,2026-02,25263500.0,backfill
7819,2026-03,25263500.0,backfill
7819,2026-04,25263500.0,backfill
7819,2026-05,25263500.0,backfill
7819,2026-06,25263500.0,backfill
7819,2026-07,25263500.0,backfill
7819,2026-08,25263500.0,backfill
7819,2026-09,25263500.0,backfill
7819,2026-10,25263500.0,snap
7820,2025-09,37768096.0,backfill
7820,2025-10,37768096.0,backfill
7820,2025-11,37768096.0,backfill
7820,2025-12,37768096.0,backfill
7820,2026-01,37768096.0,backfill
7820,2026-02,37768096.0,backfill
7820,2026-03,37768096.0,backfill
7820,2026-04,37768096.0,backfill
7820,2026-05,37768096.0,backfill
7820,2026-06,37768096.0,backfill
7820,2026-07,37768096.0,backfill
7820,2026-08,37768096.0,backfill
7820,2026-09,37768096.0,backfill
7820,2026-10,37768096.0,snap
7821,2025-09,121913300.0,backfill
7821,2025-10,121913300.0,backfill
7821,2025-11,121913300.0,backfill
7821,2025-12,121913300.0,backfill
7821,2026-01,121913300.0,backfill
7821,2026-02,121913300.0,backfill
7821,2026-03,121913300.0,backfill
7821,2026-04,121913300.0,backfill
7821,2026-05,121913300.0,backfill
7821,2026-06,121913300.0,backfill
7821,2026-07,121913300.0,backfill
7821,2026-08,121913300.0,backfill
7821,2026-09,121913300.0,backfill
7821,2026-10,121913300.0,snap
7822,2025-09,45560763.0,backfill
7822,2025-10,45560763.0,backfill
7822,2025-11,45560763.0,backfill
7822,2025-12,45560763.0,backfill
7822,2026-01,45560763.0,backfill
7822,2026-02,45560763.0,backfill
7822,2026-03,45560763.0,backfill
7822,2026-04,45560763.0,backfill
7822,2026-05,45560763.0,backfill
7822,2026-06,45560763.0,backfill
7822,2026-07,45560763.0,backfill
7822,2026-08,45560763.0,backfill
7822,2026-09,45560763.0,backfill
7822,2026-10,45560763.0,snap
7823,2025-09,33490890.0,backfill
7823,2025-10,33490890.0,backfill
7823,2025-11,33490890.0,backfill
7823,2025-12,33490890.0,backfill
7823,2026-01,33490890.0,backfill
7823,2026-02,33490890.0,backfill
7823,2026-03,33490890.0,backfill
7823,2026-04,33490890.0,backfill
7823,2026-05,33490890.0,backfill
7823,2026-06,33490890.0,backfill
7823,2026-07,33490890.0,backfill
7823,2026-08,33490890.0,backfill
7823,2026-09,33490890.0,backfill
7823,2026-10,33490890.0,snap
7825,2025-09,23114500.0,backfill
7825,2025-10,23114500.0,backfill
7825,2025-11,23114500.0,backfill
7825,2025-12,23114500.0,backfill
7825,2026-01,23114500.0,backfill
7825,2026-02,23114500.0,backfill
7825,2026-03,23114500.0,backfill
7825,2026-04,23114500.0,backfill
7825,2026-05,23114500.0,backfill
7825,2026-06,23114500.0,backfill
7825,2026-07,23114500.0,backfill
7825,2026-08,23114500.0,backfill
7825,2026-09,23114500.0,backfill
7825,2026-10,23114500.0,snap
7827,2025-09,140887437.0,backfill
7827,2025-10,140887437.0,backfill
7827,2025-11,140887437.0,backfill
7827,2025-12,140887437.0,backfill
7827,2026-01,140887437.0,backfill
7827,2026-02,140887437.0,backfill
7827,2026-03,140887437.0,backfill
7827,2026-04,140887437.0,backfill
7827,2026-05,140887437.0,backfill
7827,2026-06,140887437.0,backfill
7827,2026-07,140887437.0,backfill
7827,2026-08,140887437.0,backfill
7827,2026-09,140887437.0,backfill
7827,2026-10,140887437.0,snap
7828,2025-09,40493911.0,backfill
7828,2025-10,40493911.0,backfill
7828,2025-11,40493911.0,backfill
7828,2025-12,40493911.0,backfill
7828,2026-01,40493911.0,backfill
7828,2026-02,40493911.0,backfill
7828,2026-03,40493911.0,backfill
7828,2026-04,40493911.0,backfill
7828,2026-05,40493911.0,backfill
7828,2026-06,40493911.0,backfill
7828,2026-07,40493911.0,backfill
7828,2026-08,40493911.0,backfill
7828,2026-09,40493911.0,backfill
7828,2026-10,40493911.0,snap
7835,2025-09,46544367.0,backfill
7835,2025-10,46544367.0,backfill
7835,2025-11,46544367.0,backfill
7835,2025-12,46544367.0,backfill
7835,2026-01,46544367.0,backfill
7835,2026-02,46544367.0,backfill
7835,2026-03,46544367.0,backfill
7835,2026-04,46544367.0,backfill
7835,2026-05,46544367.0,backfill
7835,2026-06,46544367.0,backfill
7835,2026-07,46544367.0,backfill
7835,2026-08,46544367.0,backfill
7835,2026-09,46544367.0,backfill
7835,2026-10,46544367.0,snap
7839,2025-09,15096025.0,backfill
7839,2025-10,15096025.0,backfill
7839,2025-11,15096025.0,backfill
7839,2025-12,15096025.0,backfill
7839,2026-01,15096025.0,backfill
7839,2026-02,15096025.0,backfill
7839,2026-03,15096025.0,backfill
7839,2026-04,15096025.0,backfill
7839,2026-05,15096025.0,backfill
7839,2026-06,15096025.0,backfill
7839,2026-07,15096025.0,backfill
7839,2026-08,15096025.0,backfill
7839,2026-09,15096025.0,backfill
7839,2026-10,15096025.0,snap
7842,2025-09,18250000.0,backfill
7842,2025-10,18250000.0,backfill
7842,2025-11,18250000.0,backfill
7842,2025-12,18250000.0,backfill
7842,2026-01,18250000.0,backfill
7842,2026-02,18250000.0,backfill
7842,2026-03,18250000.0,backfill
7842,2026-04,18250000.0,backfill
7842,2026-05,18250000.0,backfill
7842,2026-06,18250000.0,backfill
7842,2026-07,18250000.0,backfill
7842,2026-08,18250000.0,backfill
7842,2026-09,18250000.0,backfill
7842,2026-10,18250000.0,snap
7855,2025-09,192527928.0,backfill
7855,2025-10,192527928.0,backfill
7855,2025-11,192527928.0,backfill
7855,2025-12,192527928.0,backfill
7855,2026-01,192527928.0,backfill
7855,2026-02,192527928.0,backfill
7855,2026-03,192527928.0,backfill
7855,2026-04,192527928.0,backfill
7855,2026-05,192527928.0,backfill
7855,2026-06,192527928.0,backfill
7855,2026-07,192527928.0,backfill
7855,2026-08,192527928.0,backfill
7855,2026-09,192527928.0,backfill
7855,2026-10,192527928.0,snap
7856,2025-09,33000000.0,backfill
7856,2025-10,33000000.0,backfill
7856,2025-11,33000000.0,backfill
7856,2025-12,33000000.0,backfill
7856,2026-01,33000000.0,backfill
7856,2026-02,33000000.0,backfill
7856,2026-03,33000000.0,backfill
7856,2026-04,33000000.0,backfill
7856,2026-05,33000000.0,backfill
7856,2026-06,33000000.0,backfill
7856,2026-07,33000000.0,backfill
7856,2026-08,33000000.0,backfill
7856,2026-09,33000000.0,backfill
7856,2026-10,33000000.0,snap
8011,2025-09,165921891.0,backfill
8011,2025-10,165921891.0,backfill
8011,2025-11,165921891.0,backfill
8011,2025-12,165921891.0,backfill
8011,2026-01,165921891.0,backfill
8011,2026-02,165921891.0,backfill
8011,2026-03,165921891.0,backfill
8011,2026-04,165921891.0,backfill
8011,2026-05,165921891.0,backfill
8011,2026-06,165921891.0,backfill
8011,2026-07,165921891.0,backfill
8011,2026-08,165921891.0,backfill
8011,2026-09,165921891.0,backfill
8011,2026-10,165921891.0,snap
8016,2025-09,120136876.0,backfill
8016,2025-10,120136876.0,backfill
8016,2025-11,120136876.0,backfill
8016,2025-12,120136876.0,backfill
8016,2026-01,120136876.0,backfill
8016,2026-02,120136876.0,backfill
8016,2026-03,120136876.0,backfill
8016,2026-04,120136876.0,backfill
8016,2026-05,120136876.0,backfill
8016,2026-06,120136876.0,backfill
8016,2026-07,120136876.0,backfill
8016,2026-08,120136876.0,backfill
8016,2026-09,120136876.0,backfill
8016,2026-10,120136876.0,snap
8021,2025-09,145042467.0,backfill
8021,2025-10,145042467.0,backfill
8021,2025-11,145042467.0,backfill
8021,2025-12,145042467.0,backfill
8021,2026-01,145042467.0,backfill
8021,2026-02,145042467.0,backfill
8021,2026-03,145042467.0,backfill
8021,2026-04,145042467.0,backfill
8021,2026-05,145042467.0,backfill
8021,2026-06,145042467.0,backfill
8021,2026-07,145042467.0,backfill
8021,2026-08,145042467.0,backfill
8021,2026-09,145042467.0,backfill
8021,2026-10,145042467.0,snap
8024,2025-09,45160100.0,backfill
8024,2025-10,45160100.0,backfill
8024,2025-11,45160100.0,backfill
8024,2025-12,45160100.0,backfill
8024,2026-01,45160100.0,backfill
8024,2026-02,45160100.0,backfill
8024,2026-03,45160100.0,backfill
8024,2026-04,45160100.0,backfill
8024,2026-05,45160100.0,backfill
8024,2026-06,45160100.0,backfill
8024,2026-07,45160100.0,backfill
8024,2026-08,45160100.0,backfill
8024,2026-09,45160100.0,backfill
8024,2026-10,45160100.0,snap
8027,2025-09,109750596.0,backfill
8027,2025-10,109750596.0,backfill
8027,2025-11,109750596.0,backfill
8027,2025-12,109750596.0,backfill
8027,2026-01,109750596.0,backfill
8027,2026-02,109750596.0,backfill
8027,2026-03,109750596.0,backfill
8027,2026-04,109750596.0,backfill
8027,2026-05,109750596.0,backfill
8027,2026-06,109750596.0,backfill
8027,2026-07,109750596.0,backfill
8027,2026-08,109750596.0,backfill
8027,2026-09,109750596.0,backfill
8027,2026-10,109750596.0,snap
8028,2025-09,183550260.0,backfill
8028,2025-10,183550260.0,backfill
8028,2025-11,183550260.0,backfill
8028,2025-12,183550260.0,backfill
8028,2026-01,183550260.0,backfill
8028,2026-02,183550260.0,backfill
8028,2026-03,183550260.0,backfill
8028,2026-04,183550260.0,backfill
8028,2026-05,183550260.0,backfill
8028,2026-06,183550260.0,backfill
8028,2026-07,183550260.0,backfill
8028,2026-08,183550260.0,backfill
8028,2026-09,183550260.0,backfill
8028,2026-10,183550260.0,snap
8032,2025-09,51810300.0,backfill
8032,2025-10,51810300.0,backfill
8032,2025-11,51810300.0,backfill
8032,2025-12,51810300.0,backfill
8032,2026-01,51810300.0,backfill
8032,2026-02,51810300.0,backfill
8032,2026-03,51810300.0,backfill
8032,2026-04,51810300.0,backfill
8032,2026-05,51810300.0,backfill
8032,2026-06,51810300.0,backfill
8032,2026-07,51810300.0,backfill
8032,2026-08,51810300.0,backfill
8032,2026-09,51810300.0,backfill
8032,2026-10,51810300.0,snap
8033,2025-09,164629775.0,backfill
8033,2025-10,164629775.0,backfill
8033,2025-11,164629775.0,backfill
8033,2025-12,164629775.0,backfill
8033,2026-01,164629775.0,backfill
8033,2026-02,164629775.0,backfill
8033,2026-03,164629775.0,backfill
8033,2026-04,164629775.0,backfill
8033,2026-05,164629775.0,backfill
8033,2026-06,164629775.0,backfill
8033,2026-07,164629775.0,backfill
8033,2026-08,164629775.0,backfill
8033,2026-09,164629775.0,backfill
8033,2026-10,164629775.0,snap
8034,2025-09,56586353.0,backfill
8034,2025-10,56586353.0,backfill
8034,2025-11,56586353.0,backfill
8034,2025-12,56586353.0,backfill
8034,2026-01,56586353.0,backfill
8034,2026-02,56586353.0,backfill
8034,2026-03,56586353.0,backfill
8034,2026-04,56586353.0,backfill
8034,2026-05,56586353.0,backfill
8034,2026-06,56586353.0,backfill
8034,2026-07,56586353.0,backfill
8034,2026-08,56586353.0,backfill
8034,2026-09,56586353.0,backfill
8034,2026-10,56586353.0,snap
8038,2025-09,62278190.0,backfill
8038,2025-10,62278190.0,backfill
8038,2025-11,62278190.0,backfill
8038,2025-12,62278190.0,backfill
8038,2026-01,62278190.0,backfill
8038,2026-02,62278190.0,backfill
8038,2026-03,62278190.0,backfill
8038,2026-04,62278190.0,backfill
8038,2026-05,62278190.0,backfill
8038,2026-06,62278190.0,backfill
8038,2026-07,62278190.0,backfill
8038,2026-08,62278190.0,backfill
8038,2026-09,62278190.0,backfill
8038,2026-10,62278190.0,snap
8039,2025-09,263803994.0,backfill
8039,2025-10,263803994.0,backfill
8039,2025-11,263803994.0,backfill
8039,2025-12,263803994.0,backfill
8039,2026-01,263803994.0,backfill
8039,2026-02,263803994.0,backfill
8039,2026-03,263803994.0,backfill
8039,2026-04,263803994.0,backfill
8039,2026-05,263803994.0,backfill
8039,2026-06,263803994.0,backfill
8039,2026-07,263803994.0,backfill
8039,2026-08,263803994.0,backfill
8039,2026-09,263803994.0,backfill
8039,2026-10,263803994.0,snap
8040,2025-09,96413874.0,backfill
8040,2025-10,96413874.0,backfill
8040,2025-11,96413874.0,backfill
8040,2025-12,96413874.0,backfill
8040,2026-01,96413874.0,backfill
8040,2026-02,96413874.0,backfill
8040,2026-03,96413874.0,backfill
8040,2026-04,96413874.0,backfill
8040,2026-05,96413874.0,backfill
8040,2026-06,96413874.0,backfill
8040,2026-07,96413874.0,backfill
8040,2026-08,96413874.0,backfill
8040,2026-09,96413874.0,backfill
8040,2026-10,96413874.0,snap
8042,2025-09,131479954.0,backfill
8042,2025-10,131479954.0,backfill
8042,2025-11,131479954.0,backfill
8042,2025-12,131479954.0,backfill
8042,2026-01,131479954.0,backfill
8042,2026-02,131479954.0,backfill
8042,2026-03,131479954.0,backfill
8042,2026-04,131479954.0,backfill
8042,2026-05,131479954.0,backfill
8042,2026-06,131479954.0,backfill
8042,2026-07,131479954.0,backfill
8042,2026-08,131479954.0,backfill
8042,2026-09,131479954.0,backfill
8042,2026-10,131479954.0,snap
8043,2025-09,79907170.0,backfill
8043,2025-10,79907170.0,backfill
8043,2025-11,79907170.0,backfill
8043,2025-12,79907170.0,backfill
8043,2026-01,79907170.0,backfill
8043,2026-02,79907170.0,backfill
8043,2026-03,79907170.0,backfill
8043,2026-04,79907170.0,backfill
8043,2026-05,79907170.0,backfill
8043,2026-06,79907170.0,backfill
8043,2026-07,79907170.0,backfill
8043,2026-08,79907170.0,backfill
8043,2026-09,79907170.0,backfill
8043,2026-10,79907170.0,snap
8044,2025-09,204768065.0,backfill
8044,2025-10,204768065.0,backfill
8044,2025-11,204768065.0,backfill
8044,2025-12,204768065.0,backfill
8044,2026-01,204768065.0,backfill
8044,2026-02,204768065.0,backfill
8044,2026-03,204768065.0,backfill
8044,2026-04,204768065.0,backfill
8044,2026-05,204768065.0,backfill
8044,2026-06,204768065.0,backfill
8044,2026-07,204768065.0,backfill
8044,2026-08,204768065.0,backfill
8044,2026-09,204768065.0,backfill
8044,2026-10,204768065.0,snap
8045,2025-09,95041815.0,backfill
8045,2025-10,95041815.0,backfill
8045,2025-11,95041815.0,backfill
8045,2025-12,95041815.0,backfill
8045,2026-01,95041815.0,backfill
8045,2026-02,95041815.0,backfill
8045,2026-03,95041815.0,backfill
8045,2026-04,95041815.0,backfill
8045,2026-05,95041815.0,backfill
8045,2026-06,95041815.0,backfill
8045,2026-07,95041815.0,backfill
8045,2026-08,95041815.0,backfill
8045,2026-09,95041815.0,backfill
8045,2026-10,95041815.0,snap
8046,2025-09,646165487.0,backfill
8046,2025-10,646165487.0,backfill
8046,2025-11,646165487.0,backfill
8046,2025-12,646165487.0,backfill
8046,2026-01,646165487.0,backfill
8046,2026-02,646165487.0,backfill
8046,2026-03,646165487.0,backfill
8046,2026-04,646165487.0,backfill
8046,2026-05,646165487.0,backfill
8046,2026-06,646165487.0,backfill
8046,2026-07,646165487.0,backfill
8046,2026-08,646165487.0,backfill
8046,2026-09,646165487.0,backfill
8046,2026-10,646165487.0,snap
8047,2025-09,34613011.0,backfill
8047,2025-10,34613011.0,backfill
8047,2025-11,34613011.0,backfill
8047,2025-12,34613011.0,backfill
8047,2026-01,34613011.0,backfill
8047,2026-02,34613011.0,backfill
8047,2026-03,34613011.0,backfill
8047,2026-04,34613011.0,backfill
8047,2026-05,34613011.0,backfill
8047,2026-06,34613011.0,backfill
8047,2026-07,34613011.0,backfill
8047,2026-08,34613011.0,backfill
8047,2026-09,34613011.0,backfill
8047,2026-10,34613011.0,snap
8048,2025-09,59436924.0,backfill
8048,2025-10,59436924.0,backfill
8048,2025-11,59436924.0,backfill
8048,2025-12,59436924.0,backfill
8048,2026-01,59436924.0,backfill
8048,2026-02,59436924.0,backfill
8048,2026-03,59436924.0,backfill
8048,2026-04,59436924.0,backfill
8048,2026-05,59436924.0,backfill
8048,2026-06,59436924.0,backfill
8048,2026-07,59436924.0,backfill
8048,2026-08,59436924.0,backfill
8048,2026-09,59436924.0,backfill
8048,2026-10,59436924.0,snap
8049,2025-09,118279808.0,backfill
8049,2025-10,118279808.0,backfill
8049,2025-11,118279808.0,backfill
8049,2025-12,118279808.0,backfill
8049,2026-01,118279808.0,backfill
8049,2026-02,118279808.0,backfill
8049,2026-03,118279808.0,backfill
8049,2026-04,118279808.0,backfill
8049,2026-05,118279808.0,backfill
8049,2026-06,118279808.0,backfill
8049,2026-07,118279808.0,backfill
8049,2026-08,118279808.0,backfill
8049,2026-09,118279808.0,backfill
8049,2026-10,118279808.0,snap
8050,2025-09,205204891.0,backfill
8050,2025-10,205204891.0,backfill
8050,2025-11,205204891.0,backfill
8050,2025-12,205204891.0,backfill
8050,2026-01,205204891.0,backfill
8050,2026-02,205204891.0,backfill
8050,2026-03,205204891.0,backfill
8050,2026-04,205204891.0,backfill
8050,2026-05,205204891.0,backfill
8050,2026-06,205204891.0,backfill
8050,2026-07,205204891.0,backfill
8050,2026-08,205204891.0,backfill
8050,2026-09,205204891.0,backfill
8050,2026-10,205204891.0,snap
8054,2025-09,108732566.0,backfill
8054,2025-10,108732566.0,backfill
8054,2025-11,108732566.0,backfill
8054,2025-12,108732566.0,backfill
8054,2026-01,108732566.0,backfill
8054,2026-02,108732566.0,backfill
8054,2026-03,108732566.0,backfill
8054,2026-04,108732566.0,backfill
8054,2026-05,108732566.0,backfill
8054,2026-06,108732566.0,backfill
8054,2026-07,108732566.0,backfill
8054,2026-08,108732566.0,backfill
8054,2026-09,108732566.0,backfill
8054,2026-10,108732566.0,snap
8059,2025-09,116466300.0,backfill
8059,2025-10,116466300.0,backfill
8059,2025-11,116466300.0,backfill
8059,2025-12,116466300.0,backfill
8059,2026-01,116466300.0,backfill
8059,2026-02,116466300.0,backfill
8059,2026-03,116466300.0,backfill
8059,2026-04,116466300.0,backfill
8059,2026-05,116466300.0,backfill
8059,2026-06,116466300.0,backfill
8059,2026-07,116466300.0,backfill
8059,2026-08,116466300.0,backfill
8059,2026-09,116466300.0,backfill
8059,2026-10,116466300.0,snap
8064,2025-09,184817836.0,backfill
8064,2025-10,184817836.0,backfill
8064,2025-11,184817836.0,backfill
8064,2025-12,184817836.0,backfill
8064,2026-01,184817836.0,backfill
8064,2026-02,184817836.0,backfill
8064,2026-03,184817836.0,backfill
8064,2026-04,184817836.0,backfill
8064,2026-05,184817836.0,backfill
8064,2026-06,184817836.0,backfill
8064,2026-07,184817836.0,backfill
8064,2026-08,184817836.0,backfill
8064,2026-09,184817836.0,backfill
8064,2026-10,184817836.0,snap
8066,2025-09,36642304.0,backfill
8066,2025-10,36642304.0,backfill
8066,2025-11,36642304.0,backfill
8066,2025-12,36642304.0,backfill
8066,2026-01,36642304.0,backfill
8066,2026-02,36642304.0,backfill
8066,2026-03,36642304.0,backfill
8066,2026-04,36642304.0,backfill
8066,2026-05,36642304.0,backfill
8066,2026-06,36642304.0,backfill
8066,2026-07,36642304.0,backfill
8066,2026-08,36642304.0,backfill
8066,2026-09,36642304.0,backfill
8066,2026-10,36642304.0,snap
8067,2025-09,20700000.0,backfill
8067,2025-10,20700000.0,backfill
8067,2025-11,20700000.0,backfill
8067,2025-12,20700000.0,backfill
8067,2026-01,20700000.0,backfill
8067,2026-02,20700000.0,backfill
8067,2026-03,20700000.0,backfill
8067,2026-04,20700000.0,backfill
8067,2026-05,20700000.0,backfill
8067,2026-06,20700000.0,backfill
8067,2026-07,20700000.0,backfill
8067,2026-08,20700000.0,backfill
8067,2026-09,20700000.0,backfill
8067,2026-10,20700000.0,snap
8068,2025-09,80765949.0,backfill
8068,2025-10,80765949.0,backfill
8068,2025-11,80765949.0,backfill
8068,2025-12,80765949.0,backfill
8068,2026-01,80765949.0,backfill
8068,2026-02,80765949.0,backfill
8068,2026-03,80765949.0,backfill
8068,2026-04,80765949.0,backfill
8068,2026-05,80765949.0,backfill
8068,2026-06,80765949.0,backfill
8068,2026-07,80765949.0,backfill
8068,2026-08,80765949.0,backfill
8068,2026-09,80765949.0,backfill
8068,2026-10,80765949.0,snap
8069,2025-09,1154678380.0,backfill
8069,2025-10,1154678380.0,backfill
8069,2025-11,1154678380.0,backfill
8069,2025-12,1154678380.0,backfill
8069,2026-01,1154678380.0,backfill
8069,2026-02,1154678380.0,backfill
8069,2026-03,1154678380.0,backfill
8069,2026-04,1154678380.0,backfill
8069,2026-05,1154678380.0,backfill
8069,2026-06,1154678380.0,backfill
8069,2026-07,1154678380.0,backfill
8069,2026-08,1154678380.0,backfill
8069,2026-09,1154678380.0,backfill
8069,2026-10,1154678380.0,snap
8070,2025-09,725648455.0,backfill
8070,2025-10,725648455.0,backfill
8070,2025-11,725648455.0,backfill
8070,2025-12,725648455.0,backfill
8070,2026-01,725648455.0,backfill
8070,2026-02,725648455.0,backfill
8070,2026-03,725648455.0,backfill
8070,2026-04,725648455.0,backfill
8070,2026-05,725648455.0,backfill
8070,2026-06,725648455.0,backfill
8070,2026-07,725648455.0,backfill
8070,2026-08,725648455.0,backfill
8070,2026-09,725648455.0,backfill
8070,2026-10,725648455.0,snap
8071,2025-09,60084283.0,backfill
8071,2025-10,60084283.0,backfill
8071,2025-11,60084283.0,backfill
8071,2025-12,60084283.0,backfill
8071,2026-01,60084283.0,backfill
8071,2026-02,60084283.0,backfill
8071,2026-03,60084283.0,backfill
8071,2026-04,60084283.0,backfill
8071,2026-05,60084283.0,backfill
8071,2026-06,60084283.0,backfill
8071,2026-07,60084283.0,backfill
8071,2026-08,60084283.0,backfill
8071,2026-09,60084283.0,backfill
8071,2026-10,60084283.0,snap
8072,2025-09,80000000.0,backfill
8072,2025-10,80000000.0,backfill
8072,2025-11,80000000.0,backfill
8072,2025-12,80000000.0,backfill
8072,2026-01,80000000.0,backfill
8072,2026-02,80000000.0,backfill
8072,2026-03,80000000.0,backfill
8072,2026-04,80000000.0,backfill
8072,2026-05,80000000.0,backfill
8072,2026-06,80000000.0,backfill
8072,2026-07,80000000.0,backfill
8072,2026-08,80000000.0,backfill
8072,2026-09,80000000.0,backfill
8072,2026-10,80000000.0,snap
8074,2025-09,86974466.0,backfill
8074,2025-10,86974466.0,backfill
8074,2025-11,86974466.0,backfill
8074,2025-12,86974466.0,backfill
8074,2026-01,86974466.0,backfill
8074,2026-02,86974466.0,backfill
8074,2026-03,86974466.0,backfill
8074,2026-04,86974466.0,backfill
8074,2026-05,86974466.0,backfill
8074,2026-06,86974466.0,backfill
8074,2026-07,86974466.0,backfill
8074,2026-08,86974466.0,backfill
8074,2026-09,86974466.0,backfill
8074,2026-10,86974466.0,snap
8076,2025-09,292213592.0,backfill
8076,2025-10,292213592.0,backfill
8076,2025-11,292213592.0,backfill
8076,2025-12,292213592.0,backfill
8076,2026-01,292213592.0,backfill
8076,2026-02,292213592.0,backfill
8076,2026-03,292213592.0,backfill
8076,2026-04,292213592.0,backfill
8076,2026-05,292213592.0,backfill
8076,2026-06,292213592.0,backfill
8076,2026-07,292213592.0,backfill
8076,2026-08,292213592.0,backfill
8076,2026-09,292213592.0,backfill
8076,2026-10,292213592.0,snap
8077,2025-09,21945669.0,backfill
8077,2025-10,21945669.0,backfill
8077,2025-11,21945669.0,backfill
8077,2025-12,21945669.0,backfill
8077,2026-01,21945669.0,backfill
8077,2026-02,21945669.0,backfill
8077,2026-03,21945669.0,backfill
8077,2026-04,21945669.0,backfill
8077,2026-05,21945669.0,backfill
8077,2026-06,21945669.0,backfill
8077,2026-07,21945669.0,backfill
8077,2026-08,21945669.0,backfill
8077,2026-09,21945669.0,backfill
8077,2026-10,21945669.0,snap
8080,2025-09,67163821.0,backfill
8080,2025-10,67163821.0,backfill
8080,2025-11,67163821.0,backfill
8080,2025-12,67163821.0,backfill
8080,2026-01,67163821.0,backfill
8080,2026-02,67163821.0,backfill
8080,2026-03,67163821.0,backfill
8080,2026-04,67163821.0,backfill
8080,2026-05,67163821.0,backfill
8080,2026-06,67163821.0,backfill
8080,2026-07,67163821.0,backfill
8080,2026-08,67163821.0,backfill
8080,2026-09,67163821.0,backfill
8080,2026-10,67163821.0,snap
8081,2025-09,86172072.0,backfill
8081,2025-10,86172072.0,backfill
8081,2025-11,86172072.0,backfill
8081,2025-12,86172072.0,backfill
8081,2026-01,86172072.0,backfill
8081,2026-02,86172072.0,backfill
8081,2026-03,86172072.0,backfill
8081,2026-04,86172072.0,backfill
8081,2026-05,86172072.0,backfill
8081,2026-06,86172072.0,backfill
8081,2026-07,86172072.0,backfill
8081,2026-08,86172072.0,backfill
8081,2026-09,86172072.0,backfill
8081,2026-10,86172072.0,snap
8083,2025-09,35133193.0,backfill
8083,2025-10,35133193.0,backfill
8083,2025-11,35133193.0,backfill
8083,2025-12,35133193.0,backfill
8083,2026-01,35133193.0,backfill
8083,2026-02,35133193.0,backfill
8083,2026-03,35133193.0,backfill
8083,2026-04,35133193.0,backfill
8083,2026-05,35133193.0,backfill
8083,2026-06,35133193.0,backfill
8083,2026-07,35133193.0,backfill
8083,2026-08,35133193.0,backfill
8083,2026-09,35133193.0,backfill
8083,2026-10,35133193.0,snap
8084,2025-09,69514149.0,backfill
8084,2025-10,69514149.0,backfill
8084,2025-11,69514149.0,backfill
8084,2025-12,69514149.0,backfill
8084,2026-01,69514149.0,backfill
8084,2026-02,69514149.0,backfill
8084,2026-03,69514149.0,backfill
8084,2026-04,69514149.0,backfill
8084,2026-05,69514149.0,backfill
8084,2026-06,69514149.0,backfill
8084,2026-07,69514149.0,backfill
8084,2026-08,69514149.0,backfill
8084,2026-09,69514149.0,backfill
8084,2026-10,69514149.0,snap
8085,2025-09,139983060.0,backfill
8085,2025-10,139983060.0,backfill
8085,2025-11,139983060.0,backfill
8085,2025-12,139983060.0,backfill
8085,2026-01,139983060.0,backfill
8085,2026-02,139983060.0,backfill
8085,2026-03,139983060.0,backfill
8085,2026-04,139983060.0,backfill
8085,2026-05,139983060.0,backfill
8085,2026-06,139983060.0,backfill
8085,2026-07,139983060.0,backfill
8085,2026-08,139983060.0,backfill
8085,2026-09,139983060.0,backfill
8085,2026-10,139983060.0,snap
8086,2025-09,196516123.0,backfill
8086,2025-10,196516123.0,backfill
8086,2025-11,196516123.0,backfill
8086,2025-12,196516123.0,backfill
8086,2026-01,196516123.0,backfill
8086,2026-02,196516123.0,backfill
8086,2026-03,196516123.0,backfill
8086,2026-04,196516123.0,backfill
8086,2026-05,196516123.0,backfill
8086,2026-06,196516123.0,backfill
8086,2026-07,196516123.0,backfill
8086,2026-08,196516123.0,backfill
8086,2026-09,196516123.0,backfill
8086,2026-10,196516123.0,snap
8087,2025-09,38646042.0,backfill
8087,2025-10,38646042.0,backfill
8087,2025-11,38646042.0,backfill
8087,2025-12,38646042.0,backfill
8087,2026-01,38646042.0,backfill
8087,2026-02,38646042.0,backfill
8087,2026-03,38646042.0,backfill
8087,2026-04,38646042.0,backfill
8087,2026-05,38646042.0,backfill
8087,2026-06,38646042.0,backfill
8087,2026-07,38646042.0,backfill
8087,2026-08,38646042.0,backfill
8087,2026-09,38646042.0,backfill
8087,2026-10,38646042.0,snap
8088,2025-09,60921749.0,backfill
8088,2025-10,60921749.0,backfill
8088,2025-11,60921749.0,backfill
8088,2025-12,60921749.0,backfill
8088,2026-01,60921749.0,backfill
8088,2026-02,60921749.0,backfill
8088,2026-03,60921749.0,backfill
8088,2026-04,60921749.0,backfill
8088,2026-05,60921749.0,backfill
8088,2026-06,60921749.0,backfill
8088,2026-07,60921749.0,backfill
8088,2026-08,60921749.0,backfill
8088,2026-09,60921749.0,backfill
8088,2026-10,60921749.0,snap
8089,2025-09,65998718.0,backfill
8089,2025-10,65998718.0,backfill
8089,2025-11,65998718.0,backfill
8089,2025-12,65998718.0,backfill
8089,2026-01,65998718.0,backfill
8089,2026-02,65998718.0,backfill
8089,2026-03,65998718.0,backfill
8089,2026-04,65998718.0,backfill
8089,2026-05,65998718.0,backfill
8089,2026-06,65998718.0,backfill
8089,2026-07,65998718.0,backfill
8089,2026-08,65998718.0,backfill
8089,2026-09,65998718.0,backfill
8089,2026-10,65998718.0,snap
8091,2025-09,56943651.0,backfill
8091,2025-10,56943651.0,backfill
8091,2025-11,56943651.0,backfill
8091,2025-12,56943651.0,backfill
8091,2026-01,56943651.0,backfill
8091,2026-02,56943651.0,backfill
8091,2026-03,56943651.0,backfill
8091,2026-04,56943651.0,backfill
8091,2026-05,56943651.0,backfill
8091,2026-06,56943651.0,backfill
8091,2026-07,56943651.0,backfill
8091,2026-08,56943651.0,backfill
8091,2026-09,56943651.0,backfill
8091,2026-10,56943651.0,snap
8092,2025-09,57172325.0,backfill
8092,2025-10,57172325.0,backfill
8092,2025-11,57172325.0,backfill
8092,2025-12,57172325.0,backfill
8092,2026-01,57172325.0,backfill
8092,2026-02,57172325.0,backfill
8092,2026-03,57172325.0,backfill
8092,2026-04,57172325.0,backfill
8092,2026-05,57172325.0,backfill
8092,2026-06,57172325.0,backfill
8092,2026-07,57172325.0,backfill
8092,2026-08,57172325.0,backfill
8092,2026-09,57172325.0,backfill
8092,2026-10,57172325.0,snap
8093,2025-09,56567567.0,backfill
8093,2025-10,56567567.0,backfill
8093,2025-11,56567567.0,backfill
8093,2025-12,56567567.0,backfill
8093,2026-01,56567567.0,backfill
8093,2026-02,56567567.0,backfill
8093,2026-03,56567567.0,backfill
8093,2026-04,56567567.0,backfill
8093,2026-05,56567567.0,backfill
8093,2026-06,56567567.0,backfill
8093,2026-07,56567567.0,backfill
8093,2026-08,56567567.0,backfill
8093,2026-09,56567567.0,backfill
8093,2026-10,56567567.0,snap
8096,2025-09,149343066.0,backfill
8096,2025-10,149343066.0,backfill
8096,2025-11,149343066.0,backfill
8096,2025-12,149343066.0,backfill
8096,2026-01,149343066.0,backfill
8096,2026-02,149343066.0,backfill
8096,2026-03,149343066.0,backfill
8096,2026-04,149343066.0,backfill
8096,2026-05,149343066.0,backfill
8096,2026-06,149343066.0,backfill
8096,2026-07,149343066.0,backfill
8096,2026-08,149343066.0,backfill
8096,2026-09,149343066.0,backfill
8096,2026-10,149343066.0,snap
8097,2025-09,60302468.0,backfill
8097,2025-10,60302468.0,backfill
8097,2025-11,60302468.0,backfill
8097,2025-12,60302468.0,backfill
8097,2026-01,60302468.0,backfill
8097,2026-02,60302468.0,backfill
8097,2026-03,60302468.0,backfill
8097,2026-04,60302468.0,backfill
8097,2026-05,60302468.0,backfill
8097,2026-06,60302468.0,backfill
8097,2026-07,60302468.0,backfill
8097,2026-08,60302468.0,backfill
8097,2026-09,60302468.0,backfill
8097,2026-10,60302468.0,snap
8099,2025-09,100072800.0,backfill
8099,2025-10,100072800.0,backfill
8099,2025-11,100072800.0,backfill
8099,2025-12,100072800.0,backfill
8099,2026-01,100072800.0,backfill
8099,2026-02,100072800.0,backfill
8099,2026-03,100072800.0,backfill
8099,2026-04,100072800.0,backfill
8099,2026-05,100072800.0,backfill
8099,2026-06,100072800.0,backfill
8099,2026-07,100072800.0,backfill
8099,2026-08,100072800.0,backfill
8099,2026-09,100072800.0,backfill
8099,2026-10,100072800.0,snap
8101,2025-09,52166216.0,backfill
8101,2025-10,52166216.0,backfill
8101,2025-11,52166216.0,backfill
8101,2025-12,52166216.0,backfill
8101,2026-01,52166216.0,backfill
8101,2026-02,52166216.0,backfill
8101,2026-03,52166216.0,backfill
8101,2026-04,52166216.0,backfill
8101,2026-05,52166216.0,backfill
8101,2026-06,52166216.0,backfill
8101,2026-07,52166216.0,backfill
8101,2026-08,52166216.0,backfill
8101,2026-09,52166216.0,backfill
8101,2026-10,52166216.0,snap
8102,2025-09,23358350.0,backfill
8102,2025-10,23358350.0,backfill
8102,2025-11,23358350.0,backfill
8102,2025-12,23358350.0,backfill
8102,2026-01,23358350.0,backfill
8102,2026-02,23358350.0,backfill
8102,2026-03,23358350.0,backfill
8102,2026-04,23358350.0,backfill
8102,2026-05,23358350.0,backfill
8102,2026-06,23358350.0,backfill
8102,2026-07,23358350.0,backfill
8102,2026-08,23358350.0,backfill
8102,2026-09,23358350.0,backfill
8102,2026-10,23358350.0,snap
8103,2025-09,78436671.0,backfill
8103,2025-10,78436671.0,backfill
8103,2025-11,78436671.0,backfill
8103,2025-12,78436671.0,backfill
8103,2026-01,78436671.0,backfill
8103,2026-02,78436671.0,backfill
8103,2026-03,78436671.0,backfill
8103,2026-04,78436671.0,backfill
8103,2026-05,78436671.0,backfill
8103,2026-06,78436671.0,backfill
8103,2026-07,78436671.0,backfill
8103,2026-08,78436671.0,backfill
8103,2026-09,78436671.0,backfill
8103,2026-10,78436671.0,snap
8104,2025-09,104058192.0,backfill
8104,2025-10,104058192.0,backfill
8104,2025-11,104058192.0,backfill
8104,2025-12,104058192.0,backfill
8104,2026-01,104058192.0,backfill
8104,2026-02,104058192.0,backfill
8104,2026-03,104058192.0,backfill
8104,2026-04,104058192.0,backfill
8104,2026-05,104058192.0,backfill
8104,2026-06,104058192.0,backfill
8104,2026-07,104058192.0,backfill
8104,2026-08,104058192.0,backfill
8104,2026-09,104058192.0,backfill
8104,2026-10,104058192.0,snap
8105,2025-09,441544851.0,backfill
8105,2025-10,441544851.0,backfill
8105,2025-11,441544851.0,backfill
8105,2025-12,441544851.0,backfill
8105,2026-01,441544851.0,backfill
8105,2026-02,441544851.0,backfill
8105,2026-03,441544851.0,backfill
8105,2026-04,441544851.0,backfill
8105,2026-05,441544851.0,backfill
8105,2026-06,441544851.0,backfill
8105,2026-07,441544851.0,backfill
8105,2026-08,441544851.0,backfill
8105,2026-09,441544851.0,backfill
8105,2026-10,441544851.0,snap
8107,2025-09,75000000.0,backfill
8107,2025-10,75000000.0,backfill
8107,2025-11,75000000.0,backfill
8107,2025-12,75000000.0,backfill
8107,2026-01,75000000.0,backfill
8107,2026-02,75000000.0,backfill
8107,2026-03,75000000.0,backfill
8107,2026-04,75000000.0,backfill
8107,2026-05,75000000.0,backfill
8107,2026-06,75000000.0,backfill
8107,2026-07,75000000.0,backfill
8107,2026-08,75000000.0,backfill
8107,2026-09,75000000.0,backfill
8107,2026-10,75000000.0,snap
8109,2025-09,82161236.0,backfill
8109,2025-10,82161236.0,backfill
8109,2025-11,82161236.0,backfill
8109,2025-12,82161236.0,backfill
8109,2026-01,82161236.0,backfill
8109,2026-02,82161236.0,backfill
8109,2026-03,82161236.0,backfill
8109,2026-04,82161236.0,backfill
8109,2026-05,82161236.0,backfill
8109,2026-06,82161236.0,backfill
8109,2026-07,82161236.0,backfill
8109,2026-08,82161236.0,backfill
8109,2026-09,82161236.0,backfill
8109,2026-10,82161236.0,snap
8110,2025-09,517739876.0,backfill
8110,2025-10,517739876.0,backfill
8110,2025-11,517739876.0,backfill
8110,2025-12,517739876.0,backfill
8110,2026-01,517739876.0,backfill
8110,2026-02,517739876.0,backfill
8110,2026-03,517739876.0,backfill
8110,2026-04,517739876.0,backfill
8110,2026-05,517739876.0,backfill
8110,2026-06,517739876.0,backfill
8110,2026-07,517739876.0,backfill
8110,2026-08,517739876.0,backfill
8110,2026-09,517739876.0,backfill
8110,2026-10,517739876.0,snap
8111,2025-09,109102223.0,backfill
8111,2025-10,109102223.0,backfill
8111,2025-11,109102223.0,backfill
8111,2025-12,109102223.0,backfill
8111,2026-01,109102223.0,backfill
8111,2026-02,109102223.0,backfill
8111,2026-03,109102223.0,backfill
8111,2026-04,109102223.0,backfill
8111,2026-05,109102223.0,backfill
8111,2026-06,109102223.0,backfill
8111,2026-07,109102223.0,backfill
8111,2026-08,109102223.0,backfill
8111,2026-09,109102223.0,backfill
8111,2026-10,109102223.0,snap
8112,2025-09,565293058.0,backfill
8112,2025-10,565293058.0,backfill
8112,2025-11,565293058.0,backfill
8112,2025-12,565293058.0,backfill
8112,2026-01,565293058.0,backfill
8112,2026-02,565293058.0,backfill
8112,2026-03,565293058.0,backfill
8112,2026-04,565293058.0,backfill
8112,2026-05,565293058.0,backfill
8112,2026-06,565293058.0,backfill
8112,2026-07,565293058.0,backfill
8112,2026-08,565293058.0,backfill
8112,2026-09,565293058.0,backfill
8112,2026-10,565293058.0,snap
8114,2025-09,76487772.0,backfill
8114,2025-10,76487772.0,backfill
8114,2025-11,76487772.0,backfill
8114,2025-12,76487772.0,backfill
8114,2026-01,76487772.0,backfill
8114,2026-02,76487772.0,backfill
8114,2026-03,76487772.0,backfill
8114,2026-04,76487772.0,backfill
8114,2026-05,76487772.0,backfill
8114,2026-06,76487772.0,backfill
8114,2026-07,76487772.0,backfill
8114,2026-08,76487772.0,backfill
8114,2026-09,76487772.0,backfill
8114,2026-10,76487772.0,snap
8121,2025-09,212993743.0,backfill
8121,2025-10,212993743.0,backfill
8121,2025-11,212993743.0,backfill
8121,2025-12,212993743.0,backfill
8121,2026-01,212993743.0,backfill
8121,2026-02,212993743.0,backfill
8121,2026-03,212993743.0,backfill
8121,2026-04,212993743.0,backfill
8121,2026-05,212993743.0,backfill
8121,2026-06,212993743.0,backfill
8121,2026-07,212993743.0,backfill
8121,2026-08,212993743.0,backfill
8121,2026-09,212993743.0,backfill
8121,2026-10,212993743.0,snap
8131,2025-09,442222223.0,backfill
8131,2025-10,442222223.0,backfill
8131,2025-11,442222223.0,backfill
8131,2025-12,442222223.0,backfill
8131,2026-01,442222223.0,backfill
8131,2026-02,442222223.0,backfill
8131,2026-03,442222223.0,backfill
8131,2026-04,442222223.0,backfill
8131,2026-05,442222223.0,backfill
8131,2026-06,442222223.0,backfill
8131,2026-07,442222223.0,backfill
8131,2026-08,442222223.0,backfill
8131,2026-09,442222223.0,backfill
8131,2026-10,442222223.0,snap
8147,2025-09,41817166.0,backfill
8147,2025-10,41817166.0,backfill
8147,2025-11,41817166.0,backfill
8147,2025-12,41817166.0,backfill
8147,2026-01,41817166.0,backfill
8147,2026-02,41817166.0,backfill
8147,2026-03,41817166.0,backfill
8147,2026-04,41817166.0,backfill
8147,2026-05,41817166.0,backfill
8147,2026-06,41817166.0,backfill
8147,2026-07,41817166.0,backfill
8147,2026-08,41817166.0,backfill
8147,2026-09,41817166.0,backfill
8147,2026-10,41817166.0,snap
8150,2025-09,704523126.0,backfill
8150,2025-10,704523126.0,backfill
8150,2025-11,704523126.0,backfill
8150,2025-12,704523126.0,backfill
8150,2026-01,704523126.0,backfill
8150,2026-02,704523126.0,backfill
8150,2026-03,704523126.0,backfill
8150,2026-04,704523126.0,backfill
8150,2026-05,704523126.0,backfill
8150,2026-06,704523126.0,backfill
8150,2026-07,704523126.0,backfill
8150,2026-08,704523126.0,backfill
8150,2026-09,704523126.0,backfill
8150,2026-10,704523126.0,snap
8155,2025-09,62367700.0,backfill
8155,2025-10,62367700.0,backfill
8155,2025-11,62367700.0,backfill
8155,2025-12,62367700.0,backfill
8155,2026-01,62367700.0,backfill
8155,2026-02,62367700.0,backfill
8155,2026-03,62367700.0,backfill
8155,2026-04,62367700.0,backfill
8155,2026-05,62367700.0,backfill
8155,2026-06,62367700.0,backfill
8155,2026-07,62367700.0,backfill
8155,2026-08,62367700.0,backfill
8155,2026-09,62367700.0,backfill
8155,2026-10,62367700.0,snap
8162,2025-09,68702000.0,backfill
8162,2025-10,68702000.0,backfill
8162,2025-11,68702000.0,backfill
8162,2025-12,68702000.0,backfill
8162,2026-01,68702000.0,backfill
8162,2026-02,68702000.0,backfill
8162,2026-03,68702000.0,backfill
8162,2026-04,68702000.0,backfill
8162,2026-05,68702000.0,backfill
8162,2026-06,68702000.0,backfill
8162,2026-07,68702000.0,backfill
8162,2026-08,68702000.0,backfill
8162,2026-09,68702000.0,backfill
8162,2026-10,68702000.0,snap
8163,2025-09,280000001.0,backfill
8163,2025-10,280000001.0,backfill
8163,2025-11,280000001.0,backfill
8163,2025-12,280000001.0,backfill
8163,2026-01,280000001.0,backfill
8163,2026-02,280000001.0,backfill
8163,2026-03,280000001.0,backfill
8163,2026-04,280000001.0,backfill
8163,2026-05,280000001.0,backfill
8163,2026-06,280000001.0,backfill
8163,2026-07,280000001.0,backfill
8163,2026-08,280000001.0,backfill
8163,2026-09,280000001.0,backfill
8163,2026-10,280000001.0,snap
8171,2025-09,112853326.0,backfill
8171,2025-10,112853326.0,backfill
8171,2025-11,112853326.0,backfill
8171,2025-12,112853326.0,backfill
8171,2026-01,112853326.0,backfill
8171,2026-02,112853326.0,backfill
8171,2026-03,112853326.0,backfill
8171,2026-04,112853326.0,backfill
8171,2026-05,112853326.0,backfill
8171,2026-06,112853326.0,backfill
8171,2026-07,112853326.0,backfill
8171,2026-08,112853326.0,backfill
8171,2026-09,112853326.0,backfill
8171,2026-10,112853326.0,snap
8176,2025-09,59800000.0,backfill
8176,2025-10,59800000.0,backfill
8176,2025-11,59800000.0,backfill
8176,2025-12,59800000.0,backfill
8176,2026-01,59800000.0,backfill
8176,2026-02,59800000.0,backfill
8176,2026-03,59800000.0,backfill
8176,2026-04,59800000.0,backfill
8176,2026-05,59800000.0,backfill
8176,2026-06,59800000.0,backfill
8176,2026-07,59800000.0,backfill
8176,2026-08,59800000.0,backfill
8176,2026-09,59800000.0,backfill
8176,2026-10,59800000.0,snap
8182,2025-09,107041215.0,backfill
8182,2025-10,107041215.0,backfill
8182,2025-11,107041215.0,backfill
8182,2025-12,107041215.0,backfill
8182,2026-01,107041215.0,backfill
8182,2026-02,107041215.0,backfill
8182,2026-03,107041215.0,backfill
8182,2026-04,107041215.0,backfill
8182,2026-05,107041215.0,backfill
8182,2026-06,107041215.0,backfill
8182,2026-07,107041215.0,backfill
8182,2026-08,107041215.0,backfill
8182,2026-09,107041215.0,backfill
8182,2026-10,107041215.0,snap
8201,2025-09,62366275.0,backfill
8201,2025-10,62366275.0,backfill
8201,2025-11,62366275.0,backfill
8201,2025-12,62366275.0,backfill
8201,2026-01,62366275.0,backfill
8201,2026-02,62366275.0,backfill
8201,2026-03,62366275.0,backfill
8201,2026-04,62366275.0,backfill
8201,2026-05,62366275.0,backfill
8201,2026-06,62366275.0,backfill
8201,2026-07,62366275.0,backfill
8201,2026-08,62366275.0,backfill
8201,2026-09,62366275.0,backfill
8201,2026-10,62366275.0,snap
8210,2025-09,125619146.0,backfill
8210,2025-10,125619146.0,backfill
8210,2025-11,125619146.0,backfill
8210,2025-12,125619146.0,backfill
8210,2026-01,125619146.0,backfill
8210,2026-02,125619146.0,backfill
8210,2026-03,125619146.0,backfill
8210,2026-04,125619146.0,backfill
8210,2026-05,125619146.0,backfill
8210,2026-06,125619146.0,backfill
8210,2026-07,125619146.0,backfill
8210,2026-08,125619146.0,backfill
8210,2026-09,125619146.0,backfill
8210,2026-10,125619146.0,snap
8213,2025-09,271242488.0,backfill
8213,2025-10,271242488.0,backfill
8213,2025-11,271242488.0,backfill
8213,2025-12,271242488.0,backfill
8213,2026-01,271242488.0,backfill
8213,2026-02,271242488.0,backfill
8213,2026-03,271242488.0,backfill
8213,2026-04,271242488.0,backfill
8213,2026-05,271242488.0,backfill
8213,2026-06,271242488.0,backfill
8213,2026-07,271242488.0,backfill
8213,2026-08,271242488.0,backfill
8213,2026-09,271242488.0,backfill
8213,2026-10,271242488.0,snap
8215,2025-09,320674514.0,backfill
8215,2025-10,320674514.0,backfill
8215,2025-11,320674514.0,backfill
8215,2025-12,320674514.0,backfill
8215,2026-01,320674514.0,backfill
8215,2026-02,320674514.0,backfill
8215,2026-03,320674514.0,backfill
8215,2026-04,320674514.0,backfill
8215,2026-05,320674514.0,backfill
8215,2026-06,320674514.0,backfill
8215,2026-07,320674514.0,backfill
8215,2026-08,320674514.0,backfill
8215,2026-09,320674514.0,backfill
8215,2026-10,320674514.0,snap
8222,2025-09,68573500.0,backfill
8222,2025-10,68573500.0,backfill
8222,2025-11,68573500.0,backfill
8222,2025-12,68573500.0,backfill
8222,2026-01,68573500.0,backfill
8222,2026-02,68573500.0,backfill
8222,2026-03,68573500.0,backfill
8222,2026-04,68573500.0,backfill
8222,2026-05,68573500.0,backfill
8222,2026-06,68573500.0,backfill
8222,2026-07,68573500.0,backfill
8222,2026-08,68573500.0,backfill
8222,2026-09,68573500.0,backfill
8222,2026-10,68573500.0,snap
8227,2025-09,39543000.0,backfill
8227,2025-10,39543000.0,backfill
8227,2025-11,39543000.0,backfill
8227,2025-12,39543000.0,backfill
8227,2026-01,39543000.0,backfill
8227,2026-02,39543000.0,backfill
8227,2026-03,39543000.0,backfill
8227,2026-04,39543000.0,backfill
8227,2026-05,39543000.0,backfill
8227,2026-06,39543000.0,backfill
8227,2026-07,39543000.0,backfill
8227,2026-08,39543000.0,backfill
8227,2026-09,39543000.0,backfill
8227,2026-10,39543000.0,snap
8234,2025-09,141226472.0,backfill
8234,2025-10,141226472.0,backfill
8234,2025-11,141226472.0,backfill
8234,2025-12,141226472.0,backfill
8234,2026-01,141226472.0,backfill
8234,2026-02,141226472.0,backfill
8234,2026-03,141226472.0,backfill
8234,2026-04,141226472.0,backfill
8234,2026-05,141226472.0,backfill
8234,2026-06,141226472.0,backfill
8234,2026-07,141226472.0,backfill
8234,2026-08,141226472.0,backfill
8234,2026-09,141226472.0,backfill
8234,2026-10,141226472.0,snap
8240,2025-09,100004414.0,backfill
8240,2025-10,100004414.0,backfill
8240,2025-11,100004414.0,backfill
8240,2025-12,100004414.0,backfill
8240,2026-01,100004414.0,backfill
8240,2026-02,100004414.0,backfill
8240,2026-03,100004414.0,backfill
8240,2026-04,100004414.0,backfill
8240,2026-05,100004414.0,backfill
8240,2026-06,100004414.0,backfill
8240,2026-07,100004414.0,backfill
8240,2026-08,100004414.0,backfill
8240,2026-09,100004414.0,backfill
8240,2026-10,100004414.0,snap
8249,2025-09,137824500.0,backfill
8249,2025-10,137824500.0,backfill
8249,2025-11,137824500.0,backfill
8249,2025-12,137824500.0,backfill
8249,2026-01,137824500.0,backfill
8249,2026-02,137824500.0,backfill
8249,2026-03,137824500.0,backfill
8249,2026-04,137824500.0,backfill
8249,2026-05,137824500.0,backfill
8249,2026-06,137824500.0,backfill
8249,2026-07,137824500.0,backfill
8249,2026-08,137824500.0,backfill
8249,2026-09,137824500.0,backfill
8249,2026-10,137824500.0,snap
8255,2025-09,101961041.0,backfill
8255,2025-10,101961041.0,backfill
8255,2025-11,101961041.0,backfill
8255,2025-12,101961041.0,backfill
8255,2026-01,101961041.0,backfill
8255,2026-02,101961041.0,backfill
8255,2026-03,101961041.0,backfill
8255,2026-04,101961041.0,backfill
8255,2026-05,101961041.0,backfill
8255,2026-06,101961041.0,backfill
8255,2026-07,101961041.0,backfill
8255,2026-08,101961041.0,backfill
8255,2026-09,101961041.0,backfill
8255,2026-10,101961041.0,snap
8261,2025-09,118878393.0,backfill
8261,2025-10,118878393.0,backfill
8261,2025-11,118878393.0,backfill
8261,2025-12,118878393.0,backfill
8261,2026-01,118878393.0,backfill
8261,2026-02,118878393.0,backfill
8261,2026-03,118878393.0,backfill
8261,2026-04,118878393.0,backfill
8261,2026-05,118878393.0,backfill
8261,2026-06,118878393.0,backfill
8261,2026-07,118878393.0,backfill
8261,2026-08,118878393.0,backfill
8261,2026-09,118878393.0,backfill
8261,2026-10,118878393.0,snap
8271,2025-09,129614266.0,backfill
8271,2025-10,129614266.0,backfill
8271,2025-11,129614266.0,backfill
8271,2025-12,129614266.0,backfill
8271,2026-01,129614266.0,backfill
8271,2026-02,129614266.0,backfill
8271,2026-03,129614266.0,backfill
8271,2026-04,129614266.0,backfill
8271,2026-05,129614266.0,backfill
8271,2026-06,129614266.0,backfill
8271,2026-07,129614266.0,backfill
8271,2026-08,129614266.0,backfill
8271,2026-09,129614266.0,backfill
8271,2026-10,129614266.0,snap
8272,2025-09,18997755.0,backfill
8272,2025-10,18997755.0,backfill
8272,2025-11,18997755.0,backfill
8272,2025-12,18997755.0,backfill
8272,2026-01,18997755.0,backfill
8272,2026-02,18997755.0,backfill
8272,2026-03,18997755.0,backfill
8272,2026-04,18997755.0,backfill
8272,2026-05,18997755.0,backfill
8272,2026-06,18997755.0,backfill
8272,2026-07,18997755.0,backfill
8272,2026-08,18997755.0,backfill
8272,2026-09,18997755.0,backfill
8272,2026-10,18997755.0,snap
8277,2025-09,39500000.0,backfill
8277,2025-10,39500000.0,backfill
8277,2025-11,39500000.0,backfill
8277,2025-12,39500000.0,backfill
8277,2026-01,39500000.0,backfill
8277,2026-02,39500000.0,backfill
8277,2026-03,39500000.0,backfill
8277,2026-04,39500000.0,backfill
8277,2026-05,39500000.0,backfill
8277,2026-06,39500000.0,backfill
8277,2026-07,39500000.0,backfill
8277,2026-08,39500000.0,backfill
8277,2026-09,39500000.0,backfill
8277,2026-10,39500000.0,snap
8279,2025-09,27100851.0,backfill
8279,2025-10,27100851.0,backfill
8279,2025-11,27100851.0,backfill
8279,2025-12,27100851.0,backfill
8279,2026-01,27100851.0,backfill
8279,2026-02,27100851.0,backfill
8279,2026-03,27100851.0,backfill
8279,2026-04,27100851.0,backfill
8279,2026-05,27100851.0,backfill
8279,2026-06,27100851.0,backfill
8279,2026-07,27100851.0,backfill
8279,2026-08,27100851.0,backfill
8279,2026-09,27100851.0,backfill
8279,2026-10,27100851.0,snap
8284,2025-09,47303000.0,backfill
8284,2025-10,47303000.0,backfill
8284,2025-11,47303000.0,backfill
8284,2025-12,47303000.0,backfill
8284,2026-01,47303000.0,backfill
8284,2026-02,47303000.0,backfill
8284,2026-03,47303000.0,backfill
8284,2026-04,47303000.0,backfill
8284,2026-05,47303000.0,backfill
8284,2026-06,47303000.0,backfill
8284,2026-07,47303000.0,backfill
8284,2026-08,47303000.0,backfill
8284,2026-09,47303000.0,backfill
8284,2026-10,47303000.0,snap
8289,2025-09,68333765.0,backfill
8289,2025-10,68333765.0,backfill
8289,2025-11,68333765.0,backfill
8289,2025-12,68333765.0,backfill
8289,2026-01,68333765.0,backfill
8289,2026-02,68333765.0,backfill
8289,2026-03,68333765.0,backfill
8289,2026-04,68333765.0,backfill
8289,2026-05,68333765.0,backfill
8289,2026-06,68333765.0,backfill
8289,2026-07,68333765.0,backfill
8289,2026-08,68333765.0,backfill
8289,2026-09,68333765.0,backfill
8289,2026-10,68333765.0,snap
8291,2025-09,17478450.0,backfill
8291,2025-10,17478450.0,backfill
8291,2025-11,17478450.0,backfill
8291,2025-12,17478450.0,backfill
8291,2026-01,17478450.0,backfill
8291,2026-02,17478450.0,backfill
8291,2026-03,17478450.0,backfill
8291,2026-04,17478450.0,backfill
8291,2026-05,17478450.0,backfill
8291,2026-06,17478450.0,backfill
8291,2026-07,17478450.0,backfill
8291,2026-08,17478450.0,backfill
8291,2026-09,17478450.0,backfill
8291,2026-10,17478450.0,snap
8299,2025-09,221165247.0,backfill
8299,2025-10,221165247.0,backfill
8299,2025-11,221165247.0,backfill
8299,2025-12,221165247.0,backfill
8299,2026-01,221165247.0,backfill
8299,2026-02,221165247.0,backfill
8299,2026-03,221165247.0,backfill
8299,2026-04,221165247.0,backfill
8299,2026-05,221165247.0,backfill
8299,2026-06,221165247.0,backfill
8299,2026-07,221165247.0,backfill
8299,2026-08,221165247.0,backfill
8299,2026-09,221165247.0,backfill
8299,2026-10,221165247.0,snap
8341,2025-09,130000000.0,backfill
8341,2025-10,130000000.0,backfill
8341,2025-11,130000000.0,backfill
8341,2025-12,130000000.0,backfill
8341,2026-01,130000000.0,backfill
8341,2026-02,130000000.0,backfill
8341,2026-03,130000000.0,backfill
8341,2026-04,130000000.0,backfill
8341,2026-05,130000000.0,backfill
8341,2026-06,130000000.0,backfill
8341,2026-07,130000000.0,backfill
8341,2026-08,130000000.0,backfill
8341,2026-09,130000000.0,backfill
8341,2026-10,130000000.0,snap
8342,2025-09,33536692.0,backfill
8342,2025-10,33536692.0,backfill
8342,2025-11,33536692.0,backfill
8342,2025-12,33536692.0,backfill
8342,2026-01,33536692.0,backfill
8342,2026-02,33536692.0,backfill
8342,2026-03,33536692.0,backfill
8342,2026-04,33536692.0,backfill
8342,2026-05,33536692.0,backfill
8342,2026-06,33536692.0,backfill
8342,2026-07,33536692.0,backfill
8342,2026-08,33536692.0,backfill
8342,2026-09,33536692.0,backfill
8342,2026-10,33536692.0,snap
8349,2025-09,208821391.0,backfill
8349,2025-10,208821391.0,backfill
8349,2025-11,208821391.0,backfill
8349,2025-12,208821391.0,backfill
8349,2026-01,208821391.0,backfill
8349,2026-02,208821391.0,backfill
8349,2026-03,208821391.0,backfill
8349,2026-04,208821391.0,backfill
8349,2026-05,208821391.0,backfill
8349,2026-06,208821391.0,backfill
8349,2026-07,208821391.0,backfill
8349,2026-08,208821391.0,backfill
8349,2026-09,208821391.0,backfill
8349,2026-10,208821391.0,snap
8354,2025-09,78532263.0,backfill
8354,2025-10,78532263.0,backfill
8354,2025-11,78532263.0,backfill
8354,2025-12,78532263.0,backfill
8354,2026-01,78532263.0,backfill
8354,2026-02,78532263.0,backfill
8354,2026-03,78532263.0,backfill
8354,2026-04,78532263.0,backfill
8354,2026-05,78532263.0,backfill
8354,2026-06,78532263.0,backfill
8354,2026-07,78532263.0,backfill
8354,2026-08,78532263.0,backfill
8354,2026-09,78532263.0,backfill
8354,2026-10,78532263.0,snap
8358,2025-09,252588000.0,backfill
8358,2025-10,252588000.0,backfill
8358,2025-11,252588000.0,backfill
8358,2025-12,252588000.0,backfill
8358,2026-01,252588000.0,backfill
8358,2026-02,252588000.0,backfill
8358,2026-03,252588000.0,backfill
8358,2026-04,252588000.0,backfill
8358,2026-05,252588000.0,backfill
8358,2026-06,252588000.0,backfill
8358,2026-07,252588000.0,backfill
8358,2026-08,252588000.0,backfill
8358,2026-09,252588000.0,backfill
8358,2026-10,252588000.0,snap
8367,2025-09,92172031.0,backfill
8367,2025-10,92172031.0,backfill
8367,2025-11,92172031.0,backfill
8367,2025-12,92172031.0,backfill
8367,2026-01,92172031.0,backfill
8367,2026-02,92172031.0,backfill
8367,2026-03,92172031.0,backfill
8367,2026-04,92172031.0,backfill
8367,2026-05,92172031.0,backfill
8367,2026-06,92172031.0,backfill
8367,2026-07,92172031.0,backfill
8367,2026-08,92172031.0,backfill
8367,2026-09,92172031.0,backfill
8367,2026-10,92172031.0,snap
8374,2025-09,112250487.0,backfill
8374,2025-10,112250487.0,backfill
8374,2025-11,112250487.0,backfill
8374,2025-12,112250487.0,backfill
8374,2026-01,112250487.0,backfill
8374,2026-02,112250487.0,backfill
8374,2026-03,112250487.0,backfill
8374,2026-04,112250487.0,backfill
8374,2026-05,112250487.0,backfill
8374,2026-06,112250487.0,backfill
8374,2026-07,112250487.0,backfill
8374,2026-08,112250487.0,backfill
8374,2026-09,112250487.0,backfill
8374,2026-10,112250487.0,snap
8383,2025-09,113760482.0,backfill
8383,2025-10,113760482.0,backfill
8383,2025-11,113760482.0,backfill
8383,2025-12,113760482.0,backfill
8383,2026-01,113760482.0,backfill
8383,2026-02,113760482.0,backfill
8383,2026-03,113760482.0,backfill
8383,2026-04,113760482.0,backfill
8383,2026-05,113760482.0,backfill
8383,2026-06,113760482.0,backfill
8383,2026-07,113760482.0,backfill
8383,2026-08,113760482.0,backfill
8383,2026-09,113760482.0,backfill
8383,2026-10,113760482.0,snap
8390,2025-09,96116128.0,backfill
8390,2025-10,96116128.0,backfill
8390,2025-11,96116128.0,backfill
8390,2025-12,96116128.0,backfill
8390,2026-01,96116128.0,backfill
8390,2026-02,96116128.0,backfill
8390,2026-03,96116128.0,backfill
8390,2026-04,96116128.0,backfill
8390,2026-05,96116128.0,backfill
8390,2026-06,96116128.0,backfill
8390,2026-07,96116128.0,backfill
8390,2026-08,96116128.0,backfill
8390,2026-09,96116128.0,backfill
8390,2026-10,96116128.0,snap
8401,2025-09,70669058.0,backfill
8401,2025-10,70669058.0,backfill
8401,2025-11,70669058.0,backfill
8401,2025-12,70669058.0,backfill
8401,2026-01,70669058.0,backfill
8401,2026-02,70669058.0,backfill
8401,2026-03,70669058.0,backfill
8401,2026-04,70669058.0,backfill
8401,2026-05,70669058.0,backfill
8401,2026-06,70669058.0,backfill
8401,2026-07,70669058.0,backfill
8401,2026-08,70669058.0,backfill
8401,2026-09,70669058.0,backfill
8401,2026-10,70669058.0,snap
8403,2025-09,137640343.0,backfill
8403,2025-10,137640343.0,backfill
8403,2025-11,137640343.0,backfill
8403,2025-12,137640343.0,backfill
8403,2026-01,137640343.0,backfill
8403,2026-02,137640343.0,backfill
8403,2026-03,137640343.0,backfill
8403,2026-04,137640343.0,backfill
8403,2026-05,137640343.0,backfill
8403,2026-06,137640343.0,backfill
8403,2026-07,137640343.0,backfill
8403,2026-08,137640343.0,backfill
8403,2026-09,137640343.0,backfill
8403,2026-10,137640343.0,snap
8404,2025-09,419933884.0,backfill
8404,2025-10,419933884.0,backfill
8404,2025-11,419933884.0,backfill
8404,2025-12,419933884.0,backfill
8404,2026-01,419933884.0,backfill
8404,2026-02,419933884.0,backfill
8404,2026-03,419933884.0,backfill
8404,2026-04,419933884.0,backfill
8404,2026-05,419933884.0,backfill
8404,2026-06,419933884.0,backfill
8404,2026-07,419933884.0,backfill
8404,2026-08,419933884.0,backfill
8404,2026-09,419933884.0,backfill
8404,2026-10,419933884.0,snap
8409,2025-09,32000000.0,backfill
8409,2025-10,32000000.0,backfill
8409,2025-11,32000000.0,backfill
8409,2025-12,32000000.0,backfill
8409,2026-01,32000000.0,backfill
8409,2026-02,32000000.0,backfill
8409,2026-03,32000000.0,backfill
8409,2026-04,32000000.0,backfill
8409,2026-05,32000000.0,backfill
8409,2026-06,32000000.0,backfill
8409,2026-07,32000000.0,backfill
8409,2026-08,32000000.0,backfill
8409,2026-09,32000000.0,backfill
8409,2026-10,32000000.0,snap
8410,2025-09,36589200.0,backfill
8410,2025-10,36589200.0,backfill
8410,2025-11,36589200.0,backfill
8410,2025-12,36589200.0,backfill
8410,2026-01,36589200.0,backfill
8410,2026-02,36589200.0,backfill
8410,2026-03,36589200.0,backfill
8410,2026-04,36589200.0,backfill
8410,2026-05,36589200.0,backfill
8410,2026-06,36589200.0,backfill
8410,2026-07,36589200.0,backfill
8410,2026-08,36589200.0,backfill
8410,2026-09,36589200.0,backfill
8410,2026-10,36589200.0,snap
8411,2025-09,218404319.0,backfill
8411,2025-10,218404319.0,backfill
8411,2025-11,218404319.0,backfill
8411,2025-12,218404319.0,backfill
8411,2026-01,218404319.0,backfill
8411,2026-02,218404319.0,backfill
8411,2026-03,218404319.0,backfill
8411,2026-04,218404319.0,backfill
8411,2026-05,218404319.0,backfill
8411,2026-06,218404319.0,backfill
8411,2026-07,218404319.0,backfill
8411,2026-08,218404319.0,backfill
8411,2026-09,218404319.0,backfill
8411,2026-10,218404319.0,snap
8415,2025-09,1031500000.0,backfill
8415,2025-10,1031500000.0,backfill
8415,2025-11,1031500000.0,backfill
8415,2025-12,1031500000.0,backfill
8415,2026-01,1031500000.0,backfill
8415,2026-02,1031500000.0,backfill
8415,2026-03,1031500000.0,backfill
8415,2026-04,1031500000.0,backfill
8415,2026-05,1031500000.0,backfill
8415,2026-06,1031500000.0,backfill
8415,2026-07,1031500000.0,backfill
8415,2026-08,1031500000.0,backfill
8415,2026-09,1031500000.0,backfill
8415,2026-10,1031500000.0,snap
8416,2025-09,28210710.0,backfill
8416,2025-10,28210710.0,backfill
8416,2025-11,28210710.0,backfill
8416,2025-12,28210710.0,backfill
8416,2026-01,28210710.0,backfill
8416,2026-02,28210710.0,backfill
8416,2026-03,28210710.0,backfill
8416,2026-04,28210710.0,backfill
8416,2026-05,28210710.0,backfill
8416,2026-06,28210710.0,backfill
8416,2026-07,28210710.0,backfill
8416,2026-08,28210710.0,backfill
8416,2026-09,28210710.0,backfill
8416,2026-10,28210710.0,snap
8421,2025-09,54817140.0,backfill
8421,2025-10,54817140.0,backfill
8421,2025-11,54817140.0,backfill
8421,2025-12,54817140.0,backfill
8421,2026-01,54817140.0,backfill
8421,2026-02,54817140.0,backfill
8421,2026-03,54817140.0,backfill
8421,2026-04,54817140.0,backfill
8421,2026-05,54817140.0,backfill
8421,2026-06,54817140.0,backfill
8421,2026-07,54817140.0,backfill
8421,2026-08,54817140.0,backfill
8421,2026-09,54817140.0,backfill
8421,2026-10,54817140.0,snap
8422,2025-09,1358762544.0,backfill
8422,2025-10,1358762544.0,backfill
8422,2025-11,1358762544.0,backfill
8422,2025-12,1358762544.0,backfill
8422,2026-01,1358762544.0,backfill
8422,2026-02,1358762544.0,backfill
8422,2026-03,1358762544.0,backfill
8422,2026-04,1358762544.0,backfill
8422,2026-05,1358762544.0,backfill
8422,2026-06,1358762544.0,backfill
8422,2026-07,1358762544.0,backfill
8422,2026-08,1358762544.0,backfill
8422,2026-09,1358762544.0,backfill
8422,2026-10,1358762544.0,snap
8423,2025-09,41714030.0,backfill
8423,2025-10,41714030.0,backfill
8423,2025-11,41714030.0,backfill
8423,2025-12,41714030.0,backfill
8423,2026-01,41714030.0,backfill
8423,2026-02,41714030.0,backfill
8423,2026-03,41714030.0,backfill
8423,2026-04,41714030.0,backfill
8423,2026-05,41714030.0,backfill
8423,2026-06,41714030.0,backfill
8423,2026-07,41714030.0,backfill
8423,2026-08,41714030.0,backfill
8423,2026-09,41714030.0,backfill
8423,2026-10,41714030.0,snap
8424,2025-09,36054368.0,backfill
8424,2025-10,36054368.0,backfill
8424,2025-11,36054368.0,backfill
8424,2025-12,36054368.0,backfill
8424,2026-01,36054368.0,backfill
8424,2026-02,36054368.0,backfill
8424,2026-03,36054368.0,backfill
8424,2026-04,36054368.0,backfill
8424,2026-05,36054368.0,backfill
8424,2026-06,36054368.0,backfill
8424,2026-07,36054368.0,backfill
8424,2026-08,36054368.0,backfill
8424,2026-09,36054368.0,backfill
8424,2026-10,36054368.0,snap
8426,2025-09,50242500.0,backfill
8426,2025-10,50242500.0,backfill
8426,2025-11,50242500.0,backfill
8426,2025-12,50242500.0,backfill
8426,2026-01,50242500.0,backfill
8426,2026-02,50242500.0,backfill
8426,2026-03,50242500.0,backfill
8426,2026-04,50242500.0,backfill
8426,2026-05,50242500.0,backfill
8426,2026-06,50242500.0,backfill
8426,2026-07,50242500.0,backfill
8426,2026-08,50242500.0,backfill
8426,2026-09,50242500.0,backfill
8426,2026-10,50242500.0,snap
8429,2025-09,185747151.0,backfill
8429,2025-10,185747151.0,backfill
8429,2025-11,185747151.0,backfill
8429,2025-12,185747151.0,backfill
8429,2026-01,185747151.0,backfill
8429,2026-02,185747151.0,backfill
8429,2026-03,185747151.0,backfill
8429,2026-04,185747151.0,backfill
8429,2026-05,185747151.0,backfill
8429,2026-06,185747151.0,backfill
8429,2026-07,185747151.0,backfill
8429,2026-08,185747151.0,backfill
8429,2026-09,185747151.0,backfill
8429,2026-10,185747151.0,snap
8431,2025-09,48778331.0,backfill
8431,2025-10,48778331.0,backfill
8431,2025-11,48778331.0,backfill
8431,2025-12,48778331.0,backfill
8431,2026-01,48778331.0,backfill
8431,2026-02,48778331.0,backfill
8431,2026-03,48778331.0,backfill
8431,2026-04,48778331.0,backfill
8431,2026-05,48778331.0,backfill
8431,2026-06,48778331.0,backfill
8431,2026-07,48778331.0,backfill
8431,2026-08,48778331.0,backfill
8431,2026-09,48778331.0,backfill
8431,2026-10,48778331.0,snap
8432,2025-09,38398140.0,backfill
8432,2025-10,38398140.0,backfill
8432,2025-11,38398140.0,backfill
8432,2025-12,38398140.0,backfill
8432,2026-01,38398140.0,backfill
8432,2026-02,38398140.0,backfill
8432,2026-03,38398140.0,backfill
8432,2026-04,38398140.0,backfill
8432,2026-05,38398140.0,backfill
8432,2026-06,38398140.0,backfill
8432,2026-07,38398140.0,backfill
8432,2026-08,38398140.0,backfill
8432,2026-09,38398140.0,backfill
8432,2026-10,38398140.0,snap
8433,2025-09,54506098.0,backfill
8433,2025-10,54506098.0,backfill
8433,2025-11,54506098.0,backfill
8433,2025-12,54506098.0,backfill
8433,2026-01,54506098.0,backfill
8433,2026-02,54506098.0,backfill
8433,2026-03,54506098.0,backfill
8433,2026-04,54506098.0,backfill
8433,2026-05,54506098.0,backfill
8433,2026-06,54506098.0,backfill
8433,2026-07,54506098.0,backfill
8433,2026-08,54506098.0,backfill
8433,2026-09,54506098.0,backfill
8433,2026-10,54506098.0,snap
8435,2025-09,35200450.0,backfill
8435,2025-10,35200450.0,backfill
8435,2025-11,35200450.0,backfill
8435,2025-12,35200450.0,backfill
8435,2026-01,35200450.0,backfill
8435,2026-02,35200450.0,backfill
8435,2026-03,35200450.0,backfill
8435,2026-04,35200450.0,backfill
8435,2026-05,35200450.0,backfill
8435,2026-06,35200450.0,backfill
8435,2026-07,35200450.0,backfill
8435,2026-08,35200450.0,backfill
8435,2026-09,35200450.0,backfill
8435,2026-10,35200450.0,snap
8436,2025-09,117728830.0,backfill
8436,2025-10,117728830.0,backfill
8436,2025-11,117728830.0,backfill
8436,2025-12,117728830.0,backfill
8436,2026-01,117728830.0,backfill
8436,2026-02,117728830.0,backfill
8436,2026-03,117728830.0,backfill
8436,2026-04,117728830.0,backfill
8436,2026-05,117728830.0,backfill
8436,2026-06,117728830.0,backfill
8436,2026-07,117728830.0,backfill
8436,2026-08,117728830.0,backfill
8436,2026-09,117728830.0,backfill
8436,2026-10,117728830.0,snap
8437,2025-09,47014070.0,backfill
8437,2025-10,47014070.0,backfill
8437,2025-11,47014070.0,backfill
8437,2025-12,47014070.0,backfill
8437,2026-01,47014070.0,backfill
8437,2026-02,47014070.0,backfill
8437,2026-03,47014070.0,backfill
8437,2026-04,47014070.0,backfill
8437,2026-05,47014070.0,backfill
8437,2026-06,47014070.0,backfill
8437,2026-07,47014070.0,backfill
8437,2026-08,47014070.0,backfill
8437,2026-09,47014070.0,backfill
8437,2026-10,47014070.0,snap
8438,2025-09,69943000.0,backfill
8438,2025-10,69943000.0,backfill
8438,2025-11,69943000.0,backfill
8438,2025-12,69943000.0,backfill
8438,2026-01,69943000.0,backfill
8438,2026-02,69943000.0,backfill
8438,2026-03,69943000.0,backfill
8438,2026-04,69943000.0,backfill
8438,2026-05,69943000.0,backfill
8438,2026-06,69943000.0,backfill
8438,2026-07,69943000.0,backfill
8438,2026-08,69943000.0,backfill
8438,2026-09,69943000.0,backfill
8438,2026-10,69943000.0,snap
8440,2025-09,50255299.0,backfill
8440,2025-10,50255299.0,backfill
8440,2025-11,50255299.0,backfill
8440,2025-12,50255299.0,backfill
8440,2026-01,50255299.0,backfill
8440,2026-02,50255299.0,backfill
8440,2026-03,50255299.0,backfill
8440,2026-04,50255299.0,backfill
8440,2026-05,50255299.0,backfill
8440,2026-06,50255299.0,backfill
8440,2026-07,50255299.0,backfill
8440,2026-08,50255299.0,backfill
8440,2026-09,50255299.0,backfill
8440,2026-10,50255299.0,snap
8442,2025-09,70169764.0,backfill
8442,2025-10,70169764.0,backfill
8442,2025-11,70169764.0,backfill
8442,2025-12,70169764.0,backfill
8442,2026-01,70169764.0,backfill
8442,2026-02,70169764.0,backfill
8442,2026-03,70169764.0,backfill
8442,2026-04,70169764.0,backfill
8442,2026-05,70169764.0,backfill
8442,2026-06,70169764.0,backfill
8442,2026-07,70169764.0,backfill
8442,2026-08,70169764.0,backfill
8442,2026-09,70169764.0,backfill
8442,2026-10,70169764.0,snap
8443,2025-09,66800000.0,backfill
8443,2025-10,66800000.0,backfill
8443,2025-11,66800000.0,backfill
8443,2025-12,66800000.0,backfill
8443,2026-01,66800000.0,backfill
8443,2026-02,66800000.0,backfill
8443,2026-03,66800000.0,backfill
8443,2026-04,66800000.0,backfill
8443,2026-05,66800000.0,backfill
8443,2026-06,66800000.0,backfill
8443,2026-07,66800000.0,backfill
8443,2026-08,66800000.0,backfill
8443,2026-09,66800000.0,backfill
8443,2026-10,66800000.0,snap
8444,2025-09,125104845.0,backfill
8444,2025-10,125104845.0,backfill
8444,2025-11,125104845.0,backfill
8444,2025-12,125104845.0,backfill
8444,2026-01,125104845.0,backfill
8444,2026-02,125104845.0,backfill
8444,2026-03,125104845.0,backfill
8444,2026-04,125104845.0,backfill
8444,2026-05,125104845.0,backfill
8444,2026-06,125104845.0,backfill
8444,2026-07,125104845.0,backfill
8444,2026-08,125104845.0,backfill
8444,2026-09,125104845.0,backfill
8444,2026-10,125104845.0,snap
8446,2025-09,52914405.0,backfill
8446,2025-10,52914405.0,backfill
8446,2025-11,52914405.0,backfill
8446,2025-12,52914405.0,backfill
8446,2026-01,52914405.0,backfill
8446,2026-02,52914405.0,backfill
8446,2026-03,52914405.0,backfill
8446,2026-04,52914405.0,backfill
8446,2026-05,52914405.0,backfill
8446,2026-06,52914405.0,backfill
8446,2026-07,52914405.0,backfill
8446,2026-08,52914405.0,backfill
8446,2026-09,52914405.0,backfill
8446,2026-10,52914405.0,snap
8450,2025-09,51309947.0,backfill
8450,2025-10,51309947.0,backfill
8450,2025-11,51309947.0,backfill
8450,2025-12,51309947.0,backfill
8450,2026-01,51309947.0,backfill
8450,2026-02,51309947.0,backfill
8450,2026-03,51309947.0,backfill
8450,2026-04,51309947.0,backfill
8450,2026-05,51309947.0,backfill
8450,2026-06,51309947.0,backfill
8450,2026-07,51309947.0,backfill
8450,2026-08,51309947.0,backfill
8450,2026-09,51309947.0,backfill
8450,2026-10,51309947.0,snap
8454,2025-09,264975275.0,backfill
8454,2025-10,264975275.0,backfill
8454,2025-11,264975275.0,backfill
8454,2025-12,264975275.0,backfill
8454,2026-01,264975275.0,backfill
8454,2026-02,264975275.0,backfill
8454,2026-03,264975275.0,backfill
8454,2026-04,264975275.0,backfill
8454,2026-05,264975275.0,backfill
8454,2026-06,264975275.0,backfill
8454,2026-07,264975275.0,backfill
8454,2026-08,264975275.0,backfill
8454,2026-09,264975275.0,backfill
8454,2026-10,264975275.0,snap
8455,2025-09,25219056.0,backfill
8455,2025-10,25219056.0,backfill
8455,2025-11,25219056.0,backfill
8455,2025-12,25219056.0,backfill
8455,2026-01,25219056.0,backfill
8455,2026-02,25219056.0,backfill
8455,2026-03,25219056.0,backfill
8455,2026-04,25219056.0,backfill
8455,2026-05,25219056.0,backfill
8455,2026-06,25219056.0,backfill
8455,2026-07,25219056.0,backfill
8455,2026-08,25219056.0,backfill
8455,2026-09,25219056.0,backfill
8455,2026-10,25219056.0,snap
8462,2025-09,80380116.0,backfill
8462,2025-10,80380116.0,backfill
8462,2025-11,80380116.0,backfill
8462,2025-12,80380116.0,backfill
8462,2026-01,80380116.0,backfill
8462,2026-02,80380116.0,backfill
8462,2026-03,80380116.0,backfill
8462,2026-04,80380116.0,backfill
8462,2026-05,80380116.0,backfill
8462,2026-06,80380116.0,backfill
8462,2026-07,80380116.0,backfill
8462,2026-08,80380116.0,backfill
8462,2026-09,80380116.0,backfill
8462,2026-10,80380116.0,snap
8463,2025-09,150000000.0,backfill
8463,2025-10,150000000.0,backfill
8463,2025-11,150000000.0,backfill
8463,2025-12,150000000.0,backfill
8463,2026-01,150000000.0,backfill
8463,2026-02,150000000.0,backfill
8463,2026-03,150000000.0,backfill
8463,2026-04,150000000.0,backfill
8463,2026-05,150000000.0,backfill
8463,2026-06,150000000.0,backfill
8463,2026-07,150000000.0,backfill
8463,2026-08,150000000.0,backfill
8463,2026-09,150000000.0,backfill
8463,2026-10,150000000.0,snap
8464,2025-09,293020200.0,backfill
8464,2025-10,293020200.0,backfill
8464,2025-11,293020200.0,backfill
8464,2025-12,293020200.0,backfill
8464,2026-01,293020200.0,backfill
8464,2026-02,293020200.0,backfill
8464,2026-03,293020200.0,backfill
8464,2026-04,293020200.0,backfill
8464,2026-05,293020200.0,backfill
8464,2026-06,293020200.0,backfill
8464,2026-07,293020200.0,backfill
8464,2026-08,293020200.0,backfill
8464,2026-09,293020200.0,backfill
8464,2026-10,293020200.0,snap
8466,2025-09,79445628.0,backfill
8466,2025-10,79445628.0,backfill
8466,2025-11,79445628.0,backfill
8466,2025-12,79445628.0,backfill
8466,2026-01,79445628.0,backfill
8466,2026-02,79445628.0,backfill
8466,2026-03,79445628.0,backfill
8466,2026-04,79445628.0,backfill
8466,2026-05,79445628.0,backfill
8466,2026-06,79445628.0,backfill
8466,2026-07,79445628.0,backfill
8466,2026-08,79445628.0,backfill
8466,2026-09,79445628.0,backfill
8466,2026-10,79445628.0,snap
8467,2025-09,48373575.0,backfill
8467,2025-10,48373575.0,backfill
8467,2025-11,48373575.0,backfill
8467,2025-12,48373575.0,backfill
8467,2026-01,48373575.0,backfill
8467,2026-02,48373575.0,backfill
8467,2026-03,48373575.0,backfill
8467,2026-04,48373575.0,backfill
8467,2026-05,48373575.0,backfill
8467,2026-06,48373575.0,backfill
8467,2026-07,48373575.0,backfill
8467,2026-08,48373575.0,backfill
8467,2026-09,48373575.0,backfill
8467,2026-10,48373575.0,snap
8472,2025-09,17735800.0,backfill
8472,2025-10,17735800.0,backfill
8472,2025-11,17735800.0,backfill
8472,2025-12,17735800.0,backfill
8472,2026-01,17735800.0,backfill
8472,2026-02,17735800.0,backfill
8472,2026-03,17735800.0,backfill
8472,2026-04,17735800.0,backfill
8472,2026-05,17735800.0,backfill
8472,2026-06,17735800.0,backfill
8472,2026-07,17735800.0,backfill
8472,2026-08,17735800.0,backfill
8472,2026-09,17735800.0,backfill
8472,2026-10,17735800.0,snap
8473,2025-09,182306922.0,backfill
8473,2025-10,182306922.0,backfill
8473,2025-11,182306922.0,backfill
8473,2025-12,182306922.0,backfill
8473,2026-01,182306922.0,backfill
8473,2026-02,182306922.0,backfill
8473,2026-03,182306922.0,backfill
8473,2026-04,182306922.0,backfill
8473,2026-05,182306922.0,backfill
8473,2026-06,182306922.0,backfill
8473,2026-07,182306922.0,backfill
8473,2026-08,182306922.0,backfill
8473,2026-09,182306922.0,backfill
8473,2026-10,182306922.0,snap
8476,2025-09,166226358.0,backfill
8476,2025-10,166226358.0,backfill
8476,2025-11,166226358.0,backfill
8476,2025-12,166226358.0,backfill
8476,2026-01,166226358.0,backfill
8476,2026-02,166226358.0,backfill
8476,2026-03,166226358.0,backfill
8476,2026-04,166226358.0,backfill
8476,2026-05,166226358.0,backfill
8476,2026-06,166226358.0,backfill
8476,2026-07,166226358.0,backfill
8476,2026-08,166226358.0,backfill
8476,2026-09,166226358.0,backfill
8476,2026-10,166226358.0,snap
8477,2025-09,84170616.0,backfill
8477,2025-10,84170616.0,backfill
8477,2025-11,84170616.0,backfill
8477,2025-12,84170616.0,backfill
8477,2026-01,84170616.0,backfill
8477,2026-02,84170616.0,backfill
8477,2026-03,84170616.0,backfill
8477,2026-04,84170616.0,backfill
8477,2026-05,84170616.0,backfill
8477,2026-06,84170616.0,backfill
8477,2026-07,84170616.0,backfill
8477,2026-08,84170616.0,backfill
8477,2026-09,84170616.0,backfill
8477,2026-10,84170616.0,snap
8478,2025-09,93972276.0,backfill
8478,2025-10,93972276.0,backfill
8478,2025-11,93972276.0,backfill
8478,2025-12,93972276.0,backfill
8478,2026-01,93972276.0,backfill
8478,2026-02,93972276.0,backfill
8478,2026-03,93972276.0,backfill
8478,2026-04,93972276.0,backfill
8478,2026-05,93972276.0,backfill
8478,2026-06,93972276.0,backfill
8478,2026-07,93972276.0,backfill
8478,2026-08,93972276.0,backfill
8478,2026-09,93972276.0,backfill
8478,2026-10,93972276.0,snap
8481,2025-09,66601866.0,backfill
8481,2025-10,66601866.0,backfill
8481,2025-11,66601866.0,backfill
8481,2025-12,66601866.0,backfill
8481,2026-01,66601866.0,backfill
8481,2026-02,66601866.0,backfill
8481,2026-03,66601866.0,backfill
8481,2026-04,66601866.0,backfill
8481,2026-05,66601866.0,backfill
8481,2026-06,66601866.0,backfill
8481,2026-07,66601866.0,backfill
8481,2026-08,66601866.0,backfill
8481,2026-09,66601866.0,backfill
8481,2026-10,66601866.0,snap
8482,2025-09,107444000.0,backfill
8482,2025-10,107444000.0,backfill
8482,2025-11,107444000.0,backfill
8482,2025-12,107444000.0,backfill
8482,2026-01,107444000.0,backfill
8482,2026-02,107444000.0,backfill
8482,2026-03,107444000.0,backfill
8482,2026-04,107444000.0,backfill
8482,2026-05,107444000.0,backfill
8482,2026-06,107444000.0,backfill
8482,2026-07,107444000.0,backfill
8482,2026-08,107444000.0,backfill
8482,2026-09,107444000.0,backfill
8482,2026-10,107444000.0,snap
8487,2025-09,26535000.0,backfill
8487,2025-10,26535000.0,backfill
8487,2025-11,26535000.0,backfill
8487,2025-12,26535000.0,backfill
8487,2026-01,26535000.0,backfill
8487,2026-02,26535000.0,backfill
8487,2026-03,26535000.0,backfill
8487,2026-04,26535000.0,backfill
8487,2026-05,26535000.0,backfill
8487,2026-06,26535000.0,backfill
8487,2026-07,26535000.0,backfill
8487,2026-08,26535000.0,backfill
8487,2026-09,26535000.0,backfill
8487,2026-10,26535000.0,snap
8488,2025-09,73500000.0,backfill
8488,2025-10,73500000.0,backfill
8488,2025-11,73500000.0,backfill
8488,2025-12,73500000.0,backfill
8488,2026-01,73500000.0,backfill
8488,2026-02,73500000.0,backfill
8488,2026-03,73500000.0,backfill
8488,2026-04,73500000.0,backfill
8488,2026-05,73500000.0,backfill
8488,2026-06,73500000.0,backfill
8488,2026-07,73500000.0,backfill
8488,2026-08,73500000.0,backfill
8488,2026-09,73500000.0,backfill
8488,2026-10,73500000.0,snap
8489,2025-09,59948960.0,backfill
8489,2025-10,59948960.0,backfill
8489,2025-11,59948960.0,backfill
8489,2025-12,59948960.0,backfill
8489,2026-01,59948960.0,backfill
8489,2026-02,59948960.0,backfill
8489,2026-03,59948960.0,backfill
8489,2026-04,59948960.0,backfill
8489,2026-05,59948960.0,backfill
8489,2026-06,59948960.0,backfill
8489,2026-07,59948960.0,backfill
8489,2026-08,59948960.0,backfill
8489,2026-09,59948960.0,backfill
8489,2026-10,59948960.0,snap
8499,2025-09,41165557.0,backfill
8499,2025-10,41165557.0,backfill
8499,2025-11,41165557.0,backfill
8499,2025-12,41165557.0,backfill
8499,2026-01,41165557.0,backfill
8499,2026-02,41165557.0,backfill
8499,2026-03,41165557.0,backfill
8499,2026-04,41165557.0,backfill
8499,2026-05,41165557.0,backfill
8499,2026-06,41165557.0,backfill
8499,2026-07,41165557.0,backfill
8499,2026-08,41165557.0,backfill
8499,2026-09,41165557.0,backfill
8499,2026-10,41165557.0,snap
8905,2025-09,119440000.0,backfill
8905,2025-10,119440000.0,backfill
8905,2025-11,119440000.0,backfill
8905,2025-12,119440000.0,backfill
8905,2026-01,119440000.0,backfill
8905,2026-02,119440000.0,backfill
8905,2026-03,119440000.0,backfill
8905,2026-04,119440000.0,backfill
8905,2026-05,119440000.0,backfill
8905,2026-06,119440000.0,backfill
8905,2026-07,119440000.0,backfill
8905,2026-08,119440000.0,backfill
8905,2026-09,119440000.0,backfill
8905,2026-10,119440000.0,snap
8906,2025-09,44037370.0,backfill
8906,2025-10,44037370.0,backfill
8906,2025-11,44037370.0,backfill
8906,2025-12,44037370.0,backfill
8906,2026-01,44037370.0,backfill
8906,2026-02,44037370.0,backfill
8906,2026-03,44037370.0,backfill
8906,2026-04,44037370.0,backfill
8906,2026-05,44037370.0,backfill
8906,2026-06,44037370.0,backfill
8906,2026-07,44037370.0,backfill
8906,2026-08,44037370.0,backfill
8906,2026-09,44037370.0,backfill
8906,2026-10,44037370.0,snap
8908,2025-09,315332742.0,backfill
8908,2025-10,315332742.0,backfill
8908,2025-11,315332742.0,backfill
8908,2025-12,315332742.0,backfill
8908,2026-01,315332742.0,backfill
8908,2026-02,315332742.0,backfill
8908,2026-03,315332742.0,backfill
8908,2026-04,315332742.0,backfill
8908,2026-05,315332742.0,backfill
8908,2026-06,315332742.0,backfill
8908,2026-07,315332742.0,backfill
8908,2026-08,315332742.0,backfill
8908,2026-09,315332742.0,backfill
8908,2026-10,315332742.0,snap
8916,2025-09,148591646.0,backfill
8916,2025-10,148591646.0,backfill
8916,2025-11,148591646.0,backfill
8916,2025-12,148591646.0,backfill
8916,2026-01,148591646.0,backfill
8916,2026-02,148591646.0,backfill
8916,2026-03,148591646.0,backfill
8916,2026-04,148591646.0,backfill
8916,2026-05,148591646.0,backfill
8916,2026-06,148591646.0,backfill
8916,2026-07,148591646.0,backfill
8916,2026-08,148591646.0,backfill
8916,2026-09,148591646.0,backfill
8916,2026-10,148591646.0,snap
8917,2025-09,162652459.0,backfill
8917,2025-10,162652459.0,backfill
8917,2025-11,162652459.0,backfill
8917,2025-12,162652459.0,backfill
8917,2026-01,162652459.0,backfill
8917,2026-02,162652459.0,backfill
8917,2026-03,162652459.0,backfill
8917,2026-04,162652459.0,backfill
8917,2026-05,162652459.0,backfill
8917,2026-06,162652459.0,backfill
8917,2026-07,162652459.0,backfill
8917,2026-08,162652459.0,backfill
8917,2026-09,162652459.0,backfill
8917,2026-10,162652459.0,snap
8921,2025-09,46592159.0,backfill
8921,2025-10,46592159.0,backfill
8921,2025-11,46592159.0,backfill
8921,2025-12,46592159.0,backfill
8921,2026-01,46592159.0,backfill
8921,2026-02,46592159.0,backfill
8921,2026-03,46592159.0,backfill
8921,2026-04,46592159.0,backfill
8921,2026-05,46592159.0,backfill
8921,2026-06,46592159.0,backfill
8921,2026-07,46592159.0,backfill
8921,2026-08,46592159.0,backfill
8921,2026-09,46592159.0,backfill
8921,2026-10,46592159.0,snap
8923,2025-09,30375800.0,backfill
8923,2025-10,30375800.0,backfill
8923,2025-11,30375800.0,backfill
8923,2025-12,30375800.0,backfill
8923,2026-01,30375800.0,backfill
8923,2026-02,30375800.0,backfill
8923,2026-03,30375800.0,backfill
8923,2026-04,30375800.0,backfill
8923,2026-05,30375800.0,backfill
8923,2026-06,30375800.0,backfill
8923,2026-07,30375800.0,backfill
8923,2026-08,30375800.0,backfill
8923,2026-09,30375800.0,backfill
8923,2026-10,30375800.0,snap
8924,2025-09,83800000.0,backfill
8924,2025-10,83800000.0,backfill
8924,2025-11,83800000.0,backfill
8924,2025-12,83800000.0,backfill
8924,2026-01,83800000.0,backfill
8924,2026-02,83800000.0,backfill
8924,2026-03,83800000.0,backfill
8924,2026-04,83800000.0,backfill
8924,2026-05,83800000.0,backfill
8924,2026-06,83800000.0,backfill
8924,2026-07,83800000.0,backfill
8924,2026-08,83800000.0,backfill
8924,2026-09,83800000.0,backfill
8924,2026-10,83800000.0,snap
8926,2025-09,830282000.0,backfill
8926,2025-10,830282000.0,backfill
8926,2025-11,830282000.0,backfill
8926,2025-12,830282000.0,backfill
8926,2026-01,830282000.0,backfill
8926,2026-02,830282000.0,backfill
8926,2026-03,830282000.0,backfill
8926,2026-04,830282000.0,backfill
8926,2026-05,830282000.0,backfill
8926,2026-06,830282000.0,backfill
8926,2026-07,830282000.0,backfill
8926,2026-08,830282000.0,backfill
8926,2026-09,830282000.0,backfill
8926,2026-10,830282000.0,snap
8927,2025-09,419068367.0,backfill
8927,2025-10,419068367.0,backfill
8927,2025-11,419068367.0,backfill
8927,2025-12,419068367.0,backfill
8927,2026-01,419068367.0,backfill
8927,2026-02,419068367.0,backfill
8927,2026-03,419068367.0,backfill
8927,2026-04,419068367.0,backfill
8927,2026-05,419068367.0,backfill
8927,2026-06,419068367.0,backfill
8927,2026-07,419068367.0,backfill
8927,2026-08,419068367.0,backfill
8927,2026-09,419068367.0,backfill
8927,2026-10,419068367.0,snap
8928,2025-09,50854015.0,backfill
8928,2025-10,50854015.0,backfill
8928,2025-11,50854015.0,backfill
8928,2025-12,50854015.0,backfill
8928,2026-01,50854015.0,backfill
8928,2026-02,50854015.0,backfill
8928,2026-03,50854015.0,backfill
8928,2026-04,50854015.0,backfill
8928,2026-05,50854015.0,backfill
8928,2026-06,50854015.0,backfill
8928,2026-07,50854015.0,backfill
8928,2026-08,50854015.0,backfill
8928,2026-09,50854015.0,backfill
8928,2026-10,50854015.0,snap
8929,2025-09,50580862.0,backfill
8929,2025-10,50580862.0,backfill
8929,2025-11,50580862.0,backfill
8929,2025-12,50580862.0,backfill
8929,2026-01,50580862.0,backfill
8929,2026-02,50580862.0,backfill
8929,2026-03,50580862.0,backfill
8929,2026-04,50580862.0,backfill
8929,2026-05,50580862.0,backfill
8929,2026-06,50580862.0,backfill
8929,2026-07,50580862.0,backfill
8929,2026-08,50580862.0,backfill
8929,2026-09,50580862.0,backfill
8929,2026-10,50580862.0,snap
8930,2025-09,81809406.0,backfill
8930,2025-10,81809406.0,backfill
8930,2025-11,81809406.0,backfill
8930,2025-12,81809406.0,backfill
8930,2026-01,81809406.0,backfill
8930,2026-02,81809406.0,backfill
8930,2026-03,81809406.0,backfill
8930,2026-04,81809406.0,backfill
8930,2026-05,81809406.0,backfill
8930,2026-06,81809406.0,backfill
8930,2026-07,81809406.0,backfill
8930,2026-08,81809406.0,backfill
8930,2026-09,81809406.0,backfill
8930,2026-10,81809406.0,snap
8931,2025-09,122254862.0,backfill
8931,2025-10,122254862.0,backfill
8931,2025-11,122254862.0,backfill
8931,2025-12,122254862.0,backfill
8931,2026-01,122254862.0,backfill
8931,2026-02,122254862.0,backfill
8931,2026-03,122254862.0,backfill
8931,2026-04,122254862.0,backfill
8931,2026-05,122254862.0,backfill
8931,2026-06,122254862.0,backfill
8931,2026-07,122254862.0,backfill
8931,2026-08,122254862.0,backfill
8931,2026-09,122254862.0,backfill
8931,2026-10,122254862.0,snap
8932,2025-09,426013152.0,backfill
8932,2025-10,426013152.0,backfill
8932,2025-11,426013152.0,backfill
8932,2025-12,426013152.0,backfill
8932,2026-01,426013152.0,backfill
8932,2026-02,426013152.0,backfill
8932,2026-03,426013152.0,backfill
8932,2026-04,426013152.0,backfill
8932,2026-05,426013152.0,backfill
8932,2026-06,426013152.0,backfill
8932,2026-07,426013152.0,backfill
8932,2026-08,426013152.0,backfill
8932,2026-09,426013152.0,backfill
8932,2026-10,426013152.0,snap
8933,2025-09,326724305.0,backfill
8933,2025-10,326724305.0,backfill
8933,2025-11,326724305.0,backfill
8933,2025-12,326724305.0,backfill
8933,2026-01,326724305.0,backfill
8933,2026-02,326724305.0,backfill
8933,2026-03,326724305.0,backfill
8933,2026-04,326724305.0,backfill
8933,2026-05,326724305.0,backfill
8933,2026-06,326724305.0,backfill
8933,2026-07,326724305.0,backfill
8933,2026-08,326724305.0,backfill
8933,2026-09,326724305.0,backfill
8933,2026-10,326724305.0,snap
8935,2025-09,113495000.0,backfill
8935,2025-10,113495000.0,backfill
8935,2025-11,113495000.0,backfill
8935,2025-12,113495000.0,backfill
8935,2026-01,113495000.0,backfill
8935,2026-02,113495000.0,backfill
8935,2026-03,113495000.0,backfill
8935,2026-04,113495000.0,backfill
8935,2026-05,113495000.0,backfill
8935,2026-06,113495000.0,backfill
8935,2026-07,113495000.0,backfill
8935,2026-08,113495000.0,backfill
8935,2026-09,113495000.0,backfill
8935,2026-10,113495000.0,snap
8936,2025-09,248078157.0,backfill
8936,2025-10,248078157.0,backfill
8936,2025-11,248078157.0,backfill
8936,2025-12,248078157.0,backfill
8936,2026-01,248078157.0,backfill
8936,2026-02,248078157.0,backfill
8936,2026-03,248078157.0,backfill
8936,2026-04,248078157.0,backfill
8936,2026-05,248078157.0,backfill
8936,2026-06,248078157.0,backfill
8936,2026-07,248078157.0,backfill
8936,2026-08,248078157.0,backfill
8936,2026-09,248078157.0,backfill
8936,2026-10,248078157.0,snap
8937,2025-09,441680272.0,backfill
8937,2025-10,441680272.0,backfill
8937,2025-11,441680272.0,backfill
8937,2025-12,441680272.0,backfill
8937,2026-01,441680272.0,backfill
8937,2026-02,441680272.0,backfill
8937,2026-03,441680272.0,backfill
8937,2026-04,441680272.0,backfill
8937,2026-05,441680272.0,backfill
8937,2026-06,441680272.0,backfill
8937,2026-07,441680272.0,backfill
8937,2026-08,441680272.0,backfill
8937,2026-09,441680272.0,backfill
8937,2026-10,441680272.0,snap
8938,2025-09,156986490.0,backfill
8938,2025-10,156986490.0,backfill
8938,2025-11,156986490.0,backfill
8938,2025-12,156986490.0,backfill
8938,2026-01,156986490.0,backfill
8938,2026-02,156986490.0,backfill
8938,2026-03,156986490.0,backfill
8938,2026-04,156986490.0,backfill
8938,2026-05,156986490.0,backfill
8938,2026-06,156986490.0,backfill
8938,2026-07,156986490.0,backfill
8938,2026-08,156986490.0,backfill
8938,2026-09,156986490.0,backfill
8938,2026-10,156986490.0,snap
8940,2025-09,67491032.0,backfill
8940,2025-10,67491032.0,backfill
8940,2025-11,67491032.0,backfill
8940,2025-12,67491032.0,backfill
8940,2026-01,67491032.0,backfill
8940,2026-02,67491032.0,backfill
8940,2026-03,67491032.0,backfill
8940,2026-04,67491032.0,backfill
8940,2026-05,67491032.0,backfill
8940,2026-06,67491032.0,backfill
8940,2026-07,67491032.0,backfill
8940,2026-08,67491032.0,backfill
8940,2026-09,67491032.0,backfill
8940,2026-10,67491032.0,snap
8941,2025-09,34972071.0,backfill
8941,2025-10,34972071.0,backfill
8941,2025-11,34972071.0,backfill
8941,2025-12,34972071.0,backfill
8941,2026-01,34972071.0,backfill
8941,2026-02,34972071.0,backfill
8941,2026-03,34972071.0,backfill
8941,2026-04,34972071.0,backfill
8941,2026-05,34972071.0,backfill
8941,2026-06,34972071.0,backfill
8941,2026-07,34972071.0,backfill
8941,2026-08,34972071.0,backfill
8941,2026-09,34972071.0,backfill
8941,2026-10,34972071.0,snap
8942,2025-09,198842255.0,backfill
8942,2025-10,198842255.0,backfill
8942,2025-11,198842255.0,backfill
8942,2025-12,198842255.0,backfill
8942,2026-01,198842255.0,backfill
8942,2026-02,198842255.0,backfill
8942,2026-03,198842255.0,backfill
8942,2026-04,198842255.0,backfill
8942,2026-05,198842255.0,backfill
8942,2026-06,198842255.0,backfill
8942,2026-07,198842255.0,backfill
8942,2026-08,198842255.0,backfill
8942,2026-09,198842255.0,backfill
8942,2026-10,198842255.0,snap
8996,2025-09,93501537.0,backfill
8996,2025-10,93501537.0,backfill
8996,2025-11,93501537.0,backfill
8996,2025-12,93501537.0,backfill
8996,2026-01,93501537.0,backfill
8996,2026-02,93501537.0,backfill
8996,2026-03,93501537.0,backfill
8996,2026-04,93501537.0,backfill
8996,2026-05,93501537.0,backfill
8996,2026-06,93501537.0,backfill
8996,2026-07,93501537.0,backfill
8996,2026-08,93501537.0,backfill
8996,2026-09,93501537.0,backfill
8996,2026-10,93501537.0,snap
9103,2025-09,549411240.0,backfill
9103,2025-10,549411240.0,backfill
9103,2025-11,549411240.0,backfill
9103,2025-12,549411240.0,backfill
9103,2026-01,549411240.0,backfill
9103,2026-02,549411240.0,backfill
9103,2026-03,549411240.0,backfill
9103,2026-04,549411240.0,backfill
9103,2026-05,549411240.0,backfill
9103,2026-06,549411240.0,backfill
9103,2026-07,549411240.0,backfill
9103,2026-08,549411240.0,backfill
9103,2026-09,549411240.0,backfill
9103,2026-10,549411240.0,snap
910322,2025-09,5620600000.0,backfill
910322,2025-10,5620600000.0,backfill
910322,2025-11,5620600000.0,backfill
910322,2025-12,5620600000.0,backfill
910322,2026-01,5620600000.0,backfill
910322,2026-02,5620600000.0,backfill
910322,2026-03,5620600000.0,backfill
910322,2026-04,5620600000.0,backfill
910322,2026-05,5620600000.0,backfill
910322,2026-06,5620600000.0,backfill
910322,2026-07,5620600000.0,backfill
910322,2026-08,5620600000.0,backfill
910322,2026-09,5620600000.0,backfill
910322,2026-10,5620600000.0,snap
9105,2025-09,10450002831.0,backfill
9105,2025-10,10450002831.0,backfill
9105,2025-11,10450002831.0,backfill
9105,2025-12,10450002831.0,backfill
9105,2026-01,10450002831.0,backfill
9105,2026-02,10450002831.0,backfill
9105,2026-03,10450002831.0,backfill
9105,2026-04,10450002831.0,backfill
9105,2026-05,10450002831.0,backfill
9105,2026-06,10450002831.0,backfill
9105,2026-07,10450002831.0,backfill
9105,2026-08,10450002831.0,backfill
9105,2026-09,10450002831.0,backfill
9105,2026-10,10450002831.0,snap
910861,2025-09,1673607386.0,backfill
910861,2025-10,1673607386.0,backfill
910861,2025-11,1673607386.0,backfill
910861,2025-12,1673607386.0,backfill
910861,2026-01,1673607386.0,backfill
910861,2026-02,1673607386.0,backfill
910861,2026-03,1673607386.0,backfill
910861,2026-04,1673607386.0,backfill
910861,2026-05,1673607386.0,backfill
910861,2026-06,1673607386.0,backfill
910861,2026-07,1673607386.0,backfill
910861,2026-08,1673607386.0,backfill
910861,2026-09,1673607386.0,backfill
910861,2026-10,1673607386.0,snap
9110,2025-09,907680000.0,backfill
9110,2025-10,907680000.0,backfill
9110,2025-11,907680000.0,backfill
9110,2025-12,907680000.0,backfill
9110,2026-01,907680000.0,backfill
9110,2026-02,907680000.0,backfill
9110,2026-03,907680000.0,backfill
9110,2026-04,907680000.0,backfill
9110,2026-05,907680000.0,backfill
9110,2026-06,907680000.0,backfill
9110,2026-07,907680000.0,backfill
9110,2026-08,907680000.0,backfill
9110,2026-09,907680000.0,backfill
9110,2026-10,907680000.0,snap
911608,2025-09,480000000.0,backfill
911608,2025-10,480000000.0,backfill
911608,2025-11,480000000.0,backfill
911608,2025-12,480000000.0,backfill
911608,2026-01,480000000.0,backfill
911608,2026-02,480000000.0,backfill
911608,2026-03,480000000.0,backfill
911608,2026-04,480000000.0,backfill
911608,2026-05,480000000.0,backfill
911608,2026-06,480000000.0,backfill
911608,2026-07,480000000.0,backfill
911608,2026-08,480000000.0,backfill
911608,2026-09,480000000.0,backfill
911608,2026-10,480000000.0,snap
911622,2025-09,596748900.0,backfill
911622,2025-10,596748900.0,backfill
911622,2025-11,596748900.0,backfill
911622,2025-12,596748900.0,backfill
911622,2026-01,596748900.0,backfill
911622,2026-02,596748900.0,backfill
911622,2026-03,596748900.0,backfill
911622,2026-04,596748900.0,backfill
911622,2026-05,596748900.0,backfill
911622,2026-06,596748900.0,backfill
911622,2026-07,596748900.0,backfill
911622,2026-08,596748900.0,backfill
911622,2026-09,596748900.0,backfill
911622,2026-10,596748900.0,snap
911868,2025-09,2094465417.0,backfill
911868,2025-10,2094465417.0,backfill
911868,2025-11,2094465417.0,backfill
911868,2025-12,2094465417.0,backfill
911868,2026-01,2094465417.0,backfill
911868,2026-02,2094465417.0,backfill
911868,2026-03,2094465417.0,backfill
911868,2026-04,2094465417.0,backfill
911868,2026-05,2094465417.0,backfill
911868,2026-06,2094465417.0,backfill
911868,2026-07,2094465417.0,backfill
911868,2026-08,2094465417.0,backfill
911868,2026-09,2094465417.0,backfill
911868,2026-10,2094465417.0,snap
912000,2025-09,2362546300.0,backfill
912000,2025-10,2362546300.0,backfill
912000,2025-11,2362546300.0,backfill
912000,2025-12,2362546300.0,backfill
912000,2026-01,2362546300.0,backfill
912000,2026-02,2362546300.0,backfill
912000,2026-03,2362546300.0,backfill
912000,2026-04,2362546300.0,backfill
912000,2026-05,2362546300.0,backfill
912000,2026-06,2362546300.0,backfill
912000,2026-07,2362546300.0,backfill
912000,2026-08,2362546300.0,backfill
912000,2026-09,2362546300.0,backfill
912000,2026-10,2362546300.0,snap
9136,2025-09,1200008445.0,backfill
9136,2025-10,1200008445.0,backfill
9136,2025-11,1200008445.0,backfill
9136,2025-12,1200008445.0,backfill
9136,2026-01,1200008445.0,backfill
9136,2026-02,1200008445.0,backfill
9136,2026-03,1200008445.0,backfill
9136,2026-04,1200008445.0,backfill
9136,2026-05,1200008445.0,backfill
9136,2026-06,1200008445.0,backfill
9136,2026-07,1200008445.0,backfill
9136,2026-08,1200008445.0,backfill
9136,2026-09,1200008445.0,backfill
9136,2026-10,1200008445.0,snap
9802,2025-09,200991673.0,backfill
9802,2025-10,200991673.0,backfill
9802,2025-11,200991673.0,backfill
9802,2025-12,200991673.0,backfill
9802,2026-01,200991673.0,backfill
9802,2026-02,200991673.0,backfill
9802,2026-03,200991673.0,backfill
9802,2026-04,200991673.0,backfill
9802,2026-05,200991673.0,backfill
9802,2026-06,200991673.0,backfill
9802,2026-07,200991673.0,backfill
9802,2026-08,200991673.0,backfill
9802,2026-09,200991673.0,backfill
9802,2026-10,200991673.0,snap
9902,2025-09,98049600.0,backfill
9902,2025-10,98049600.0,backfill
9902,2025-11,98049600.0,backfill
9902,2025-12,98049600.0,backfill
9902,2026-01,98049600.0,backfill
9902,2026-02,98049600.0,backfill
9902,2026-03,98049600.0,backfill
9902,2026-04,98049600.0,backfill
9902,2026-05,98049600.0,backfill
9902,2026-06,98049600.0,backfill
9902,2026-07,98049600.0,backfill
9902,2026-08,98049600.0,backfill
9902,2026-09,98049600.0,backfill
9902,2026-10,98049600.0,snap
9904,2025-09,2946787213.0,backfill
9904,2025-10,2946787213.0,backfill
9904,2025-11,2946787213.0,backfill
9904,2025-12,2946787213.0,backfill
9904,2026-01,2946787213.0,backfill
9904,2026-02,2946787213.0,backfill
9904,2026-03,2946787213.0,backfill
9904,2026-04,2946787213.0,backfill
9904,2026-05,2946787213.0,backfill
9904,2026-06,2946787213.0,backfill
9904,2026-07,2946787213.0,backfill
9904,2026-08,2946787213.0,backfill
9904,2026-09,2946787213.0,backfill
9904,2026-10,2946787213.0,snap
9905,2025-09,305000000.0,backfill
9905,2025-10,305000000.0,backfill
9905,2025-11,305000000.0,backfill
9905,2025-12,305000000.0,backfill
9905,2026-01,305000000.0,backfill
9905,2026-02,305000000.0,backfill
9905,2026-03,305000000.0,backfill
9905,2026-04,305000000.0,backfill
9905,2026-05,305000000.0,backfill
9905,2026-06,305000000.0,backfill
9905,2026-07,305000000.0,backfill
9905,2026-08,305000000.0,backfill
9905,2026-09,305000000.0,backfill
9905,2026-10,305000000.0,snap
9906,2025-09,90376358.0,backfill
9906,2025-10,90376358.0,backfill
9906,2025-11,90376358.0,backfill
9906,2025-12,90376358.0,backfill
9906,2026-01,90376358.0,backfill
9906,2026-02,90376358.0,backfill
9906,2026-03,90376358.0,backfill
9906,2026-04,90376358.0,backfill
9906,2026-05,90376358.0,backfill
9906,2026-06,90376358.0,backfill
9906,2026-07,90376358.0,backfill
9906,2026-08,90376358.0,backfill
9906,2026-09,90376358.0,backfill
9906,2026-10,90376358.0,snap
9907,2025-09,1579145342.0,backfill
9907,2025-10,1579145342.0,backfill
9907,2025-11,1579145342.0,backfill
9907,2025-12,1579145342.0,backfill
9907,2026-01,1579145342.0,backfill
9907,2026-02,1579145342.0,backfill
9907,2026-03,1579145342.0,backfill
9907,2026-04,1579145342.0,backfill
9907,2026-05,1579145342.0,backfill
9907,2026-06,1579145342.0,backfill
9907,2026-07,1579145342.0,backfill
9907,2026-08,1579145342.0,backfill
9907,2026-09,1579145342.0,backfill
9907,2026-10,1579145342.0,snap
9908,2025-09,516358000.0,backfill
9908,2025-10,516358000.0,backfill
9908,2025-11,516358000.0,backfill
9908,2025-12,516358000.0,backfill
9908,2026-01,516358000.0,backfill
9908,2026-02,516358000.0,backfill
9908,2026-03,516358000.0,backfill
9908,2026-04,516358000.0,backfill
9908,2026-05,516358000.0,backfill
9908,2026-06,516358000.0,backfill
9908,2026-07,516358000.0,backfill
9908,2026-08,516358000.0,backfill
9908,2026-09,516358000.0,backfill
9908,2026-10,516358000.0,snap
9910,2025-09,987482831.0,backfill
9910,2025-10,987482831.0,backfill
9910,2025-11,987482831.0,backfill
9910,2025-12,987482831.0,backfill
9910,2026-01,987482831.0,backfill
9910,2026-02,987482831.0,backfill
9910,2026-03,987482831.0,backfill
9910,2026-04,987482831.0,backfill
9910,2026-05,987482831.0,backfill
9910,2026-06,987482831.0,backfill
9910,2026-07,987482831.0,backfill
9910,2026-08,987482831.0,backfill
9910,2026-09,987482831.0,backfill
9910,2026-10,987482831.0,snap
9911,2025-09,222332287.0,backfill
9911,2025-10,222332287.0,backfill
9911,2025-11,222332287.0,backfill
9911,2025-12,222332287.0,backfill
9911,2026-01,222332287.0,backfill
9911,2026-02,222332287.0,backfill
9911,2026-03,222332287.0,backfill
9911,2026-04,222332287.0,backfill
9911,2026-05,222332287.0,backfill
9911,2026-06,222332287.0,backfill
9911,2026-07,222332287.0,backfill
9911,2026-08,222332287.0,backfill
9911,2026-09,222332287.0,backfill
9911,2026-10,222332287.0,snap
9912,2025-09,53792569.0,backfill
9912,2025-10,53792569.0,backfill
9912,2025-11,53792569.0,backfill
9912,2025-12,53792569.0,backfill
9912,2026-01,53792569.0,backfill
9912,2026-02,53792569.0,backfill
9912,2026-03,53792569.0,backfill
9912,2026-04,53792569.0,backfill
9912,2026-05,53792569.0,backfill
9912,2026-06,53792569.0,backfill
9912,2026-07,53792569.0,backfill
9912,2026-08,53792569.0,backfill
9912,2026-09,53792569.0,backfill
9912,2026-10,53792569.0,snap
9914,2025-09,298983800.0,backfill
9914,2025-10,298983800.0,backfill
9914,2025-11,298983800.0,backfill
9914,2025-12,298983800.0,backfill
9914,2026-01,298983800.0,backfill
9914,2026-02,298983800.0,backfill
9914,2026-03,298983800.0,backfill
9914,2026-04,298983800.0,backfill
9914,2026-05,298983800.0,backfill
9914,2026-06,298983800.0,backfill
9914,2026-07,298983800.0,backfill
9914,2026-08,298983800.0,backfill
9914,2026-09,298983800.0,backfill
9914,2026-10,298983800.0,snap
9917,2025-09,473756948.0,backfill
9917,2025-10,473756948.0,backfill
9917,2025-11,473756948.0,backfill
9917,2025-12,473756948.0,backfill
9917,2026-01,473756948.0,backfill
9917,2026-02,473756948.0,backfill
9917,2026-03,473756948.0,backfill
9917,2026-04,473756948.0,backfill
9917,2026-05,473756948.0,backfill
9917,2026-06,473756948.0,backfill
9917,2026-07,473756948.0,backfill
9917,2026-08,473756948.0,backfill
9917,2026-09,473756948.0,backfill
9917,2026-10,473756948.0,snap
9918,2025-09,180537453.0,backfill
9918,2025-10,180537453.0,backfill
9918,2025-11,180537453.0,backfill
9918,2025-12,180537453.0,backfill
9918,2026-01,180537453.0,backfill
9918,2026-02,180537453.0,backfill
9918,2026-03,180537453.0,backfill
9918,2026-04,180537453.0,backfill
9918,2026-05,180537453.0,backfill
9918,2026-06,180537453.0,backfill
9918,2026-07,180537453.0,backfill
9918,2026-08,180537453.0,backfill
9918,2026-09,180537453.0,backfill
9918,2026-10,180537453.0,snap
9919,2025-09,195362750.0,backfill
9919,2025-10,195362750.0,backfill
9919,2025-11,195362750.0,backfill
9919,2025-12,195362750.0,backfill
9919,2026-01,195362750.0,backfill
9919,2026-02,195362750.0,backfill
9919,2026-03,195362750.0,backfill
9919,2026-04,195362750.0,backfill
9919,2026-05,195362750.0,backfill
9919,2026-06,195362750.0,backfill
9919,2026-07,195362750.0,backfill
9919,2026-08,195362750.0,backfill
9919,2026-09,195362750.0,backfill
9919,2026-10,195362750.0,snap
9921,2025-09,392065395.0,backfill
9921,2025-10,392065395.0,backfill
9921,2025-11,392065395.0,backfill
9921,2025-12,392065395.0,backfill
9921,2026-01,392065395.0,backfill
9921,2026-02,392065395.0,backfill
9921,2026-03,392065395.0,backfill
9921,2026-04,392065395.0,backfill
9921,2026-05,392065395.0,backfill
9921,2026-06,392065395.0,backfill
9921,2026-07,392065395.0,backfill
9921,2026-08,392065395.0,backfill
9921,2026-09,392065395.0,backfill
9921,2026-10,392065395.0,snap
9924,2025-09,150761736.0,backfill
9924,2025-10,150761736.0,backfill
9924,2025-11,150761736.0,backfill
9924,2025-12,150761736.0,backfill
9924,2026-01,150761736.0,backfill
9924,2026-02,150761736.0,backfill
9924,2026-03,150761736.0,backfill
9924,2026-04,150761736.0,backfill
9924,2026-05,150761736.0,backfill
9924,2026-06,150761736.0,backfill
9924,2026-07,150761736.0,backfill
9924,2026-08,150761736.0,backfill
9924,2026-09,150761736.0,backfill
9924,2026-10,150761736.0,snap
9925,2025-09,387489605.0,backfill
9925,2025-10,387489605.0,backfill
9925,2025-11,387489605.0,backfill
9925,2025-12,387489605.0,backfill
9925,2026-01,387489605.0,backfill
9925,2026-02,387489605.0,backfill
9925,2026-03,387489605.0,backfill
9925,2026-04,387489605.0,backfill
9925,2026-05,387489605.0,backfill
9925,2026-06,387489605.0,backfill
9925,2026-07,387489605.0,backfill
9925,2026-08,387489605.0,backfill
9925,2026-09,387489605.0,backfill
9925,2026-10,387489605.0,snap
9926,2025-09,179504075.0,backfill
9926,2025-10,179504075.0,backfill
9926,2025-11,179504075.0,backfill
9926,2025-12,179504075.0,backfill
9926,2026-01,179504075.0,backfill
9926,2026-02,179504075.0,backfill
9926,2026-03,179504075.0,backfill
9926,2026-04,179504075.0,backfill
9926,2026-05,179504075.0,backfill
9926,2026-06,179504075.0,backfill
9926,2026-07,179504075.0,backfill
9926,2026-08,179504075.0,backfill
9926,2026-09,179504075.0,backfill
9926,2026-10,179504075.0,snap
9927,2025-09,120000000.0,backfill
9927,2025-10,120000000.0,backfill
9927,2025-11,120000000.0,backfill
9927,2025-12,120000000.0,backfill
9927,2026-01,120000000.0,backfill
9927,2026-02,120000000.0,backfill
9927,2026-03,120000000.0,backfill
9927,2026-04,120000000.0,backfill
9927,2026-05,120000000.0,backfill
9927,2026-06,120000000.0,backfill
9927,2026-07,120000000.0,backfill
9927,2026-08,120000000.0,backfill
9927,2026-09,120000000.0,backfill
9927,2026-10,120000000.0,snap
9928,2025-09,70724583.0,backfill
9928,2025-10,70724583.0,backfill
9928,2025-11,70724583.0,backfill
9928,2025-12,70724583.0,backfill
9928,2026-01,70724583.0,backfill
9928,2026-02,70724583.0,backfill
9928,2026-03,70724583.0,backfill
9928,2026-04,70724583.0,backfill
9928,2026-05,70724583.0,backfill
9928,2026-06,70724583.0,backfill
9928,2026-07,70724583.0,backfill
9928,2026-08,70724583.0,backfill
9928,2026-09,70724583.0,backfill
9928,2026-10,70724583.0,snap
9929,2025-09,101280000.0,backfill
9929,2025-10,101280000.0,backfill
9929,2025-11,101280000.0,backfill
9929,2025-12,101280000.0,backfill
9929,2026-01,101280000.0,backfill
9929,2026-02,101280000.0,backfill
9929,2026-03,101280000.0,backfill
9929,2026-04,101280000.0,backfill
9929,2026-05,101280000.0,backfill
9929,2026-06,101280000.0,backfill
9929,2026-07,101280000.0,backfill
9929,2026-08,101280000.0,backfill
9929,2026-09,101280000.0,backfill
9929,2026-10,101280000.0,snap
9930,2025-09,248540368.0,backfill
9930,2025-10,248540368.0,backfill
9930,2025-11,248540368.0,backfill
9930,2025-12,248540368.0,backfill
9930,2026-01,248540368.0,backfill
9930,2026-02,248540368.0,backfill
9930,2026-03,248540368.0,backfill
9930,2026-04,248540368.0,backfill
9930,2026-05,248540368.0,backfill
9930,2026-06,248540368.0,backfill
9930,2026-07,248540368.0,backfill
9930,2026-08,248540368.0,backfill
9930,2026-09,248540368.0,backfill
9930,2026-10,248540368.0,snap
9931,2025-09,120369303.0,backfill
9931,2025-10,120369303.0,backfill
9931,2025-11,120369303.0,backfill
9931,2025-12,120369303.0,backfill
9931,2026-01,120369303.0,backfill
9931,2026-02,120369303.0,backfill
9931,2026-03,120369303.0,backfill
9931,2026-04,120369303.0,backfill
9931,2026-05,120369303.0,backfill
9931,2026-06,120369303.0,backfill
9931,2026-07,120369303.0,backfill
9931,2026-08,120369303.0,backfill
9931,2026-09,120369303.0,backfill
9931,2026-10,120369303.0,snap
9933,2025-09,944437034.0,backfill
9933,2025-10,944437034.0,backfill
9933,2025-11,944437034.0,backfill
9933,2025-12,944437034.0,backfill
9933,2026-01,944437034.0,backfill
9933,2026-02,944437034.0,backfill
9933,2026-03,944437034.0,backfill
9933,2026-04,944437034.0,backfill
9933,2026-05,944437034.0,backfill
9933,2026-06,944437034.0,backfill
9933,2026-07,944437034.0,backfill
9933,2026-08,944437034.0,backfill
9933,2026-09,944437034.0,backfill
9933,2026-10,944437034.0,snap
9934,2025-09,411016962.0,backfill
9934,2025-10,411016962.0,backfill
9934,2025-11,411016962.0,backfill
9934,2025-12,411016962.0,backfill
9934,2026-01,411016962.0,backfill
9934,2026-02,411016962.0,backfill
9934,2026-03,411016962.0,backfill
9934,2026-04,411016962.0,backfill
9934,2026-05,411016962.0,backfill
9934,2026-06,411016962.0,backfill
9934,2026-07,411016962.0,backfill
9934,2026-08,411016962.0,backfill
9934,2026-09,411016962.0,backfill
9934,2026-10,411016962.0,snap
9935,2025-09,177838926.0,backfill
9935,2025-10,177838926.0,backfill
9935,2025-11,177838926.0,backfill
9935,2025-12,177838926.0,backfill
9935,2026-01,177838926.0,backfill
9935,2026-02,177838926.0,backfill
9935,2026-03,177838926.0,backfill
9935,2026-04,177838926.0,backfill
9935,2026-05,177838926.0,backfill
9935,2026-06,177838926.0,backfill
9935,2026-07,177838926.0,backfill
9935,2026-08,177838926.0,backfill
9935,2026-09,177838926.0,backfill
9935,2026-10,177838926.0,snap
9937,2025-09,309043000.0,backfill
9937,2025-10,309043000.0,backfill
9937,2025-11,309043000.0,backfill
9937,2025-12,309043000.0,backfill
9937,2026-01,309043000.0,backfill
9937,2026-02,309043000.0,backfill
9937,2026-03,309043000.0,backfill
9937,2026-04,309043000.0,backfill
9937,2026-05,309043000.0,backfill
9937,2026-06,309043000.0,backfill
9937,2026-07,309043000.0,backfill
9937,2026-08,309043000.0,backfill
9937,2026-09,309043000.0,backfill
9937,2026-10,309043000.0,snap
9938,2025-09,297963902.0,backfill
9938,2025-10,297963902.0,backfill
9938,2025-11,297963902.0,backfill
9938,2025-12,297963902.0,backfill
9938,2026-01,297963902.0,backfill
9938,2026-02,297963902.0,backfill
9938,2026-03,297963902.0,backfill
9938,2026-04,297963902.0,backfill
9938,2026-05,297963902.0,backfill
9938,2026-06,297963902.0,backfill
9938,2026-07,297963902.0,backfill
9938,2026-08,297963902.0,backfill
9938,2026-09,297963902.0,backfill
9938,2026-10,297963902.0,snap
9939,2025-09,295786475.0,backfill
9939,2025-10,295786475.0,backfill
9939,2025-11,295786475.0,backfill
9939,2025-12,295786475.0,backfill
9939,2026-01,295786475.0,backfill
9939,2026-02,295786475.0,backfill
9939,2026-03,295786475.0,backfill
9939,2026-04,295786475.0,backfill
9939,2026-05,295786475.0,backfill
9939,2026-06,295786475.0,backfill
9939,2026-07,295786475.0,backfill
9939,2026-08,295786475.0,backfill
9939,2026-09,295786475.0,backfill
9939,2026-10,295786475.0,snap
9940,2025-09,736846500.0,backfill
9940,2025-10,736846500.0,backfill
9940,2025-11,736846500.0,backfill
9940,2025-12,736846500.0,backfill
9940,2026-01,736846500.0,backfill
9940,2026-02,736846500.0,backfill
9940,2026-03,736846500.0,backfill
9940,2026-04,736846500.0,backfill
9940,2026-05,736846500.0,backfill
9940,2026-06,736846500.0,backfill
9940,2026-07,736846500.0,backfill
9940,2026-08,736846500.0,backfill
9940,2026-09,736846500.0,backfill
9940,2026-10,736846500.0,snap
9941,2025-09,587149073.0,backfill
9941,2025-10,587149073.0,backfill
9941,2025-11,587149073.0,backfill
9941,2025-12,587149073.0,backfill
9941,2026-01,587149073.0,backfill
9941,2026-02,587149073.0,backfill
9941,2026-03,587149073.0,backfill
9941,2026-04,587149073.0,backfill
9941,2026-05,587149073.0,backfill
9941,2026-06,587149073.0,backfill
9941,2026-07,587149073.0,backfill
9941,2026-08,587149073.0,backfill
9941,2026-09,587149073.0,backfill
9941,2026-10,587149073.0,snap
9942,2025-09,83161320.0,backfill
9942,2025-10,83161320.0,backfill
9942,2025-11,83161320.0,backfill
9942,2025-12,83161320.0,backfill
9942,2026-01,83161320.0,backfill
9942,2026-02,83161320.0,backfill
9942,2026-03,83161320.0,backfill
9942,2026-04,83161320.0,backfill
9942,2026-05,83161320.0,backfill
9942,2026-06,83161320.0,backfill
9942,2026-07,83161320.0,backfill
9942,2026-08,83161320.0,backfill
9942,2026-09,83161320.0,backfill
9942,2026-10,83161320.0,snap
9943,2025-09,125171510.0,backfill
9943,2025-10,125171510.0,backfill
9943,2025-11,125171510.0,backfill
9943,2025-12,125171510.0,backfill
9943,2026-01,125171510.0,backfill
9943,2026-02,125171510.0,backfill
9943,2026-03,125171510.0,backfill
9943,2026-04,125171510.0,backfill
9943,2026-05,125171510.0,backfill
9943,2026-06,125171510.0,backfill
9943,2026-07,125171510.0,backfill
9943,2026-08,125171510.0,backfill
9943,2026-09,125171510.0,backfill
9943,2026-10,125171510.0,snap
9944,2025-09,105908100.0,backfill
9944,2025-10,105908100.0,backfill
9944,2025-11,105908100.0,backfill
9944,2025-12,105908100.0,backfill
9944,2026-01,105908100.0,backfill
9944,2026-02,105908100.0,backfill
9944,2026-03,105908100.0,backfill
9944,2026-04,105908100.0,backfill
9944,2026-05,105908100.0,backfill
9944,2026-06,105908100.0,backfill
9944,2026-07,105908100.0,backfill
9944,2026-08,105908100.0,backfill
9944,2026-09,105908100.0,backfill
9944,2026-10,105908100.0,snap
9945,2025-09,2844225086.0,backfill
9945,2025-10,2844225086.0,backfill
9945,2025-11,2844225086.0,backfill
9945,2025-12,2844225086.0,backfill
9945,2026-01,2844225086.0,backfill
9945,2026-02,2844225086.0,backfill
9945,2026-03,2844225086.0,backfill
9945,2026-04,2844225086.0,backfill
9945,2026-05,2844225086.0,backfill
9945,2026-06,2844225086.0,backfill
9945,2026-07,2844225086.0,backfill
9945,2026-08,2844225086.0,backfill
9945,2026-09,2844225086.0,backfill
9945,2026-10,2844225086.0,snap
9946,2025-09,326554150.0,backfill
9946,2025-10,326554150.0,backfill
9946,2025-11,326554150.0,backfill
9946,2025-12,326554150.0,backfill
9946,2026-01,326554150.0,backfill
9946,2026-02,326554150.0,backfill
9946,2026-03,326554150.0,backfill
9946,2026-04,326554150.0,backfill
9946,2026-05,326554150.0,backfill
9946,2026-06,326554150.0,backfill
9946,2026-07,326554150.0,backfill
9946,2026-08,326554150.0,backfill
9946,2026-09,326554150.0,backfill
9946,2026-10,326554150.0,snap
9949,2025-09,44860763.0,backfill
9949,2025-10,44860763.0,backfill
9949,2025-11,44860763.0,backfill
9949,2025-12,44860763.0,backfill
9949,2026-01,44860763.0,backfill
9949,2026-02,44860763.0,backfill
9949,2026-03,44860763.0,backfill
9949,2026-04,44860763.0,backfill
9949,2026-05,44860763.0,backfill
9949,2026-06,44860763.0,backfill
9949,2026-07,44860763.0,backfill
9949,2026-08,44860763.0,backfill
9949,2026-09,44860763.0,backfill
9949,2026-10,44860763.0,snap
9950,2025-09,167716000.0,backfill
9950,2025-10,167716000.0,backfill
9950,2025-11,167716000.0,backfill
9950,2025-12,167716000.0,backfill
9950,2026-01,167716000.0,backfill
9950,2026-02,167716000.0,backfill
9950,2026-03,167716000.0,backfill
9950,2026-04,167716000.0,backfill
9950,2026-05,167716000.0,backfill
9950,2026-06,167716000.0,backfill
9950,2026-07,167716000.0,backfill
9950,2026-08,167716000.0,backfill
9950,2026-09,167716000.0,backfill
9950,2026-10,167716000.0,snap
9951,2025-09,73300000.0,backfill
9951,2025-10,73300000.0,backfill
9951,2025-11,73300000.0,backfill
9951,2025-12,73300000.0,backfill
9951,2026-01,73300000.0,backfill
9951,2026-02,73300000.0,backfill
9951,2026-03,73300000.0,backfill
9951,2026-04,73300000.0,backfill
9951,2026-05,73300000.0,backfill
9951,2026-06,73300000.0,backfill
9951,2026-07,73300000.0,backfill
9951,2026-08,73300000.0,backfill
9951,2026-09,73300000.0,backfill
9951,2026-10,73300000.0,snap
9955,2025-09,104424629.0,backfill
9955,2025-10,104424629.0,backfill
9955,2025-11,104424629.0,backfill
9955,2025-12,104424629.0,backfill
9955,2026-01,104424629.0,backfill
9955,2026-02,104424629.0,backfill
9955,2026-03,104424629.0,backfill
9955,2026-04,104424629.0,backfill
9955,2026-05,104424629.0,backfill
9955,2026-06,104424629.0,backfill
9955,2026-07,104424629.0,backfill
9955,2026-08,104424629.0,backfill
9955,2026-09,104424629.0,backfill
9955,2026-10,104424629.0,snap
9958,2025-09,266896665.0,backfill
9958,2025-10,266896665.0,backfill
9958,2025-11,266896665.0,backfill
9958,2025-12,266896665.0,backfill
9958,2026-01,266896665.0,backfill
9958,2026-02,266896665.0,backfill
9958,2026-03,266896665.0,backfill
9958,2026-04,266896665.0,backfill
9958,2026-05,266896665.0,backfill
9958,2026-06,266896665.0,backfill
9958,2026-07,266896665.0,backfill
9958,2026-08,266896665.0,backfill
9958,2026-09,266896665.0,backfill
9958,2026-10,266896665.0,snap
9960,2025-09,33592500.0,backfill
9960,2025-10,33592500.0,backfill
9960,2025-11,33592500.0,backfill
9960,2025-12,33592500.0,backfill
9960,2026-01,33592500.0,backfill
9960,2026-02,33592500.0,backfill
9960,2026-03,33592500.0,backfill
9960,2026-04,33592500.0,backfill
9960,2026-05,33592500.0,backfill
9960,2026-06,33592500.0,backfill
9960,2026-07,33592500.0,backfill
9960,2026-08,33592500.0,backfill
9960,2026-09,33592500.0,backfill
9960,2026-10,33592500.0,snap
9962,2025-09,90220260.0,backfill
9962,2025-10,90220260.0,backfill
9962,2025-11,90220260.0,backfill
9962,2025-12,90220260.0,backfill
9962,2026-01,90220260.0,backfill
9962,2026-02,90220260.0,backfill
9962,2026-03,90220260.0,backfill
9962,2026-04,90220260.0,backfill
9962,2026-05,90220260.0,backfill
9962,2026-06,90220260.0,backfill
9962,2026-07,90220260.0,backfill
9962,2026-08,90220260.0,backfill
9962,2026-09,90220260.0,backfill
9962,2026-10,90220260.0,snap
