code,updated,mcap,pe,fpe,pb,yield,rev_g,eps_g,gross_m,op_m,roe,beta,short_pct,target,rec,n_analyst,next_earn,last_earn,employees,summary
A,2026-10-10,48.1,33.2,25.2,6.53,0.6,8.1,8.5,53.6,25.6,21.0,1.21,2.0,178.0,buy,20.0,2026-11-25,2026-07-31,18200.0,"Agilent Technologies, Inc. provides application focused solutions to the life sciences, diagnostics, and applied chemical markets worldwide. The company operates through three segments: Life Sciences and Diagnostics Markets, Agilent CrossLab, and Applied Markets. The Life Sciences and Diagnostics Markets segment offers liquid chromatography systems and components; and liquid chromatography mass sp"
AAPL,2026-10-10,4913.0,39.1,35.1,45.74,0.32,16.4,28.7,48.7,32.6,148.8,1.07,0.9,328.09,buy,39.0,2026-11-02,2026-06-27,150000.0,"Apple Inc. designs, manufactures, and markets smartphones, personal computers, tablets, wearables, and accessories worldwide. The company offers iPhone, a line of smartphones; Mac, a line of personal computers; iPad, a line of multi-purpose tablets; and wearables, home, and accessories comprising AirPods, Apple Vision Pro, Apple TV, Apple Watch, Beats products, and HomePod, as well as Apple brande"
ABBV,2026-10-10,488.6,78.1,17.0,-82.31,2.54,10.2,290.4,72.8,40.0,,0.23,1.2,280.79,buy,28.0,2026-10-30,2026-06-30,57000.0,"AbbVie Inc., a research-based biopharmaceutical company, engages in the research and development, manufacturing, commercializing, and sale of medicines and therapies worldwide. The company offers Skyrizi to treat autoimmune diseases; Rinvoq to treat inflammatory diseases; Imbruvica for the treatment of adult patients with blood cancers; Venclexta to treat blood cancers; Elahere to treat various ca"
ABNB,2026-10-10,99.3,37.2,26.8,12.55,0.0,16.5,33.4,82.9,21.0,34.5,1.24,3.5,183.56,buy,39.0,2026-11-05,2026-06-30,8200.0,"Airbnb, Inc., together with its subsidiaries, operates a platform for stays, experiences, and services worldwide. The company's marketplace connects hosts and guests online or through mobile devices to book spaces, experiences, and services. It also offers gift cards. The company was formerly known as AirBed & Breakfast, Inc. and changed its name to Airbnb, Inc. in November 2010. Airbnb, Inc. was "
ABT,2026-10-10,173.5,31.8,16.4,3.37,2.56,13.0,-47.5,56.8,14.7,10.6,0.58,1.3,120.72,strong_buy,26.0,2026-10-21,2026-06-30,122000.0,"Abbott Laboratories, together with its subsidiaries, discovers, develops, manufactures, and sells health care products worldwide. It operates in four segments: Established Pharmaceutical Products, Diagnostic Products, Nutritional Products, and Medical Devices. The company offers generic pharmaceuticals for the treatment of pancreatic exocrine insufficiency, irritable bowel syndrome or biliary spas"
ACGL,2026-10-10,32.6,7.5,9.8,1.4,0.0,-10.5,-7.1,38.8,26.6,19.9,0.26,2.5,111.24,buy,19.0,2026-10-27,2026-06-30,8000.0,"Arch Capital Group Ltd., together with its subsidiaries, provides insurance, reinsurance, and mortgage insurance products in the United States, Canada, Bermuda, the United Kingdom, Europe, and Australia. The company operates through three segments: Insurance, Reinsurance, and Mortgage. The Insurance segment offers commercial automobile; commercial multiperil; financial and professional line liabil"
ACN,2026-10-10,127.9,15.4,13.1,3.95,3.48,6.2,46.4,32.0,15.3,26.0,1.1,4.5,223.65,buy,24.0,2026-12-17,2026-08-31,814000.0,"Accenture plc provides strategy and consulting, industry X, song, and technology and operation services in the Americas, Europe, the Middle East, Africa, and the Asia Pacific. It offers systems integration and application management; security; intelligent platform; infrastructure; software engineering; data, AI, cloud; and automation and global delivery services. The company also operates business"
ADBE,2026-10-10,94.3,13.5,8.8,8.05,0.0,12.9,10.5,89.3,34.8,61.9,1.42,5.3,275.06,hold,32.0,2026-12-09,2026-08-28,31360.0,"Adobe Inc. operates as a technology company worldwide. The Digital Media segment offers products and services that enable individuals, teams, and enterprises to create, publish, and promote content. This segment serves photographers, video editors, graphic and experience designers, game developers, content creators, students, marketers, business owners, knowledge workers, and consumers. The Digita"
ADI,2026-10-10,196.8,48.2,24.8,5.87,1.08,39.6,163.5,65.8,39.5,12.2,1.23,2.0,470.72,strong_buy,32.0,2026-11-24,2026-08-01,24500.0,"Analog Devices, Inc. engages in the design, manufacture, testing, and marketing of integrated circuits (ICs), software, and subsystems products in the United States, rest of North and South America, Europe, Japan, China, and rest of Asia. It provides data converter products, which translate real-world analog signals into digital data, as well as translates digital data into analog signals; power m"
ADM,2026-10-10,38.5,22.6,14.0,1.63,2.52,7.2,315.6,6.9,4.0,7.6,0.63,4.0,80.4,hold,10.0,2026-11-03,2026-06-30,40798.0,"Archer-Daniels-Midland Company provides human and animal nutrition ingredients and solutions in the United States, Switzerland, the Cayman Islands, Brazil, Mexico, Canada, the United Kingdom, and internationally. It operates in three segments: Ag Services and Oilseeds; Carbohydrate Solutions; and Nutrition. The company engages in the origination, merchandising, transportation, and storage of agric"
ADP,2026-10-10,107.3,24.7,20.2,17.87,2.58,6.8,9.8,48.7,23.5,72.2,0.84,3.0,286.4,hold,15.0,2026-10-28,2026-06-30,67000.0,"Automatic Data Processing, Inc. provides cloud-based human capital management (HCM) solutions worldwide. It operates in two segments, Employer Services and Professional Employer Organization (PEO). The Employer Services segment offers strategic, cloud-based platforms, and human resources (HR) outsourcing solutions. This segment's offerings include RUN Powered by ADP, a software platform for small "
ADSK,2026-10-10,49.2,30.5,16.6,14.54,0.0,16.1,59.6,92.5,29.2,53.9,1.33,4.4,307.54,buy,34.0,2026-11-27,2026-07-31,14300.0,"Autodesk, Inc. engages in the provision of 3D design, engineering, and entertainment technology solutions worldwide. The company offers AutoCAD Civil 3D, a surveying, design, analysis, and documentation solution; Autodesk Build, a toolset for managing, sharing, and accessing project documents for streamlined workflows between the office, trailer, and jobsite; Revit, a software built for building i"
AEE,2026-10-10,28.3,17.9,17.6,2.07,2.95,-6.2,11.9,52.4,25.2,11.9,0.45,5.0,117.88,buy,16.0,2026-11-05,2026-06-30,8913.0,"Ameren Corporation, together with its subsidiaries, operates as a public utility holding company in the United States. The company operates through four segments: Ameren Missouri, Ameren Illinois Electric Distribution, Ameren Illinois Natural Gas, and Ameren Transmission. It engages in the rate-regulated electric generation, transmission, and distribution business and natural gas transmission and "
AEP,2026-10-10,66.9,21.3,17.9,2.08,3.11,7.0,-43.2,46.4,23.3,10.1,0.47,4.7,142.53,buy,20.0,2026-10-28,2026-06-30,17581.0,"American Electric Power Company, Inc., an electric public utility holding company, engages in the generation, transmission, and distribution of electricity for sale to retail and wholesale customers in the United States. It operates through Vertically Integrated Utilities, Transmission and Distribution Utilities, AEP Transmission Holdco, and Generation & Marketing segments. The company generates e"
AES,2026-10-10,10.7,5.6,6.3,2.16,4.71,19.9,,20.3,18.7,9.6,0.95,2.6,15.0,hold,8.0,2026-11-04,2026-06-30,8336.0,"The AES Corporation, together with its subsidiaries, operates as a power generation and utility company. It operates through four segments: Renewables, Utilities, Energy Infrastructure, and New Energy Technologies. The company owns and/or operates power plants to generate and sell power to customers, such as utilities, industrial users, and other intermediaries; owns and/or operates utilities to g"
AFL,2026-10-10,57.4,12.4,15.1,1.9,2.12,-1.0,46.8,50.9,25.7,16.9,0.56,3.0,118.13,hold,15.0,2026-11-04,2026-06-30,12716.0,"Aflac Incorporated, through its subsidiaries, provides supplemental health and life insurance products. It operates in two segments, Aflac Japan and Aflac U.S. The Aflac Japan segment offers cancer, medical, nursing care, whole life, and GIFT insurance products, as well as WAYS and child endowment, and Tsumitasu insurance products in Japan. Its Aflac U.S. segment provides accident, disability, can"
AIG,2026-10-10,40.3,14.1,8.8,1.0,2.6,0.5,-10.1,35.1,19.4,7.2,0.53,2.3,88.3,buy,20.0,2026-11-03,2026-06-30,22100.0,"American International Group, Inc. provides insurance products for commercial, institutional, and individual customers in North America and internationally. It operates through three segments: North America Commercial, International Commercial, and Global Personal. The company offers commercial and industrial property insurance, including business interruption and package insurance that cover expo"
AIZ,2026-10-10,13.1,13.1,11.4,2.16,1.29,9.4,30.5,13.3,11.7,18.3,0.53,3.5,326.67,strong_buy,6.0,2026-11-03,2026-06-30,14800.0,"Assurant, Inc. provides protection services to connected devices, homes, and automobiles in North America, Latin America, Europe, and the Asia Pacific. It operates through Global Lifestyle and Global Housing segments. The Global Lifestyle segment offers mobile device solutions, and extended service contracts and related services for consumer electronics and appliances, and credit and other insuran"
AJG,2026-10-10,59.7,38.6,15.7,2.51,1.2,30.9,-10.7,43.2,19.2,6.7,0.55,2.5,284.72,buy,18.0,2026-10-29,2026-06-30,67456.0,"Arthur J. Gallagher & Co., together with its subsidiaries, provides insurance and reinsurance brokerage, consulting, and third-party property/casualty claims settlement and administration services to entities and individuals worldwide. The company operates in Brokerage and Risk Management segments. Its Brokerage segment offers retail and wholesale insurance and reinsurance brokerage services; assi"
AKAM,2026-10-10,15.4,36.5,15.6,3.23,0.0,5.4,-26.8,57.5,7.6,8.9,0.62,15.4,158.87,buy,22.0,2026-11-05,2026-06-30,11000.0,"Akamai Technologies, Inc. engages in the provision of security, delivery, and cloud computing solutions in the United States and internationally. It offers security solutions that include web application and application programming interfaces (API) protection solutions, which protect web, API, and mobile app traffic from attacks; Bot & Abuse portfolio, which provides solutions to help customers pr"
ALB,2026-10-10,12.0,375.1,9.1,1.49,1.61,31.1,,24.0,27.7,2.6,1.36,10.8,168.56,buy,20.0,2026-11-04,2026-06-30,7800.0,"Albemarle Corporation provides energy storage solutions worldwide. It operates through three segments: Energy Storage, Specialties, and Ketjen. The Energy Storage segment offers lithium compounds, including lithium carbonate, lithium hydroxide, and lithium chloride for use in lithium batteries used in consumer electronics and electric vehicles; power grids and solar panels; high-performance grease"
ALGN,2026-10-10,10.1,24.5,11.5,2.4,0.0,4.3,-12.1,70.7,18.2,10.2,1.67,6.3,201.71,buy,14.0,2026-10-28,2026-06-30,20435.0,"Align Technology, Inc. provides Invisalign clear aligners, Vivera retainers, and iTero intraoral scanners and services in the United States, Switzerland, and internationally. The company's Clear Aligner segment offers Invisalign comprehensive package to treat adults and teens malocclusion and features, and orthodontic needs of teenage or younger patients; and Invisalign First Phase I and Invisalig"
ALL,2026-10-10,58.0,4.6,8.2,1.84,1.87,11.8,61.2,36.8,22.8,46.1,0.14,2.4,270.55,hold,22.0,2026-11-04,2026-06-30,53000.0,"The Allstate Corporation, together with its subsidiaries, provides property and casualty, and other insurance products in the United States and Canada. It operates in four segments: Allstate Protection; Run-off Property-Liability; Protection Services; and Corporate and Other. The company offers private passenger auto, homeowners, other personal lines and commercial insurance through exclusive agen"
ALLE,2026-10-10,12.8,19.7,15.4,6.04,1.47,12.7,16.2,44.8,22.1,33.7,0.82,3.5,178.0,buy,11.0,2026-10-22,2026-06-30,13300.0,"Allegion plc engages in the provision of security products and solutions worldwide. It is operating through two segments: Allegion Americas and Allegion International. The company offers door controls, door control system, and exit devices; doors, glass and door systems, and accessories; electronic security products and access control systems, including time, attendance, and workforce productivity"
AMAT,2026-10-10,402.4,44.0,27.4,15.7,0.42,24.8,42.8,49.4,33.7,41.1,1.59,1.8,638.94,strong_buy,36.0,2026-11-12,2026-07-26,38900.0,"Applied Materials, Inc. provides materials engineering solutions, equipment, services, and software to the semiconductor and related industries in the United States, China, Korea, Taiwan, Japan, Southeast Asia, Europe, and internationally. The company operates through Semiconductor Systems and Applied Global Services (AGS) segments. The Semiconductor Systems segment includes semiconductor capital "
AMCR,2026-10-10,19.3,17.5,9.6,1.63,6.21,25.9,,20.0,9.7,9.4,0.58,5.0,49.76,buy,12.0,2026-11-05,2026-06-30,75000.0,"Amcor plc, together with its subsidiaries, develops and produces packaging solutions for nutrition, health, beauty, and wellness categories in Europe, North America, Latin America, and the Asia Pacific. Its products include apparel, applicators, bags and bulk bags, bottles and vials, building materials, canisters and jerrycans, drinking cups, films and laminates, jars, lids, tapes and adhesives, t"
AMD,2026-10-10,992.7,155.1,38.7,14.76,0.0,50.1,159.5,55.7,17.2,10.2,2.45,2.5,636.21,strong_buy,50.0,2026-11-03,2026-06-27,31000.0,"Advanced Micro Devices, Inc. operates as a semiconductor company internationally. It operates in three segments: Data Center, Client and Gaming, and Embedded. The company offers artificial intelligence (AI) accelerators, microprocessors, and graphics processing units (GPUs) as standalone devices or as incorporated into accelerated processing units, chipsets, and data center and professional GPUs; "
AME,2026-10-10,57.0,36.3,26.1,5.06,0.55,15.0,14.2,36.9,26.2,14.6,0.96,1.5,280.28,buy,18.0,2026-10-29,2026-06-30,22500.0,"AMETEK, Inc. manufactures and sells electronic instruments (EIG) and electromechanical (EMG) devices in the United States and internationally. It operates through EIG and EMG segments. The company offers advanced instruments for the process, aerospace, power, and industrial markets; process and analytical instruments for the oil and gas, petrochemical, pharmaceutical, semiconductor, automation, an"
AMGN,2026-10-10,224.3,25.3,16.9,19.19,2.44,9.5,64.9,71.9,35.5,91.5,0.41,2.6,391.46,hold,29.0,2026-11-03,2026-06-30,31500.0,"Amgen Inc. discovers, develops, manufactures, and delivers human therapeutics worldwide. The company's principal products include Enbrel for the treatment of rheumatoid arthritis, plaque psoriasis, and psoriatic arthritis; Otezla for the treatment of adult patients with plaque psoriasis, psoriatic arthritis, and oral ulcers associated with Behçet's disease; Prolia to treat postmenopausal women wit"
AMP,2026-10-10,44.2,12.1,9.7,6.95,1.36,11.6,11.7,54.9,30.7,63.4,1.16,4.1,569.0,buy,11.0,2026-10-29,2026-06-30,13600.0,"Ameriprise Financial, Inc., together with its subsidiaries, operates as a diversified financial services company in the United States and internationally. The company offers financial planning and advice services to individual and institutional clients. It operates through Advice & Wealth Management, Asset Management, Retirement & Protection Solutions, Corporate & Other segments. The Advice & Weal"
AMT,2026-10-10,84.9,22.9,26.0,22.83,4.29,4.7,138.5,73.8,45.4,33.9,0.89,1.5,215.74,buy,23.0,2026-10-27,2026-06-30,4866.0,"American Tower Corporation one of the largest global REITs, is a leading independent owner, operator and developer of multitenant communications real estate with a portfolio of over 148,000 communications sites and a highly interconnected footprint of U.S. data center facilities. American Tower Corporation was incorporated in 1995 in Delaware and is based in Massachusetts, Boston."
AMZN,2026-10-10,2830.7,21.1,25.1,5.13,0.0,19.6,242.3,50.8,13.7,30.6,1.46,0.8,331.53,strong_buy,58.0,2026-10-29,2026-06-30,1595000.0,"Amazon.com, Inc. engages in the retail sale of consumer products, advertising, and subscriptions service through online and physical stores in North America and internationally. The company operates through three segments: North America, International, and Amazon Web Services (AWS). It also manufactures and sells electronic devices, including Kindle, fire tablets, fire TVs, echo, ring, blink, and "
ANET,2026-10-10,273.4,68.4,41.5,18.47,0.0,37.7,35.7,63.0,45.4,31.5,1.6,1.3,242.55,strong_buy,29.0,2026-11-03,2026-06-30,5115.0,"Arista Networks, Inc. engages in the development, marketing, and sale of data-driven, client to cloud networking solutions for AI, data center, campus, and routing environments in the Americas, Europe, the Middle East, Africa, and the Asia-Pacific. Its cloud networking solutions consist of Extensible Operating System (EOS), a publish-subscribe state-sharing networking operating system offered in c"
AON,2026-10-10,58.0,15.1,13.5,6.04,1.21,2.2,-3.0,48.2,23.5,44.7,0.69,1.8,364.74,buy,19.0,2026-10-28,2026-06-30,60000.0,"Aon plc operates as a professional services firm in the United States, rest of the Americas, the United Kingdom, Ireland, rest of Europe, the Middle East, Africa, and the Asia Pacific. It operates through Risk Capital and Human Capital segments. The company offers commercial risk solutions comprising retail and insurance brokerage, specialty solutions, global risk consulting, captives management, "
AOS,2026-10-10,7.7,15.7,13.8,4.16,2.6,-0.7,-15.0,38.6,18.9,27.1,1.11,11.1,69.91,hold,11.0,2026-10-29,2026-06-30,11500.0,"A. O. Smith Corporation manufactures and markets residential and commercial gas and electric water heaters, boilers, heat pumps, tanks, and water treatment products in North America, China, Europe, and India. The company offers water heaters for residences, restaurants, hotels, office buildings, laundries, car washes, and small businesses; boilers for hospitals, schools, hotels, homes, apartments,"
APA,2026-10-10,16.1,9.7,9.9,2.29,2.2,9.2,26.3,78.3,56.3,26.7,0.42,9.2,46.2,hold,25.0,2026-11-04,2026-06-30,1791.0,"APA Corporation, an independent energy company, explores for, develops, and produces natural gas, crude oil, and natural gas liquids. The company has oil and gas operations in the United States, Egypt, and North Sea. It also has exploration and appraisal activities in Suriname, as well as holds interests in projects located in Uruguay and internationally. APA Corporation was incorporated in 1954 a"
APD,2026-10-10,62.6,,19.5,4.51,2.6,4.6,,32.1,25.5,0.0,0.76,1.9,342.53,buy,19.0,2026-11-05,2026-06-30,21087.0,"Air Products and Chemicals, Inc. provides atmospheric gases, process and specialty gases, equipment, and related services in the Americas, Asia, Europe, the Middle East, India, and internationally. The company produces atmospheric gases, including oxygen, nitrogen, and argon; process gases, such as hydrogen, helium, carbon dioxide, carbon monoxide, and syngas; and specialty gases for customers in "
APH,2026-10-10,215.1,42.8,26.2,13.88,0.57,55.0,59.3,39.0,29.8,38.1,1.24,1.5,101.29,strong_buy,19.0,2026-10-28,2026-06-30,170000.0,"Amphenol Corporation, together with its subsidiaries, designs, manufactures, and markets electrical, electronic, and fiber optic connectors in the United States, China, and internationally. It operates through three segments: Communications Solutions, Harsh Environment Solutions, and Interconnect and Sensor Systems. The company offers connectors and connector systems, including high speed, radio f"
APO,2026-10-10,70.1,42.5,11.1,3.49,1.95,63.8,63.7,36.1,22.0,11.4,1.58,4.3,151.45,buy,20.0,2026-11-03,2026-06-30,6140.0,"Apollo Global Management, Inc. is a private equity firm specializing in investments in credit, private equity, infrastructure, secondaries and real estate markets. The firm prefers to invest in private and public markets. The firm's private equity investments include traditional buyouts, recapitalization, distressed buyouts and debt investments in real estate, corporate partner buyouts, distressed"
APP,2026-10-10,92.7,21.5,13.3,29.37,0.0,52.8,57.0,88.5,77.7,203.7,2.56,3.8,495.72,buy,31.0,2026-11-04,2026-06-30,876.0,"AppLovin Corporation provides end-to-end artificial intelligence-powered advertising solutions for businesses in the United States and internationally. It operates through two segments, Advertising and Apps. The company offers Axon Ads Manager, a suite of marketing solutions that enables developers to automate, optimize, and manage marketing efforts; MAX, an in-app bidding technology that optimize"
APTV,2026-10-10,9.3,43.4,6.7,1.04,0.0,2.3,-35.3,19.3,12.7,5.2,1.36,4.9,65.78,buy,18.0,2026-11-03,2026-06-30,140000.0,"Aptiv PLC, an industrial technology company, provides hardware and software solutions to support automotive and other industries in North America, Europe, the Middle East, Africa, the Asia Pacific, and South America. It operates through three segments: Advanced Safety and User Experience, Engineered Components, and Electrical Distribution Systems. The company offers active safety, user experience "
ARE,2026-10-10,7.8,,-56.2,0.5,6.32,-11.9,,68.2,17.3,-4.1,1.18,5.5,52.57,hold,14.0,2026-10-26,2026-06-30,514.0,"Alexandria Real Estate Equities, Inc., an S&P 500 company, is a best-in-class, mission-driven life science REIT making a positive and lasting impact on the world. With our founding in 1994, Alexandria pioneered the life science real estate niche. Alexandria is the preeminent and longest-tenured owner, operator, and developer of collaborative Megacampus ecosystems in AAA life science and advanced "
ARES,2026-10-10,38.9,53.5,16.4,10.63,4.64,9.6,6.5,100.0,9.5,14.9,1.55,15.0,146.65,buy,20.0,2026-10-29,2026-06-30,4343.0,"Ares Management Corporation operates as an alternative asset manager. Its Direct Lending Group segment provides financing solutions to small-to-medium sized companies. The company's Private Equity Group segment specializes in early venture, turnaround, mid venture, late venture, recapitalization, growth capital, middle market, mezzanine, distressed and growth buyouts. The firm seeks to invest in h"
ARKK,2026-10-10,,57.8,,,0.0,,,,,,,,,,,,,,"The fund is an actively-managed exchange-traded fund (""ETF"") that will invest under normal circumstances primarily (at least 65% of its assets) in domestic and foreign equity securities of companies that are relevant to the fund's investment theme of disruptive innovation. Its investments in foreign equity securities will be in both developed and emerging markets. The fund may invest in foreign se"
ARM,2026-10-10,284.4,274.5,86.9,32.95,0.0,22.4,108.3,97.5,7.6,13.4,3.79,10.7,290.7,buy,40.0,2026-11-04,2026-06-30,9584.0,"Arm Holdings plc researches, develops, licenses, and markets central processing unit (CPU) intellectual property (IP), graphics processing unit IP, systems IP, compute subsystems (CSS), and associated software, tools and related services. The company provides a product portfolio, including CPU IP, GPU and neural processing unit (NPU) accelerators, system IP such as interconnects, compute platform "
ASML,2026-10-10,683.8,57.8,30.6,1546.83,0.51,21.3,28.5,52.7,37.1,53.9,1.3,0.4,2106.06,strong_buy,16.0,2026-10-14,2026-06-28,43938.0,"ASML Holding N.V. provides lithography solutions for the development, production, marketing, sales, upgrading, and servicing of advanced semiconductor equipment systems. The company offers lithography, metrology, and inspection systems. It also provides extreme ultraviolet lithography systems; and deep ultraviolet lithography systems comprising immersion and dry lithography systems solutions to ma"
ASX,2026-10-10,102.1,55.3,23.8,8.37,0.92,26.7,171.2,19.5,11.1,17.0,1.52,0.8,51.0,none,1.0,2026-10-29,2026-06-30,114179.0,"ASE Technology Holding Co., Ltd., together with its subsidiaries, provides semiconductor manufacturing services in the United States, Taiwan, rest of Asia, Europe, and internationally. It operates through Packaging, Testing, and EMS. The company offers semiconductor packaging, interconnect materials production, front-end engineering testing, wafer probing, and final testing services, as well as in"
ATO,2026-10-10,27.3,19.3,17.9,1.79,2.49,4.8,23.3,62.2,37.2,9.8,0.57,2.9,185.0,hold,11.0,2026-11-04,2026-06-30,5487.0,"Atmos Energy Corporation, together with its subsidiaries, engages in the regulated natural gas distribution, and pipeline and storage businesses in the United States. It operates through two segments, Distribution, and Pipeline and Storage. The Distribution segment is involved in the regulated natural gas distribution and related sales operations in eight states. This segment distributes natural g"
AVGO,2026-10-10,1725.9,46.2,18.6,17.31,0.72,85.5,215.3,75.5,54.3,44.2,1.48,1.1,531.31,strong_buy,47.0,2026-12-09,2026-08-02,33000.0,"Broadcom Inc. designs, develops, and supplies various semiconductor devices and infrastructure software solutions internationally. The company operates in two segments: Semiconductor Solutions and Infrastructure Software. The company offers networking connectivity, such as custom silicon solutions, ethernet switching & routing, ethernet NIC controllers, physical layer devices, and fiber optic comp"
AVY,2026-10-10,12.8,18.4,15.0,5.48,2.39,10.9,10.8,29.0,13.6,31.2,0.8,3.3,199.6,buy,10.0,2026-10-29,2026-06-30,35000.0,"Avery Dennison Corporation operates as a materials science and digital identification solutions company in the North America, Europe, the Middle East, North Africa, Asia, and Latin America. It offers pressure-sensitive label materials, which consist of papers, plastic films, and metal foils; performance tapes products, including mechanical fasteners, which are precision-extruded and injection-mold"
AWK,2026-10-10,25.6,22.2,19.6,2.2,2.79,6.2,8.6,61.5,40.7,10.1,0.57,8.5,141.45,hold,11.0,2026-10-28,2026-06-30,7000.0,"American Water Works Company, Inc., through its subsidiaries, provides water and wastewater services in the United States. It offers water and wastewater services on military installations; and undertakes contracts with municipal customers, primarily to operate and manage water and wastewater facilities, as well as offers other related services. The company also operates approximately 80 surface w"
AXON,2026-10-10,34.4,175.5,40.1,9.35,0.0,35.3,-18.2,59.5,5.2,6.2,1.44,5.3,704.11,buy,19.0,2026-11-03,2026-06-30,5100.0,"Axon Enterprise, Inc. provides public safety technology solutions in the United States and internationally. The company operates in two segments, Software and Services, and Connected Devices. The Software and Services segment develops, manufactures, and sells cloud-based software-as-a-service solutions to capture, store, manage, share, and analyze video and other digital evidence. This segment als"
AXP,2026-10-10,208.1,18.7,15.3,6.07,1.23,12.8,11.0,62.3,20.3,34.4,1.08,2.1,371.37,buy,24.0,2026-10-23,2026-06-30,76800.0,"American Express Company, together with its subsidiaries, operates as an integrated payments company in the United States, Europe, the Middle East and Africa, the Asia Pacific, Australia, New Zealand, Latin America, Canada, the Caribbean, and internationally. It operates through four segments: U.S. Consumer Services, Commercial Services, International Card Services, and Global Merchant and Network"
AZO,2026-10-10,47.5,19.3,15.3,-19.0,0.0,5.6,15.0,52.3,20.0,,0.4,3.5,3719.96,strong_buy,23.0,2026-12-08,2026-08-29,,"AutoZone, Inc. operates as a retailer and distributor of automotive replacement parts and accessories in the United States, Mexico, and Brazil. The company offers a product line for cars, sport utility vehicles, vans, and light duty trucks, including new and remanufactured automotive hard parts, maintenance items, accessories, and non-automotive products. It also provides A/C compressors, batterie"
BA,2026-10-10,150.4,67.0,47.7,24.67,0.0,8.0,,4.7,0.0,173.5,1.26,1.8,271.77,strong_buy,26.0,2026-10-27,2026-06-30,182000.0,"The Boeing Company, together with its subsidiaries, designs, develops, manufactures, sells, services, and supports commercial jetliners, military aircraft, satellites, missile defense, human space flight and launch systems, and services worldwide. The company operates through three segments: Commercial Airplanes; Defense, Space & Security; and Global Services. The Commercial Airplanes segment deve"
BABA,2026-10-10,277.1,25.6,12.0,1.66,0.98,8.6,-79.4,38.2,7.3,6.4,0.46,1.7,186.1,strong_buy,39.0,2026-11-24,2026-06-30,132165.0,"Alibaba Group Holding Limited, through its subsidiaries, provides technology infrastructure and marketing reach to help merchants, brands, retailers, and other businesses in the People's Republic of China and internationally. It operates through the Alibaba China E-Commerce Group, Alibaba International Digital Commerce Group, Cloud Intelligence Group, and All Others segments. The Alibaba China E-c"
BAC,2026-10-10,379.8,12.4,10.4,1.38,2.39,16.8,34.1,0.0,38.3,11.2,1.21,1.2,67.0,buy,22.0,2026-10-14,2026-06-30,211000.0,"Bank of America Corporation, through its subsidiaries, provides various financial products and services for individual consumers, small and middle-market businesses, institutional investors, large corporations, and governments worldwide. It operates through four segments: Consumer Banking, Global Wealth & Investment Management (GWIM), Global Banking, and Global Markets. The Consumer Banking segmen"
BALL,2026-10-10,15.6,16.7,12.9,2.69,1.39,19.7,9.2,18.6,9.2,17.2,0.96,3.5,71.86,buy,14.0,2026-11-03,2026-06-30,16000.0,"Ball Corporation supplies aluminum packaging products for the beverage, personal care, and household products industries in the United States, Brazil, and internationally. The company manufactures and sells aluminum beverage containers to fillers of carbonated soft drinks, beer, energy drinks, and other beverages. It manufactures and sells extruded aluminum aerosol containers, recloseable aluminum"
BAX,2026-10-10,12.6,,11.9,2.03,17.0,5.3,36.8,34.1,14.4,-14.4,0.65,7.1,27.92,hold,12.0,2026-10-29,2026-06-30,37500.0,"Baxter International Inc., through its subsidiaries, provides a portfolio of healthcare products in the United States. The company operates through three segments: Medical Products & Therapies, Healthcare Systems & Technologies, and Pharmaceuticals. It offers sterile intravenous (IV) solutions; infusion systems and devices; parenteral nutrition therapies; inhaled anesthetics; generic injectable ph"
BBY,2026-10-10,18.2,14.5,12.1,5.75,4.54,3.6,70.1,22.6,3.9,43.1,1.28,8.6,86.95,hold,20.0,2026-11-24,2026-08-01,82000.0,"Best Buy Co., Inc. offers technology products and solutions in the United States, Canada, and internationally. The company provides computing and mobile phone products, such as desktops, notebooks, and peripherals; mobile phones comprising related mobile network carrier commissions; networking products; tablets covering e-readers; smartwatches; and consumer electronics consisting of digital imagin"
BDX,2026-10-10,50.1,42.5,13.8,2.05,2.3,5.4,-31.4,46.9,15.7,6.6,0.28,4.7,194.08,buy,13.0,2026-11-05,2026-06-30,72000.0,"Becton, Dickinson and Company develops, manufactures, and sells medical supplies, devices, laboratory equipment, and diagnostic products for healthcare institutions, physicians, life science researchers, clinical laboratories, pharmaceutical industry, and the general public worldwide. It operates through Medical Essentials, Connected Care, BioPharma Systems, Interventional and Life Sciences segmen"
BE,2026-10-10,82.6,369.1,56.8,51.05,0.0,165.5,,31.7,17.1,22.2,3.78,7.3,283.78,buy,26.0,2026-10-27,2026-06-30,2214.0,"Bloom Energy Corporation designs, manufactures, sells, and installs solid oxide fuel cell systems for on-site power generation in the United States and internationally. It offers Bloom Energy Server, an energy server platform to convert fuel, such as natural gas, biogas, hydrogen, or a blend of these fuels, into electricity through a non-combustion electrochemical process. The company also provide"
BEN,2026-10-10,16.3,21.8,10.1,1.38,4.06,14.3,106.7,37.7,13.0,7.9,1.58,4.3,35.77,hold,13.0,2026-11-06,2026-06-30,10100.0,"Franklin Templeton Inc. is a publicly owned asset investment manager. Through its subsidiaries, the firm provides its services to individuals, institutions, pension plans, trusts, and partnerships. It launches equity, fixed income, balanced, and multi-asset mutual funds through its subsidiaries. The firm invests in the public equity, fixed income, and alternative markets. Franklin Resources, Inc. "
BF-B,2026-10-10,12.1,17.0,15.4,3.05,3.56,-1.4,5.7,60.7,27.6,18.1,0.32,11.5,28.26,hold,17.0,2026-12-03,2026-07-31,4900.0,"Brown-Forman Corporation, together with its subsidiaries, manufactures, distills, bottles, imports, exports, markets, and sells a variety of alcohol beverages. The company provides spirits, wines, whiskey spirits, whiskey-based flavored liqueurs, ready-to-drink cocktails, ready-to-pour products, vodkas, tequilas, gin, brandy, rum, bourbons, and liqueurs. The company offers its products primarily u"
BG,2026-10-10,19.7,20.5,9.1,1.24,2.67,88.3,33.0,4.9,4.6,7.2,0.72,5.1,141.78,buy,9.0,2026-10-29,2026-06-30,34000.0,"Bunge Global SA operates as an agribusiness and food company worldwide. It operates through four segments: Soybean Processing and Refining, Softseed Processing and Refining, Other Oilseeds Processing and Refining, and Grain Merchandising and Milling. The Soybean Processing and Refining segment is involved in the purchase, storage, transportation, processing, distribution, refining, marketing, and "
BIIB,2026-10-10,33.3,40.1,13.6,1.77,0.0,3.4,-84.8,78.3,25.1,4.6,0.09,4.4,238.18,buy,31.0,2026-10-28,2026-06-30,7500.0,"Biogen Inc. discovers, develops, manufactures, and delivers therapies in the United States, Europe, Germany, Asia, and internationally. The company provides TECFIDERA, VUMERITY, AVONEX, PLEGRIDY, and TYSABRI for multiple sclerosis (MS); SPINRAZA for spinal muscular atrophy; SKYCLARYS to treat Friedreich's Ataxia; QALSODY for treating amyotrophic lateral sclerosis; FUMADERM to treat plaque psoriasi"
BKNG,2026-10-10,124.2,17.7,13.0,-11.27,1.05,8.1,130.0,87.2,34.4,,1.13,2.6,235.26,buy,35.0,2026-11-03,2026-06-30,25550.0,"Booking Holdings Inc., together with its subsidiaries, provides online and traditional travel and restaurant reservations and related services in the United States, the Netherlands, the United Kingdom, and internationally. The company operates Booking.com, which offers online accommodation reservations; and Priceline, which provides discount travel reservations services, as well as online accommod"
BKR,2026-10-10,56.3,18.2,19.2,2.83,1.63,-2.4,-4.2,23.7,12.8,16.5,1.03,2.8,71.17,buy,24.0,2026-10-27,2026-06-30,54000.0,"Baker Hughes Company provides a portfolio of technologies and services to energy and industrial value chain. Its Oilfield Services & Equipment segment designs and manufactures exploration, appraisal, development, production, rejuvenation, and decommissioning products and related services for onshore and offshore oilfield operations. This segment also provides drilling services, drill bits, and dri"
BLK,2026-10-10,175.9,25.5,16.9,2.91,2.15,30.6,19.6,47.2,35.1,12.3,1.42,1.3,1315.82,strong_buy,17.0,2026-10-14,2026-06-30,26200.0,"BlackRock, Inc. is a publicly owned investment manager. The firm primarily provides its services to institutional, intermediary, and individual investors including corporate, public, union, and industry pension plans, insurance companies, third-party mutual funds, endowments, public institutions, governments, foundations, charities, sovereign wealth funds, corporations, official institutions, and "
BMY,2026-10-10,120.8,13.1,8.9,5.41,4.23,5.7,153.1,71.7,34.4,46.6,0.18,2.1,66.17,buy,24.0,2026-10-29,2026-06-30,32500.0,"Bristol-Myers Squibb Company discovers, develops, licenses, manufactures, markets, distributes, and sells biopharmaceutical products worldwide. The company offers products for oncology, hematology, immunology, cardiovascular, and neuroscience indications. Its products include Opdivo for anti-cancer indications; Opdivo Qvantig, a subcutaneous PD-1 inhibitor for solid tumors; Orencia for active rheu"
BNY,2026-10-10,96.8,16.7,13.9,2.43,1.55,13.1,26.9,0.0,40.0,14.1,1.05,1.7,163.13,buy,15.0,2026-10-15,2026-06-30,46500.0,"The Bank of New York Mellon Corporation provides a range of financial products and services in the United States and internationally. It operates through Securities Services, Market and Wealth Services, Investment and Wealth Management, and Other segments. The Securities Services segment offers custody, trust and depositary, accounting, exchange-traded funds, middle-office solutions, transfer agen"
BR,2026-10-10,18.7,17.2,14.3,6.64,2.64,7.5,8.4,31.8,24.6,40.9,0.93,2.9,213.38,buy,8.0,2026-11-03,2026-06-30,16000.0,"Broadridge Financial Solutions, Inc. provides investor communications and technology-driven solutions for the financial services industry in the United States and internationally. The company's Investor Communication Solutions segment handles the proxy materials distribution and voting processes for bank, broker-dealer, corporate issuer, and fund clients; provides fund manager; and various other r"
BRK-B,2026-10-10,1103.8,12.9,23.8,0.0,0.0,10.0,107.8,30.3,32.6,12.1,0.59,1.0,547.67,buy,3.0,2026-11-07,2026-06-30,387800.0,"Berkshire Hathaway Inc., together with its subsidiaries, engages in the insurance, freight rail transportation, and utility businesses. The company provides property, casualty, life, accident, and health insurance and reinsurance; operates railroad systems in North America; generates, transmits, stores, and distributes electricity from natural gas, coal, wind, solar, hydroelectric, nuclear, and ge"
BRO,2026-10-10,21.0,20.1,13.0,1.65,1.04,32.4,7.1,56.3,41.8,10.0,0.59,5.4,74.65,hold,17.0,2026-10-26,2026-06-30,22888.0,"Brown & Brown, Inc. markets and sells insurance products and services in the United States, the United Kingdom, and internationally. It operates through Retail and Specialty Distribution segments. The Retail segment provides property and casualty insurance products, employee benefits insurance products, personal insurance products, specialties insurance products, risk management strategies, loss c"
BSX,2026-10-10,61.9,17.0,12.6,2.48,0.0,7.5,15.1,69.2,22.9,15.3,0.57,3.2,59.9,buy,29.0,2026-10-28,2026-06-30,59000.0,"Boston Scientific Corporation develops, manufactures, and markets medical devices for use in various interventional medical specialties worldwide. The company operates in two segments, MedSurg and Cardiovascular. It offers devices to diagnose and treat a range of gastrointestinal conditions, such as resolution clips, biliary stent systems, stents and electrocautery enhanced delivery systems, SpyGl"
BX,2026-10-10,136.6,25.6,15.4,10.14,4.64,28.6,57.3,100.0,54.4,31.4,1.59,2.6,141.64,buy,22.0,2026-10-22,2026-06-30,5285.0,"Blackstone Inc. is an alternative asset management firm specializing in private equity, venture capital, real estate, hedge fund solutions, credit, secondary funds of funds, public debt and equity and multi-asset class strategies. The firm typically invests in early-stage, seed, middle market, mature, late venture, growth capital, emerging growth, turnaround, and later stage companies. It also pro"
BXP,2026-10-10,10.7,31.9,28.3,1.83,4.72,3.7,-23.2,56.5,28.8,5.3,1.05,10.3,75.95,buy,20.0,2026-10-27,2026-06-30,826.0,"BXP, Inc. is the largest publicly traded developer, owner, and manager of premier workplaces in the United States. It is concentrated in six dynamic gateway markets - Boston, Los Angeles, New York, San Francisco, Seattle, and Washington, DC. BXP has delivered places that power progress for our clients and communities for more than 55 years. BXP is a fully integrated real estate company, organized "
C,2026-10-10,217.5,13.8,10.0,1.13,2.1,15.5,61.0,0.0,36.2,8.5,1.11,1.5,152.75,buy,20.0,2026-10-13,2026-06-30,219000.0,"Citigroup Inc., a diversified financial service holding company, provides various financial products and services to consumers, corporations, governments, and institutions. It operates through five segments: Services, Markets, Banking, U.S. Personal Banking, and Wealth. The Services segment includes treasury and trade solutions, which provides cash management, trade, and working capital solutions "
CAH,2026-10-10,55.0,32.9,16.9,-19.2,0.86,5.8,68.8,3.8,1.3,,0.5,3.3,270.33,buy,15.0,2026-11-05,2026-06-30,58788.0,"Cardinal Health, Inc. operates as a healthcare services and products company in the United States and internationally. It operates in two segments: Pharmaceutical and Specialty Solutions, and Global Medical Products and Distribution. The company offers customized solutions for hospitals, healthcare systems, pharmacies, ambulatory surgery centers, clinical laboratories, physician offices, and patie"
CARR,2026-10-10,46.1,40.6,16.8,3.49,1.72,3.9,-11.8,24.7,13.1,9.0,1.29,2.3,75.28,buy,22.0,2026-10-29,2026-06-30,47000.0,"Carrier Global Corporation provides intelligent climate and energy solutions in the United States, Europe, the Asia Pacific, and internationally. It operates through four segments: Climate Solutions Americas; Climate Solutions Europe; Climate Solutions Asia Pacific, Middle East & Africa; and Climate Solutions Transportation. The company provides air conditioners, heating systems, heat pumps, home "
CASY,2026-10-10,23.9,30.9,27.6,5.84,0.4,24.3,27.7,23.8,6.5,20.0,0.58,4.6,790.53,buy,19.0,2026-12-08,2026-07-31,23490.0,"Casey's General Stores, Inc., together with its subsidiaries, operates convenience stores under the Casey's and Casey's General Store names in the United States. Its stores offer pizza, donuts, hot breakfast items, and sandwiches; and beverages, tobacco and nicotine products. The company's stores also provide soft drinks, energy, water, sports drinks, juices, coffee, and tea and dairy products; be"
CAT,2026-10-10,368.0,34.3,24.7,18.97,0.82,24.0,68.2,29.7,22.2,57.0,1.58,2.0,970.8,buy,26.0,2026-10-29,2026-06-30,118000.0,"Caterpillar Inc. provides construction and mining equipment, off-highway diesel and natural gas engines, industrial gas turbines, and diesel-electric locomotives in the United States and internationally. The Construction Industries segment offers asphalt pavers, cold planers, compactors, forestry machines, material handlers, motor graders, pipelayers, road reclaimers, telehandlers, track-type trac"
CB,2026-10-10,131.6,12.1,11.7,1.75,1.19,6.1,-0.7,31.1,23.5,14.8,0.36,0.9,366.61,buy,23.0,2026-10-20,2026-06-30,45000.0,"Chubb Limited provides insurance and reinsurance products worldwide. It operates in six segments: North America Commercial Property and Casualty (P&C) Insurance, North America Personal P&C Insurance, North America Agricultural Insurance, Overseas General Insurance, Global Reinsurance, and Life Insurance. The company offers property and general liability, workers' compensation, and umbrella; profes"
CBOE,2026-10-10,31.8,22.9,20.0,5.65,1.22,22.9,50.2,54.1,34.6,26.3,0.41,3.0,313.8,hold,15.0,2026-10-30,2026-06-30,1661.0,"Cboe Global Markets, Inc., through its subsidiaries, operates as a derivatives and securities exchange network that delivers trading, clearing, and investment solutions in the United States and internationally. It operates through five segments: Options, North American Equities, Europe and Asia Pacific, Futures, and Global FX. The Options segment includes options on market indices, stocks of indiv"
CBRE,2026-10-10,37.9,30.0,14.4,4.51,0.0,15.5,-4.2,18.6,3.6,15.8,1.23,1.5,182.17,strong_buy,12.0,2026-10-22,2026-06-30,155000.0,"CBRE Group, Inc. operates as a commercial real estate services and investment company in the United States, the United Kingdom, and internationally. The company operates through Advisory Services, Building Operations and Experience, Project Management, and Real Estate Investments segments. The Advisory Services segment offers strategic advice and execution to owners, investors, and occupiers of re"
CCI,2026-10-10,33.9,32.4,27.5,-10.38,6.16,-4.9,-67.5,73.7,46.8,,0.96,2.8,94.45,buy,21.0,2026-10-21,2026-06-30,1500.0,"Crown Castle owns, operates and leases approximately 40,000 cell towers across the U.S. This nationwide portfolio serves as the foundation of wireless connectivity that provides cities and communities access to essential data, technology and wireless service  bringing information, ideas, innovations and the connectivity of modern life to help people and businesses thrive. Crown Castle Inc. was es"
CCL,2026-10-10,35.4,11.5,10.3,2.51,1.72,3.5,5.0,55.4,26.4,24.0,2.38,3.8,33.93,buy,26.0,2026-12-18,2026-08-31,160000.0,"Carnival Corporation Ltd., a cruise company, provides leisure travel services. The company operates through four segments: North America Cruise Operations, Europe Cruise Operations, Cruise Support, and Tour and Other. It operates port destinations and islands, as well as owns and operates hotels, lodges, glass-domed railcars, and motorcoaches. The company offers its services under the AIDA Cruises"
CDNS,2026-10-10,97.3,69.3,36.9,14.17,0.0,24.2,125.4,85.9,28.6,23.2,1.13,1.6,406.24,strong_buy,26.0,2026-10-26,2026-06-30,15445.0,"Cadence Design Systems, Inc. develops computational, AI-driven software, hardware, and silicon intellectual property products and solutions. The company offers functional verification services, such as Jasper, a formal verification platform; Xcelium, a parallel logic simulation platform; Verisium, a generative AI solution; Palladium, an enterprise emulation platform; and Protium, a prototyping pla"
CDW,2026-10-10,17.8,17.1,11.8,7.29,1.8,10.0,4.9,21.4,7.3,44.0,0.94,8.8,158.67,none,9.0,2026-11-03,2026-06-30,14800.0,"CDW Corporation provides information technology (IT) solutions in the United States, the United Kingdom, and Canada. It operates through three segments: Commercial, Government, and Education. The company offers discrete hardware and software products and services, as well as integrated IT solutions, including on-premise and cloud capabilities across hybrid infrastructure, digital experience, and s"
CEG,2026-10-10,105.6,29.1,22.4,3.31,0.6,23.0,-46.8,22.1,8.7,15.1,1.13,3.7,341.53,buy,20.0,2026-11-09,2026-06-30,15291.0,"Constellation Energy Corporation produces and sells energy products and services in the United States. The company operates through five segments: Mid-Atlantic, Midwest, New York, ERCOT, and Other Power Regions. It offers electricity, natural gas, energy-related products, and sustainable solutions. The company has approximately 31,676 megawatts of generating capacity consisting of nuclear, wind, s"
CF,2026-10-10,16.9,8.3,10.1,2.94,2.11,17.6,99.6,42.5,49.3,29.9,0.53,7.7,127.69,hold,20.0,2026-11-04,2026-06-30,2900.0,"CF Industries Holdings, Inc., together with its subsidiaries, engages in the production of ammonia in North America, Europe, and internationally. It operates through Ammonia, Granular Urea, UAN, AN, and Other segments. The company offers ammonia products; nitrogen products, such as granular urea, urea ammonium nitrate solution, and ammonium nitrate; diesel exhaust fluid, urea liquor, and nitric ac"
CFG,2026-10-10,26.8,14.0,9.8,1.12,2.87,14.7,41.3,0.0,35.1,8.3,1.06,4.7,78.81,buy,18.0,2026-10-16,2026-06-30,17727.0,"Citizens Financial Group, Inc. operates as the bank holding company that provides retail and commercial banking products and services to individuals, small businesses, middle-market companies, large corporations, and institutions in the United States. The company operates through two segments, Consumer Banking and Commercial Banking. The Consumer Banking segment offers deposit products, mortgage a"
CHD,2026-10-10,23.3,31.3,24.3,5.35,1.26,1.6,9.0,45.6,18.1,17.0,0.48,5.2,104.84,buy,19.0,2026-10-30,2026-06-30,5550.0,"Church & Dwight Co., Inc. develops, manufactures, and markets household, personal care, and specialty products. It operates in three segments: Consumer Domestic, Consumer International, and Specialty Products Division. The company offers baking soda, cat litters, laundry detergents, carpet deodorizers, and other baking soda-based products under the ARM & HAMMER brand; stain removers, cleaning solu"
CHRW,2026-10-10,16.6,27.0,19.0,10.24,1.78,19.3,23.8,8.4,5.3,37.1,0.95,5.0,198.17,buy,23.0,2026-10-28,2026-06-30,11599.0,"C.H. Robinson Worldwide, Inc., together with its subsidiaries, provides freight transportation and related logistics and supply chain services in the United States and internationally. It operates in two segments, North American Surface Transportation and Global Forwarding. The company offers transportation and logistics services, such as truckload; less than truckload transportation brokerage ser"
CHT,2026-10-10,35.7,28.0,29.3,12.42,3.49,8.2,4.6,36.5,21.6,10.9,0.1,0.6,48.08,none,1.0,2026-11-04,2026-06-30,,"Chunghwa Telecom Co., Ltd., together with its subsidiaries, operates as an integrated telecommunications service provider in Taiwan and internationally. The company operates through Consumer Business, Enterprise Business, International Business, and Others segments. Its services primarily include mobile, fixed-line, information and communication technology (ICT), and sales and other services. The "
CHTR,2026-10-10,13.4,2.7,2.2,0.73,0.0,-1.7,16.1,55.2,23.5,27.2,0.69,38.8,175.11,hold,19.0,2026-11-06,2026-06-30,91900.0,"Charter Communications, Inc. operates as a broadband connectivity company in the United States. The company offers subscription-based internet, mobile, video, and voice services; broadband connectivity services, including fixed internet, WiFi, and mobile; Spectrum internet products; advanced WiFi services; and in-home WiFi, which provides customers with high performance wireless routers and manage"
CI,2026-10-10,74.6,11.6,8.4,1.75,2.22,6.7,10.2,9.1,4.0,16.8,0.3,2.8,342.29,buy,24.0,2026-11-05,2026-06-30,65669.0,"The Cigna Group, together with its subsidiaries, provides insurance and related products and services in the United States. It operates through two segments: Evernorth Health Services and Cigna Healthcare. The Evernorth Health Services segment includes Pharmacy Benefit Services and Specialty and Care Services, offering pharmacy benefit management, drug claim adjudication, retail pharmacy network a"
CIEN,2026-10-10,63.8,100.6,38.0,20.88,0.0,37.0,422.9,44.1,18.1,22.4,1.29,4.0,512.99,buy,20.0,2026-09-03,2026-08-01,8898.0,"Ciena Corporation, a network technology company, provides hardware, software, and services for various network operators in the Americas, Europe, the Middle East, Africa, the Asia Pacific, Japan, and India. It operates through Networking Platforms, Platform Software and Services, Blue Planet Automation Software and Services, and Global Services segments. The Networking Platforms segment consists o"
CINF,2026-10-10,25.1,7.7,18.0,1.5,2.33,31.6,85.5,31.1,37.2,21.5,0.53,2.9,191.0,buy,6.0,2026-10-26,2026-06-30,5705.0,"Cincinnati Financial Corporation provides property casualty insurance products in the United States. The company operates through five segments: Commercial Lines Insurance, Personal Lines Insurance, Excess and Surplus Lines Insurance, Life Insurance, and Investments. The Commercial Lines Insurance segment offers coverage for commercial casualty and property, commercial auto, and workers' compensat"
CL,2026-10-10,70.4,34.8,21.6,298.21,2.43,4.9,-5.5,60.4,21.0,267.4,0.32,2.6,98.35,buy,20.0,2026-10-30,2026-06-30,33600.0,"Colgate-Palmolive Company, together with its subsidiaries, manufactures and sells consumer products in the United States and internationally. It operates through two segments: Oral, Personal and Home Care; and Pet Nutrition. The Oral, Personal and Home Care segment offers toothpaste, toothbrushes, mouthwash, bar and liquid hand soaps, shower gels, shampoos, conditioners, deodorants and antiperspir"
CLX,2026-10-10,10.1,17.4,13.4,112.63,5.99,-2.0,-50.1,42.3,12.9,163.8,0.57,8.1,99.59,hold,17.0,2026-11-03,2026-06-30,9200.0,"The Clorox Company manufactures and markets consumer and professional products worldwide. It operates through four segments: Health and Wellness, Household, Lifestyle, and International. The company home care cleaning and disinfecting products and laundry additives, skin sanitization and cleaning products, professional cleaning and disinfecting products, and professional food service products unde"
CMCSA,2026-10-10,73.3,6.8,5.8,0.82,6.3,-1.2,-66.8,69.4,17.2,11.5,0.67,2.5,28.73,hold,23.0,2026-10-22,2026-06-30,179000.0,"Comcast Corporation operates as a media and technology company worldwide. The company operates through Residential Connectivity & Platforms, Business Services Connectivity, Media, Studios, and Theme Parks segments. Its Residential Connectivity & Platforms segment provides residential broadband and wireless connectivity services, residential and business video services, sky-branded entertainment te"
CME,2026-10-10,100.9,23.8,21.6,3.8,1.92,0.8,2.5,100.0,65.0,15.8,0.27,1.8,287.81,buy,16.0,2026-10-21,2026-06-30,3875.0,"CME Group Inc., together with its subsidiaries, operates contract markets for the trading of futures and options on futures contracts worldwide. It offers futures and options products based on interest rates, equity indexes, and foreign exchange; and agricultural, energy, and metals commodities, as well as fixed income and foreign currency trading services. The company provides clearing house serv"
CMG,2026-10-10,40.0,29.0,23.1,18.21,0.0,9.3,-1.3,39.4,16.1,49.6,0.96,3.6,43.76,buy,31.0,2026-10-28,2026-06-30,140000.0,"Chipotle Mexican Grill, Inc., together with its subsidiaries, owns and operates Chipotle Mexican Grill restaurants. The company sells food and beverages, such as burritos, burrito bowls, quesadillas, tacos, and salads, as well as kids' meals, chips, and sides. It also offers Mexican-inspired meals using responsibly sourced meats, such as chicken, beef, and pork under the Responsibly Raised brand. "
CMI,2026-10-10,72.2,26.6,15.0,5.61,1.69,9.4,4.7,25.8,11.9,21.1,1.24,3.0,743.08,buy,19.0,2026-11-05,2026-06-30,67400.0,"Cummins Inc. offers various power solutions worldwide. The company operates through five segments: Engine, Distribution, Components, Power Systems, and Accelera. It offers diesel and natural gas-powered engines; and drivetrain systems, including axles, drivelines, brakes, and suspension systems; and on- and off-highway, and other products. The company also provides aftertreatment technology and so"
CMS,2026-10-10,20.2,19.6,15.8,2.15,3.49,-0.5,-43.9,40.3,17.2,9.2,0.31,5.9,77.58,buy,12.0,2026-10-27,2026-06-30,8350.0,"CMS Energy Corporation operates as an energy company primarily in Michigan. The company operates through three segments: Electric Utility; Gas Utility; and NorthStar Clean Energy. The Electric Utility segment is involved in the generation, purchase, distribution, and sale of electricity. This segment generates electricity through coal, wind, gas, renewable energy, oil, and nuclear sources. Its dis"
CNC,2026-10-10,32.3,,12.2,1.43,0.0,4.6,,11.4,3.8,-20.4,1.13,3.3,71.78,buy,18.0,2026-10-27,2026-06-30,61100.0,"Centene Corporation operates as a managed care company that provides programs and services to under-insured families, and commercial organizations in the United States. It operates through four segments: Medicaid, Medicare, Commercial, and Other. The Medicaid segment offers the temporary assistance for needy families; medicaid expansion; aged, blind, or disabled; and children's health insurance pr"
CNP,2026-10-10,25.4,22.7,18.5,2.17,2.5,10.7,23.3,47.0,24.5,9.8,0.46,9.1,45.06,buy,17.0,2026-10-27,2026-06-30,8794.0,"CenterPoint Energy, Inc. operates as a public utility holding company in the United States. The company operates through Electric; Natural Gas; and Corporate and Other segments. The Electric segment provides electric transmission and distribution services to electric customers and electric generation assets, as well as optimizes assets in the wholesale power market in Indiana Electric's service te"
COF,2026-10-10,122.2,12.8,8.3,1.19,1.6,1111.0,,0.0,33.6,9.0,1.04,1.8,256.48,buy,21.0,2026-10-20,2026-06-30,78400.0,"Capital One Financial Corporation operates as the financial services holding company for the Capital One, National Association, which engages in the provision of various financial products and services in the United States, Canada, and the United Kingdom. It operates through three segments: Credit Card, Consumer Banking, and Commercial Banking. The company accepts checking accounts, money market d"
COHR,2026-10-10,61.2,73.4,22.3,5.61,0.0,33.7,,37.5,11.8,8.0,2.11,6.1,412.52,buy,23.0,2026-11-04,2026-06-30,51478.0,"Coherent Corp. develops, manufactures, and markets lasers, transceivers, other optical and optoelectronic devices, modules, and systems worldwide. Its products include critical components consisting of detectors, passive optics, thermal solutions, and PICS; silicon photonics and other advanced optical technologies; and coherent transmission components, transport products, optical amplifiers, passi"
COIN,2026-10-10,47.3,,58.8,3.62,0.0,-17.3,,85.8,-13.9,-7.8,3.41,11.5,212.12,buy,33.0,2026-10-29,2026-06-30,4951.0,"Coinbase Global, Inc. operates platform for crypto assets in the United States and internationally. It provides the primary financial account in the crypto economy for consumers; a brokerage platform with a pool of liquidity across the crypto marketplace for institutions; and a suite of products granting access to build onchain for developers. The company was founded in 2012 and is based in New Yo"
COO,2026-10-10,10.3,18.7,11.6,1.24,0.0,0.6,357.1,65.9,20.8,6.8,0.82,6.0,65.8,hold,15.0,2026-09-09,2026-07-31,15000.0,"The Cooper Companies, Inc., together with its subsidiaries, develops, manufactures, and markets contact lens wearers. The company operates in two segments, CooperVision and CooperSurgical. The CooperVision segment offers spherical, toric, and multifocal contact lenses that address vision challenges, such as astigmatism, presbyopia, and myopia. Its CooperSurgical segment focuses on family and women"
COP,2026-10-10,161.1,17.8,13.3,2.47,2.59,35.5,107.0,47.6,31.5,14.2,0.24,1.3,146.88,buy,26.0,2026-11-05,2026-06-30,9600.0,"ConocoPhillips explores for, produces, transports, and markets crude oil, bitumen, natural gas, liquefied natural gas (LNG), and natural gas liquids. It operates in five segments: Alaska; Lower 48; Canada; Europe, Middle East and North Africa; and Asia Pacific. The company's portfolio includes unconventional plays in North America; conventional assets in North America, Europe, Asia, and Australia;"
COR,2026-10-10,61.8,23.9,16.4,20.26,0.76,5.1,11.9,4.0,1.4,96.9,0.58,2.6,369.92,buy,12.0,2026-11-04,2026-06-30,47000.0,"Cencora, Inc. sources and distributes pharmaceutical products in the United States and internationally. The company's U.S. Healthcare Solutions segment distributes generic and injectable pharmaceuticals, over-the-counter healthcare products, home healthcare supplies and equipment, and related services to acute care hospitals and health systems, independent and chain retail pharmacies, mail order p"
COST,2026-10-10,419.6,45.6,37.9,11.72,0.62,11.1,15.0,12.8,3.8,28.4,0.87,1.7,1057.94,buy,35.0,2026-12-10,2026-08-30,355000.0,"Costco Wholesale Corporation, together with its subsidiaries, engages in the operation of membership warehouses in the United States, Puerto Rico, Canada, Mexico, Japan, the United Kingdom, Korea, Australia, Taiwan, China, Spain, France, Iceland, New Zealand, and Sweden. It offers merchandise, including sundries, dry groceries, candies, coolers, freezers, deli, liquor, and tobacco; non-food mercha"
CPAY,2026-10-10,26.1,24.2,12.6,7.38,0.0,21.5,-7.0,80.5,46.9,29.2,0.89,4.9,461.0,buy,15.0,2026-11-04,2026-06-30,11800.0,"Corpay, Inc. operates as a payments company that helps businesses and consumers to manage and pay their expenses.
It operates through Corporate Payments, Vehicle Payments, Lodging Payments, and Other segments. The company offers vehicle payment solutions for fuel, tolls and parking, vehicle compliance, auto insurance and road assistance, fleet maintenance, and long-haul transportation services, as"
CPRT,2026-10-10,25.3,17.7,15.6,2.78,0.0,2.4,-15.0,45.3,32.0,16.2,1.06,4.6,39.0,buy,10.0,2026-11-19,2026-07-31,21000.0,"Copart, Inc. provides online auctions and vehicle remarketing services in the United States, the United Kingdom, Germany, Brazil, Canada, the United Arab Emirates, Spain, Finland, Oman, the Republic of Ireland, and Bahrain. It offers a range of services to process and sell vehicles over the internet through its virtual bidding third generation internet auction-style sales technology. The company's"
CPT,2026-10-10,9.8,31.9,89.5,2.63,4.38,-0.8,-75.7,61.6,16.1,7.9,0.81,4.3,115.42,hold,22.0,2026-11-05,2026-06-30,1640.0,"Camden Property Trust, an S&P 500 Company, is a real estate company primarily engaged in the ownership, management, development, redevelopment, acquisition, and construction of multifamily apartment communities. Camden owns and operates 173 properties containing 58,811 apartment homes across the United States. Upon completion of 3 properties currently under development, the Company's portfolio wil"
CRH,2026-10-10,54.2,14.5,12.6,2.26,1.92,5.6,13.9,36.2,19.0,15.8,1.19,2.0,129.63,strong_buy,24.0,2026-10-29,2026-06-30,83032.0,"CRH plc, together with its subsidiaries, provides building materials solutions in Ireland, the United States, the United Kingdom, rest of Europe, and internationally. It operates through three segments: Americas Materials Solutions, Americas Building Solutions, and International Solutions. The company offers building materials for the construction and maintenance of public infrastructure, and comm"
CRL,2026-10-10,14.4,,23.6,5.07,0.0,-2.7,,34.6,15.1,-7.5,1.4,5.4,310.53,buy,15.0,2026-11-04,2026-06-27,18300.0,"Charles River Laboratories International, Inc. provides drug discovery, non-clinical development, and safety testing services in the United States, Europe, Canada, the Asia Pacific, and internationally. The Research Models and Services segment produces and sells rodents, and purpose-bred rats and mice for use by researchers. This segment also provides a range of services to assist its clients in s"
CRM,2026-10-10,188.6,21.0,14.3,4.91,0.77,10.8,118.9,77.3,21.4,19.4,1.26,4.5,283.36,buy,54.0,2026-12-02,2026-07-31,83334.0,"Salesforce, Inc. provides customer relationship management technology services that connect companies and customers together in the United States, Europe, and the Asia Pacific. The company offers Agentforce, which enables customers to build, deploy, and manage enterprise-grade, autonomous AI agents at scale, enabling humans and agents to work together; Agentforce Sales, an integrated platform that"
CRWD,2026-10-10,281.6,4584.0,171.3,55.2,0.0,25.8,,75.2,-2.3,1.5,1.2,2.8,237.77,buy,50.0,2026-12-01,2026-07-31,11706.0,"CrowdStrike Holdings, Inc. provides cybersecurity solutions in the United States and internationally. Its unified platform provides cloud-delivered protection of endpoints, cloud workloads, identity, and data through a software as a service (SaaS) subscription-based model. The company offers corporate endpoint and cloud workload security, managed security, security and vulnerability management, IT"
CSCO,2026-10-10,466.8,35.6,21.1,9.29,1.46,17.6,52.1,64.5,27.7,27.3,0.98,1.5,136.16,buy,25.0,2026-11-12,2026-07-25,82400.0,"Cisco Systems, Inc. designs, develops, and sells technologies to power, help, secure, and draw insights from the internet in the Americas, Europe, the Middle East, Africa, the Asia Pacific, Japan, and China. The company provides data center switching; network security, identity and access management, and secure access service edge; identity and agentic security solutions; interconnects public and "
CSGP,2026-10-10,12.0,164.8,16.7,1.51,0.0,18.4,1261.0,78.7,8.2,0.9,0.8,3.7,37.3,buy,20.0,2026-10-27,2026-06-30,8441.0,"CoStar Group, Inc. provides information, analytics, and online marketplace services to real estate and related business communities in the United States, Australia, Canada, Europe, the Asia Pacific, and Latin America. It offers CoStar Property that provides inventory of office, industrial, retail, multifamily, hospitality, and student housing, and land properties; CoStar Leasing, a data on lease t"
CSX,2026-10-10,87.5,27.5,20.8,6.22,1.18,10.1,22.7,47.1,38.4,24.4,1.2,2.2,52.8,buy,23.0,2026-10-21,2026-06-30,22200.0,"CSX Corporation, together with its subsidiaries, provides rail-based freight transportation services in the United States and Canada. It operates through two segments: rail and trucking. The company offers rail services; and transportation of intermodal containers and trailers, as well as other transportation services, such as rail-to-truck transfers and bulk commodity operations. It also transpor"
CTAS,2026-10-10,80.4,39.9,32.9,15.76,1.03,10.9,13.3,51.0,24.1,41.4,0.92,3.8,218.31,buy,16.0,2026-12-17,2026-08-31,48100.0,"Cintas Corporation provides corporate identity uniforms and other garments in the United States, Canada, and Latin America. It operates through Uniform Rental and Facility Services, First Aid and Safety Services, and All Other segments. The company offers rental and servicing of uniforms and other garments, including flame resistant clothing, mats, mops and shop towels, and other ancillary items. "
CTSH,2026-10-10,28.0,12.7,9.3,1.85,2.31,4.5,3.8,33.4,17.5,14.9,0.85,8.0,65.9,buy,25.0,2026-10-29,2026-06-30,356700.0,"Cognizant Technology Solutions Corporation, a professional services company, provides consulting and technology, and outsourcing services in North America, Europe, and internationally. It operates through four segments: Financial Services; Health Sciences; Products and Resources; and Communications, Media and Technology. The company provides services including artificial intelligence (AI) and othe"
CTVA,2026-10-08,9.6,8.9,12.6,0.38,5.18,,,0.0,0.0,,,3.5,16.98,buy,8.0,2026-11-11,,,"Corteva, Inc. operates as a pure-play agriculture company in the United States, Canada, the Middle East, Africa, Europe, Latin America, and the Asia Pacific. The company provides products that protect against weeds, insects, diseases, nematodes, and other pests, as well as supports crop health via nitrogen management and seed-applied technologies. Its crop protection solutions and digital solution"
CVNA,2026-10-10,70.6,33.7,28.1,11.38,0.0,52.4,61.5,19.4,9.2,58.8,3.55,11.6,82.29,buy,21.0,2026-10-28,2026-06-30,23100.0,"Carvana Co., together with its subsidiaries, operates an e-commerce platform for buying and selling used cars. It provides vehicle acquisition, inspection and reconditioning, online search and shopping experience, financing, complementary products, logistics network and distinctive fulfillment experience, and post-sale customer support services. The company also operates auction sites. Carvana Co."
CVS,2026-10-10,110.2,22.7,10.1,1.38,3.03,7.1,188.8,13.6,3.9,6.2,0.6,1.3,115.76,strong_buy,25.0,2026-11-04,2026-06-30,219000.0,"CVS Health Corporation provides health solutions in the United States. The Health Care Benefits segment offers traditional, voluntary, and consumer-directed health insurance products and related services, including medical, pharmacy, dental, and behavioral health plans; medical management capabilities; Medicare Advantage and Medicare Supplement plans; prescription drug plans (PDPs); and Medicaid h"
CVX,2026-10-10,415.8,20.4,14.4,2.19,3.47,53.5,321.9,44.3,21.9,12.2,0.52,1.1,225.25,buy,24.0,2026-10-30,2026-06-30,43039.0,"Chevron Corporation, through its subsidiaries, engages in the integrated energy and chemicals operations. It operates through Upstream and Downstream segments. The Upstream segment engages in the exploration for, development, production, and transportation of crude oil and natural gas; processing, liquefaction, transportation, and regasification of liquefied natural gas; transportation of crude oi"
D,2026-10-10,54.2,21.3,16.2,1.94,4.34,17.6,-58.0,46.2,29.2,8.3,0.62,2.5,71.92,buy,12.0,2026-10-30,2026-06-30,15200.0,"Dominion Energy, Inc. provides regulated electricity and natural gas services in the United States. It operates through Dominion Energy Virginia, Dominion Energy South Carolina, and Contracted Energy segments. The Dominion Energy Virginia segment engages in the generation, distribution, and transmission of electricity to approximately 2.8 million residential, commercial, industrial, and government"
DAL,2026-10-10,54.0,13.6,10.8,2.46,1.05,18.7,-25.4,18.7,7.9,20.1,1.34,4.0,101.27,strong_buy,24.0,2026-10-09,2026-06-30,103000.0,"Delta Air Lines, Inc. provides scheduled air transportation for passengers and cargo in the United States and internationally. The company operates through two segments, Airline and Refinery. Its domestic network centered on core hubs in Atlanta, Detroit, Minneapolis-St. Paul, and Salt Lake City, as well as coastal hub positions in Boston, Los Angeles, New York-LaGuardia, New York-JFK, and Seattle"
DASH,2026-10-10,85.1,100.8,23.8,8.58,0.0,35.6,-30.0,52.2,3.9,8.9,1.89,4.0,257.72,buy,42.0,2026-11-04,2026-06-30,31400.0,"DoorDash, Inc., together with its subsidiaries, operates a commerce platform that connects merchants, consumers, and dashers in the United States and internationally. The company operates DoorDash Marketplace, Wolt Marketplace, and Deliveroo Marketplace, which provide various services, such as customer acquisition, demand generation, order fulfillment, merchandising, payment processing, and custom"
DD,2026-10-10,17.6,34.9,16.3,1.27,1.81,4.0,149.6,35.1,14.2,1.8,1.08,4.1,168.75,buy,16.0,2026-11-03,2026-06-30,15000.0,"DuPont de Nemours, Inc. provides technology-based materials and solutions in the United States, Canada, the Asia Pacific, Latin America, Europe, the Middle East, and Africa. It operates through two segments, Healthcare & Water Technologies and Diversified Industrials. The company offers specialty components for medical devices, packaging and garments, and protective suits under the brand TYVEK; pr"
DDOG,2026-10-10,105.3,586.5,98.6,24.1,0.0,35.6,1498.5,79.5,0.7,4.7,1.51,3.5,287.08,strong_buy,47.0,2026-11-05,2026-06-30,8100.0,"Datadog, Inc. operates an observability and security platform for cloud applications in the United States and internationally. The company's products comprise infrastructure and application performance monitoring, log management, observability pipelines, synthetics, real user monitoring, product analytics, continuous profiler, database monitoring, data observability, LLM observability, error track"
DE,2026-10-10,167.4,34.5,27.3,5.98,0.99,4.9,7.4,25.2,13.4,18.2,0.87,2.1,691.83,buy,23.0,2026-11-25,2026-08-02,73100.0,"Deere & Company engages in the manufacture and distribution of various equipment worldwide. The company operates through four segments: Production and Precision Agriculture, Small Agriculture and Turf, Construction and Forestry, and Financial Services. The Production and Precision Agriculture segment provides four-wheel-drive track and row crop tractors, harvesters, cotton pickers and strippers, s"
DECK,2026-10-10,11.3,11.7,10.0,4.92,0.0,5.7,1.1,57.8,15.2,42.6,1.12,7.8,120.41,buy,22.0,2026-10-22,2026-06-30,6000.0,"Deckers Outdoor Corporation, together with its subsidiaries, designs, markets, and distributes footwear, apparel, and accessories for casual lifestyle use and high-performance activities in the United States and internationally. The company offers footwear, apparel, and accessories under the UGG brand; footwear, such as running, trail, hiking, fitness, and lifestyle shoes, as well as apparel and a"
DELL,2026-10-10,372.6,34.1,20.1,-262.81,0.44,57.7,272.9,19.9,12.0,,1.44,4.7,585.96,buy,25.0,2026-11-27,2026-07-31,97000.0,"Dell Technologies Inc. designs, develops, manufactures, markets, sells, and supports various comprehensive and integrated solutions, products, and services in the Americas, Europe, the Middle East, Asia, and internationally. The company operates through Infrastructure Solutions Group (ISG) and Client Solutions Group (CSG) segments. The ISG segment provides modern and traditional storage solutions,"
DG,2026-10-10,28.1,16.5,15.3,3.02,1.9,5.2,33.3,31.2,6.8,19.7,0.23,3.1,141.45,buy,29.0,2026-08-27,2026-07-31,194000.0,"Dollar General Corporation, a discount retailer, provides various merchandise products in the southern, southwestern, midwestern, and eastern United States. It offers consumable products, including paper towels, bath tissues, paper dinnerware, trash and storage bags, disinfectants, and laundry products; packaged food, such as cereals, pasta, canned soups, canned meats, fruits and vegetables, condi"
DGX,2026-10-10,25.5,24.5,19.2,3.38,1.49,10.2,15.0,33.2,15.2,14.6,0.54,3.3,248.07,buy,15.0,2026-10-22,2026-06-30,46000.0,"Quest Diagnostics Incorporated provides diagnostic testing and services in the United States. The company develops and delivers diagnostic information services, such as routine, non-routine and advanced clinical testing, anatomic pathology testing, and other diagnostic information services. It also provides services under the Quest Diagnostics brand, as well as under the AmeriPath, Dermpath Diagno"
DHI,2026-10-10,37.7,12.9,11.7,1.59,1.33,0.0,-4.8,21.3,13.0,12.6,1.35,4.7,155.0,hold,14.0,2026-10-29,2026-06-30,14341.0,"D.R. Horton, Inc. operates as a homebuilding company in East, North, Southeast, South Central, Southwest, and Northwest regions in the United States. It engages in the acquisition and development of land; and construction and sale of residential homes in 126 markets across 36 states under the names of D.R. Horton. The company also constructs and sells single-family detached homes; and attached hom"
DHR,2026-10-10,154.5,38.8,23.6,2.94,0.74,5.5,59.7,58.8,19.8,7.6,0.8,1.3,239.5,strong_buy,22.0,2026-10-21,2026-06-26,58000.0,"Danaher Corporation designs, manufactures, and markets professional, medical, research, and industrial products and services in the United States, China, and internationally. The company operates through Biotechnology, Life Sciences, and Diagnostics segments. The Biotechnology segment provides technologies, consumables, services, and solutions that advance, accelerate, and integrate the developmen"
DIA,2026-10-10,,21.0,,1.44,1.42,,,,,,,,,,,,,,"The Trust’s Portfolio consists of substantially all of the component common stocks that comprise the DJIA, which are weighted in accordance with the terms of the Trust Agreement."
DIS,2026-10-10,186.6,22.1,14.5,1.7,1.43,6.8,-48.3,37.6,19.3,8.0,1.42,1.1,126.46,strong_buy,32.0,2026-11-12,2026-06-27,175560.0,"The Walt Disney Company operates as an entertainment company in Americas, Europe, and the Asia Pacific. It operates in three segments: Entertainment, Sports, and Experiences. The company produces and distributes film and television content under the ABC Television Network, Disney, Freeform, FX, Fox, National Geographic, and Star brand television channels, as well as ABC television stations and A+E"
DLR,2026-10-10,67.5,85.5,64.7,2.48,2.7,29.9,-58.7,57.0,25.9,2.9,1.01,2.5,223.44,strong_buy,32.0,2026-10-29,2026-06-30,4282.0,"Digital Realty Trust, Inc. brings companies and data together by delivering the full spectrum of data center, colocation, and interconnection solutions. Platform DIGITAL, the company's global data center platform, provides customers with a secure data meeting place and a proven Pervasive Datacenter Architecture (PDx) solution methodology for powering innovation, from cloud and digital transformati"
DLTR,2026-10-10,22.3,14.5,15.0,6.5,0.0,7.0,197.2,37.2,6.2,46.0,0.72,4.8,136.15,buy,26.0,2026-08-27,2026-08-01,150000.0,"Dollar Tree, Inc. operates retail discount stores under the Dollar Tree and Dollar Tree Canada brands in the United States and Canada. The company offers consumable merchandise comprising everyday consumables, such as household paper and chemicals, food, candy, health, personal care products, and frozen and refrigerated food; variety merchandise consisting of toys, durable housewares, gifts, stati"
DOC,2026-10-10,13.3,53.7,134.3,1.65,6.59,11.1,68.2,57.6,16.0,3.0,0.99,4.8,22.95,buy,19.0,2026-11-02,2026-06-30,411.0,"Healthpeak Properties, Inc. is a fully integrated real estate investment trust (REIT) and S&P 500 company. Healthpeak owns, operates, and develops high-quality real estate for healthcare discovery and delivery. Healthpeak Properties, Inc. is based in Denver, Colorado. Healthpeak Properties, Inc. was incorporated in 1985 in Maryland."
DOV,2026-10-10,25.4,22.8,16.2,3.3,1.11,6.9,14.1,40.1,18.7,14.9,1.13,3.6,240.11,buy,19.0,2026-10-22,2026-06-30,24000.0,"Dover Corporation provides equipment and components, consumable supplies, aftermarket parts, software and digital solutions, and support services worldwide. The company's Engineered Products segment provides various equipment, component, software, solution, and services that are used in vehicle aftermarket, aerospace and defense, industrial winch and hoist, and fluid dispensing end-market. This se"
DOW,2026-10-10,20.5,,16.5,1.29,4.9,19.7,,9.8,11.6,-5.5,0.41,5.5,33.62,hold,16.0,2026-10-22,2026-06-30,32800.0,"Dow Inc., through its subsidiaries, provides various materials science solutions for packaging, infrastructure, mobility, and consumer applications in the United States, Canada, Europe, the Middle East, Africa, India, the Asia Pacific, and Latin America. The company operates through Packaging & Specialty Plastics, Industrial Intermediates & Infrastructure, and Performance Materials & Coatings segm"
DPZ,2026-10-10,10.2,17.5,14.8,-2.57,2.58,4.3,6.8,28.7,19.1,,0.95,11.2,373.44,buy,27.0,2026-10-13,2026-06-14,6200.0,"Domino's Pizza, Inc. operates as a pizza company worldwide. The company operates through three segments: U.S. Stores, International Franchise, and Supply Chain. It offers pizzas under the Domino's brand name through company-owned and franchised stores. The company also provides bread products, wings, boneless chicken, pastas, oven-baked sandwiches, soft drink products and desserts. In addition, it"
DRI,2026-10-10,22.4,19.2,15.9,10.83,3.22,5.1,-6.7,21.7,9.9,55.4,0.62,7.2,233.44,buy,25.0,2026-12-18,2026-08-30,209931.0,"Darden Restaurants, Inc., together with its subsidiaries, owns and operates full-service restaurants in the United States and Canada. The company operates under Olive Garden, LongHorn Steakhouse, Cheddar's Scratch Kitchen, Chuy's, Yard House, Ruth's Chris Steak House, The Capital Grille, Seasons 52, Eddie V's Prime Seafood, Bahama Breeze, The Capital Burger, Darden and Darden Restaurants brand nam"
DTE,2026-10-10,26.4,20.1,15.2,2.17,3.66,-1.5,22.4,29.3,13.6,11.0,0.38,2.8,152.68,buy,14.0,2026-10-29,2026-06-30,9592.0,"DTE Energy Company engages in energy-related businesses and services. The company operates through four segments: Electric, Gas, DTE Vantage, and Energy Trading.The company's Electric segment generates, purchases, distributes, and sells electricity to approximately 2.3 million residential, commercial, and industrial customers in southeastern Michigan. It generates electricity through coal-fired pl"
DUK,2026-10-10,91.0,17.6,16.3,1.69,3.76,1.1,10.6,52.0,27.5,9.9,0.34,2.7,136.11,buy,18.0,2026-11-05,2026-06-30,26441.0,"Duke Energy Corporation, through its subsidiaries, operates as an energy company in the United States. The company operates through two segments: Electric Utilities and Infrastructure (EU&I); and Gas Utilities and Infrastructure (GU&I). The EU&I segment generates, transmits, distributes, and sells electricity to customers in the Southeast and Midwest regions. It generates electricity through coal,"
DVA,2026-10-10,11.5,14.9,10.5,-14.98,0.0,5.2,55.8,32.4,16.1,88.5,0.8,13.2,219.86,buy,7.0,2026-10-28,2026-06-30,78000.0,"DaVita Inc. provides kidney dialysis services for patients suffering from chronic kidney failure in the United States. The company operates kidney dialysis centers and provides related lab services in outpatient dialysis centers. It also offers outpatient, hospital inpatient, and home-based hemodialysis dialysis services; operates clinical laboratories that provide routine laboratory tests for dia"
DVN,2026-10-10,53.1,10.5,8.8,1.33,2.62,64.2,44.0,50.3,41.1,11.5,0.54,3.0,60.57,strong_buy,28.0,2026-11-05,2026-06-30,2200.0,"Devon Energy Corporation, an independent energy company, engages in the exploration, development, and production of oil, natural gas, and natural gas liquids in the United States. The company operates in Delaware Basin located in southeast New Mexico and west Texas, Eagle Ford located in North America, Anadarko Basin located in western Oklahoma, Williston Basin located in North Dakota, and Powder "
DXCM,2026-10-10,31.7,33.5,26.9,12.11,0.0,13.1,43.6,62.5,24.3,38.5,1.48,5.3,96.23,strong_buy,26.0,2026-10-29,2026-06-30,11000.0,"DexCom, Inc., a medical device company, focuses on the design, development, and commercialization of continuous glucose monitoring (CGM) systems for the management of diabetes and metabolic health in the United States and internationally. The company offers Dexcom G7 and G7 15 Day, an integrated continuous glucose monitoring system; Dexcom G6, a CGM system; Dexcom ONE+ to replace fingerstick blood"
EBAY,2026-10-10,49.9,23.6,16.7,10.7,1.11,14.8,55.0,72.1,21.6,46.6,1.32,4.1,116.11,hold,27.0,2026-11-04,2026-06-30,12300.0,"eBay Inc., together with its subsidiaries, operates marketplace platforms that connect buyers and sellers in the United States, the United Kingdom, China, Germany, and internationally. Its marketplace platform includes its online marketplace at ebay.com, off-platform businesses, and the eBay suite of mobile apps. The company's platforms enable users to list, sell, buy, and pay various products. Th"
ECHO,2026-10-10,27.6,,4.2,1.95,0.0,-4.0,,29.5,14.3,-33.4,0.99,23.4,128.67,strong_buy,9.0,2026-11-05,2026-06-30,12100.0,"EchoStar Corporation provides pay-tv services in the United States, Mexico, Canada, South and Central America, Asia, Africa, Australia, Europe, India, and the Middle East. The Pay-TV segment offers a direct broadcast and fixed satellite, owned and leased satellites, leased fiber optic networks, in-home services, and call center operation services; digital broadcast operations, including satellite "
ECL,2026-10-10,79.0,37.8,29.9,7.86,1.05,9.7,3.3,44.2,18.5,22.0,0.88,2.1,325.05,buy,21.0,2026-10-27,2026-06-30,48000.0,"Ecolab Inc. provides water, hygiene, and infection prevention solutions and services in the United States and internationally. The company operates through four segments: Global Water, Global Institutional & Specialty, Global Pest Elimination, and Global Life Sciences. The Global Water segment offers water treatment and process applications, and cleaning and sanitizing solutions to manufacturing, "
ED,2026-10-10,39.2,17.5,16.3,1.53,3.31,13.2,22.1,53.4,16.5,9.0,0.25,3.6,109.34,hold,16.0,2026-11-05,2026-06-30,15407.0,"Consolidated Edison, Inc., through its subsidiaries, engages in the regulated electric, gas, and steam delivery businesses in the United States. The company offers electric services to approximately 3.7 million customers in New York City and Westchester County; gas to approximately 1.1 million customers in Manhattan, the Bronx, parts of Queens, and Westchester County; and steam to approximately 1,"
EEM,2026-10-10,,14.2,,1.27,1.67,,,,,,,,,,,,,,The fund generally will invest at least 80% of its assets in the component securities of its underlying index and in investments that have economic characteristics that are substantially identical to the component securities of its underlying index. The index is designed to measure equity market performance in the global emerging markets. The underlying index includes large- and mid-capitalization
EFX,2026-10-10,17.1,25.7,14.5,3.91,1.57,10.6,0.7,55.5,17.3,14.3,1.34,7.6,203.1,buy,21.0,2026-10-20,2026-06-30,15000.0,"Equifax Inc. operates as a data, analytics, and technology company. The company operates through three segments: Workforce Solutions, U.S. Information Solutions (USIS), and International. The Workforce Solutions segment offers services that enables customers to verify income, employment, educational history, criminal justice data, healthcare professional licensure, and sanctions of people in the U"
EG,2026-10-10,14.1,7.8,6.2,0.92,2.21,-11.3,-11.5,15.3,19.1,12.6,0.26,5.8,409.69,buy,16.0,2026-10-28,2026-06-30,3064.0,"Everest Group, Ltd., together with subsidiaries, provides reinsurance and insurance products in the United States, Europe, and internationally. It operates in two segment, Insurance and Reinsurance. The company writes property and casualty reinsurance; treaty and facultative reinsurance products; and specialty lines of business through reinsurance brokers, as well as directly with ceding companies"
EIX,2026-10-10,21.3,5.7,8.5,1.22,6.46,-4.1,55.1,61.0,26.9,19.7,0.61,5.3,65.57,hold,14.0,2026-10-29,2026-06-30,13725.0,"Edison International, through its subsidiaries, engages in the generation and distribution of electric power. The company supplies and delivers through its electrical infrastructure to an approximately 50,000 square-mile area of southern, central, and coastal California. It serves residential, commercial, industrial, public authorities, agricultural, street lighting, and other sectors. The company"
EL,2026-10-10,35.5,188.6,25.0,9.32,1.48,6.3,,75.5,7.0,4.7,1.26,3.2,107.34,buy,28.0,2026-11-02,2026-06-30,37950.0,"The Estée Lauder Companies Inc. manufactures, markets, and sells skin care, makeup, fragrance, and hair care products worldwide. The company provides skin care products, including moisturizers, serums, cleansers, toners, eye care, body care, exfoliators, acne care and oil correctors, facial masks, and sun care products; and makeup products, such as foundations, powders, concealers and setting spra"
ELV,2026-10-10,89.5,17.8,13.9,1.99,1.7,1.4,-13.1,26.0,4.6,11.1,0.71,2.8,451.48,buy,21.0,2026-10-21,2026-06-30,96129.0,"Elevance Health, Inc., together with its subsidiaries, operates as a health benefits company in the United States. The company operates in four segments: Health Benefits, CarelonRx, Carelon Services, and Corporate & Other. It offers a variety of health plans and services to individual, employer group risk-based and fee-based, BlueCard, Medicare, Medicaid, and FEP members; health products; a broad "
EME,2026-10-10,34.8,24.6,21.5,8.56,20.0,19.8,34.8,19.4,10.6,40.3,1.12,2.1,1033.29,buy,7.0,2026-10-29,2026-06-30,44000.0,"EMCOR Group, Inc. provides electrical and mechanical construction and facilities, building, and industrial services in the United States and the United Kingdom. It offers design, integration, installation, startup, operation, and maintenance services related to power transmission, distribution, and generation systems; energy solutions; premises electrical and lighting systems; process instrumentat"
EMR,2026-10-10,90.6,35.4,22.3,4.43,1.4,7.0,23.0,53.2,26.9,12.8,1.21,1.5,173.68,buy,28.0,2026-11-04,2026-06-30,71000.0,"Emerson Electric Co., a technology and software company, provides various solutions in the Americas, Asia, the Middle East, Africa, and Europe. It operates through Final Control, Measurement & Analytical, Discrete Automation, Safety & Productivity, Control Systems & Software, and Test & Measurement segments. The Final Control segment provides control valves, isolation valves, shutoff valves, press"
EOG,2026-10-10,78.9,11.5,9.7,2.44,2.75,58.7,109.4,62.6,40.7,22.5,0.37,3.3,164.0,buy,28.0,2026-11-05,2026-06-30,3400.0,"EOG Resources, Inc., together with its subsidiaries, explores for, develops, produces, and markets crude oil, natural gas liquids, and natural gas in producing basins in the United States, the Republic of Trinidad and Tobago, and internationally. The company also offers crude oil and condensate, and gathering, processing and marketing. The company was formerly known as Enron Oil & Gas Company. EOG"
EQIX,2026-10-10,101.2,66.0,55.4,7.04,2.04,16.7,28.8,52.0,27.0,10.7,0.97,2.0,1234.19,strong_buy,31.0,2026-10-28,2026-06-30,13716.0,"Equinix, Inc. shortens the path to boundless connectivity anywhere in the world. Its digital infrastructure, data center footprint and interconnected ecosystems empower innovations that enhance our work, life and planet. Equinix connects economies, countries, organizations and communities, delivering seamless digital experiences and cutting-edge AI quickly, efficiently and everywhere. Equinix, Inc"
EQT,2026-10-10,33.0,12.3,14.0,1.31,1.25,-3.9,-74.0,80.7,23.4,11.1,0.65,4.1,67.19,strong_buy,26.0,2026-10-27,2026-06-30,1523.0,"EQT Corporation engages in the exploration, production, gathering, and transmission of hydrocarbons and natural gas. The company sells natural gas, natural gas liquids, and oil to marketers, utilities, and industrial customers located in the Appalachian Basin. It also provides marketing services and contractual pipeline capacity management services, as well as engages in risk management and hedgin"
ERIE,2026-10-10,11.6,20.6,15.8,4.71,2.68,2.8,3.2,17.9,19.1,24.8,0.33,9.5,,none,,2026-10-29,2026-06-30,6667.0,"Erie Indemnity Company operates as a managing attorney-in-fact for the subscribers at the Erie Insurance Exchange in the United States. It provides issuance and renewal services; sales related services, including agent compensation and sales and advertising support services; underwriting services that include underwriting and policy processing; and other services consist of customer services and a"
ES,2026-10-10,24.8,17.0,13.3,1.51,4.8,2.3,-85.4,52.8,23.9,9.0,0.68,3.2,73.33,hold,12.0,2026-11-04,2026-06-30,10731.0,"Eversource Energy, a public utility holding company, engages in the energy delivery business. The company operates through Electric Distribution, Electric Transmission, Natural Gas Distribution, and Water Distribution segments. It is involved in the transmission and distribution of electricity; solar power facilities; and distribution of natural gas. The company also operates regulated water utili"
ESS,2026-10-10,18.7,42.2,43.1,3.28,3.86,3.1,-71.8,68.8,34.0,7.7,0.71,5.4,304.07,hold,25.0,2026-10-27,2026-06-30,1686.0,"Essex Property Trust, Inc., an S&P 500 company, is a fully integrated real estate investment trust. The firm acquires, develops, redevelops, and manages multifamily residential properties in selected West Coast markets. Essex currently has ownership interests in 258 apartment communities comprising over 62,000 apartment homes with an additional property in active development. Essex Property Trust,"
ETN,2026-10-10,166.8,43.2,26.4,8.24,1.04,21.4,-15.9,36.0,16.6,19.7,1.13,2.0,482.89,buy,26.0,2026-11-03,2026-06-30,97303.0,"Eaton Corporation plc operates as a power management company in the United States, Canada, Latin America, Europe, and the Asia Pacific. It operates through Electrical Americas, Electrical Global, Aerospace, Vehicle, and eMobility segments. The company offers electrical and industrial components, power distribution and assemblies, residential products, single- and three-phase power quality and conn"
ETR,2026-10-10,49.1,26.2,20.1,2.63,2.5,5.9,-1.9,47.0,24.5,10.2,0.45,4.0,122.28,buy,20.0,2026-11-02,2026-06-30,12000.0,"Entergy Corporation, together with its subsidiaries, engages in the production and retail distribution of electricity in the United States. It generates, transmits, distributes, and sells electric power in portions of Arkansas, Louisiana, Mississippi, and Texas, including the City of New Orleans. It also engages in the ownership of interests in non-nuclear power plants that sell electric power to "
EVRG,2026-10-10,18.7,20.5,17.8,1.83,3.45,4.4,23.0,52.7,25.2,9.3,0.48,10.3,91.36,buy,11.0,2026-11-05,2026-06-30,4691.0,"Evergy, Inc., together with its subsidiaries, engages in the generation, transmission, distribution, and sale of electricity in the United States. The company generates electricity through coal, landfill gas, uranium, and natural gas and oil sources, as well as solar, wind, and other renewable sources. It serves residences, commercial firms, industrials, municipalities, and other electric utilitie"
EW,2026-10-10,49.1,50.7,25.2,4.63,0.0,13.6,-25.4,77.8,29.8,9.2,0.86,1.8,101.96,buy,26.0,2026-11-04,2026-06-30,16000.0,"Edwards Lifesciences Corporation provides products and technologies to treat advanced cardiovascular diseases in the United States, Europe, Japan, and internationally. It offers transcatheter heart valve replacement products for minimally invasive replacement of aortic heart valves under the Edwards SAPIEN family of valves system; and transcatheter heart valve repair and replacement products to tr"
EWJ,2026-10-10,,19.5,,1.45,3.66,,,,,,,,,,,,,,The fund generally will invest at least 80% of its assets in the component securities of its underlying index and in investments that have economic characteristics that are substantially identical to the component securities of its underlying index. The underlying index is designed to measure the performance of the large- and mid-capitalization segments of the Japanese equity market.
EWT,2026-10-10,,28.8,,1.96,0.88,,,,,,,,,,,,,,The fund generally will invest at least 80% of its assets in the component securities of its underlying index and in investments that have economic characteristics that are substantially identical to the component securities of its underlying index. The index is a free float-adjusted market capitalization-weighted index that is designed to measure the performance of the large- and mid-capitalizati
EXC,2026-10-10,43.0,15.4,13.7,1.45,4.05,9.9,-0.2,42.4,16.6,9.7,0.4,3.7,48.53,hold,17.0,2026-10-30,2026-06-30,20571.0,"Exelon Corporation, a utility services holding company, engages in the energy distribution and transmission businesses in the United States. The company is involved in the purchase and regulated retail sale of electricity and natural gas; transmission and distribution of electricity; and distribution of natural gas to retail customers. It serves residential, commercial, industrial, and public auth"
EXE,2026-10-10,21.1,7.6,10.6,1.07,2.59,-10.6,-45.5,47.1,26.3,14.9,0.4,4.1,123.22,buy,27.0,2026-10-27,2026-06-30,1600.0,"Expand Energy Corporation operates as an independent natural gas production company in the United States. The company engages in acquisition, exploration, and development of properties to produce oil, natural gas, and natural gas liquids. It holds interests in the Marcellus Shale in the northern Appalachian Basin in Pennsylvania; the Marcellus and Utica Shales in Ohio and West Virginia; and the Ha"
EXPD,2026-10-10,25.1,28.1,23.9,11.86,0.85,32.1,51.5,13.5,10.7,42.7,1.06,3.9,180.87,hold,15.0,2026-11-03,2026-06-30,20389.0,"Expeditors International of Washington, Inc., together with its subsidiaries, provides logistics services in the Americas, North Asia, South Asia, Europe, and Middle East, Africa, and India. The company offers airfreight services, such as air freight consolidation and forwarding; ocean freight and ocean services, including ocean freight consolidation, direct ocean forwarding, and order management;"
EXPE,2026-10-10,32.9,16.9,11.2,27.22,0.74,14.0,188.7,90.4,19.0,89.5,1.36,6.8,338.77,buy,35.0,2026-11-04,2026-06-30,16000.0,"Expedia Group, Inc. operates as an online travel company in the United States and internationally. The company operates through B2C, B2B, and trivago segments. The B2C segment includes Brand Expedia, a full-service online travel brand offers various travel products and services; Hotels.com for lodging accommodations; Vrbo, an online marketplace for the alternative accommodations; and Orbitz, Trave"
EXR,2026-10-10,29.7,29.4,27.8,2.15,4.92,3.8,6.0,74.9,45.9,7.0,1.17,3.1,158.25,buy,20.0,2026-10-27,2026-06-30,8393.0,"Extra Space Storage Inc., headquartered in Salt Lake City, Utah, is a self-administered and self-managed REIT and a member of the S&P 500. As of June 30, 2026, the Company owned and/or operated 4,410 self-storage stores in 42 states and Washington, D.C. The Company's stores comprise approximately 3.0 million units and approximately 341.0 million square feet of rentable space operating under the Ex"
F,2026-10-10,48.5,,6.2,1.36,4.95,-3.8,,7.1,1.9,-18.3,1.94,3.3,15.81,buy,18.0,2026-10-28,2026-06-30,169000.0,"Ford Motor Company develops, delivers, and services Ford trucks, sport utility vehicles, commercial vans and cars, and Lincoln luxury vehicles in the United States, Canada, the United Kingdom, Mexico, and internationally. It operates through Ford Blue, Ford Model e, Ford Pro, and Ford Credit segments. The company sells Ford and Lincoln internal combustion engine and hybrid vehicles, electric vehic"
FANG,2026-10-10,54.0,36.6,10.2,1.42,2.3,52.5,179.5,72.4,48.5,3.5,0.54,3.9,234.66,strong_buy,29.0,2026-11-02,2026-06-30,1762.0,"Diamondback Energy, Inc., an independent oil and natural gas company, acquires, develops, explores, and exploits unconventional, onshore oil and natural gas reserves in the Permian Basin in West Texas, the United States. The company primarily focuses on the development of the Spraberry and Wolfcamp formations of the Midland Basin; and the Wolfcamp and Bone Spring formations of the Delaware Basin, "
FAST,2026-10-10,58.2,43.0,36.2,14.31,1.9,14.7,14.6,44.7,21.0,34.3,0.69,3.5,48.84,hold,13.0,2026-10-14,2026-06-30,22230.0,"Fastenal Company, together with its subsidiaries, engages in the wholesale distribution of industrial and construction supplies in the United States, Canada, Mexico, and internationally. It offers fasteners, and related industrial and construction supplies under the Fastenal name. The company's fastener products include threaded fasteners, bolts, nuts, screws, studs, and related washers that are u"
FCX,2026-10-10,105.8,35.1,17.1,5.26,0.84,-7.3,28.1,38.3,33.4,14.8,1.39,2.4,77.14,buy,22.0,2026-10-27,2026-06-30,29000.0,"Freeport-McMoRan Inc. engages in the mining of mineral properties in North America, South America, and Indonesia. The company primarily explores for copper, gold, molybdenum, silver, and other metals. Its assets include the Grasberg minerals district in Indonesia; Morenci, Bagdad, Safford, Sierrita, and Miami in Arizona; Chino and Tyrone in New Mexico; and Henderson and Climax in Colorado, North A"
FDS,2026-10-10,10.2,19.7,13.2,5.06,1.62,6.3,-15.2,50.6,24.7,25.5,0.77,12.4,277.56,hold,16.0,2026-12-17,2026-08-31,,"FactSet Research Systems Inc., together with its subsidiaries, operates as a financial digital platform and enterprise solutions provider for the investment community. It offers data, products, and analytical applications; and workstations, portfolio analytics, and enterprise data solutions, as well as managed services for supporting data, performance, risk, and reporting workflows. The company al"
FDX,2026-10-10,69.0,15.7,14.1,2.21,1.67,12.5,-4.3,27.3,11.1,14.8,1.33,2.0,355.5,buy,26.0,2026-10-28,2026-05-31,300000.0,"FedEx Corporation, together with its subsidiaries, provides transportation, e-commerce, and business services in the United States and internationally. The company operates through two segments, Express U.S. Domestic and Express International. It provides e-commerce and digital solutions; dataworks; printing and shipping management, including digital printing, professional finishing, document crea"
FDXF,2026-10-10,17.3,26.4,22.4,-34.74,0.0,4.8,-61.1,29.3,-5.8,69.1,,3.0,147.57,buy,14.0,2026-10-29,2026-05-31,40000.0,"FedEx Freight Holding Company, Inc. provides less-than-truckload freight transportation services in the United States and internationally. The company offers FedEx Freight Priority services, including next-business-day service for shipments traveling up to 600 miles and second-business-day service for shipments traveling up to 1,600 miles and backed by a money-back service guarantee if published d"
FE,2026-10-10,26.0,24.1,15.3,2.01,4.15,8.8,8.3,68.6,19.3,9.5,0.42,6.9,52.67,buy,12.0,2026-10-27,2026-06-30,11186.0,"FirstEnergy Corp., together with its subsidiaries, engages in the generation, distribution, and transmission of electricity in the United States. It operates through Distribution, Integrated, and Stand-Alone Transmission segments. The company owns and operates coal-fired, nuclear, hydroelectric, wind, and solar power generating facilities. The company operates 252,959 distribution line miles and 2"
FERG,2026-10-10,42.6,21.3,17.3,6.86,1.64,4.6,6.9,30.6,10.2,,1.12,3.4,285.86,buy,22.0,2026-11-09,2026-06-30,35000.0,"Ferguson Enterprises Inc. distributes essential water and air solutions to specialized professional in the United States and Canada. The company provides various products and services, including plumbing; pipe, valves, and fittings; heating, ventilation, and air conditioning; appliances; lighting; and water and wastewater solutions to residential and non-residential customers. It also supplies spe"
FFIV,2026-10-10,27.2,38.2,26.5,7.07,0.0,10.9,11.4,81.9,24.6,19.8,1.03,3.2,436.1,none,10.0,2026-10-27,2026-06-30,6512.0,"F5, Inc. provides multicloud application security and delivery solutions in the United States, Europe, the Middle East, Africa, and the Asia Pacific region. The company's distributed cloud services enable its customers to deploy, secure, and operate applications in any architecture, from on-premises to the public cloud. It also offers unified, security, networking, and application management solut"
FICO,2026-10-10,14.4,19.3,13.3,-3.52,0.0,25.7,41.2,85.1,53.8,,1.34,10.8,1113.47,buy,19.0,2026-11-04,2026-06-30,3876.0,"Fair Isaac Corporation provides analytics software in the Americas, Europe, the Middle East, Africa, and the Asia Pacific. It operates through two segments, Scores and Software. The Scores segment offers business-to-business scoring solutions and services that give clients access to predictive credit and other scores that can be integrated into their transaction streams and decision-making process"
FIS,2026-10-10,17.6,5.2,5.1,1.1,5.13,29.1,,35.8,20.7,22.3,0.83,4.2,49.42,buy,24.0,2026-11-04,2026-06-30,44000.0,"Fidelity National Information Services, Inc. provides solutions to financial institutions, businesses, and developers worldwide. The company operates through Banking Solutions, Capital Market Solutions, and Corporate and Other segments. It provides core processing and ancillary applications; mobile and online banking; fraud, risk management, and compliance; card and retail payment; electronic fund"
FISV,2026-10-10,24.3,8.8,5.7,0.9,,,,,,,,,59.58,hold,26.0,2026-11-03,,,
FITB,2026-10-10,45.9,17.1,10.2,1.42,3.31,51.8,-5.7,0.0,39.1,8.4,0.99,4.3,61.71,buy,21.0,2026-10-19,2026-06-30,25197.0,"Fifth Third Bancorp operates as the bank holding company for Fifth Third Bank, National Association that provides a range of financial products and services in the United States. It operates through three segments: Commercial Banking, Consumer and Small Business Banking, and Wealth and Asset Management. The Commercial Banking segment offers credit intermediation, cash management, and financial ser"
FIX,2026-10-10,60.4,42.2,28.5,18.74,21.0,50.3,91.9,25.7,17.1,55.3,1.66,2.8,2197.0,strong_buy,8.0,2026-10-22,2026-06-30,22700.0,"Comfort Systems USA, Inc., together with its subsidiaries, provides mechanical and electrical installation, renovation, maintenance, repair, and replacement services for the mechanical and electrical services industry in the United States. The company operates through two segments: Mechanical and Electrical. It offers heating, ventilation, and air conditioning systems, as well as plumbing, electri"
FLEX,2026-10-10,44.3,46.3,17.0,8.05,0.0,20.6,52.0,9.5,5.0,18.4,1.66,2.7,160.5,strong_buy,10.0,2026-10-28,2026-06-26,149686.0,"Flex Ltd. provides technology innovation, supply chain, and manufacturing solutions to data center, communications, enterprise, consumer, automotive, healthcare, industrial, and power industries in the Americas, Asia, and Europe. The company operates through three segments: Integrated Technology Solutions (ITS), Regulated Manufacturing Solutions (RMS), and Cloud and Power Infrastructure (CPI). The"
FOX,2026-10-10,23.6,14.6,9.7,2.02,1.04,28.1,3.1,36.6,25.2,14.3,0.61,7.8,,none,,2026-10-29,2026-06-30,10550.0,"Fox Corporation operates as a news, sports, and entertainment company in the United States. It operates in two segments, Cable Network Programming and Television. The Cable Network Programming segment produces and licenses news and sports content for distribution through traditional cable television systems, direct broadcast satellite operators, telecommunication companies, virtual multi-channel v"
FOXA,2026-10-10,26.3,16.6,10.7,2.25,0.91,28.1,3.1,36.6,25.2,14.3,0.61,26.5,76.42,buy,18.0,2026-10-29,2026-06-30,10550.0,"Fox Corporation operates as a news, sports, and entertainment company in the United States. It operates in two segments, Cable Network Programming and Television. The Cable Network Programming segment produces and licenses news and sports content for distribution through traditional cable television systems, direct broadcast satellite operators, telecommunication companies, virtual multi-channel v"
FRT,2026-10-10,9.2,21.3,32.9,2.88,4.4,7.2,-45.6,68.1,35.0,12.6,0.94,5.0,130.74,buy,19.0,2026-10-30,2026-06-30,314.0,"Federal Realty Investment Trust is a recognized leader in the ownership, operation and redevelopment of high-quality retail-based properties located primarily in major coastal markets and select underserved regions with strong economic and demographic fundamentals. Federal Realty's mission is to deliver long-term, sustainable growth through investing in communities where retail demand exceeds supp"
FSLR,2026-10-10,19.1,11.0,7.7,1.85,0.0,-3.7,23.3,44.0,42.6,18.5,1.79,12.8,274.47,buy,30.0,2026-10-29,2026-06-30,7900.0,"First Solar, Inc., a solar technology company, provides photovoltaic (PV) solar energy solutions in the United States, France, India, Chile, and internationally. The company manufactures and sells PV solar modules with thin film semiconductor technology that provides conventional crystalline silicon PV solar modules. It also designs, manufactures, and sells cadmium telluride solar modules that con"
FTNT,2026-10-10,142.9,68.8,51.6,92.12,0.0,25.6,43.9,80.2,33.6,117.4,1.04,2.3,164.32,hold,36.0,2026-10-28,2026-06-30,15472.0,"Fortinet, Inc. provides cybersecurity and convergence of networking and security solutions worldwide. The company offers FortiOS, a unified operating system designed to address cybersecurity threats; FortiASIC application-specific integrated circuit (ASIC)-based security processing units; FortiCloud, a private cloud software as a service platform; FortiAI, which provides a dual-layered defense acr"
FTV,2026-10-10,17.5,30.1,17.6,2.86,0.5,7.9,4.0,63.2,19.1,7.3,0.99,5.8,63.64,hold,14.0,2026-10-28,2026-07-03,10000.0,"Fortive Corporation designs, develops, manufactures, and markets products, software, and services in the United States, China, and internationally. It operates through Intelligent Operating Solutions and Advanced Healthcare Solutions segments. The Intelligent Operating Solutions segment provides advanced instrumentation, software, and services, including maintenance, repair, measurement and condit"
FXI,2026-10-10,,9.1,,0.85,2.0,,,,,,,,,,,2017-01-19,,,The fund generally will invest at least 80% of its assets in the component securities of its underlying index and in investments that have economic characteristics that are substantially identical to the component securities of its underlying index. The index designed to measure the performance of the largest companies in the Chinese equity market that trade on the Stock Exchange of Hong Kong and 
GD,2026-10-10,89.6,20.2,17.8,3.34,1.93,8.1,13.4,15.4,10.4,17.8,0.33,1.1,415.02,buy,21.0,2026-10-30,2026-07-05,117000.0,"General Dynamics Corporation operates as an aerospace and defense company worldwide. It operates through four segments: Aerospace, Marine Systems, Combat Systems, and Technologies. The Aerospace segment produces and sells business jets; and offers aircraft maintenance and repair, management, aircraft-on-ground support, customer support and custom completion services, modifications, upgrades, and l"
GDDY,2026-10-10,13.2,15.5,9.5,1968.87,0.0,6.6,29.8,63.8,27.1,442.9,0.94,8.4,106.75,buy,16.0,2026-10-29,2026-06-30,5845.0,"GoDaddy Inc. engages in the design and development of cloud-based products in the United States and internationally. It operates in two segments: Applications and Commerce (A&C), and Core Platform (Core). The A&C segment offers applications products, including Websites + Marketing, a mobile-optimized online tool that enables customers to build websites and e-commerce enabled online stores; and Man"
GE,2026-10-10,319.8,36.0,33.9,18.13,0.62,21.1,19.4,31.1,20.6,48.2,1.37,1.5,394.67,buy,21.0,2026-10-20,2026-06-30,57000.0,"General Electric Company, doing business as GE Aerospace, designs and produces commercial and defense aircraft engines, integrated engine components, electric power, and aircraft systems. The company operates through two segments, Commercial Engines & Services, and Defense & Propulsion Technologies. The Commercial Engines & Services segment designs, develops, manufactures, maintenance, repair, and"
GEHC,2026-10-10,29.9,14.8,12.2,2.71,25.0,5.8,16.8,39.5,15.0,19.4,0.85,4.2,82.9,buy,20.0,2026-10-28,2026-06-30,54000.0,"GE HealthCare Technologies Inc. engages in the development, manufacture, and marketing of products, services, and complementary digital solutions used in the diagnosis, treatment, and monitoring of patients in the United States, Canada, and internationally. The company operates through four segments: Imaging, Advanced Visualization Solutions (AVS), Patient Care Solutions (PCS), and Pharmaceutical "
GEN,2026-10-10,13.9,13.3,7.0,5.24,2.2,6.3,64.0,78.0,35.6,41.9,1.26,6.5,32.56,buy,9.0,2026-10-28,2026-07-03,3900.0,"Gen Digital Inc. engages in the provision of cyber safety and trust-based solutions for individuals, families, and small businesses. The company offers security and performance management, identity protection, and online privacy, as well as technology platforms. It also provides restoration support services, digital reputation, and secure financial wellness. The company offers its products under t"
GEV,2026-10-10,267.6,28.8,39.9,22.38,20.0,21.9,32.8,20.6,7.5,82.6,0.97,3.3,1230.34,buy,33.0,2026-10-28,2026-06-30,78000.0,"GE Vernova Inc., an energy company, engages in the provision of various products and services that generate, transfer, orchestrate, convert, and store electricity in the United States, Europe, Asia, the Middle East, and Africa. The company operates through three segments: Power, Wind, and Electrification. The Power segment designs, manufactures, and services gas, nuclear, hydro, and steam technolo"
GILD,2026-10-10,187.4,,15.2,15.86,2.23,10.2,,79.6,33.7,-20.7,0.33,1.5,159.27,buy,26.0,2026-10-29,2026-06-30,17000.0,"Gilead Sciences, Inc., a biopharmaceutical company, discovers, develops, and commercializes medicines in the areas of unmet medical need in the United States, Europe, and internationally. The company provides Biktarvy, Descovy, Genvoya, Odefsey, Sunlenca, Symtuza, and YeztugoFor the treatment of HIV-1 infection in patients. It also provides Epclusa, Livdelzi, and Vemlidy to treat chronic hepatitis"
GIS,2026-10-10,17.3,,10.2,2.34,7.68,-2.8,-66.7,33.7,15.2,-10.5,0.02,10.9,37.0,hold,18.0,2026-12-23,2026-08-30,30000.0,"General Mills, Inc. manufactures and markets branded consumer food in the United States and internationally. The company operates through four segments: North America Retail; International; North America Pet; and North America Foodservice. It offers snacks, including grain, fruit and savory snacks, nutrition bars, and frozen hot snacks; ready-to-eat cereal; convenient meals comprising meal kits, e"
GL,2026-10-10,12.6,10.9,10.0,2.05,0.81,8.0,19.7,33.9,24.6,20.9,0.44,3.1,192.91,buy,11.0,2026-10-21,2026-06-30,3695.0,"Globe Life Inc., through its subsidiaries, provides various life and supplemental health insurance products to lower middle- and middle-income families in the United States. It operates in three segments: Life Insurance, Supplemental Health Insurance, and Investments. The company offers whole, term, and other life insurance products, as well as life insurance for children; Medicare supplement and "
GLD,2026-10-10,,,,2.26,0.0,,,,,,,,,,,,,,"The Trust holds gold bars and from time to time, issues Baskets in exchange for deposits of gold and distributes gold in connection with redemptions of Baskets. The investment objective of the Trust is for the Shares to reflect the performance of the price of gold bullion, less the Trust’s expenses. The Sponsor believes that, for many investors, the Shares represent a cost-effective investment in "
GLW,2026-10-10,134.7,71.9,35.8,11.3,0.73,16.6,18.5,36.4,15.6,16.8,1.12,2.3,187.71,buy,17.0,2026-10-27,2026-06-30,67200.0,"Corning Incorporated operates in optical communications, display, specialty materials, automotive, and life sciences businesses in the United States, Canada, Mexico, Japan, Taiwan, China, South Korea, Germany, and internationally. The company provides optical fibers and cables; and hardware and equipment products, such as cable assemblies, fiber optic hardware and connectors, optical components an"
GM,2026-10-10,72.6,37.1,5.5,1.17,0.88,1.9,-26.2,10.2,3.2,3.2,1.4,2.4,104.52,buy,23.0,2026-10-20,2026-06-30,156000.0,"General Motors Company designs, builds, and sells trucks, crossovers, cars, and automobile parts worldwide. It operates through GM North America, GM International, and GM Financial segments. The company markets its vehicles primarily under the Buick, Cadillac, Chevrolet, GMC, Baojun, and Wuling brand names. In addition, it sells trucks, crossovers, cars, and automobile parts through retail dealers"
GNRC,2026-10-10,13.3,51.7,17.5,4.61,0.0,10.6,92.0,39.5,17.9,9.5,1.92,4.2,286.88,buy,17.0,2026-10-28,2026-06-30,9400.0,"Generac Holdings Inc. designs, manufactures, and distributes energy technology products and solutions worldwide. The company offers residential automatic standby generators, automatic transfer switch, air-cooled engine home standby generators, and liquid-cooled engine generators; Mobile Link, a remote monitoring system for home standby generators; propane tank monitoring solution; and smart home s"
GOOG,2026-10-10,4254.3,17.5,22.9,6.83,26.0,24.2,294.0,60.9,34.0,48.7,1.21,,419.65,strong_buy,14.0,2026-10-28,2026-06-30,198933.0,"Alphabet Inc. offers various products and platforms in the United States, Europe, the Middle East, Africa, the Asia-Pacific, Canada, and Latin America. It operates through Google Services, Google Cloud, and Other Bets segments. The Google Services segment provides products and services, including ads, Android, Chrome, devices, Gmail, Google Drive, Google Maps, Google Photos, Google Play, Search, a"
GOOGL,2026-10-10,4300.8,17.6,23.1,6.91,25.0,24.2,294.0,60.9,34.0,48.7,1.21,1.5,429.47,strong_buy,54.0,2026-10-28,2026-06-30,198933.0,"Alphabet Inc. offers various products and platforms in the United States, Europe, the Middle East, Africa, the Asia-Pacific, Canada, and Latin America. It operates through Google Services, Google Cloud, and Other Bets segments. The Google Services segment provides products and services, including ads, Android, Chrome, devices, Gmail, Google Drive, Google Maps, Google Photos, Google Play, Search, a"
GPC,2026-10-10,17.5,508.1,15.3,3.87,3.32,6.0,-9.8,37.6,6.6,0.7,0.68,6.6,139.22,buy,9.0,2026-10-20,2026-06-30,65000.0,"Genuine Parts Company distributes automotive and industrial replacement parts. The company operates in three segments: North America Automotive Parts Group, International Automotive Parts Group, and Industrial Parts Group. It distributes automotive replacement parts, accessories, tools, equipment, and related solutions for hybrid and electric vehicles, trucks, buses, motorcycles, farm equipment, a"
GPN,2026-10-10,21.8,38.8,5.1,0.95,1.21,68.6,-95.2,64.0,16.1,2.4,0.81,7.4,105.0,buy,30.0,2026-11-03,2026-06-30,26000.0,"Global Payments Inc. provides payment technology and software solutions for card, check, and digital-based payments in the Americas, Europe, and the Asia-Pacific. It offers authorization, settlement and funding, customer support, chargeback resolution, reconciliation and dispute management, terminal rental, sales and deployment, payment security, and consolidated billing and reporting services. Th"
GRMN,2026-10-10,51.8,27.7,24.1,5.73,1.56,11.4,35.3,60.1,30.4,21.9,0.83,1.9,302.0,none,6.0,2026-10-28,2026-06-27,23000.0,"Garmin Ltd. designs, develops, manufactures, markets, and distributes a diverse range of GPS-enabled products and navigation, communications, sensor-based, and information products and services worldwide. It offers running; cycling products; smartwatch devices; scales and monitors; and sports timing and performance analysis; Garmin Connect and Garmin Connect Mobile, which are web and mobile platfo"
GS,2026-10-10,260.7,13.8,12.4,2.47,2.25,42.5,92.3,82.1,42.2,16.9,1.28,2.4,1078.1,hold,21.0,2026-10-13,2026-06-30,46200.0,"The Goldman Sachs Group, Inc., a financial institution, provides a range of financial services for corporations, financial institutions, governments, and individuals in the Americas, Europe, the Middle East, Africa, and Asia. It operates through three segments: Global Banking & Markets, Asset & Wealth Management, and Platform Solutions. The Global Banking & Markets segment provides financial advis"
GWW,2026-10-10,60.9,32.9,25.3,14.71,0.79,10.3,20.5,39.4,16.1,46.1,1.01,2.6,1331.64,hold,14.0,2026-11-04,2026-06-30,22100.0,"W.W. Grainger, Inc., together with its subsidiaries, distributes maintenance, repair, and operating products and services primarily in North America, Japan, and the United Kingdom. The company operates through two segments, High-Touch Solutions North America and Endless Assortment. It provides safety, security, material handling and storage equipment, pumps and plumbing equipment, cleaning and mai"
HAL,2026-10-10,27.2,17.1,11.2,2.47,2.14,3.7,16.1,15.1,12.8,14.9,0.84,5.7,43.4,buy,25.0,2026-10-20,2026-06-30,46000.0,"Halliburton Company provides products and services to the energy industry worldwide. It operates in two segments, Completion and Production, and Drilling and Evaluation. The Completion and Production segment offers production enhancement services that include stimulation and sand control services; cementing services, such as well bonding and casing, and casing equipment; and completion tools that "
HAS,2026-10-10,13.2,16.7,14.4,18.69,3.09,16.2,,63.8,22.2,159.6,0.44,5.9,110.62,strong_buy,13.0,2026-10-20,2026-06-28,4520.0,"Hasbro, Inc. operates as a toy and game company in the United States, Europe, Canada, Mexico, Latin America, Australia, China, and Hong Kong. The company offers trading cards and collectibles, action figures, arts and crafts and creative play products, dolls, play sets, preschool toys, plush products, vehicles and toy-related specialty products, sports action products and accessories, and other co"
HBAN,2026-10-10,31.0,11.8,8.7,1.04,4.04,47.6,-2.9,0.0,41.9,9.0,0.97,2.6,19.16,buy,20.0,2026-10-22,2026-06-30,25527.0,"Huntington Bancshares Incorporated operates as the bank holding company for The Huntington National Bank that provides commercial, consumer, and mortgage banking services. It offers financial products and services to consumer and business customers, including deposits, lending, payments, mortgage banking, dealer financing, investment management, trust, brokerage, insurance, and other financial pro"
HCA,2026-10-10,100.1,14.9,14.1,-14.8,0.71,8.7,11.6,42.6,15.2,,1.11,4.6,459.27,buy,22.0,2026-10-27,2026-06-30,230000.0,"HCA Healthcare, Inc., through its subsidiaries, provides health care services in the United States. The company owns, manages, and operates hospitals, ASCs, freestanding emergency care facilities, urgent care facilities, walk-in clinics, diagnostic and imaging centers, radiation and oncology therapy centers, as well as rehabilitation and physical therapy centers, physician practices, home health a"
HD,2026-10-10,290.1,20.3,18.1,17.46,3.26,5.7,4.6,32.8,12.9,104.3,1.0,1.2,378.34,buy,32.0,2026-11-17,2026-08-02,470000.0,"The Home Depot, Inc. operates as a home improvement retailer in the United States and internationally. It sells various building materials, home improvement products, lawn and garden products, and décor products, as well as facilities maintenance, repair, and operations products. The company also offers installation services for flooring, water heaters, baths, garage doors, cabinets, cabinet makeo"
HIG,2026-10-10,35.0,9.1,9.4,1.82,1.89,8.1,36.1,37.9,17.6,22.1,0.49,1.5,147.9,buy,20.0,2026-10-26,2026-06-30,19200.0,"The Hartford Insurance Group, Inc., together with its subsidiaries, provides insurance and financial services to individual and business customers in the United States, the United Kingdom, and internationally. It operates through Business Insurance, Personal Insurance, Property & Casualty Other Operations, Employee Benefits and Hartford Funds. The company offers insurance coverage, including worke"
HII,2026-10-10,10.4,15.8,12.6,1.96,2.08,10.9,36.5,12.4,7.1,13.0,0.21,3.5,367.25,buy,12.0,2026-10-29,2026-06-30,45000.0,"Huntington Ingalls Industries, Inc. designs, builds, overhauls, and repairs military ships in the United States. It operates through three segments: Ingalls, Newport News, and Mission Technologies. The company is involved in the design and construction of non-nuclear ships comprising amphibious assault ships, surface combatants, and national security cutters for the U.S. Navy and U.S. Coast Guard."
HIMX,2026-10-10,2.3,63.3,10.2,2.58,1.9,5.9,20.2,31.1,10.8,4.1,2.4,5.0,30.2,none,2.0,2026-11-05,2026-06-30,2200.0,"Himax Technologies, Inc., a fabless semiconductor company, provides display imaging processing technologies in China, Taiwan, Korea, Japan, the United States, Mexico, and internationally. It operates in two segments, Driver IC and Non-Driver Products. The company provides display driver integrated circuits (ICs) and timing controllers that are used in televisions, PC monitors, laptops, mobile phon"
HLT,2026-10-10,73.5,47.9,31.2,-11.69,19.0,2.5,14.1,79.0,63.0,,1.1,2.7,353.0,buy,26.0,2026-10-27,2026-06-30,182000.0,"Hilton Worldwide Holdings Inc., a hospitality company, engages in managing, franchising, and leasing hotels and resorts. It operates in two segments, Management and Franchise, and Ownership. The company engages in the hotel management and licensing of its brand names, trademarks, and service marks. It operates a brand portfolio of luxury, lifestyle, full service, focused service, all-suites hotel,"
HON,2026-10-10,65.8,7.7,21.1,3.55,1.35,4.3,263.9,36.5,20.2,46.6,0.89,2.3,258.26,buy,23.0,2026-10-22,2026-06-30,101000.0,"Honeywell International Inc. engages in the industrial automation, building automation, and energy and sustainability solutions businesses in the United States, Europe, and internationally. The Industrial Automation segment provides automation control and instrumentation products and services; smart energy products; sensing technologies, including custom-engineered sensors and related services; ga"
HONA,2026-10-10,50.1,47.0,17.7,-8.79,0.0,5.4,-70.9,34.5,14.7,,,,202.53,buy,15.0,2026-10-28,2026-06-27,30000.0,"Honeywell Aerospace Inc. manufactures and supplies aircraft components, avionics, engines, and systems for airframe manufacturing, commercial airline, military and defense, business aviation, and space markets, as well as other markets in the aerospace industry. The company offers actuation products, air and thermal management products, auxiliary power units, cabin management and entertainment pro"
HOOD,2026-10-10,98.0,47.2,31.7,10.34,0.0,32.3,47.6,91.9,43.9,23.6,2.35,4.6,134.33,buy,28.0,2026-10-27,2026-06-30,2900.0,"Robinhood Markets, Inc. operates financial services platform in the United States. The company's platform allows users to invest in stocks, exchange-traded funds (ETFs), and American depository receipts. It offers fractional trading, recurring investments, access to investing on margin, fully-paid securities lending, cash sweep, instant withdrawals, retirement program, around-the-clock trading, jo"
HPE,2026-10-10,97.5,36.5,15.6,3.68,0.8,33.7,410.2,36.6,12.6,10.9,1.4,4.8,72.03,buy,21.0,2026-09-02,2026-07-31,67000.0,"Hewlett Packard Enterprise Company, together with its subsidiaries, develops intelligent solutions in the United States, the Americas, Europe, the Middle East, Africa, the Asia Pacific, Japan, and internationally. It operates in five segments: Server, Hybrid Cloud, Networking, Financial Services, and Corporate Investments and Other. The company offers general-purpose servers, workload-optimized se"
HPQ,2026-10-10,27.2,11.5,9.6,-296.08,3.72,12.5,-11.3,19.7,5.4,,1.19,9.4,29.66,none,17.0,2026-11-24,2026-07-31,55000.0,"HP Inc. provides personal computing, printing, 3D printing, hybrid work, gaming, and other related technologies in the United States and internationally. The company operates through three segments: Personal Systems, Printing, and Corporate Investments. The Personal Systems segment offers commercial and consumer desktops and notebooks, workstations, thin clients, retail point-of-sale systems, disp"
HRL,2026-10-10,10.6,31.0,12.3,1.35,6.02,-2.4,-67.2,15.7,8.6,4.3,0.29,7.1,25.56,hold,8.0,2026-08-27,2026-07-26,20000.0,"Hormel Foods Corporation develops, processes, and distributes various meat, nut, and other food products to foodservice, convenience stores, and commercial customers in the United States and internationally. It operates through three segments: Retail, Foodservice, and International. The company provides perishable products, including fresh meats, frozen items, refrigerated meal solutions, bacon, s"
HSIC,2026-10-10,9.6,24.5,14.0,2.98,0.0,6.7,17.1,31.3,5.8,8.9,0.84,8.2,97.27,buy,15.0,2026-11-03,2026-06-27,25000.0,"Henry Schein, Inc. provides health care products and services to office-based dental and medical practitioners worldwide. It operates through Global Distribution and Value-Added Services; Global Specialty Products; and Global Technology segments. The Global Distribution and Value-Added Services segment distributes infection-control products, handpieces, preventatives, impression materials, composi"
HST,2026-10-10,15.7,15.3,21.5,2.43,3.55,3.6,8.4,29.2,18.2,15.6,1.12,8.4,25.29,buy,20.0,2026-11-04,2026-06-30,162.0,"Host Hotels & Resorts, Inc. is an S&P 500 company and is the largest lodging real estate investment trust and one of the largest owners of luxury and upper-upscale hotels. The Company currently owns 70 properties in the United States and five properties internationally totaling approximately 41,300 rooms. The Company also holds non-controlling interests in seven domestic joint ventures. Guided by "
HSY,2026-10-10,32.7,22.2,16.5,7.17,3.57,6.6,631.0,38.4,23.1,32.8,0.09,7.4,203.14,buy,21.0,2026-10-29,2026-06-28,17550.0,"The Hershey Company, together with its subsidiaries, engages in the manufacture and sale of confectionery products and pantry items in the United States and internationally. It operates through three segments: North America Confectionery, North America Salty Snacks, and International. The company offers chocolate and non-chocolate confectionery products; gum and mint refreshment products, includin"
HUBB,2026-10-10,25.1,28.1,20.6,6.4,1.19,15.3,-0.9,35.3,21.7,24.4,0.85,6.2,560.58,buy,12.0,2026-10-27,2026-06-30,19400.0,"Hubbell Incorporated, together with its subsidiaries, manufactures and sells electrical and utility solutions in the United States and internationally. It operates through two segments, Electrical Solutions and Utility Solutions. The Utility Solution segment offers critical components that allow the grid to transmit and distribute energy, as well as the communications and controls technologies, in"
HUM,2026-10-10,51.9,40.8,26.0,2.7,0.91,26.2,27.1,13.7,3.5,6.9,0.74,2.7,430.7,buy,23.0,2026-11-06,2026-06-30,67060.0,"Humana Inc. provides medical and specialty insurance products in the United States. It operates in two segments, Insurance and CenterWell. The Insurance segment offers individual Medicare Advantage products, including health insurance benefits, including wellness programs, chronic care management, and care coordination; individual Medicare stand-alone prescription drug products (PDP); group Medica"
HWM,2026-10-10,89.8,48.5,34.7,15.72,25.0,24.1,33.0,36.0,28.5,34.7,1.2,2.5,332.25,strong_buy,20.0,2026-10-29,2026-06-30,25430.0,"Howmet Aerospace Inc. provides advanced engineered solutions for the aerospace and transportation industries in the United States, Japan, France, Germany, the United Kingdom, Mexico, Italy, Canada, Poland, China, and internationally. It operates through four segments: Engine Products, Fastening Systems, Engineered Structures, and Forged Wheels. The Engine Products segment offers airfoils and seaml"
IBIT,2026-10-10,,,,,0.0,,,,,,,,,,,,,,"The shares are intended to constitute a simple means of making an investment similar to an investment in bitcoin rather than by acquiring, holding and trading bitcoin directly on a peer-to-peer or other basis or via a digital asset exchange. The fund is non-diversified."
IBKR,2026-10-10,149.7,34.9,27.0,6.71,0.4,26.3,35.3,93.0,76.5,24.0,1.37,3.2,105.19,buy,14.0,2026-10-15,2026-06-30,3265.0,"Interactive Brokers Group, Inc. operates as an automated electronic broker in the United States and internationally. The company engages in the execution, clearance, and settlement of trades in stocks, options, futures, foreign exchange instruments, bonds, precious metals, and cryptocurrencies; and the company provides custody, prime brokerage, securities, and margin lending services. It also offe"
IBM,2026-10-10,214.0,20.1,17.3,6.21,2.98,1.1,-1.8,58.1,16.5,34.5,0.72,2.7,240.59,buy,22.0,2026-10-21,2026-06-30,264300.0,"International Business Machines Corporation, together with its subsidiaries, provides integrated solutions and services in the Americas, Europe, the Middle East, Africa, and the Asia Pacific. It operates through Software, Consulting, Infrastructure, and Financing segments. The Software segment offers hybrid cloud and AI platforms that allow clients to realize their digital and AI transformations a"
ICE,2026-10-10,87.7,21.9,17.6,2.97,1.34,4.8,14.2,100.0,52.6,14.1,0.94,1.3,185.2,buy,15.0,2026-10-29,2026-06-30,12725.0,"Intercontinental Exchange, Inc., together with its subsidiaries, provides technology and data to financial institutions, corporations, and government entities in the United States, the United Kingdom, the European Union, Canada, Asia Pacific, and the Middle East. It operates through three segments: Exchanges, Fixed Income and Data Services, and Mortgage Technology. The Exchanges segment operates r"
IDXX,2026-10-10,40.9,36.4,30.9,25.34,0.0,9.7,17.6,62.4,35.0,74.2,1.55,2.8,701.33,buy,12.0,2026-11-02,2026-06-30,11000.0,"IDEXX Laboratories, Inc. develops, manufactures, and distributes products for the companion animal veterinary, livestock and poultry, dairy, and water testing industries in the United States and internationally. It operates through three segments: Companion Animal Group; Water Quality Products; and Livestock, Poultry and Dairy. The company offers point-of-care diagnostic solutions, blood and urine"
IEF,2026-10-10,,,,0.76,4.14,,,,,,,,,,,,,,"The underlying index consists of publicly-issued U.S. Treasury securities that have a remaining maturity of greater than or equal to seven years and less than ten years and have $300 million or more of outstanding face value, excluding amounts held by the Federal Reserve System (the “Fed”). The fund will invest at least 80% of its assets in the component securities of the underlying index, and the"
IEX,2026-10-10,17.3,33.7,24.3,4.33,1.26,6.4,10.9,44.7,22.2,13.0,0.96,3.2,255.93,buy,14.0,2026-10-28,2026-06-30,8700.0,"IDEX Corporation, together with its subsidiaries, provides applied solutions in the United States, North America, Europe, Asia, and internationally. It operates through three segments: Health & Science Technologies (HST), Fluid & Metering Technologies (FMT) and Fire & Safety/Diversified Products (FSDP). The HST segment designs, produces, and distributes a range of precision fluidics, positive disp"
IFF,2026-10-10,21.6,83.7,21.3,1.54,1.89,1.8,-91.6,36.6,8.5,-5.5,0.93,8.8,96.24,buy,17.0,2026-11-03,2026-06-30,21500.0,"International Flavors & Fragrances Inc., together with its subsidiaries, manufactures and markets food, beverage, health and biosciences, scent, and complementary adjacent products in the United States, and internationally. It operates in through Taste, Food Ingredients, Health & Biosciences, and Scent segments. The Taste segment offers savory products such as soups, sauces, meat, fish, poultry, s"
ILMN,2026-10-10,42.0,51.9,45.6,14.8,0.0,9.4,-9.4,67.9,21.1,32.3,1.42,11.5,229.1,buy,20.0,2026-10-29,2026-06-28,8600.0,"Illumina, Inc. provides sequencing- and array-based solutions for genetic and genomic analysis in the Americas, Europe, Greater China, the Asia Pacific, the Middle East, and Africa. The company offers sequencing- and array-based instruments and consumables, which include reagents, flow cells, and library preparation; whole-genome sequencing kits, which sequence entire genomes of various size and c"
INCY,2026-10-10,22.9,14.4,12.9,3.57,0.0,37.7,37.7,55.7,41.9,30.7,0.74,8.4,128.92,buy,24.0,2026-10-29,2026-06-30,2844.0,"Incyte Corporation, a biopharmaceutical company, engages in the discovery, development, and commercialization of therapeutics in the United States, Europe, Canada, and Japan. The company offers JAKAFI for the treatment of myelofibrosis (MF), polycythemia vera, and steroid-refractory acute graft-versus-host disease; ICLUSIG, a kinase inhibitor to treat chronic myeloid leukemia and Philadelphia-chro"
INTC,2026-10-10,553.5,,50.3,6.03,0.0,25.4,,38.9,12.2,-10.7,2.23,3.0,118.05,buy,43.0,2026-10-29,2026-06-27,85100.0,"Intel Corporation designs, develops, manufactures, markets, sells, and services computing and related end products and services in the United States, Ireland, Israel, and internationally. It operates through three segments: CCG, DCAI, and Intel Foundry. The company offers client computing group products, including client and commercial CPUs, discrete client GPUs, edge computing, and connectivity p"
INTU,2026-10-10,80.9,18.4,11.2,4.28,1.86,13.7,-1.4,81.0,17.6,23.6,1.01,3.0,405.6,buy,31.0,2026-11-19,2026-07-31,18600.0,"Intuit Inc. provides financial management, payments and capital, compliance, and marketing products and services in the United States. The company operates in two segments: Global Business Solutions and Consumer. Its Global Business Solutions segment provides QuickBooks services, which include financial and business management online services, desktop software, payroll solutions, time tracking, me"
INVH,2026-10-10,15.8,24.6,37.7,1.75,4.53,10.1,60.5,56.3,25.1,7.1,0.83,3.6,33.52,buy,23.0,2026-10-28,2026-06-30,1725.0,"Invitation Homes Inc., an S&P 500 company, is the nation's premier single-family home leasing and management company, helping to expand housing through new development and strategic partnerships. Their purpose, Unlock the Power of Home, reflects their commitment to address America's housing needs by delivering high-quality living solutions and genuine care to those who choose the flexibility and v"
IP,2026-10-10,17.0,,10.6,1.18,5.81,-2.2,,29.6,2.3,-16.5,0.89,16.0,46.36,buy,11.0,2026-10-28,2026-06-30,62602.0,"International Paper Company produces and sells renewable fiber-based packaging in North America, Latin America, Europe, South America, and North Africa. It operates through two segments, Packaging Solutions North America and Packaging Solutions EMEA. The company offers linerboard, medium, whitetop, and saturating kraft; and converts containerboard into corrugated boxes, bulk bins, shipping contain"
IQV,2026-10-10,42.8,32.2,18.0,6.93,0.0,8.7,-0.6,33.0,13.0,22.8,1.17,2.9,292.16,strong_buy,19.0,2026-10-27,2026-06-30,94000.0,"IQVIA Holdings Inc. provides clinical research services, commercial insights, and healthcare intelligence to the life sciences and healthcare industries in the Americas, Europe, Africa, and the Asia-Pacific. It operates through three segments: Technology & Analytics Solutions, Research & Development Solutions, and Contract Sales & Medical Solutions. The Technology & Analytics Solutions segment off"
IR,2026-10-10,30.6,32.1,20.1,3.0,10.0,8.5,,42.8,16.9,9.5,1.15,4.0,94.71,buy,13.0,2026-10-29,2026-06-30,21000.0,"Ingersoll Rand Inc. provides mission-critical air, fluid, clean energy, and medical technologies services and solutions worldwide. It operates in two segments, Industrial Technologies and Services, and Precision and Science Technologies. The Industrial Technologies and Services segment designs, manufactures, markets, and services a range of air and gas compression and treatment equipment, vacuum a"
IRM,2026-10-10,34.1,81.8,42.0,-26.61,2.99,18.5,,54.2,19.1,,1.19,3.6,145.09,buy,11.0,2026-11-04,2026-06-30,29400.0,"Iron Mountain Incorporated is trusted by more than 240,000 customers in 61 countries, including approximately 95% of the Fortune 1000, to help unlock value and intelligence from their assets through services that transcend the physical and digital worlds. Our broad range of solutions address their information management, digital transformation, information security, data center and asset lifecycle"
ISRG,2026-10-10,149.8,48.6,35.0,8.26,0.0,18.5,26.5,66.7,33.6,17.4,1.46,2.3,477.47,buy,30.0,2026-10-20,2026-06-30,17021.0,"Intuitive Surgical, Inc. develops, manufactures, and markets products that enable physicians and healthcare providers to enhance the quality of and access to minimally invasive care in the United States and internationally. It offers the da Vinci Surgical System that enables surgical procedures using a minimally invasive approach; and Ion endoluminal system, which extends its commercial offerings "
IT,2026-10-10,12.1,17.7,11.7,-73.58,0.0,-0.6,33.1,69.6,22.6,113.6,0.98,18.6,186.08,hold,13.0,2026-11-03,2026-06-30,19285.0,"Gartner, Inc. provides business and technology insights to support decision-making and performance on an organization's mission-critical priorities in the United States, Canada, Europe, the Middle East, Africa, and internationally. It operates through three segments: Insights, Conferences, and Consulting. The Insights segment delivers insights through subscription services, such as access to publi"
ITW,2026-10-10,75.2,24.0,21.4,25.99,2.6,6.1,10.1,44.2,26.9,104.6,0.97,3.1,299.79,hold,14.0,2026-10-23,2026-06-30,43000.0,"Illinois Tool Works Inc. provides industrial products and equipment in North America, Europe, the Middle East, Africa, the Asia Pacific, and South America. It operates through seven segments: Automotive OEM; Food Equipment; Test & Measurement and Electronics; Welding; Polymers & Fluids; Construction Products; and Specialty Products. The Automotive OEM segment offers plastic and metal components, f"
IVZ,2026-10-10,13.0,,9.0,1.31,2.86,20.5,,29.5,20.0,-0.6,1.63,4.3,34.75,buy,14.0,2026-10-27,2026-06-30,7405.0,"Invesco Ltd. is a publicly owned investment manager. The firm provides its services to retail clients, institutional clients, high-net worth clients, public entities, corporations, unions, non-profit organizations, endowments, foundations, pension funds, financial institutions, and sovereign wealth funds. It manages separate client-focused equity and fixed income portfolios. The firm also launches"
IWM,2026-10-10,,16.4,,1.28,0.98,,,,,,,,,,,,,,"The underlying index is a float-adjusted capitalization-weighted index of equity securities issued by the approximately 1,933 smallest issuers in the Russell 3000 Index. The fund may use derivatives to gain or reduce exposure to the components of the underlying index or exposure to one or more market risk factors associated with such components."
J,2026-10-10,16.4,46.2,16.8,4.99,1.04,34.5,-25.4,22.1,7.4,8.0,0.7,3.1,162.47,buy,15.0,2026-11-19,2026-06-26,47000.0,"Jacobs Solutions Inc. engages in the infrastructure and advanced facilities, and consulting businesses in the United States, Europe, Canada, India, Asia, Australia, New Zealand, the Middle East, and Africa. The company provides consulting, planning, architecture, design, engineering, and infrastructure delivery services including project, program, and construction management and long-term operatio"
JBHT,2026-10-10,21.5,32.6,23.2,5.89,0.79,19.4,45.8,18.5,7.4,18.4,1.31,3.2,283.26,buy,23.0,2026-10-15,2026-06-30,31750.0,"J.B. Hunt Transport Services, Inc. provides surface transportation, delivery, and logistic services in the United States. It operates through five segments: Intermodal, Dedicated Contract Services, Integrated Capacity Solutions, Final Mile Services, and Truckload. The JBI segment offers intermodal freight solutions. It operates 124,838 pieces of company-owned trailing equipment; owns and maintains"
JBL,2026-10-10,32.1,31.4,13.8,19.9,11.0,28.6,89.0,9.2,5.9,66.4,1.29,3.2,425.0,strong_buy,9.0,2026-12-16,2026-08-31,,"Jabil Inc. provides engineering, manufacturing, and supply chain solutions worldwide. It operates in three segments: Regulated Industries, Intelligent Infrastructure, and Connected Living and Digital Commerce. The company offers electronic hardware, and embedded software design services for analog, digital, radio frequency, power, sensor, and optical component applications; creates, develops, and "
JCI,2026-10-10,95.4,43.5,25.8,7.07,1.04,9.3,15.3,36.7,15.9,14.3,1.28,2.1,165.75,buy,20.0,2026-10-27,2026-06-30,87000.0,"Johnson Controls International plc, together with its subsidiaries, engages in engineering, manufacturing, commissioning, and retrofitting building products and systems in the Americas, Europe, the Middle East, Africa, and the Asia-Pacific. The company designs, manufactures, sells, installs, and services heating, ventilating, air conditioning, controls, building management, refrigeration, integrat"
JKHY,2026-10-10,10.5,21.4,18.9,5.1,1.67,4.7,-10.4,43.9,22.5,24.0,0.56,7.0,189.72,buy,18.0,2026-11-03,2026-06-30,7300.0,"Jack Henry & Associates, Inc. operates as a financial technology company that connects people and financial institutions through technology solutions and payment processing services in the United States. It operates through four segments: Core, Payments, Complementary, and Corporate Services. The Core segment provides core information processing platforms to banks and credit unions, which consists"
JNJ,2026-10-10,630.0,29.7,21.5,7.41,2.09,6.6,-0.9,68.1,29.2,25.7,0.21,1.0,279.64,buy,22.0,2026-10-13,2026-06-28,138200.0,"Johnson & Johnson, together with its subsidiaries, engages in the research and development, manufacture, and sale of a range of products in the healthcare field worldwide. It operates in two segments, Innovative Medicine and MedTech. The Innovative Medicine segment offers products for various therapeutic areas, such as oncology, immunology, neuroscience, pulmonary hypertension, infectious diseases"
JPM,2026-10-10,885.1,14.2,13.3,2.5,2.0,30.4,46.9,0.0,50.4,17.8,1.01,0.9,372.68,buy,22.0,2026-10-13,2026-06-30,320560.0,"JPMorgan Chase & Co. operates as a bank and financial holding company in the United States, rest of North America, Europe, the Middle East, Africa, the Asia Pacific, Latin America, and the Caribbean. It operates in three segments: Consumer & Community Banking, Commercial & Investment Bank, and Asset & Wealth Management. The company offers deposit, investment and lending products, and cash manageme"
KDP,2026-10-10,43.2,31.4,12.6,1.73,2.94,75.6,-90.0,51.0,12.9,5.1,0.41,6.5,36.21,buy,17.0,2026-11-03,2026-06-30,50000.0,"Keurig Dr Pepper Inc. owns, manufactures, and distributors beverages and single serve brewing systems in the United States and internationally. The company operates through three segments: U.S. Refreshment Beverages, U.S. Coffee, and International. It manufactures and distributes branded concentrates, syrup, and finished beverages, as well as sales of owned brands and third-party brands; tea, coco"
KEY,2026-10-10,21.3,11.7,9.3,1.24,4.08,10.1,25.3,0.0,34.7,10.3,1.09,4.3,25.11,buy,20.0,2026-10-20,2026-06-30,17493.0,"KeyCorp operates as the holding company for KeyBank National Association that provides various retail and commercial banking products and services in the United States. It operates in two segments, Consumer Bank and Commercial Bank. The company offers various deposits and investment products; personal finance and financial wellness, lending, student loan refinancing, mortgage and home equity, cred"
KEYS,2026-10-10,65.2,51.8,27.5,9.92,0.0,36.5,109.1,63.3,25.7,20.9,1.18,1.6,418.0,buy,12.0,2026-11-24,2026-07-31,16600.0,"Keysight Technologies, Inc. provides electronic design and test solutions worldwide. The company operates through Communications Solutions Group and Electronic Industrial Solutions Group segments. It offers electronic design and test software, instrumentation, systems, and related services used in the design, simulation, validation, manufacturing, installation, and optimization of communication sy"
KHC,2026-10-10,26.4,,10.7,0.73,7.12,-1.4,,33.5,15.5,-8.8,0.11,11.0,25.25,hold,18.0,2026-10-28,2026-06-27,35000.0,"The Kraft Heinz Company, together with its subsidiaries, manufactures and markets food and beverage products in North America and internationally. Its products include condiments, sauces, dressings, and spreads; cheese, frozen potato products, and other frozen meals; meal kits, frozen snacks, and pickles; dry packaged desserts, refrigerated ready to eat desserts, and other dessert toppings; ready "
KIM,2026-10-10,14.9,26.1,24.6,1.45,5.07,4.9,-5.8,68.9,36.6,5.8,0.96,6.4,26.7,buy,21.0,2026-10-29,2026-06-30,710.0,"Kimco Realty is a real estate investment trust (REIT) and leading owner and operator of high-quality, open-air, grocery-anchored shopping centers and mixed-use properties in the United States. The company's portfolio is strategically concentrated in the first-ring suburbs of the top major metropolitan markets, including high-barrier-to-entry coastal markets and Sun Belt cities. Its tenant mix is f"
KKR,2026-10-10,84.0,29.1,12.3,2.86,0.87,7.8,40.0,54.8,20.6,7.3,1.83,2.0,124.83,buy,21.0,2026-11-09,2026-06-30,5043.0,"KKR & Co. Inc. is a private equity and real estate investment firm specializing in direct and fund of fund investments. It specializes in acquisitions, leveraged buyouts, management buyouts, credit special situations, growth equity, mature, mezzanine, distressed, turnaround, lower middle market, and middle market investments. The firm considers investments in all industries with a focus on softwar"
KLAC,2026-10-10,255.2,53.4,29.0,40.26,0.47,15.2,13.8,61.3,42.5,87.5,1.45,2.0,232.77,buy,26.0,2026-10-28,2026-06-30,17000.0,"KLA Corporation, together with its subsidiaries, provides process control and process-enabling solutions for manufacturing wafers, reticles/masks, chemicals/materials, integrated circuits (ICs), packaged ICs, and printed circuit boards. It operates through three segments: Semiconductor Process Control; Specialty Semiconductor Process; and PCB and Component Inspection. The company offers inspection"
KMB,2026-10-10,32.4,19.3,13.1,18.55,5.31,0.6,-32.3,37.6,19.0,104.9,0.28,18.0,115.87,buy,15.0,2026-11-03,2026-06-30,36000.0,"Kimberly-Clark Corporation, together with its subsidiaries, manufactures and markets personal care products in the United States. It operates in two segments, North America and International Personal Care. The North America segment offers disposable diapers, training and youth pants, swimpants, baby wipes, feminine and incontinence care products, reusable underwear, facial and bathroom tissue, pap"
KMI,2026-10-10,72.3,20.8,21.0,2.29,3.66,10.8,21.2,49.4,30.1,11.0,0.58,2.4,36.09,buy,22.0,2026-10-28,2026-06-30,11028.0,"Kinder Morgan, Inc. operates as an energy infrastructure company primarily in North America. It operates through Natural Gas Pipelines, Products Pipelines, Terminals, and CO2 segments. The Natural Gas Pipelines segment owns and operates interstate and intrastate natural gas pipeline, and storage systems; natural gas gathering systems and natural gas processing and treating facilities; natural gas "
KO,2026-10-10,378.8,26.4,25.0,10.48,2.42,6.7,16.9,61.9,34.9,42.1,0.32,0.9,94.43,buy,23.0,2026-10-27,2026-07-03,65900.0,"The Coca-Cola Company, a beverage company, manufactures and sells various nonalcoholic beverages in the United States and internationally. The company provides Trademark Coca-Cola, sparkling soft drinks and flavors; water, sports, coffee, and tea; juice, value-added dairy, and plant-based beverages; and emerging beverages. It also offers beverage concentrates and syrups, as well as fountain syrups"
KR,2026-10-10,36.4,34.1,11.2,6.29,2.54,2.0,15.3,23.9,3.0,14.4,0.35,5.0,68.32,buy,22.0,2026-12-03,2026-08-15,400000.0,"The Kroger Co. operates as a food and drug retailer in the United States. The company operates combination food and drug stores, multi-department stores, marketplace stores, and price impact warehouses. Its combination food and drug stores offer natural food and organic sections, pharmacies, general merchandise, pet centers, fresh seafood, and organic produce; and its multi-department stores provi"
KVUE,2026-10-10,34.0,20.6,14.3,3.22,4.74,3.0,8.5,58.4,19.4,15.6,0.45,3.5,19.5,none,12.0,2026-11-05,2026-06-28,21780.0,"Kenvue Inc. operates as a consumer health company in the United States, rest of North America, Europe, the Middle East, Africa, the Asia-Pacific, and Latin America. It operates in three segments: Self Care, Skin Health and Beauty, and Essential Health. The company offers over-the-counter medicine for cough, cold and allergy, pain care, digestive health, smoking cessation, and eye care, as well as "
L,2026-10-10,21.8,13.2,36.8,1.14,23.0,3.9,15.6,36.3,14.5,9.3,0.5,2.9,,none,,2026-11-02,2026-06-30,13100.0,"Loews Corporation, through its subsidiaries, provides commercial property and casualty insurance in the United States and internationally. The company offers specialty insurance products, such as management and professional liability and other coverage products; surety and fidelity bonds; professional liability coverages and risk management services to various professional firms, including archite"
LDOS,2026-10-10,15.3,11.4,9.6,2.89,1.44,7.2,-6.7,17.8,11.7,27.8,0.59,4.8,153.27,buy,15.0,2026-11-03,2026-07-03,50000.0,"Leidos Holdings, Inc., together with its subsidiaries, provides services and solutions for government and commercial customers in the United States and internationally. The National Security & Digital segment provides national security software; services by using artificial intelligence and machine learning to coordinate sea, ground, air, and space to help warfighters; offensive, defensive, and ph"
LEN,2026-10-10,18.2,14.9,14.6,0.85,2.58,-8.7,-48.2,16.0,5.7,6.0,1.38,10.2,78.2,underperform,15.0,2026-12-15,2026-08-31,12532.0,"Lennar Corporation, together with its subsidiaries, operates as a homebuilder primarily under the Lennar brand in the United States. It operates through Homebuilding East, Homebuilding Central, Homebuilding South Central, Homebuilding West, Financial Services, Multifamily, and Lennar Other segments. The company's homebuilding operations include the construction and sale of single-family attached a"
LH,2026-10-10,25.3,25.8,15.7,2.93,0.92,5.8,28.2,28.9,12.2,11.7,0.85,3.0,344.19,buy,16.0,2026-10-28,2026-06-30,71000.0,"Labcorp Holdings Inc. provides laboratory services. It operates in Diagnostics Laboratories and Biopharma Laboratory Services segments. The company offers various tests, such as blood chemistry analyses, urinalyses, blood cell counts, thyroid tests, PAP tests, hemoglobin A1C, PSA, tests for sexually transmitted diseases, vitamin D testing, microbiology cultures and procedures, and alcohol and othe"
LHX,2026-10-10,44.1,23.9,17.5,2.22,2.11,8.4,28.3,25.5,12.6,9.3,0.51,2.8,330.87,buy,15.0,2026-10-29,2026-07-03,45000.0,"L3Harris Technologies, Inc. provides mission-critical solutions for government and commercial customers worldwide. It operates through three segments: Space & Mission Systems (SMS), Communications & Spectrum Dominance (CSD), and Missile Solutions (MSL). The SMS segment integrates satellite and payload capabilities, including missile warning and defense, with maritime, air special missions, and oth"
LII,2026-10-10,12.3,15.9,13.7,9.5,1.5,3.0,0.1,33.3,22.9,71.8,1.16,7.9,472.64,hold,14.0,2026-10-28,2026-06-30,5400.0,"Lennox International Inc., together with its subsidiaries, designs, manufactures, and markets products for the heating, ventilation, air conditioning, and refrigeration markets in the United States, Canada, and internationally. The Home Comfort Solutions segment provides furnaces, air conditioners, heat pumps, packaged heating and cooling systems, indoor air quality equipment, comfort control prod"
LIN,2026-10-10,223.0,31.1,24.7,5.71,1.33,9.3,11.3,48.3,28.1,18.4,0.71,1.3,543.04,buy,26.0,2026-10-29,2026-06-30,64649.0,"Linde plc operates as an industrial gas company worldwide. The company offers atmospheric gases, including oxygen, nitrogen, argon, and rare gases; and process gases, such as hydrogen, helium, carbon dioxide, carbon monoxide, electronic gases, specialty gases, and acetylene. It also engages in the design and construction of turnkey process plants for third-party customers, as well as for its gas b"
LITE,2026-10-10,99.9,,31.0,21.05,0.0,109.3,,44.2,28.0,-240.0,1.54,7.9,1161.96,strong_buy,26.0,2026-11-05,2026-06-27,13757.0,"Lumentum Holdings Inc. manufactures and sells optical and photonic products in the Americas, the Asia-Pacific, Europe, the Middle East, and Africa. It offers component products, including semiconductor laser chips, laser sub-assemblies, line subsystems, and wavelength management systems. The company also offers system products, such as optical modules, optical circuit switches, and industrial lase"
LLY,2026-10-10,1051.2,39.3,24.8,31.03,0.59,47.7,26.2,83.4,54.2,102.3,0.45,0.8,1329.21,buy,29.0,2026-10-29,2026-06-30,50000.0,"Eli Lilly and Company discovers, develops, manufactures, and markets human pharmaceutical products in the United States, Europe, China, Japan, and internationally. The company offers cardiometabolic health products, including Basaglar, Humalog, Humalog Mix 75/25, Humalog U-100, Humalog U-200, Humalog Mix 50/50, insulin lispro, insulin lispro protamine, insulin lispro mix 75/25, Humulin, Humulin 70"
LMT,2026-10-10,117.6,18.7,15.6,13.37,2.76,10.5,443.8,11.8,12.0,89.2,0.1,1.2,630.85,buy,20.0,2026-10-22,2026-06-28,123000.0,"Lockheed Martin Corporation, an aerospace and defense company, engages in the research, design, development, manufacture, integration, and sustainment of technology systems, products, and services in the United States, Europe, Asia, the Middle East, and internationally. The company operates through four segments: Aeronautics; Missiles and Fire Control (MFC); Rotary and Mission Systems (RMS); and S"
LNT,2026-10-10,17.1,20.6,17.9,2.27,3.28,1.0,-4.0,44.5,19.1,11.1,0.52,11.2,77.38,buy,12.0,2026-10-29,2026-06-30,2948.0,Alliant Energy Corporation operates as a utility holding company that provides regulated electric and natural gas services in the United States. It operates through IPL and WPL segments. The company's IPL segment engages primarily in the generation and distribution of electricity and the distribution and transportation of natural gas to retail customers in select markets in Iowa. This segment also
LOW,2026-10-10,104.4,16.0,14.3,-14.03,2.65,8.3,0.0,33.0,13.4,,0.88,1.9,249.39,buy,33.0,2026-11-18,2026-07-31,300000.0,"Lowe's Companies, Inc., together with its subsidiaries, operates as a home improvement retailer in the United States and Canada. It provides a line of products for construction, maintenance, repair, remodeling, and decorating. The company also offers home improvement products, such as appliances, seasonal and outdoor living, lumber, lawn and garden, kitchens and bath, hardware, building materials,"
LRCX,2026-10-10,399.0,55.4,27.1,31.99,0.4,30.0,34.8,50.5,37.4,65.1,1.85,2.3,375.65,strong_buy,31.0,2026-10-21,2026-06-28,23300.0,"Lam Research Corporation designs, manufactures, markets, refurbishes, and services semiconductor processing equipment used in the fabrication of integrated circuits in the United States, China, Korea, Taiwan, Japan, Southeast Asia, and Europe. The company offers ALTUS systems to deposit conformal or selective films for tungsten or molybdenum metallization applications; SABRE electrochemical deposi"
LULU,2026-10-10,10.9,7.6,10.9,2.2,0.0,-4.3,-5.9,54.9,13.2,30.9,0.92,13.1,104.91,hold,27.0,2026-09-03,2026-08-02,39000.0,"lululemon athletica inc., together with its subsidiaries, designs, distributes, and retails technical athletic apparel, footwear, and accessories for women and men under the lululemon brand in the United States, Canada, Mexico, China, Hong Kong, Taiwan, Macau, Greece, and internationally. It offers pants, shorts, tops, and jackets for athletic activities, such as yoga, running, training, and other"
LUV,2026-10-10,20.4,26.0,9.6,2.88,1.74,16.4,20.5,22.4,3.4,11.1,1.16,6.0,49.22,buy,23.0,2026-10-21,2026-06-30,73456.0,"Southwest Airlines Co. operates as a passenger airline company that provides scheduled air transportation services in the United States and internationally. It also provides Rapid Rewards loyalty program; SWABIZ, an online booking tool; and inflight entertainment platform that includes movies-on-demand live and on-demand television, flight tracker, and additional curated content, as well as a vari"
LVS,2026-10-10,23.4,14.1,10.3,40.32,3.32,-0.7,-19.8,79.3,19.7,122.9,0.77,14.4,59.07,buy,19.0,2026-10-21,2026-06-30,41000.0,"Las Vegas Sands Corp., together with its subsidiaries, owns, develops, and operates integrated resorts in Macao and Singapore. It owns and operates The Venetian Macao Resort Hotel, The Londoner Macao, The Parisian Macao, The Plaza Macao and Four Seasons Hotel Macao, and The Sands Macao in Macao, the People's Republic of China; and Marina Bay Sands in Singapore. The company's integrated resorts fea"
LYB,2026-10-10,19.4,,9.7,1.82,4.57,19.8,396.0,12.9,17.9,-2.3,0.35,5.2,67.94,hold,17.0,2026-10-30,2026-06-30,18970.0,"LyondellBasell Industries N.V. operates as a chemical company in the United States, Germany, China, Mexico, Italy, Japan, France, Poland, the Netherlands, and internationally. It operates in five segments: Olefins and PolyolefinsAmericas; Olefins and PolyolefinsEurope, Asia, International; Intermediates and Derivatives; Advanced Polymer Solutions; and Technology. The company produces and markets"
LYV,2026-10-10,39.7,,88.1,477.11,0.0,9.4,156.2,25.8,6.7,17.7,1.17,14.7,201.96,buy,24.0,2026-11-03,2026-06-30,17700.0,"Live Nation Entertainment, Inc. operates as a live entertainment company worldwide. The company operates through Concerts, Ticketing, and Sponsorship & Advertising segments. Its Concerts segment promotes live music events in its owned or operated venues, and in rented third-party venues. This segment operates and manages music venues; produces music festivals; creates associated content; and offer"
MA,2026-10-10,516.1,32.4,25.6,92.11,0.61,14.1,22.1,100.0,61.1,241.2,0.76,0.8,666.71,strong_buy,37.0,2026-10-29,2026-06-30,39800.0,"Mastercard Incorporated, a technology company, provides transaction processing and other payment-related products and services in the United States and internationally. The company offers products and services for account holders, merchants, financial institutions, digital partners, businesses, governments, and other organizations, such as programs that enable issuers to provide consumers with cre"
MAA,2026-10-10,13.9,34.0,35.6,2.49,5.36,1.0,13.7,58.4,25.4,7.0,0.73,3.9,141.4,hold,25.0,2026-10-28,2026-06-30,2507.0,"Mid-America Apartment Communities, Inc. an S&P 500 company, is a real estate investment trust (REIT) focused on delivering full-cycle and superior investment performance for shareholders through the ownership, management, acquisition, development and redevelopment of quality apartment communities primarily in the Southeast, Southwest and Mid-Atlantic regions of the United States. As of June 30, 20"
MAR,2026-10-10,95.4,37.9,27.8,-21.17,0.81,11.1,4.3,79.2,65.3,,1.17,3.0,380.8,buy,25.0,2026-11-02,2026-06-30,414000.0,"Marriott International, Inc. engages in the operation, franchising, and licensing of hotel, residential, timeshare, and other lodging properties in the United States, Canada, Europe, the Middle East, Africa, Greater China, the Asia-Pacific, and internationally. The company operates properties under the JW Marriott, The Ritz-Carlton, The Luxury Collection, W Hotels, St. Regis, EDITION, Bvlgari, Mar"
MAS,2026-10-10,13.6,15.8,14.8,-37.14,1.86,-2.9,24.5,37.2,23.6,5862.5,1.29,5.3,80.05,buy,19.0,2026-10-28,2026-06-30,18000.0,"Masco Corporation provides home improvement and building products in North America, Europe, and internationally. The company's Plumbing Products segment offers faucets, showerheads, handheld showers, valves, bath hardware and accessories, bathing units, shower bases and enclosures, shower drains, steam shower systems, water filtration systems, and sinks and kitchen accessories; acrylic tubs, bath "
MCD,2026-10-10,166.5,19.2,17.1,-162.68,3.26,3.7,5.7,57.4,46.5,,0.45,1.9,293.76,buy,29.0,2026-11-04,2026-06-30,150000.0,"McDonald's Corporation owns, operates, and franchises restaurants under the McDonald's brand in the United States and internationally. It offers food and beverages, including hamburgers and cheeseburgers, various chicken sandwiches, fries, shakes, frozen desserts, sundaes, soft serve cones, cookies, pies, soft drinks, coffee, and other beverages; and full or limited breakfast, as well as sells var"
MCHP,2026-10-10,41.0,111.1,16.5,6.36,2.33,38.0,,60.2,24.0,7.2,1.76,8.0,107.84,buy,25.0,2026-11-05,2026-06-30,17900.0,"Microchip Technology Incorporated develops, manufactures, and sells smart, connected, and secure embedded control solutions in the Americas, Europe, and Asia. It operates in two segments, Semiconductor Products and Technology Licensing. The company offers general-purpose 8-bit, 16-bit, 32-bit, and 64-bit mixed-signal microcontrollers; 32-bit and 64-bit embedded mixed-signal microprocessors; and sp"
MCK,2026-10-10,109.5,25.2,18.6,-25.69,0.4,7.7,-17.6,3.6,1.3,,0.3,2.5,980.67,buy,12.0,2026-11-04,2026-06-30,41600.0,"McKesson Corporation provides healthcare services in the United States and internationally. It operates through four segments: North American Pharmaceutical, Oncology & Multispecialty, Prescription Technology Solutions, and Medical-Surgical Solutions. The company distributes branded, generic, specialty, biosimilar and over-the-counter pharmaceutical drugs, and other healthcare-related products; de"
MCO,2026-10-10,80.4,29.5,24.5,26.58,0.9,15.1,56.7,75.0,49.5,76.9,1.35,1.9,559.9,buy,21.0,2026-10-21,2026-06-30,16000.0,"Moody's Corporation, together with its subsidiaries, operates as an integrated risk assessment firm in the United States, the rest of the Americas, Europe, the Middle East, Africa, and the Asia Pacific. It operates through two segments, Moody's Analytics (MA) and Moody's Investors Service (MIS). The MA segment develops a range of products and services that support the risk management activities of"
MDLZ,2026-10-10,77.5,22.3,18.0,2.9,3.43,4.1,144.9,31.1,22.0,13.3,0.39,2.4,69.0,buy,22.0,2026-10-27,2026-06-30,91000.0,"Mondelez International, Inc., through its subsidiaries, manufactures, markets, and sells snack food and beverage products in Latin America, North America, Asia, the Middle East, Africa, and Europe. The company provides biscuits and baked snacks, including cookies, crackers, salted snacks, snack bars, and cakes and pastries; chocolates; and gums and candies, as well as various cheese, grocery, and "
MDT,2026-10-10,113.2,21.7,13.8,2.25,3.28,13.7,40.7,65.3,19.3,10.6,0.57,1.4,104.44,buy,25.0,2026-11-17,2026-07-31,95000.0,"Medtronic plc develops, manufactures, and sells device-based medical therapies to healthcare systems, physicians, clinicians, and patients in the United States, Ireland, and internationally. It operates through three segments: The Cardiovascular Portfolio, Neuroscience Portfolio, and Medical Surgical Portfolio. The Cardiovascular Portfolio segment offers implantable cardiac pacemakers, cardioverte"
MET,2026-10-10,62.5,18.8,8.8,2.29,2.41,10.5,5.8,24.0,5.5,13.1,0.78,1.9,107.19,buy,16.0,2026-11-04,2026-06-30,46000.0,"MetLife, Inc., a financial services company, provides insurance, annuities, employee benefits, and asset management services worldwide. It operates in six segments: Group Benefits; Retirement and Income Solutions; Asia; Latin America; Europe, the Middle East and Africa; and MetLife Holdings. The company offers life, dental, group short-and long-term disability, paid family and medical leave, indiv"
META,2026-10-10,1830.8,27.1,20.8,7.01,29.0,28.0,-13.4,81.7,34.8,29.8,1.19,1.4,799.34,strong_buy,58.0,2026-10-28,2026-06-30,75472.0,"Meta Platforms, Inc. engages in the development of products that enable people to connect and share with friends and family through mobile devices, personal computers, virtual reality (VR) headsets, and AI glasses in the United States, Canada, Europe, Asia-Pacific, and internationally. It operates through two segments, Family of Apps (FoA) and Reality Labs (RL). The FoA segment offers Facebook, wh"
MGM,2026-10-10,7.4,18.1,14.8,2.93,0.0,1.0,519.4,44.2,6.8,18.9,1.35,16.0,48.96,buy,19.0,2026-10-28,2026-06-30,60000.0,"MGM Resorts International, through its subsidiaries, operates as a gaming and entertainment company in the United States, China, and internationally. It operates through four segments: Las Vegas Strip Resorts, Regional Operations, MGM China, and MGM Digital. The company operates casino resorts that offer gaming, hotel, convention, dining, entertainment, retail, and other resort amenities, as well "
MKC,2026-10-10,12.1,7.5,13.9,1.72,4.18,17.4,-57.1,38.9,17.8,22.6,0.64,,54.85,buy,13.0,2026-10-01,2026-08-31,14100.0,"McCormick & Company, Incorporated manufactures, markets, and distributes herbs, spices, seasoning mixes, condiments, and other flavorful products to the food industry. It operates in two segments, Consumer and Flavor Solutions. The Consumer segment offers spices, herbs, and seasonings, as well as condiments, sauces, and desserts. This segment markets its products under the McCormick, French's, Fra"
MLM,2026-10-10,34.0,31.1,22.1,2.49,0.7,21.0,-23.2,28.2,20.2,8.9,1.08,4.6,641.12,buy,24.0,2026-11-03,2026-06-30,9600.0,"Martin Marietta Materials, Inc., a natural resource-based building materials company, supplies aggregates and heavy-side building materials to the construction industry in the United States and internationally. It operates through East Group and West Group segments. The company offers crushed stone, sand, and gravel products; ready mixed concrete and asphalt; and paving products and services for u"
MMM,2026-10-10,82.5,29.0,16.3,27.95,1.91,2.5,32.8,39.4,20.4,81.9,1.06,1.9,187.26,buy,18.0,2026-10-20,2026-06-30,60500.0,"3M Company provides diversified technology services in the America, the Asia Pacific, Europe, the Middle East, Africa, and internationally. It operates through three segments: Safety and Industrial, Transportation and Electronics, and Consumer. The Safety and Industrial segment provides industrial abrasives and finishing for metalworking applications; autobody repair solutions; industrial specialt"
MNST,2026-10-10,85.5,40.4,33.4,9.13,0.0,20.2,18.0,55.5,29.2,25.7,0.49,3.0,50.02,buy,23.0,2026-11-05,2026-06-30,5773.0,"Monster Beverage Corporation, through its subsidiaries, engages in development, marketing, sale, and distribution of energy drink beverages and concentrates in the United States and internationally. The company operates through four segments: Monster Energy Drinks, Strategic Brands, Alcohol Brands, and Other. It offers carbonated non-carbonated energy drinks, ready-to-drink iced teas, lemonades, j"
MO,2026-10-10,119.7,15.0,12.2,-44.86,6.4,1.2,-2.7,87.0,76.4,,0.46,2.3,70.0,hold,11.0,2026-10-29,2026-06-30,5900.0,"Altria Group, Inc., through its subsidiaries, manufactures and sells smokeable and oral tobacco products in the United States. It offers cigarettes primarily under the Marlboro brand; large cigars and pipe tobacco under the Black & Mild brand; moist smokeless tobacco and oral tobacco products under the Copenhagen, Skoal, Red Seal, and Husky brands; oral nicotine pouches under the on! brand; and e-"
MOS,2026-10-10,6.0,,11.9,0.52,4.46,-6.0,,11.2,-0.1,-5.1,0.92,12.9,26.66,buy,18.0,2026-11-03,2026-06-30,13000.0,"The Mosaic Company, through its subsidiaries, produces and markets concentrated phosphate and potash crop nutrients. It operates in three segments: Phosphates, Potash, and Mosaic Fertilizantes. The company owns and operates mines and production facilities, which produce concentrated phosphate crop nutrients and phosphate-based animal feed ingredients, as well as concentrated phosphate crop nutrien"
MPC,2026-10-10,132.8,16.0,8.8,6.75,0.9,53.7,348.0,12.8,13.6,42.1,0.54,3.2,385.56,buy,18.0,2026-11-03,2026-06-30,18500.0,"Marathon Petroleum Corporation, together with its subsidiaries, operates as an integrated downstream energy company in the United States. The company operates through three segments: Refining & Marketing; Midstream; and Renewable Diesel. The Refining & Marketing segment refines crude oil and other feedstocks at its refineries in the Gulf Coast, Mid-Continent, and West Coast regions of the United S"
MPWR,2026-10-10,68.1,84.3,39.6,17.49,0.56,47.6,85.8,55.2,31.0,22.0,1.68,5.2,1839.8,strong_buy,15.0,2026-10-29,2026-06-30,4501.0,"Monolithic Power Systems, Inc. provides semiconductor-based power electronics solutions in China, Taiwan, South Korea, Southeast Asia, Europe, the United States, Japan, and internationally. The company offers direct current (DC) to DC solutions to convert and control voltages within a range of electronic systems, such as cloud-based and on-premises CPU servers and workstations, AI systems, memory,"
MRK,2026-10-10,359.2,115.6,15.4,8.57,2.39,5.1,,75.9,-0.2,7.0,0.22,1.4,156.28,buy,25.0,2026-10-29,2026-06-30,73000.0,"Merck & Co., Inc. operates as a healthcare company worldwide. It offers human health pharmaceutical for various areas under the Keytruda, Keytruda Qlex, Welireg, Gardasil, ProQuad, M-M-R II, Varivax, Vaxneuvance, Capvaxive, RotaTeq, Pneumovax 23, Bridion, Prevymis, Dificid, Zerbaxa, Winrevair, Adempas/ Verquvo, Ohtuvayre, Lagevrio, Isentress/Isentress HD, Delstrigo, Pifeltro, Belsomra, Januvia, an"
MRNA,2026-10-10,89.8,,-50.7,13.28,0.0,2.1,,-66.0,-557.9,-39.0,1.09,10.1,121.0,hold,18.0,2026-11-05,2026-06-30,4700.0,"Moderna, Inc., a biotechnology company, provides messenger RNA medicines in the United States, Europe, and internationally. The company's respiratory vaccines include spikevax, mNEXSPIKE, mRESVIA, COVID, RSV, seasonal influenza, combination, and pandemic influenza vaccine; latent vaccines comprise cytomegalovirus, epstein-barr virus, and human immunodeficiency virus vaccines; enteric viruses inclu"
MRSH,2026-10-10,83.9,21.5,15.4,5.53,2.24,6.2,7.3,44.0,26.3,25.9,0.58,1.2,204.38,hold,21.0,2026-10-15,2026-06-30,95000.0,"Marsh & McLennan Companies, Inc., a professional services company, provides advisory services and insurance solutions to clients in the areas of risk, strategy, and people worldwide. The company operates through Risk and Insurance Services, and Consulting segments. The Risk and Insurance Services segment offers risk management services, such as risk management, insurance broking, insurance program"
MRVL,2026-10-10,247.4,90.6,37.8,13.02,8.0,36.5,50.0,52.2,16.7,16.5,2.26,4.2,337.99,strong_buy,44.0,2026-12-01,2026-08-01,7480.0,"Marvell Technology, Inc., together with its subsidiaries, provides data infrastructure semiconductor solutions and spanning the data center core to network edge in the United States, Argentina, China, India, Israel, Japan, Singapore, South Korea, Taiwan, Vietnam, and internationally. The company develops and scales system-on-a-chip architectures, integrating analog, mixed-signal, and digital signa"
MS,2026-10-10,298.4,15.3,14.0,2.8,2.45,28.0,62.4,87.6,41.6,18.0,1.21,1.2,224.48,buy,21.0,2026-10-14,2026-06-30,83000.0,"Morgan Stanley, a financial holding company, provides various financial products and services to corporations, governments, financial institutions, and individuals in the Americas, Asia, Europe, the Middle East, and Africa. It operates through Institutional Securities, Wealth Management, and Investment Management segments. The company offers capital raising and financial advisory services, includi"
MSCI,2026-10-10,41.1,30.9,25.1,-15.28,1.46,12.2,19.6,83.0,56.3,,1.24,2.2,688.41,strong_buy,17.0,2026-10-20,2026-06-30,6327.0,"MSCI Inc., together with its subsidiaries, provides research-based data, analytics, and indexes, supported by advanced technology worldwide. The Index segment provides indexes for use in various areas of the investment process, including indexed financial products, such as ETFs, mutual funds, annuities, futures, options, structured products, and over-the-counter derivatives; performance benchmarki"
MSFT,2026-10-10,3973.2,29.8,22.6,8.98,0.75,17.7,31.7,67.9,45.1,34.0,1.1,0.9,587.63,strong_buy,53.0,2026-10-28,2026-06-30,223000.0,"Microsoft Corporation, a technology company, develops and supports a portfolio of technology solutions for individuals and businesses worldwide. Its products include operating systems, server applications, business solution applications, software development tools, desktop and server management tools, and video games; and devices, such as PCs, tablets, gaming and entertainment consoles, other inte"
MSI,2026-10-10,73.5,35.0,22.9,27.51,1.08,13.3,9.5,52.1,27.4,91.6,0.89,2.2,526.91,none,11.0,2026-11-05,2026-07-04,23000.0,"Motorola Solutions, Inc. provides public safety, government, defense, and enterprise security solutions in the United States, the United Kingdom, Canada, and internationally. It operates in two segments, Products and Systems Integration, and Software and Services. The Products and Systems Integration segment offers a portfolio of infrastructure, devices, accessories, and the implementation and int"
MTB,2026-10-10,31.5,11.5,10.3,1.24,2.77,6.2,25.5,0.0,45.1,10.7,0.61,4.2,251.78,hold,20.0,2026-10-16,2026-06-30,21662.0,"M&T Bank Corporation operates as a bank holding company for Manufacturers and Traders Trust Company and Wilmington Trust, National Association that provides retail and commercial banking products and services in the United States. The company operates through three segments: Commercial Bank, Retail Bank, and Institutional Services and Wealth Management. It offers a range of credit products and ban"
MTD,2026-10-10,31.1,34.9,29.9,2421.86,0.0,4.5,18.3,60.3,31.2,,1.19,4.0,1482.69,hold,13.0,2026-11-05,2026-06-30,16600.0,"Mettler-Toledo International Inc. manufactures and supplies precision instruments and services in the Americas, Europe, Asia, and internationally. It operates through five segments: U.S. Operations, Swiss Operations, Western European Operations, Chinese Operations, and Other Operations. The company offers laboratory instruments, such as laboratory balances, liquid pipetting solutions, real-time an"
MU,2026-10-10,1162.1,13.9,5.0,11.53,6.0,379.3,1060.1,80.7,80.7,88.3,2.23,2.5,1555.13,strong_buy,46.0,2026-12-23,2026-09-03,,"Micron Technology, Inc. designs, develops, manufactures, and sells memory and storage products in the United States, Taiwan, Japan, Mainland China, Hong Kong, Europe, and internationally. It operates through the Cloud Memory Business Unit; Core Data Center Business Unit; Mobile and Client Business Unit; and Automotive and Embedded Business Unit segments. The company provides memory products, inclu"
NCLH,2026-10-10,7.1,9.6,9.6,2.78,0.0,4.9,616.3,42.5,14.0,36.7,1.96,23.4,20.08,buy,25.0,2026-11-04,2026-06-30,44500.0,"Norwegian Cruise Line Holdings Ltd., together with its subsidiaries, operates as a cruise company in North America, Europe, the Asia-Pacific, and internationally. It offers itineraries to destinations, such as Europe, Asia, Australia, New Zealand, South America, Africa, Canada, Bermuda, the Caribbean, and Alaska; and inter-island itinerary in Hawaii. The company also provides features, amenities, "
NDAQ,2026-10-10,52.3,27.3,20.0,4.39,1.26,14.9,14.1,100.0,49.3,16.5,1.0,2.0,109.06,buy,16.0,2026-10-22,2026-06-30,9630.0,"Nasdaq, Inc. operates as a technology company that serves capital markets and other industries in the United States and internationally. It operates through three segments: Capital Access Platforms, Financial Technology, and Market Services. The company distributes historical and real-time market data; develops and licenses Nasdaq-branded indices and financial products; provides investor relations"
NDSN,2026-10-10,18.3,33.1,25.3,5.59,1.15,10.3,23.0,55.4,27.4,17.8,0.99,3.1,349.71,none,7.0,2026-08-19,2026-07-31,8200.0,"Nordson Corporation engineers, manufactures, and markets products and systems to dispense, apply, and control adhesives, coatings, polymers, sealants, biomaterials, medical components, and other fluids. The Industrial Precision Solutions segment provides dispensing, coating, and laminating systems for adhesives, lotions, liquids, and fibers to disposable products and roll goods; automated adhesive"
NEE,2026-10-10,161.4,17.4,17.7,2.83,3.22,12.4,53.1,61.0,31.5,11.7,0.64,2.7,97.42,buy,19.0,2026-10-21,2026-06-30,17400.0,"NextEra Energy, Inc., through its subsidiaries, generates, stores, transmits, distributes, and sells electric power to retail and wholesale customers in North America. It operates through Florida Power & Light Company (FPL) and NEER segments. The company generates electricity from wind, solar, nuclear, natural gas, and other clean energy assets. It also invests in generation, storage, transmission"
NEM,2026-10-10,124.2,14.9,11.6,3.54,0.9,15.1,11.4,68.0,51.6,25.9,0.53,1.8,137.74,buy,21.0,2026-10-22,2026-06-30,17500.0,"Newmont Corporation operates as a gold producer. It also explores for copper, silver, lead, zinc, and other metals. It has operations and/or assets in the United States, Papua New Guinea, Australia, Ghana, Suriname, Argentina, Dominican Republic, Chile, Peru, Ecuador, Mexico, and Canada. The company was founded in 1916 and is headquartered in Denver, Colorado."
NFLX,2026-10-10,292.7,22.5,18.5,9.71,0.0,13.4,11.1,49.1,33.4,49.5,1.61,2.3,92.55,buy,45.0,2026-10-20,2026-06-30,16000.0,"Netflix, Inc. provides entertainment services worldwide. The company offers television (TV) series, documentaries, feature films, games, and live programming across various genres and languages. It also provides members the ability to receive streaming content through a host of internet-connected devices, including TVs, digital video players, TV set-top boxes, and mobile devices. Netflix, Inc. was"
NI,2026-10-10,19.5,21.7,18.1,2.04,2.96,4.6,-58.4,51.0,17.2,8.5,0.55,3.9,49.13,buy,15.0,2026-10-28,2026-06-30,7668.0,"NiSource Inc., an energy holding company, operates as a regulated natural gas and electric utility company in the United States. It operates in two segments, Columbia Operations and NIPSCO Operations. The company provides natural gas to residential, commercial, and industrial customers through approximately 37,300 miles of distribution main pipeline and the associated individual customer service l"
NKE,2026-10-10,51.6,16.7,20.4,3.46,4.72,-4.3,-2.1,43.4,7.9,21.6,1.1,9.0,38.15,hold,36.0,2026-12-17,2026-08-31,73000.0,"NIKE, Inc., together with its subsidiaries, designs, develops, markets, and sells athletic footwear, apparel, equipment, accessories, and services for men, women, and kids in North America, Europe, the Middle East, Africa, Greater China, the Asia Pacific, and Latin America. The company offers its products under the NIKE, Jordan, Converse, Jumpman, Chuck Taylor, All Star, One Star, Star Chevron, an"
NOC,2026-10-10,68.3,15.3,15.8,3.82,2.09,5.1,-5.8,20.1,11.6,27.0,-0.11,1.6,634.04,buy,23.0,2026-10-20,2026-06-30,95000.0,"Northrop Grumman Corporation operates as an aerospace and defense technology company in the United States, Asia/Pacific, Europe, and internationally. It operates through four segments: Aeronautics Systems, Defense Systems, Mission Systems and Space Systems. The Aeronautics Systems segment designs, develops, produces, integrates, sustains, and modernizes aircraft systems. This segment also offers u"
NOW,2026-10-10,145.6,87.0,28.1,11.64,0.0,24.0,-21.9,74.8,4.1,14.2,0.99,2.8,146.73,strong_buy,46.0,2026-10-28,2026-06-30,29187.0,"ServiceNow, Inc. provides cloud-based solution for digital workflows in the North America, Brazil, Europe, the Middle East and Africa, Asia Pacific, and internationally. The company provides asset management, integrated risk management, IT service management, Operational Technology management, Security Operations, strategic portfolio management, IT operations management products; customer service "
NRG,2026-10-10,22.7,28.3,9.6,5.4,1.75,11.0,,18.8,12.8,23.8,1.16,3.7,185.5,buy,16.0,2026-11-05,2026-06-30,16702.0,"NRG Energy, Inc., together with its subsidiaries, operates as an energy and home services company in the United States and Canada. It operates through the Texas, East, West/Other, Vivint Smart Home, and Corporate Activities segments. The company offers retail electricity, energy management, demand response and virtual power plant programs, carbon offsets, smart home security, and automation servic"
NSC,2026-10-10,71.4,27.1,22.2,4.39,1.72,11.4,-4.4,45.2,35.3,17.0,1.28,3.4,356.11,hold,18.0,2026-10-22,2026-06-30,19300.0,"Norfolk Southern Corporation, together with its subsidiaries, engages in the rail transportation of raw materials, intermediate products, and finished goods in the United States. The company transports agriculture, forest, and consumer products comprising soybeans, wheat, corn, fertilizers, livestock and poultry feed, food products, food oils, flour, sweeteners, ethanol, lumber and wood products, "
NTAP,2026-10-10,46.6,33.4,21.3,31.09,0.88,29.9,63.5,70.6,26.7,114.8,1.45,5.2,211.69,buy,16.0,2026-12-01,2026-07-31,11700.0,"NetApp, Inc. provides a range of enterprise software, systems, and services that customers use to transform their data infrastructures in the United States, Canada, Latin America, Europe, the Middle East, Africa, and the Asia Pacific. It operates through two segments, Hybrid Cloud and Public Cloud. The company offers data management software, such as NetApp ONTAP, ONTAP One, NetApp Snapshot, NetAp"
NTRS,2026-10-10,30.8,14.5,13.1,2.46,1.95,36.4,98.6,0.0,42.5,17.1,1.25,2.5,182.07,hold,14.0,2026-10-21,2026-06-30,23600.0,"Northern Trust Corporation, a financial holding company, provides wealth management, asset servicing, asset management, and banking solutions for corporations, institutions, families, and individuals. It operates in two segments, Asset Servicing and Wealth Management. The Asset Servicing segment offers asset servicing and related services, including custody, fund administration, investment operati"
NU,2026-10-10,77.9,22.1,14.3,5.88,0.0,52.1,66.3,0.0,50.2,31.6,0.95,3.5,18.77,buy,22.0,2026-11-12,2026-06-30,,"Nu Holdings Ltd. provides digital banking platform in Brazil, Mexico, Colombia, the Cayman Islands, and the United States. The company provides spending solutions comprising Nu credit and prepaid card, a digitally enabled card that acts as a credit and a prepaid card; Nubank+ Tier, an evolution of the Nu experience; Ultraviolet credit and prepaid card, a premium metal credit card; mobile payment s"
NUE,2026-10-10,56.8,20.0,12.4,2.57,0.91,23.0,93.8,15.6,15.7,14.5,1.85,2.5,283.81,buy,16.0,2026-10-26,2026-07-04,33000.0,"Nucor Corporation engages in the manufacture and sale of steel and steel products. The company operates in three segments: Steel Mills, Steel Products, and Raw Materials. The Steel Mills segment produces hot-rolled, cold-rolled, and galvanized sheet steel products; plate steel products; wide-flange beams, beam blanks, and H-piling and sheet piling structural steel products; and bar steel products,"
NVDA,2026-10-10,5536.4,29.0,14.4,24.18,0.42,105.9,127.8,74.7,66.2,117.2,2.22,1.3,328.72,strong_buy,59.0,2026-11-17,2026-07-26,42000.0,"NVIDIA Corporation operates as a data center scale AI infrastructure company in the United States, Taiwan, China, Hong Kong, Europe, and internationally. It operates through Compute & Networking, and Graphics segments. The Compute & Networking segment provides data center accelerated computing and networking platforms and artificial intelligence solutions and software, and automotive platforms and"
NVO,2026-10-10,170.6,9.4,11.6,5.14,4.7,2.1,-20.6,82.0,42.5,59.8,0.38,0.8,46.09,hold,12.0,2026-11-04,2026-06-30,66700.0,"Novo Nordisk A/S, together with its subsidiaries, engages in the research and development, manufacture, and distribution of pharmaceutical products. It operates through two segments, Obesity and Diabetes Care, and Rare Disease. The Obesity and Diabetes care segment provides products for diabetes, obesity, cardiovascular, and other emerging therapy areas. The Rare Disease segment offers products in"
NVR,2026-10-10,15.7,15.6,15.0,4.66,0.0,-10.9,-22.6,21.8,13.9,31.5,0.9,7.5,6395.33,hold,6.0,2026-10-22,2026-06-30,6300.0,"NVR, Inc. operates as a homebuilder in the United States. The company operates through Homebuilding and Mortgage Banking segments. It engages in the construction and sale of single-family detached homes, townhomes, and condominium buildings under the Ryan Homes, NVHomes, and Heartland Homes names. The company markets its Ryan Homes products to first-time and first-time move-up buyers; and NVHomes "
NWS,2026-10-10,17.3,31.1,21.2,2.04,0.63,10.8,-74.9,57.2,12.5,8.0,0.98,8.7,,none,,2026-11-05,2026-06-30,21700.0,"News Corporation, a media and information services company, creates and distributes authoritative and engaging content, and other products and services for consumers and businesses in the United States, Canada, Europe, Australasia, and internationally. It operates through five segments: Dow Jones, Digital Real Estate Services, Book Publishing, News Media, and Other. The company distributes news, d"
NWSA,2026-10-10,15.7,28.3,19.3,1.86,0.7,10.8,-74.9,57.2,12.5,8.0,0.98,3.3,36.16,none,8.0,2026-11-05,2026-06-30,21700.0,"News Corporation, a media and information services company, creates and distributes authoritative and engaging content, and other products and services for consumers and businesses in the United States, Canada, Europe, Australasia, and internationally. It operates through five segments: Dow Jones, Digital Real Estate Services, Book Publishing, News Media, and Other. The company distributes news, d"
NXPI,2026-10-10,57.4,19.4,12.5,5.04,1.72,19.5,72.6,56.1,30.4,27.9,1.81,3.2,310.52,buy,29.0,2026-10-27,2026-06-28,32169.0,"NXP Semiconductors N.V. provides semiconductor products in the United States, Germany, Japan, South Korea, Taiwan, Singapore, the Netherlands, Mainland China, Hong Kong, and internationally. The company's product portfolio includes microcontrollers; application processors; communication processors; wireless connectivity solutions, such as near field communications, ultra-wideband, Bluetooth low-en"
O,2026-10-10,51.3,39.3,34.9,1.3,6.01,9.6,69.2,92.7,47.0,3.2,0.7,4.9,66.39,hold,21.0,2026-11-02,2026-06-30,544.0,"Realty Income Corporation, an S&P 500 company, is real estate partner to the world's leading companies. Founded in 1969, we serve our clients as a full-service real estate capital provider. As of June 30, 2026, we have a portfolio of over 15,500 properties in all 50 U.S. states, the U.K., and eight other countries in Europe. We are known as ""The Monthly Dividend Company"" and have a mission to inve"
ODFL,2026-10-10,37.7,34.9,27.1,8.3,0.66,10.4,32.3,39.6,28.8,24.8,1.2,4.9,226.48,buy,21.0,2026-10-28,2026-06-30,20173.0,"Old Dominion Freight Line, Inc. operates as a less-than-truckload motor carrier in the United States and North America. The company offers regional, inter-regional, and national less-than-truckload services, as well as expedited transportation services. It also provides various value-added services, including container drayage, truckload brokerage, and supply chain consulting. In addition, the com"
OKE,2026-10-10,56.6,15.5,14.4,2.47,4.86,52.8,14.2,27.2,13.3,16.3,0.8,4.9,101.2,buy,20.0,2026-10-27,2026-06-30,6326.0,"ONEOK, Inc. operates as a midstream service provider of gathering, processing, fractionation, transportation, storage, and marine export services in the United States. It operates in four segments: Natural Gas Gathering and Processing; Natural Gas Liquids; Natural Gas Pipelines; and Refined Products and Crude. The company owns natural gas gathering pipelines and processing plants in the Mid-Contin"
OMC,2026-10-10,21.8,201.3,6.6,2.17,4.27,63.4,58.8,19.0,15.4,6.1,0.7,9.6,102.17,buy,12.0,2026-10-20,2026-06-30,120000.0,"Omnicom Group Inc., together with its subsidiaries, offers advertising, marketing, and corporate communications services. It provides a range of services in the areas of media and advertising, precision marketing, public relations, healthcare, branding and retail commerce, experiential, execution, and support. The company's services include advertising, branding, content marketing, crisis communic"
ON,2026-10-10,30.2,50.0,17.1,4.18,0.0,9.2,36.6,42.8,19.5,8.3,2.05,10.4,104.46,buy,26.0,2026-11-02,2026-07-03,22600.0,"ON Semiconductor Corporation provides intelligent sensing and power solutions in Hong Kong, Singapore, the United Kingdom, the United States, and internationally. It operates through three segments: Power Solutions Group, Analog and Mixed-Signal Group, and Intelligent Sensing Group. The Power Solutions Group segment offers discrete, module, and integrated semiconductor devices designed to enable p"
ORCL,2026-10-10,428.7,22.2,12.9,10.84,1.39,29.6,54.5,64.0,35.6,41.2,1.77,2.7,237.97,buy,41.0,2026-12-10,2026-08-31,141000.0,"Oracle Corporation offers products and services that build, run and support enterprise information technology frameworks worldwide. Its Oracle cloud software as a service offering includes various cloud software applications, including Oracle Fusion cloud enterprise resource planning ERP, Oracle Fusion cloud enterprise performance management EPM, Oracle Fusion cloud supply chain and manufacturing "
ORLY,2026-10-10,69.9,27.4,23.7,-38.44,0.0,8.1,10.3,51.6,20.2,,0.54,3.2,107.35,buy,26.0,2026-10-28,2026-06-30,95822.0,"O'Reilly Automotive, Inc., together with its subsidiaries, operates as a retailer and supplier of automotive aftermarket parts, tools, supplies, equipment, and accessories in the United States, Puerto Rico, Mexico, and Canada. The company offers new and remanufactured automotive hard parts and maintenance items, such as alternators, batteries, brake system components, belts, chassis parts, driveli"
OTIS,2026-10-10,25.1,17.0,14.6,-4.37,2.66,7.3,13.0,30.3,15.1,,0.86,4.8,86.54,buy,13.0,2026-10-28,2026-06-30,72000.0,"Otis Worldwide Corporation engages in manufacturing, installation, and servicing of elevators and escalators in the United States, China, and internationally. The company operates in two segments, New Equipment and Service. The New Equipment segment designs, manufactures, sells, and installs a range of passenger and freight elevators, as well as escalators and moving walkways for residential and c"
OXY,2026-10-10,60.1,17.1,14.7,1.8,1.92,53.4,964.9,73.3,45.4,10.6,0.24,3.0,68.36,buy,25.0,2026-11-09,2026-06-30,10412.0,"Occidental Petroleum Corporation, together with its subsidiaries, engages in the acquisition, exploration, and development of oil and gas properties in the United States and internationally. It operates through Oil and Gas and Midstream and Marketing. The Oil and Gas segment explores for, develops, and produces oil and condensate, natural gas liquids (NGLs), and natural gas. This segment also opti"
P,2026-10-10,51.5,206.0,36.6,33.42,0.0,37.7,50.0,69.7,5.3,17.7,1.4,2.9,145.84,buy,19.0,2026-08-26,2026-08-02,6400.0,"Everpure, Inc. provides data storage and management technologies, products, and services in the United States and internationally. Its Purity software is shared across its products and provides enterprise-class data services, such as always-on data reduction, data protection, and encryption, as well as storage protocols, such as block, file, and object. The company also provides FlashArray, includ"
PANW,2026-10-10,342.6,1047.0,85.8,12.41,0.0,34.5,,70.4,5.4,1.7,0.93,2.7,396.92,buy,50.0,2026-11-19,2026-07-31,21921.0,"Palo Alto Networks, Inc. provides cybersecurity solutions in the Americas, Europe, the Middle East, Africa, the Asia Pacific, and Japan. It offers Prisma Access, a secure access service edge solution; Strata Cloud Manager, a network security management solution; and Prisma AIRS to protect customers' entire AI ecosystem. It provides a comprehensive cloud native application protection platform; and "
PAYX,2026-10-10,37.0,20.6,16.3,9.9,4.56,5.9,13.9,74.4,38.5,47.1,0.85,6.2,113.93,hold,14.0,2026-12-18,2026-08-31,17600.0,"Paychex, Inc., together with its subsidiaries, provides human capital management solutions (HCM) for human resources, payroll processing, employee benefits, and insurance services for small to medium-sized businesses in the United States, Europe, Canada, India, and Israel. It offers technology and advisory solutions; and payroll tax administration services. The company also provides retirement sol"
PCAR,2026-10-10,56.9,22.7,15.1,2.8,1.28,0.5,4.2,13.7,12.0,12.8,0.99,2.7,141.44,buy,16.0,2026-10-27,2026-06-30,25900.0,"PACCAR Inc designs, manufactures, and distributes light, medium, and heavy-duty commercial trucks in the United States, Canada, Australia, Mexico, Europe, Central and South America, and internationally. It operates through three segments: Truck, Parts, and Financial Services. The Truck segment designs, manufactures, and distributes trucks for the over-the-road and off-highway hauling of commercial"
PCG,2026-10-10,39.4,9.2,7.3,0.89,1.58,0.1,39.8,39.8,24.8,9.3,0.28,1.8,18.81,buy,16.0,2026-10-22,2026-06-30,29010.0,"PG&E Corporation, through its subsidiary, Pacific Gas and Electric Company, engages in the sale and delivery of electricity and natural gas to customers in northern and central California, the United States. It generates electricity using nuclear, hydroelectric, fossil fuel-fired, fuel cells, and photovoltaic sources. The company owns and operates interconnected transmission lines; electric transm"
PDD,2026-10-10,115.8,9.2,6.6,1.72,0.0,8.1,-11.2,56.3,24.7,22.7,-0.05,3.3,115.02,buy,34.0,2026-11-18,2026-06-30,25474.0,"PDD Holdings Inc., a multinational commerce group that owns and operates a portfolio of businesses. The company operates Pinduoduo platform, which provides various product categories and interactive shopping experiences; and Temu, an online platform, which enables merchants to streamline their manufacturing and commercial operations. The company was formerly known as Pinduoduo Inc. and changed its"
PEG,2026-10-10,36.0,17.9,15.5,2.08,3.73,-8.9,-42.7,33.3,18.9,11.8,0.52,2.5,84.47,buy,18.0,2026-11-02,2026-06-30,13189.0,"Public Service Enterprise Group Incorporated, through its subsidiaries, operates in electric and gas utility, and nuclear generation businesses in the United States. It operates through PSE&G and PSEG Power segments. The PSE&G segment transmits electricity; distributes electricity and natural gas to residential, commercial, and industrial customers; and appliance services and repairs to customers "
PEP,2026-10-10,171.7,16.5,14.5,7.79,4.61,6.4,137.0,54.2,16.8,51.5,0.36,2.1,148.64,hold,22.0,2026-10-08,2026-06-13,306000.0,"PepsiCo, Inc. engages in the manufacture, marketing, distribution, and sale of various beverages and convenient foods worldwide. The company operates through six segments: PepsiCo Foods North America; PepsiCo Beverages North America; International Beverages Franchise; Europe, Middle East and Africa; Latin America Foods; and Asia Pacific Foods. It offers cereals, chips, dips, granola bars, oatmeal,"
PFE,2026-10-10,161.2,37.2,9.8,1.89,6.14,2.6,,74.7,27.9,5.0,0.28,2.7,29.03,buy,26.0,2026-11-03,2026-06-28,75000.0,"Pfizer Inc. discovers, develops, manufactures, markets, distributes, and sells biopharmaceutical products in the United States and internationally. It operates in three segments: Biopharma, PC1, and Pfizer Ignite. The company offers internal medicine products, including cardiovascular metabolic diseases products under the Eliquis brand; migraine products under the Nurtec ODT/Vydura and Zavzpret br"
PFG,2026-10-10,23.0,15.6,10.5,1.9,3.09,6.4,2.8,47.3,12.3,12.9,0.87,5.1,111.58,hold,12.0,2026-10-26,2026-06-30,19700.0,"Principal Financial Group, Inc. provides retirement, asset management, and insurance products and services to businesses, individuals, and institutional clients worldwide. The company operates through Retirement and Income Solutions, Principal Asset Management, and Benefits and Protection segments. The Retirement and Income Solutions segment provides retirement, and related financial products and "
PG,2026-10-10,351.5,22.7,20.4,6.59,2.89,1.5,-15.5,50.9,22.1,30.3,0.38,1.0,160.78,buy,23.0,2026-10-22,2026-06-30,104000.0,"The Procter & Gamble Company provides branded consumer packaged goods worldwide. It operates through five segments: Beauty; Grooming; Health Care; Fabric & Home Care; and Baby, Feminine & Family Care. The company offers conditioners, shampoos, styling aids, and treatments under the Head & Shoulders, Herbal Essences, Pantene, and Rejoice brands; antiperspirants, deodorants, and personal cleansing p"
PGR,2026-10-10,126.2,11.0,13.3,3.68,19.0,7.3,5.0,18.5,18.2,34.9,0.23,1.1,232.81,hold,21.0,2026-10-14,2026-06-30,70053.0,"The Progressive Corporation operates as an insurance company in the United States. It writes insurance for personal autos and special lines products, including motorcycles, RVs, and watercraft; and personal residential property insurance for homeowners and renters. The company also writes auto-related liability and physical damage insurance for comprising dump trucks, log trucks, garbage trucks, t"
PH,2026-10-10,121.4,33.8,24.2,7.88,0.84,9.8,19.3,37.5,23.5,25.1,1.12,1.2,1155.29,buy,24.0,2026-11-05,2026-06-30,59850.0,"Parker-Hannifin Corporation engages in the manufacture and sale of motion and control technologies and systems for aerospace and defense, in-plant and industrial equipment, transportation, off-highway, energy, and HVAC and refrigeration markets in North America, EMEA, Asia Pacific, and Latin America. It operates through two segments: Diversified Industrial and Aerospace Systems. The company offers"
PHM,2026-10-10,21.4,11.4,10.3,1.62,0.92,-9.6,-18.2,25.6,15.7,14.9,1.16,6.2,137.59,buy,17.0,2026-10-22,2026-06-30,6506.0,"PulteGroup, Inc., through its subsidiaries, engages in the homebuilding business in the United States. The company is involved in the acquisition and development of land primarily for residential purposes, as well as construction of housing; and sale of single-family detached homes; and attached homes, such as townhomes, condominiums, and duplexes under the Centex, Pulte Homes, Del Webb, DiVosta H"
PKG,2026-10-10,20.5,29.9,17.4,4.38,2.61,14.7,-19.5,21.4,13.1,14.9,0.77,4.4,258.8,buy,10.0,2026-10-21,2026-06-30,16800.0,"Packaging Corporation of America manufactures and sells containerboard and uncoated freesheet (UFS) paper products in North America. The company operates through Packaging and Paper segments. The Packaging segment offers various linerboard and corrugated packaging products, such as conventional shipping containers used to protect and transport manufactured goods; multi-color boxes and displays tha"
PLD,2026-10-10,125.9,28.8,38.8,2.25,3.31,12.3,85.3,75.5,43.0,7.7,1.32,2.3,158.23,buy,13.0,2026-10-15,2026-06-30,2802.0,"Prologis, Inc. don't just lead the industry, they define it. The firm creates the intelligent infrastructure that powers global commerce, seamlessly connecting the digital and physical worlds. From agile supply chains to clean energy solutions, their ecosystems help your business move faster, operate smarter and grow sustainably. With unmatched scale, innovation and expertise, Prologis is a catego"
PLTR,2026-10-10,502.4,180.2,89.2,51.39,0.0,92.8,215.4,84.8,47.1,38.1,1.6,2.8,199.84,buy,25.0,2026-11-02,2026-06-30,4401.0,"Palantir Technologies Inc. builds and deploys software platforms for the intelligence community to assist in counterterrorism investigations and operations in the United States, the United Kingdom, and internationally. It provides Palantir Gotham integrates with other platforms for defense offerings which enables users to see, understand, and act in the modern battlespace; operations centers to th"
PM,2026-10-10,313.6,28.8,21.9,-36.53,3.32,10.4,-7.5,67.5,40.0,,0.36,0.9,208.13,buy,15.0,2026-10-21,2026-06-30,84900.0,"Philip Morris International Inc. operates as a tobacco company. The company offers cigarettes and smoke-free products, including heat-not-burn, e-vapor, and oral nicotine products under the IQOS, VEEV, and ZYN brands; and consumer accessories, such as lighters and matches. It also offers wellness products. The company was incorporated in 1987 and is headquartered in Stamford, Connecticut."
PNC,2026-10-10,87.5,12.1,10.2,1.51,3.64,23.6,24.9,0.0,38.7,12.6,0.93,1.9,270.29,buy,21.0,2026-10-15,2026-06-30,55704.0,"The PNC Financial Services Group, Inc. operates as a diversified financial services company in the United States. It operates through three segments: Retail Banking, Corporate & Institutional Banking, and Asset Management Group segments. The Retail Banking segment offers checking, savings, and money market accounts, and time deposit; residential mortgages, home equity loans and lines of credit, au"
PNR,2026-10-10,8.5,13.5,10.1,2.23,2.07,-17.0,-11.1,41.4,23.4,17.1,1.03,4.5,76.2,buy,15.0,2026-10-20,2026-06-30,9000.0,"Pentair plc provides various water solutions in the United States, Western Europe, China, Latin America, the Middle East, Southeast Asia, Australia, and Canada. It operates through three segments: Flow, Water Solutions, and Pool. The Flow segment designs, manufactures, and sells fluid treatment and pump products and systems, including pressure vessels, gas recovery solutions, membrane bioreactors,"
PNW,2026-10-10,12.0,19.0,17.7,1.7,3.72,7.1,-9.5,43.4,21.3,9.4,0.42,11.1,102.93,hold,14.0,2026-11-03,2026-06-30,6610.0,"Pinnacle West Capital Corporation, through its subsidiary, provides retail and wholesale electric services in the state of Arizona. The company engages in the generation, transmission, and distribution of electricity using nuclear, gas, oil, coal, and solar generating facilities. Its transmission facilities include overhead lines and underground lines; and distribution facilities consist of overhe"
PODD,2026-10-10,9.4,25.3,17.5,6.6,0.0,23.5,328.6,71.1,16.2,26.0,1.1,8.3,170.96,buy,23.0,2026-11-04,2026-06-30,5400.0,"Insulet Corporation develops, manufactures, and sells insulin delivery systems for people with insulin-dependent diabetes in the United States and internationally. The company offers Omnipod platform products comprising Omnipod 5 automated insulin delivery system, which includes a proprietary AID algorithm embedded in the pod that integrates with a third-party continuous glucose monitor to obtain "
PPG,2026-10-10,23.1,14.9,12.0,2.74,2.81,7.2,-1.5,41.2,14.0,19.3,1.05,3.4,125.71,buy,21.0,2026-10-27,2026-06-30,43500.0,"PPG Industries, Inc. manufactures and distributes paints, coatings, and specialty materials in the United States, Canada, the Asia Pacific, Latin America, Europe, the Middle East, and Africa. It operates through three segments: Global Architectural Coatings, Performance Coatings, and Industrial Coatings. The Global Architectural Coatings segment supplies a variety of decorative coatings, adhesives"
PPL,2026-10-10,25.8,20.3,16.2,1.71,3.36,4.2,21.2,44.1,23.6,8.6,0.58,5.4,40.12,buy,16.0,2026-11-04,2026-06-30,6546.0,"PPL Corporation provides electricity and natural gas to approximately 3.6 million customers in the United States. It operates in three segments: Kentucky Regulated, Pennsylvania Regulated, and Rhode Island Regulated. The company engages in the transmission and distribution of electricity in eastern and central Pennsylvania; generation, transmission, distribution, and sale of electricity in Kentuck"
PRU,2026-10-10,39.0,10.2,7.6,1.24,4.98,14.1,89.2,29.0,7.5,12.0,0.84,5.0,113.4,hold,15.0,2026-11-03,2026-06-30,36607.0,"Prudential Financial, Inc., together with its subsidiaries, provides financial products and services in the United States, Japan and internationally. It operates through PGIM, Retirement Strategies, Group Insurance, Individual Life, and International Businesses segments. The PGIM segment offers investment management services and solutions related to public fixed income, public equity, real estate "
PSA,2026-10-10,54.2,27.7,29.4,10.52,4.26,3.3,45.1,74.4,45.7,21.9,0.93,4.3,335.06,buy,18.0,2026-10-26,2026-06-30,5770.0,"Public Storage, a member of the S&P 500, is a REIT that primarily acquires, develops, owns, and operates self-storage facilities. At June 30, 2026, The firm: (i) owned and/or operated 3,584 self-storage facilities located in 40 states with approximately 259 million net rentable square feet in the United States and (ii) owned a 35% common equity interest in Shurgard Self Storage Limited (Euronext B"
PSKY,2026-10-08,11.0,,11.7,0.93,2.1,0.9,-54.1,33.3,9.3,-0.9,1.55,15.7,9.92,hold,16.0,2026-11-09,2026-06-30,17600.0,"Paramount Skydance Corporation operates as a media and entertainment company worldwide. It operates in three segments: Studios, Direct-to-Consumer, and TV Media. The company operates CBS Television Network, a domestic broadcast television network; CBS Stations, a television station; international free-to-air networks comprising Network 10, Channel 5, Telefe, and Chilevisión; and domestic premium a"
PSX,2026-10-10,111.0,15.9,10.4,3.52,1.87,53.1,344.9,13.1,8.5,23.5,0.7,2.0,257.16,buy,19.0,2026-10-28,2026-06-30,12600.0,"Phillips 66 operates as an integrated downstream energy provider in the United States, the United Kingdom, Germany, and internationally. It operates through five segments: Midstream, Chemicals, Refining, Marketing and Specialties (M&S), and Renewable Fuels. The Midstream segment provides crude oil and refined petroleum product transportation, terminaling, and storage services, as well as natural g"
PTC,2026-10-10,21.1,18.8,21.8,6.2,0.0,-6.8,-12.0,84.5,28.2,35.1,0.99,9.2,201.0,hold,15.0,2026-11-11,2026-06-30,7000.0,"PTC Inc. operates as software company in the Americas, Europe, and the Asia Pacific. The company provides Windchill, a suite that manages all aspects of the product development lifecycle(PLM) that provides real-time information sharing, dynamic data visualization, collaborate across geographically distributed teams, and enabling manufacturers to elevate product development, manufacturing, field se"
PWR,2026-10-10,106.1,78.5,35.7,11.01,6.0,41.1,94.7,15.5,7.2,15.3,1.27,2.4,766.01,strong_buy,29.0,2026-10-29,2026-06-30,69500.0,"Quanta Services, Inc. offers infrastructure solutions for the electric and gas utility, power generation, load center, manufacturing, communications, pipeline, and energy industries. The company's Electric Infrastructure Solutions segment engages in the design, procurement, construction, upgrade, repair, and maintenance of electric power transmission and distribution infrastructure and substation "
PYPL,2026-10-10,47.9,10.5,9.6,2.42,1.02,4.8,-3.1,40.5,17.0,24.5,1.28,3.8,56.92,hold,32.0,2026-10-27,2026-06-30,23800.0,"PayPal Holdings, Inc. operates a technology platform that enables digital payments for merchants and consumers worldwide. The company operates a two-sided network at scale that connects merchants and consumers that enables its customers to connect, transact, and send and receive payments through online and in person, as well as transfer and withdraw funds using various funding sources, such as ban"
Q,2026-10-10,26.5,45.2,23.5,3.65,25.0,22.1,-34.3,46.2,22.3,6.7,,2.5,174.25,strong_buy,8.0,2026-11-04,2026-06-30,10000.0,"Qnity Electronics, Inc. provides materials and solutions to the semiconductor and electronics industries in the United States, rest of Americas, Europe, the Middle East, Africa, Asia Pacific, China, South Korea, Taiwan, and internationally. The company operates in two segments, Semiconductor Technologies and Interconnect Solutions. Its Semiconductor Technologies segment offers chemical mechanical "
QCOM,2026-10-10,187.4,20.4,17.2,6.71,2.09,-4.0,-23.0,54.2,18.5,33.8,1.65,4.0,194.13,hold,30.0,2026-11-04,2026-06-28,52000.0,QUALCOMM Incorporated engages in the development and commercialization of foundational technologies for the wireless industry worldwide. It operates through three segments: Qualcomm CDMA Technologies (QCT); Qualcomm Technology Licensing (QTL); and Qualcomm Strategic Initiatives (QSI). The QCT segment develops and supplies integrated circuits and system software with connectivity and computing tech
QQQ,2026-10-10,,30.6,,2.1,0.42,,,,,,,,,,,,,,"To maintain the correspondence between the composition and weights of the securities in the trust (the ""securities"") and the stocks in the NASDAQ-100 Index®, the adviser adjusts the securities from time to time to conform to periodic changes in the identity and/or relative weights of index securities. The composition and weighting of the securities portion of a portfolio deposit are also adjusted "
RCL,2026-10-10,75.5,17.4,13.8,7.37,2.13,6.5,-4.6,50.3,27.1,44.7,1.82,5.6,350.33,buy,27.0,2026-10-27,2026-06-30,107950.0,"Royal Caribbean Cruises Ltd. operates as a cruise company worldwide. The company operates cruises under the Royal Caribbean International, Celebrity Cruises, and Silversea Cruises brands, which comprise a range of itineraries. As of December 31, 2025, it operated 69 ships. Royal Caribbean Cruises Ltd. was founded in 1968 and is headquartered in Miami, Florida."
RDDT,2026-10-10,30.8,36.4,16.5,9.36,0.0,61.1,177.8,91.4,28.8,30.7,2.05,13.7,213.71,buy,33.0,2026-10-29,2026-06-30,2555.0,"Reddit, Inc. operates a digital community in the United States and internationally. The company's platform enables user to engage in conversations, explore passions, research new hobbies, exchange goods and services, create new communities and experiences, share laughs, and find belonging. It also organizes communities based on specific interests that enable users to engage in conversations by sha"
REG,2026-10-10,13.5,24.1,28.7,1.98,4.27,8.9,8.9,71.5,39.6,8.2,0.82,4.5,86.11,buy,18.0,2026-11-05,2026-06-30,503.0,"Regency Centers Corporation is a pre-eminent national owner, operator, and developer of shopping centers located in suburban trade areas with compelling demographics. Our portfolio includes thriving properties merchandised with highly productive grocers, restaurants, service providers, and best-in-class retailers that connect to their neighborhoods, communities, and customers. Operating as a fully"
REGN,2026-10-10,76.9,18.5,12.1,2.36,0.51,16.7,-4.5,44.5,33.1,14.0,0.15,2.6,856.23,buy,26.0,2026-10-30,2026-06-30,15410.0,"Regeneron Pharmaceuticals, Inc. discovers, invents, develops, manufactures, and commercializes medicines to treat various diseases worldwide. The company develops product candidates to treat eye, allergic and inflammatory, cardiovascular, metabolic, neurological, infectious, and rare diseases; and cancer, hematologic conditions. It also offers EYLEA injections for wet age-related macular degenerat"
RF,2026-10-10,23.0,11.0,9.5,1.32,4.1,3.4,8.5,0.0,39.3,11.9,1.06,8.6,31.84,hold,21.0,2026-10-16,2026-06-30,20003.0,"Regions Financial Corporation, a financial holding company, provides various banking and related products and services to individual and corporate customers. It operates through three segments: Corporate Bank, Consumer Bank, and Wealth Management. The Corporate Bank segment offers commercial banking services, such as commercial and industrial, commercial real estate, and investor real estate lendi"
RJF,2026-10-10,30.5,13.8,11.1,2.4,1.36,15.1,42.0,93.2,19.3,18.4,0.95,4.5,185.64,buy,14.0,2026-10-28,2026-06-30,19500.0,"Raymond James Financial, Inc., a diversified financial services company, provides private client group, capital markets, asset management, banking, and other services to individuals, corporations, and municipalities in the United States, Canada, and Europe. The Private Client Group segment offers financial planning, investment advisory, securities transaction, investment services, portfolio manage"
RL,2026-10-10,22.1,23.4,17.7,8.13,1.09,14.0,21.6,70.3,18.4,37.5,1.35,8.5,446.71,buy,17.0,2026-11-05,2026-06-27,15600.0,"Ralph Lauren Corporation designs, markets, and distributes lifestyle products in North America, Europe, Asia, and internationally. The company offers apparel, including a range of men's, women's, and children's clothing; footwear and accessories, which comprise casual shoes, dress shoes, boots, sneakers, sandals, eyewear, watches, fashion and fine jewelry, scarves, hats, gloves, and umbrellas, as "
RMD,2026-10-10,32.4,22.1,17.4,5.04,1.17,8.6,2.4,61.6,30.9,24.3,0.75,11.4,250.22,buy,17.0,2026-10-29,2026-06-30,11370.0,"ResMed Inc. engages in the digital health and cloud-connected medical devices business in the United States and internationally. It operates in two segments, Sleep and Breathing Health, and Residential Care Software. The company offers sleep recorders for the diagnosis and titration of sleep apnea in sleep clinics, hospitals, and at home, including ApneaLink Air, a portable diagnostic device that "
ROK,2026-10-10,48.0,40.7,29.0,13.75,1.27,7.9,40.4,49.1,21.0,30.6,1.5,3.9,477.12,buy,26.0,2026-11-05,2026-06-30,26000.0,"Rockwell Automation, Inc., together with its subsidiaries, provides industrial automation and digital transformation solutions in North America, Europe, the Middle East, Africa, the Asia Pacific, and Latin America. It operates in three segments: Intelligent Devices, Software & Control, and Lifecycle Services. The company offers drives, motion, advanced material handling, safety, sensing, industria"
ROL,2026-10-10,15.4,29.1,24.8,10.76,2.26,7.9,3.1,52.4,18.8,37.0,0.73,6.2,42.41,hold,17.0,2026-10-21,2026-06-30,22000.0,"Rollins, Inc., through its subsidiaries, provides pest and wildlife control services and protection to residential and commercial customers in the United States and internationally. The company offers pest control services to residential properties protecting from common pests, including rodents, insects, and wildlife. It also provides workplace pest control solutions for customers across various "
ROP,2026-10-10,36.0,15.2,14.9,1.93,1.0,8.5,233.0,69.5,27.7,13.1,0.75,6.1,439.43,buy,14.0,2026-10-22,2026-06-30,19400.0,"Roper Technologies, Inc. designs and develops vertical software and technology enabled products in the United States, Canada, Europe, Asia, and internationally. Its Application Software segment offers comprehensive management, diagnostic and laboratory information management, enterprise software and information solutions, K-12 school administration, transportation management, financial and complia"
ROST,2026-10-10,71.0,26.9,24.8,10.54,0.79,13.3,70.5,33.4,13.6,42.6,0.84,3.5,270.56,buy,18.0,2026-11-19,2026-08-01,111000.0,"Ross Stores, Inc., together with its subsidiaries, operates off-price retail apparel and home fashion stores under the Ross Dress for Less and dd's DISCOUNTS brands in the United States. The company offers designer apparel, accessories, footwear, and home-fashioned products for the entire family. It sells its products to middle income households and households with lower to more moderate incomes. "
RSG,2026-10-10,66.4,30.8,26.9,5.52,1.24,4.6,5.1,43.0,20.4,18.2,0.4,2.5,245.12,buy,24.0,2026-10-29,2026-06-30,42000.0,"Republic Services, Inc., together with its subsidiaries, offers environmental services in the United States and Canada. It is involved in the collection and processing of recyclable, solid waste, and industrial waste materials; transportation and disposal of non-hazardous and hazardous waste streams; and other environmental solutions. Its residential collection services include curbside collection"
RTX,2026-10-10,250.6,32.5,23.6,3.78,1.58,14.5,28.7,20.3,12.7,12.3,0.31,1.0,231.14,buy,22.0,2026-10-20,2026-06-30,180000.0,"RTX Corporation, an aerospace and defense company, provides systems and services for commercial, military, and government customers worldwide. It operates through three segments: Collins Aerospace (Collins), Pratt & Whitney, and Raytheon. The Collins segment offers aerospace and defense products, and aftermarket services for civil and military aircraft manufacturers and commercial airlines, as wel"
RVTY,2026-10-10,17.2,72.7,26.2,2.38,18.0,1.3,1.2,55.0,17.1,3.2,1.06,8.4,137.53,buy,15.0,2026-11-03,2026-07-05,11000.0,"Revvity, Inc. provides health sciences solutions, technologies, and services. The company offers instruments, reagents, software, subscriptions, detection and imaging technologies, extended warranties, training and services; and instruments, reagents, assay platforms and software products for early detection of common and rare conditions, such as pregnancy and early childhood, as well as infectiou"
SAP,2026-10-10,247.9,27.6,22.3,68.81,1.39,9.4,30.6,73.7,27.6,18.3,0.76,0.4,252.5,buy,12.0,2026-10-21,2026-06-30,112019.0,"SAP SE, together with its subsidiaries, provides enterprise application and business solutions worldwide. It offers SAP Business AI; SAP S/4HANA that provides software capabilities for finance, risk and project management, procurement, manufacturing, supply chain and asset management, and research and development; SAP SuccessFactors solutions for human resources, including HR, time, payroll, talen"
SBAC,2026-10-10,19.4,18.3,22.3,-4.18,2.94,2.3,-10.5,74.2,52.2,,0.99,5.0,226.2,buy,20.0,2026-11-02,2026-06-30,1844.0,"SBA Communications Corporation is a leading independent owner and operator of wireless communications infrastructure, including tower structures, rooftops and other structures that support antennas used for wireless communications. In our site leasing business, we lease space to wireless service providers and other customers on assets we own or operate, and manage rooftop and tower sites for prope"
SBUX,2026-10-10,103.5,54.0,29.0,-13.48,2.7,-1.4,85.7,22.3,12.9,,0.97,3.9,111.57,buy,30.0,2026-10-29,2026-06-28,381000.0,"Starbucks Corporation, together with its subsidiaries, operates as a roaster, marketer, and retailer of coffee internationally. The company operates through three segments: North America, International, and Channel Development. Its stores offer coffee, tea, and other beverages, roasted whole beans and ground coffees, complementary food, packaged coffees, single-serve products, and ready-to-drink b"
SCHD,2026-10-10,,18.2,,,3.24,,,,,,,,,,,,,,"To pursue its goal, the fund generally invests in stocks that are included in the index. The index is designed to measure the performance of high dividend yielding stocks issued by U.S. companies that have a record of consistently paying dividends, selected for fundamental strength relative to their peers, based on financial ratios. The fund will invest at least 90% of its net assets in these stoc"
SCHW,2026-10-10,167.2,17.6,12.2,3.8,1.32,20.9,42.6,97.5,52.3,20.3,0.78,1.2,122.48,buy,21.0,2026-10-15,2026-06-30,33700.0,"The Charles Schwab Corporation, together with its subsidiaries, operates as a savings and loan holding company that provides wealth management, securities brokerage, banking, asset management, custody, and financial advisory services in the United States and internationally. The company operates in two segments, Investor Services and Advisor Services. It offers brokerage accounts with equity and f"
SE,2026-10-10,58.3,35.8,18.3,4.69,0.0,48.1,7.7,44.3,8.4,14.7,1.55,3.3,154.93,strong_buy,28.0,2026-11-10,2026-06-30,102700.0,"Sea Limited, through its subsidiaries, operates as a technology company in Southeast Asia, Latin America, the rest of Asia, and internationally. The company operates through E-commerce, Digital Financial Services, and Digital Entertainment segments. It offers Garena, a digital entertainment platform for users to access mobile and PC online games, as well as promotes eSports operations and develops"
SHOP,2026-10-10,219.8,110.9,69.7,17.36,0.0,33.7,68.1,47.8,17.6,15.5,2.62,1.4,173.08,buy,48.0,2026-11-03,2026-06-30,7600.0,"Shopify Inc., a commerce technology company, provides tools to start, scale, market, and run a business of various sizes in Canada, the United States, Europe, the Middle East, Africa, the Asia Pacific, and Latin America. The Company offers Shopify platform that enables merchants to manage products and inventory, process orders and payments, fulfill and ship orders, build customer relationships, so"
SHW,2026-10-10,77.5,29.6,23.6,19.99,1.02,7.5,14.3,49.0,18.1,65.1,1.08,2.7,386.3,buy,23.0,2026-10-27,2026-06-30,64249.0,"The Sherwin-Williams Company engages in the development, manufacture, distribution, and sale of paint, coatings, and related products to professional, industrial, commercial and retail customers. The company operates through three segments: Paint Stores Group, Consumer Brands Group, and Performance Coatings Group. The Paint Stores Group segment offers architectural paint and coatings; protective a"
SHY,2026-10-10,,3690.9,,0.94,3.65,,,,,,,,,,,,,,"The underlying index consists of publicly-issued U.S. Treasury securities that have a remaining maturity of greater than or equal to one year and less than three years and have $300 million or more of outstanding face value, excluding amounts held by the Federal Reserve System. The fund will invest at least 80% of its assets in the component securities of the underlying index, and the fund will in"
SJM,2026-10-10,12.8,56.0,11.0,2.23,3.86,5.0,,38.0,17.9,3.9,0.27,4.5,142.12,buy,16.0,2026-11-24,2026-07-31,,"The J. M. Smucker Company manufactures and markets branded food and beverage products worldwide. The company operates through five segments: U.S. Retail Coffee, U.S. Retail Frozen Handheld and Spreads, U.S. Retail Pet Foods, Sweet Baked Snacks, and Away From Home. It offers coffee, sweet baked goods, pet snacks, frozen handheld products, peanut butter, cat and dog food, fruit and specialty spreads"
SKYD,2026-10-10,46.2,,15.3,,2.16,0.9,-54.1,33.3,9.3,-0.9,1.55,15.7,9.86,hold,16.0,2026-11-09,2026-06-30,17600.0,"Skydance Corporation operates as a media and entertainment company worldwide. It operates in three segments: Studios, Direct-to-Consumer, and TV Media. The company operates CBS Television Network, a domestic broadcast television network; CBS Stations, a television station; international free-to-air networks comprising Network 10, Channel 5, Telefe, and Chilevisión; and domestic premium and basic c"
SLB,2026-10-10,72.6,23.6,15.3,2.79,2.41,5.0,-29.7,17.0,12.7,12.9,0.84,4.7,62.38,buy,29.0,2026-10-23,2026-06-30,109000.0,"SLB N.V. engages in the provision of technology for the energy industry worldwide. The company operates through four divisions: Digital & Integration, Reservoir Performance, Well Construction, and Production Systems. The company provides field development and hydrocarbon production, carbon management, and integration of adjacent energy systems; reservoir interpretation and data processing services"
SLV,2026-10-10,,,,2.57,0.0,,,,,,,,,,,,,,"The Trust seeks to reflect such performance before payment of the Trust's expenses and liabilities. It is not actively managed. The Trust does not engage in any activities designed to obtain a profit from, or to ameliorate losses caused by, changes in the price of silver."
SMCI,2026-10-10,27.1,12.8,7.9,2.68,0.0,93.2,434.7,10.8,13.4,21.5,2.01,16.1,41.87,hold,15.0,2026-11-03,2026-06-30,7000.0,"Super Micro Computer, Inc., together with its subsidiaries, develops and sells server and storage solutions based on modular and open-standard architecture in the United States, Asia, Europe, and internationally. The company offers liquid and air-cooled AI servers for training and inferencing with integrated graphics processing units (GPUs) or PCIe based architectures; SuperBlade, MicroBlade, Flex"
SMH,2026-10-10,,41.2,,,18.0,,,,,,,,,,,,,,The fund normally invests at least 80% of its total assets in securities that comprise the fund's benchmark index. The index includes common stocks and depositary receipts of U.S. exchange-listed companies in the semiconductor industry. Such companies may include medium-capitalization companies and foreign companies that are listed on a U.S. exchange. The fund is non-diversified.
SNA,2026-10-10,18.6,18.4,16.8,3.09,2.72,4.2,5.1,51.8,25.4,17.9,0.7,8.2,414.89,buy,9.0,2026-10-22,2026-07-04,13000.0,"Snap-on Incorporated manufactures and markets tools, equipment, diagnostics, and repair information and systems solutions for professional users worldwide. It operates through Commercial & Industrial Group, Snap-on Tools Group, Repair Systems & Information Group, and Financial Services segments. The company offers hand tools, such as wrenches, sockets, ratchet wrenches, pliers, screwdrivers, punch"
SNDK,2026-10-10,228.6,21.8,5.9,14.98,0.0,371.6,,71.5,78.5,91.6,,6.1,2173.0,buy,24.0,2026-10-29,2026-07-03,11100.0,"Sandisk Corporation develops, manufactures, and sells data storage devices and solutions using NAND flash technology in the Americas, Europe, the Middle East, Africa, Asia, and internationally. The company provides solid state drives for desktop and notebook PCs, gaming consoles, and set top boxes; and flash-based embedded storage products for mobile phones, tablets, notebook PCs and other portabl"
SNPS,2026-10-10,97.7,87.9,27.4,3.14,0.0,42.4,89.3,82.9,14.5,3.7,1.21,3.0,570.57,strong_buy,25.0,2026-08-26,2026-07-31,28000.0,"Synopsys, Inc. provides design IP solutions in the semiconductor and electronics industries. It operates in two segments, Design Automation and Design IP. The company offers Digital and Custom IC Design solution that provides digital design implementation solutions; Verification solution that offers virtual prototyping, static and formal verification, simulation, emulation, field programmable gate"
SO,2026-10-10,99.1,20.8,17.5,2.51,3.53,0.1,30.4,48.3,29.6,11.5,0.3,2.5,98.13,hold,19.0,2026-11-05,2026-06-30,29502.0,"The Southern Company, through its subsidiaries, engages in the sale of electricity. The company offers electric service to retail customers and wholesale customers; and energy-related products and services to natural gas choice markets. It also develops, constructs, acquires, owns, operates, and manages power generation assets, as well as battery energy storage projects; sells electricity at marke"
SOLV,2026-10-10,14.9,10.7,12.1,3.09,0.0,2.2,3.9,54.8,9.8,34.0,0.7,3.4,94.31,buy,13.0,2026-11-05,2026-06-30,20584.0,"Solventum Corporation, a healthcare company, develops, manufactures, and commercializes a portfolio of solutions to address critical customer and patient needs in the United States and internationally. It operates through three segments: Medsurg, Dental Solutions, and Health Information Systems. The Medsurg segment offers solutions, such as negative pressure wound therapy, advanced wound dressings"
SONY,2026-10-10,140.8,19.9,20.3,2.68,0.67,8.2,47.6,32.2,16.7,13.2,0.81,0.2,29.5,buy,4.0,2026-11-05,2026-06-30,94900.0,"Sony Group Corporation develops, designs, produces, manufactures, supplies, and sells electronic equipment, instruments, and devices for consumer, professional, and industrial use in Japan, the United States, Europe, China, the Asia-Pacific, and internationally. The company operates through Game & Network Services, Music, Pictures, Entertainment Technology & Services, and Imaging & Sensing Solutio"
SOXL,2026-10-10,,46.5,,,6.0,,,,,,,,,,,,,,"The fund invests at least 80% of its net assets in financial instruments, such as swap agreements, securities of the index, and ETFs that track the index, that, in combination, provide 3X daily leveraged exposure to the index, consistent with the fund's investment objective. The index is a rules-based, modified float-adjusted market capitalization-weighted index that tracks the performance of the "
SOXX,2026-10-10,,41.1,,1.32,22.0,,,,,,,,,,,,,,"The fund generally will invest at least 80% of its assets in the component securities of its index and in investments that have economic characteristics that are substantially identical to the component securities of its index and may invest up to 20% of its assets in certain futures, options and swap contracts, cash and cash equivalents. The fund is non-diversified."
SPG,2026-10-10,75.7,14.1,29.4,14.68,4.46,19.5,-12.5,81.4,46.0,120.5,1.33,3.4,233.5,buy,18.0,2026-11-05,2026-06-30,3100.0,"Simon Property Group, Inc. is a self-administered and self-managed real estate investment trust (REIT). Simon Property Group, L.P., or the Operating Partnership, is our majority-owned partnership subsidiary that owns all of our real estate properties and other assets. In this package, the terms Simon, we, our, or the Company refer to Simon Property Group, Inc., the Operating Partnership, and its s"
SPGI,2026-10-10,120.2,24.8,20.2,3.82,0.96,10.4,17.7,70.9,44.8,14.3,1.09,2.2,518.52,strong_buy,21.0,2026-10-27,2026-06-30,44500.0,"S&P Global Inc., together with its subsidiaries, provides benchmarks, data, analytics, and workflow solutions in the global capital, energy and commodity, and automotive markets. It operates through four segments: S&P Global Market Intelligence, S&P Global Ratings, S&P Global Energy, and S&P Dow Jones Indices. The S&P Global Market Intelligence segment provides multi-asset-class data and analytics"
SPY,2026-10-10,,25.2,,1.81,0.99,,,,,,,,,,,,,,"The trust seeks to achieve its investment objective by holding a portfolio of the common stocks that are included in the index (the “Portfolio”), with the weight of each stock in the Portfolio substantially corresponding to the weight of such stock in the index."
SRE,2026-10-10,53.2,23.5,14.7,1.63,3.3,-0.1,71.3,44.0,28.3,6.7,0.56,1.9,99.92,buy,18.0,2026-11-04,2026-06-30,15938.0,"Sempra engages in the regulated utilities business in the United States and Mexico. It operates through three segments: Sempra California, Sempra Texas Utilities, and Sempra Infrastructure. It also invests in and operates electric and gas utilities and other energy infrastructure that provides energy services to customers. The Sempra California segment provides natural gas and electric services to"
STE,2026-10-10,20.9,25.8,17.5,2.9,1.22,7.3,14.0,44.4,19.2,11.4,0.93,2.9,263.12,buy,8.0,2026-11-04,2026-06-30,17937.0,"STERIS plc provides infection prevention products and services in the United States, Ireland, and internationally. It operates through three segments: Healthcare, Applied Sterilization Technologies, and Life Sciences. The company offers cleaning chemistries and sterility assurance products, automated endoscope reprocessing system and tracking products, endoscopy accessories, instruments, washers, "
STLD,2026-10-10,34.2,21.2,11.7,3.63,0.91,33.4,83.6,14.7,11.5,17.6,1.49,3.3,270.96,buy,14.0,2026-10-19,2026-06-30,14400.0,"Steel Dynamics, Inc., together with its subsidiaries, operates as a steel producer and metal recycler in the United States. It operates through four segments: Steel Operations, Metals Recycling Operations, Steel Fabrication Operations, and Aluminum Operations. The Steel Operations segment offers hot rolled, cold rolled, and coated steel products; parallel flange beams and channel sections, large u"
STT,2026-10-10,48.1,15.4,11.3,2.01,2.1,18.4,68.2,0.0,34.3,12.4,1.42,1.9,198.7,buy,15.0,2026-10-14,2026-06-30,50596.0,"State Street Corporation provides various financial products and services to institutional investors. It offers custody, accounting, and fund administration services for traditional and alternative assets, as well as multi-asset class investments; recordkeeping, client reporting, and investment book of record, transaction management, loans, cash, derivatives, and collateral services; investor serv"
STX,2026-10-10,178.0,56.3,13.9,81.95,0.37,48.5,148.8,45.6,43.1,371.5,2.08,4.6,1142.17,strong_buy,23.0,2026-10-27,2026-07-03,30000.0,"Seagate Technology Holdings plc engages in providing data storage solutions in Singapore, the United States, the Netherlands, and internationally. The company offers External and internal hard drives; external and internal solid-state drives (SSDs); enterprise hard drives and SSDs; data storage systems; network attached storage (NAS) hard drives; video and analytics hard drives; and hyperscale and"
STZ,2026-10-10,20.8,11.0,10.1,2.55,3.33,6.1,25.3,52.7,32.5,24.0,,5.7,153.91,buy,23.0,2026-10-06,2026-08-31,9400.0,"Constellation Brands, Inc., together with its subsidiaries, produces, imports, markets, and sells beer, wine, and spirits in the United States, Canada, Mexico, New Zealand, and Italy. It offers beer under the Corona Extra, Corona Familiar, Corona Sunbrew, Corona Light, Corona Non-Alcoholic, Corona Premier, Modelo Especial, Modelo Chelada, Modelo Negra, Modelo Spiked Aguas Frescas, Modelo Oro, Mode"
SW,2026-10-10,21.7,43.5,12.0,1.2,4.38,1.1,,18.2,5.5,2.7,0.91,5.2,56.72,strong_buy,16.0,2026-10-28,2026-06-30,96000.0,"Smurfit Westrock Plc, together with its subsidiaries, manufactures, distributes, and sells containerboard, corrugated containers, and other paper-based packaging products in North America, South America, Europe, Asia, Africa, Australia, and internationally. The company produces containerboard and paperboard; packaging of corrugated containers; consumer packaging; and offers solid board, kraft pape"
SWK,2026-10-10,13.4,21.7,14.0,1.49,3.77,0.4,247.8,32.2,8.4,6.9,1.17,5.4,101.09,buy,11.0,2026-11-04,2026-07-04,41000.0,"Stanley Black & Decker, Inc. provides hand tools, power tools, outdoor products, and related accessories in the United States, Canada, Other Americas, Europe, and Asia. Its Tools & Outdoor segment offers professional grade corded and cordless electric power tools and equipment, including drills, impact wrenches and drivers, grinders, saws, routers, concrete prep and placement tools, and sanders; p"
SWKS,2026-10-10,18.0,39.6,13.4,2.0,0.0,-3.1,-68.6,40.7,8.8,5.1,1.48,34.4,75.12,hold,17.0,2026-11-03,2026-07-03,10000.0,"Skyworks Solutions, Inc., together with its subsidiaries, develops, manufactures, and markets analog and mixed-signal semiconductor products and solutions in the United States, Taiwan, China, South Korea, Europe, the Middle East, Africa, and the Asia Pacific. The company offers amplifiers, antenna tuners, attenuators, automotive tuners and digital radios, wireless ASoC, DC/DC converters, demodulat"
SYF,2026-10-10,23.7,7.5,7.0,1.56,1.89,0.6,3.6,0.0,50.2,20.8,1.34,7.7,88.48,buy,23.0,2026-10-20,2026-06-30,20000.0,"Synchrony Financial, together with its subsidiaries, operates as a consumer financial services company in the United States. The company provides credit products, such as credit cards, commercial credit products, and consumer installment loans. It also offers private label credit cards, dual and general purpose co-branded cards, short- and long-term installment loans, and consumer banking products"
SYK,2026-10-10,106.4,28.7,16.6,4.43,1.28,9.4,44.1,65.6,27.0,16.5,0.78,2.1,366.15,buy,26.0,2026-10-29,2026-06-30,56000.0,"Stryker Corporation operates as a medical technology company in the United States and internationally. It operates through two segments, MedSurg and Neurotechnology, and Orthopaedics. The MedSurg and Neurotechnology segment offers surgical equipment, patient and caregiver safety technologies, navigation systems, endoscopic and communications systems, patient handling, emergency medical equipment a"
SYY,2026-10-10,38.4,21.3,14.6,14.03,2.86,4.7,5.3,18.5,4.8,77.7,0.64,2.9,90.83,buy,12.0,2026-11-03,2026-06-27,75000.0,"Sysco Corporation, through its subsidiaries, engages in the sale, marketing, and distribution of food and related products to restaurants, healthcare and educational facilities, lodging establishments, and other foodservice customers. It operates through U.S. Foodservice Operations, International Foodservice Operations, SYGMA, and Other segments. The company distributes frozen food, such as meats,"
T,2026-10-10,152.0,7.3,8.6,1.38,4.46,2.3,6.2,59.7,24.8,18.3,0.44,1.9,28.77,buy,24.0,2026-10-21,2026-06-30,133030.0,"AT&T Inc. provides telecommunications and technology services worldwide. It operates through two segments, Communications and Latin America. The Communications segment offers wireless voice and data communications services; and sells handsets, wireless data cards, wireless computing devices, carrying cases/protective covers, and wireless chargers through its own company-owned stores, agents, and t"
TDG,2026-10-10,62.0,33.6,22.9,-6.6,0.0,22.5,10.9,59.8,46.0,,0.94,2.6,1475.55,buy,20.0,2026-11-05,2026-06-27,16500.0,"TransDigm Group Incorporated designs, produces, and supplies aircraft components in the United States and internationally. The Power & Control segment offers mechanical/electro-mechanical actuators and controls, ignition systems and engine technology, specialized pumps and valves, power conditioning devices, specialized AC/DC electric motors and generators, batteries and chargers, databus and powe"
TDY,2026-10-10,28.4,29.7,22.9,2.61,0.0,9.8,21.2,43.3,20.2,9.2,0.9,2.3,758.08,buy,12.0,2026-10-21,2026-06-28,15800.0,"Teledyne Technologies Incorporated provides enabling technologies for industrial growth markets in the United States, Europe, Asia, and internationally. The Digital Imaging segment provides visible spectrum sensors and digital cameras; and infrared, ultraviolet, visible, and X-ray spectrum products, as well as micro-electromechanical systems and semiconductors, such as analog-to-digital and digita"
TECH,2026-10-10,11.4,62.5,31.3,5.37,0.44,1.3,,66.2,27.9,9.0,1.29,4.2,70.5,hold,10.0,2026-11-09,2026-06-30,3000.0,"Bio-Techne Corporation, together with its subsidiaries, develops, manufactures, and sells life science reagents, instruments, and services for the research, diagnostics, and bioprocessing markets worldwide. It operates through two segments, Protein Sciences, and Diagnostics and Spatial Biology. The Protein Sciences segment develops and manufactures biological reagents used in various aspects of li"
TEL,2026-10-10,63.3,21.4,16.8,4.78,1.46,13.8,19.2,36.1,20.8,23.3,1.14,3.3,249.42,buy,19.0,2026-10-28,2026-06-26,90000.0,"TE Connectivity plc, together with its subsidiaries, manufactures and sells connectivity and sensor solutions in Europe, the Middle East, Africa, the AsiaPacific, and the Americas. The company operates through two reportable segments, Transportation Solutions and Industrial Solutions. It provides antennas, application tooling, cable assemblies, connectors, electromagnetic compatibility/electromag"
TER,2026-10-10,63.0,55.3,34.6,18.33,13.0,103.9,385.8,59.2,33.2,36.5,1.75,6.0,446.47,buy,15.0,2026-10-21,2026-06-28,6600.0,"Teradyne, Inc. engages in the design, development, manufacture, and sale of automated test systems and robotics products in the United States, Asia Pacific, Europe, the Middle East, and Africa. The company operates through Semiconductor Test, Robotics, and Other segments. The Semiconductor Test segment offers products and services for wafer level and device package testing, and system level testin"
TFC,2026-10-10,56.3,10.6,9.3,0.96,4.5,8.2,36.7,0.0,39.8,9.1,0.91,2.2,54.03,hold,19.0,2026-10-16,2026-06-30,37849.0,"Truist Financial Corporation, a financial services company, provides banking and trust services in the Southeastern and Mid-Atlantic United States. The company operates through two segments, Consumer and Small Business Banking; and Wholesale Banking. Its deposit products include noninterest-bearing checking, interest-bearing checking, savings, and money market deposit accounts, as well as certific"
TGT,2026-10-10,69.8,16.1,16.1,3.91,3.0,5.3,100.5,28.4,6.0,26.4,0.98,3.7,164.68,buy,34.0,2026-11-18,2026-08-01,400000.0,"Target Corporation operates as a general merchandise retailer in the United States. It offers apparel for women, men, young adults, kids, toddlers, and babies, as well as jewelry, accessories, and shoes; and beauty products, such as skin and bath care, cosmetics, hair care, oral care, deodorant, and shaving products. The company also provides food and beverage products comprising dry and perishabl"
TJX,2026-10-10,153.3,25.7,24.0,14.35,1.38,5.4,23.6,31.5,10.9,62.2,0.56,1.7,169.8,none,20.0,2026-11-18,2026-08-01,377000.0,"The TJX Companies, Inc., together with its subsidiaries, operates as an off-price apparel and home fashions retailer worldwide. It operates through four segments: Marmaxx, HomeGoods, TJX Canada, and TJX International. The company provides family apparel comprising footwear; accessories, such as beauty and jewelry; home fashion products, including home basics, decorative accessories and giftware, a"
TKO,2026-10-10,33.7,62.5,38.0,3.9,1.77,18.2,14.4,59.5,32.4,7.1,0.69,12.6,231.42,strong_buy,19.0,2026-11-04,2026-06-30,4000.0,"TKO Group Holdings, Inc. operates as a sports and entertainment company. The company operates through three segments: UFC, WWE and IMG. The UFC segment distributes programming content; ticket sales and site fees associated with the business's global live events; partnerships and marketing; and consumer products licensing agreements of UFC-branded products. The WWE segment consists of media rights "
TLT,2026-10-10,,,-3899.0,0.52,5.0,,,,,,,,,,,,,,"The underlying index consists of publicly-issued U.S. Treasury securities that have a remaining maturity greater than twenty years and have $300 million or more of outstanding face value, excluding amounts held by the Federal Reserve System (the “Fed”). The fund will invest at least 80% of its assets in the component securities of the underlying index, and the fund will invest at least 90% of its "
TM,2026-10-10,219.4,8.1,11.7,14.7,3.37,10.4,86.9,16.8,7.9,12.4,0.38,0.1,234.08,none,4.0,2026-11-05,2026-06-30,367990.0,"Toyota Motor Corporation designs, manufactures, assembles, and sells passenger vehicles, minivans and commercial vehicles, and related parts and accessories in Japan, North America, Europe, Asia, Central and South America, Oceania, Africa, the Middle East, and internationally. The company operates through Automotive, Financial Services, and All Other segments. The company offers subcompact and com"
TMO,2026-10-10,243.3,35.4,23.9,4.62,29.0,10.5,9.4,41.0,18.8,13.5,0.88,1.4,667.96,strong_buy,25.0,2026-10-21,2026-06-27,125000.0,"Thermo Fisher Scientific Inc. provides life sciences solutions, analytical instruments, specialty diagnostics, and laboratory products and biopharma services internationally. It operates through four segments: Life Sciences Solutions, Analytical Instruments, Specialty Diagnostics, and Laboratory Products and Biopharma Services. The Life Sciences Solutions segment includes reagents, instruments, an"
TMUS,2026-10-10,159.4,15.5,10.3,2.84,2.73,7.9,5.3,63.1,25.2,18.0,0.32,3.8,241.24,buy,25.0,2026-10-28,2026-06-30,75000.0,"T-Mobile US, Inc., together with its subsidiaries, provides wireless communications services in the United States, Puerto Rico, and the United States Virgin Islands. The company offers voice, messaging, and data services to postpaid, prepaid, and wholesale and other services customers. It also provides wireless devices, including smartphones, wearables, tablets, home broadband gateways, headsets, "
TPL,2026-10-10,24.9,45.6,4.9,16.0,0.67,31.2,32.7,93.3,78.2,36.6,0.59,9.0,443.0,none,2.0,2026-11-04,2026-06-30,114.0,"Texas Pacific Land Corporation engages in the land and resource management, and water services and operations businesses. The Land and Resource Management segment manages surface acres of land, and oil and gas royalty interest in Permian Basin. This segment also engages in easements, such as transporting oil, gas and related hydrocarbons, power line and utility, and subsurface wellbore easements. "
TPR,2026-10-10,23.1,15.9,13.1,33.65,1.63,8.9,,76.6,19.8,197.1,1.43,9.4,166.5,none,20.0,2026-11-05,2026-06-27,12600.0,"Tapestry, Inc. provides accessories and lifestyle brand products in North America, Greater China, rest of Asia, and internationally. The company operates in two segments, Coach and Kate Spade. It offers handbags, fashion designs, business cases, computer bags, messenger style bags, backpacks, travel bags, and totes; accessories, such as small leather goods which includes mini and micro handbags, m"
TQQQ,2026-10-10,,33.0,,,0.62,,,,,,,,,,,,,,"The fund invests in financial instruments that ProShare Advisors believes, in combination, should produce daily returns consistent with the Daily Target. The index is designed to measure the performance of 100 of the largest Nasdaq-listed non-financial companies. Under normal circumstances, the fund will obtain leveraged exposure to at least 80% of its total assets in components of the index or in"
TRGP,2026-10-10,61.5,27.4,23.8,19.63,1.73,4.2,23.3,43.2,27.8,70.8,0.8,3.1,325.95,strong_buy,21.0,2026-11-05,2026-06-30,3570.0,"Targa Resources Corp., together with its subsidiaries, owns, operates, acquires, and develops a portfolio of complementary domestic infrastructure assets in North America. It operates in two segments, Gathering and Processing, and Logistics and Transportation. The company is involved in gathering, compressing, treating, processing, transporting, and selling natural gas; storing, fractionating, tre"
TRMB,2026-10-10,14.0,,14.5,2.74,0.0,11.0,,71.8,15.1,-1.9,1.34,4.4,79.5,strong_buy,10.0,2026-11-04,2026-07-03,11500.0,"Trimble Inc. offers technology solutions and platform that enable office professionals and field workers to connect workflows and industry lifecycles in North America, Europe, the Asia Pacific, and internationally. The company provides architecture and interior design; building information modeling, engineering, and virtual design and construction; and construction and owner software products. It "
TROW,2026-10-10,22.4,10.5,10.3,2.04,5.0,10.7,28.6,51.6,28.7,19.4,1.47,14.9,107.08,hold,13.0,2026-10-29,2026-06-30,7544.0,"T. Rowe Price Group, Inc. is a publicly owned investment manager. The firm provides its services to individuals, institutional investors, retirement plans, financial intermediaries, and institutions. It launches and manages equity and fixed income mutual funds. The firm invests in the public equity and fixed income markets across the globe. It employs fundamental and quantitative analysis with a b"
TRV,2026-10-10,76.9,9.9,12.1,2.32,1.39,0.3,57.1,34.7,23.7,26.5,0.44,3.3,360.08,hold,24.0,2026-10-16,2026-06-30,34000.0,"The Travelers Companies, Inc., through its subsidiaries, provides a range of commercial and personal property, and casualty insurance products and services to businesses, government units, associations, and individuals in the United States, Canada, and internationally. It operates through three segments: Business Insurance, Bond & Specialty Insurance, and Personal Insurance. The Business Insurance"
TSCO,2026-10-10,17.6,17.6,16.5,6.71,2.95,2.3,-15.0,36.5,12.1,39.5,0.51,8.6,35.48,none,27.0,2026-10-22,2026-06-27,54000.0,"Tractor Supply Company operates as a rural lifestyle retailer in the United States. The company provides various merchandise, including livestock and equine feed and equipment, poultry, fencing, and sprayers and chemicals; companion animal products, such as food, treats, and equipment for dogs, cats, and other small animals, as well as dog wellness products; seasonal and recreation products compri"
TSLA,2026-10-10,1511.5,354.4,174.9,17.4,0.0,25.5,-3.0,18.9,1.4,4.7,1.92,1.9,392.42,buy,37.0,2026-10-21,2026-06-30,134785.0,"Tesla, Inc. designs, develops, manufactures, leases, and sells electric vehicles, and energy generation and storage systems in the United States, China, and internationally. The company operates in two segments, Automotive; and Energy Generation and Storage. The company offers electric vehicles, as well as sells automotive regulatory credits; and non-warranty maintenance services and collision, au"
TSM,2026-10-10,2351.1,33.3,20.7,93.33,0.8,36.0,77.4,64.2,60.3,40.0,1.24,0.6,555.01,strong_buy,20.0,2026-10-15,2026-06-30,76907.0,"Taiwan Semiconductor Manufacturing Company Limited, together with its subsidiaries, manufactures, packages, tests, and sells integrated circuits and other semiconductor devices in Taiwan, China, Europe, the Middle East, Africa, Japan, the United States, and internationally. It provides various wafer fabrication processes, such as processes to manufacture complementary metal- oxide-semiconductor (C"
TSN,2026-10-10,18.8,32.4,13.1,1.04,3.9,-0.1,204.1,6.6,2.7,3.3,0.4,3.4,63.42,hold,12.0,2026-11-16,2026-06-27,133000.0,"Tyson Foods, Inc., together with its subsidiaries, operates as a food company worldwide. It operates through four segments: Beef, Pork, Chicken, and Prepared Foods. The company processes live fed cattle and hogs; fabricates dressed beef and pork carcasses into primal and sub-primal meat cuts, as well as case ready beef and pork, and fully cooked meats; raises and processes chickens into fresh, fro"
TT,2026-10-10,104.9,35.5,27.1,12.19,0.89,10.6,7.1,35.4,19.3,36.6,1.16,1.5,526.67,buy,22.0,2026-10-29,2026-06-30,44000.0,"Trane Technologies plc designs, manufactures, sells, and services of solutions for heating, ventilation, air conditioning, and custom and transport refrigeration. It offers air conditioners, exchangers, and handlers; airside and terminal devices; air sourced heat pumps; chillers; coils and condensers; auxiliary power, cold storage, and condensing units; controls contracting and commissioning, deca"
TTWO,2026-10-10,39.9,,20.7,11.06,0.0,2.0,,57.1,0.5,-9.0,0.97,4.4,286.44,strong_buy,29.0,2026-11-09,2026-06-30,12909.0,"Take-Two Interactive Software, Inc. develops, publishes, and markets interactive entertainment solutions for consumers worldwide. The company develops and publishes action/adventure products under the Grand Theft Auto, LA Noire, Max Payne, Midnight Club, and Red Dead Redemption names, as well as other franchises. It also publishes various entertainment properties across various platforms and a ran"
TWLO,2026-10-10,44.5,40.0,42.6,4.95,0.0,22.0,4671.5,48.6,7.8,13.5,1.36,4.6,263.04,buy,28.0,2026-10-29,2026-06-30,5492.0,"Twilio Inc., together with its subsidiaries, provides customer engagement platform solutions in the United States and internationally. The company provides various application programming interfaces and software solutions for communications between customers and end users, including messaging, voice, email, video interactions, digital engagement centers, marketing campaigns, and user authenticatio"
TXN,2026-10-10,259.1,43.9,26.7,14.39,2.1,22.8,51.8,58.3,42.6,35.2,1.34,2.4,324.71,buy,31.0,2026-10-21,2026-06-30,33000.0,"Texas Instruments Incorporated designs, manufactures, and sells semiconductors to electronics designers and manufacturers in the United States, China, the rest of Asia, Europe, the Middle East, Africa, Japan, and internationally. It operates through Analog and Embedded Processing segments. The Analog segment offers power products to manage power requirements across various voltage levels, includin"
TXT,2026-10-10,12.9,13.8,10.3,1.58,11.0,3.0,5.2,17.6,8.7,12.1,0.91,5.0,100.6,buy,15.0,2026-10-29,2026-07-04,34000.0,"Textron Inc. operates in the aircraft, defense, industrial, and finance businesses worldwide. It operates in six segments: Textron Aviation, Bell, Textron Systems, Industrial, Textron eAviation, and Finance. The Textron Aviation segment manufactures, sells, and services business jets, turboprop and piston engine aircraft, and military trainer and defense aircraft, as well as offers maintenance, in"
TYL,2026-10-10,13.5,43.6,21.5,4.44,0.0,8.2,15.5,47.2,14.7,9.7,0.85,9.6,424.77,buy,22.0,2026-10-28,2026-06-30,7879.0,"Tyler Technologies, Inc. provides integrated software and technology management solutions for the public sector in the United States. It operates in two segments, Enterprise Software and Platform Technologies. The company designs, develops, markets, and supports a range of software solutions to serve mission-critical back-office functions. It also offers platform and transformative technology solu"
UAL,2026-10-10,34.9,10.1,7.4,2.09,0.0,16.0,-17.2,31.8,5.5,23.3,1.3,5.7,153.7,strong_buy,23.0,2026-10-20,2026-06-30,117500.0,"United Airlines Holdings, Inc., through its subsidiaries, provides air transportation services in the United States, Canada, Atlantic, the Pacific, and Latin America. It transports people and cargo through its mainline and regional fleets. The company also offers ground handling, flight academy, frequent flyer award non-travel redemptions, and maintenance services for third parties. In addition, i"
UBER,2026-10-10,146.1,15.7,16.2,5.34,0.0,12.2,85.5,40.8,13.3,37.2,1.26,2.3,100.86,buy,46.0,2026-11-04,2026-06-30,36600.0,"Uber Technologies, Inc. develops and operates proprietary technology applications in the United States, Canada, Latin America, Europe, the Middle East, Africa, and the Asia Pacific. The company operates through three segments: Mobility, Delivery, and Freight. The Mobility segment connects consumers with a range of transportation modalities, such as ridesharing, carsharing, micromobility, rentals, "
UDR,2026-10-10,12.6,21.6,60.9,3.79,5.22,-0.1,90.9,66.6,20.2,13.7,0.71,4.2,41.26,buy,21.0,2026-10-28,2026-06-30,1420.0,"UDR, Inc. is a S&P 500 company, is a leading multifamily real estate investment trust with a demonstrated performance history of delivering superior and dependable returns by successfully managing, buying, selling, developing and redeveloping attractive real estate properties in targeted U.S. markets. As of June 30, 2026, UDR owned or had an ownership position in 60,259 apartment homes, including "
UHS,2026-10-10,10.5,7.2,7.4,1.39,0.46,8.3,10.1,44.6,11.1,20.9,1.03,6.6,194.94,buy,17.0,2026-10-27,2026-06-30,102000.0,"Universal Health Services, Inc., through its subsidiaries, owns and operates acute care hospitals, and outpatient and behavioral health care facilities in the United States. It operates through Acute Care Hospital Services and Behavioral Health Care Services segments. The company's hospitals offer general and specialty surgery, internal medicine, obstetrics, emergency room care, radiology, oncolog"
ULTA,2026-10-10,24.4,20.8,17.8,9.23,0.0,8.9,13.3,43.1,12.5,46.1,0.84,5.7,631.44,buy,25.0,2026-12-03,2026-08-01,21382.0,"Ulta Beauty, Inc. operates as a specialty beauty retailer in the United States, Mexico, and Kuwait. The company offers branded and private label beauty products, including cosmetics, fragrance, haircare, skincare, bath and body products, professional hair products, and salon styling tools through its Ulta Beauty stores, shop-in-shops, Ulta.com website, and its mobile applications. It also provides"
UMC,2026-10-10,57.6,21.7,26.1,4.13,1.72,17.0,374.6,30.6,21.7,21.3,1.71,1.6,13.4,underperform,3.0,2026-10-28,2026-06-30,20000.0,"United Microelectronics Corporation operates as a semiconductor wafer foundry in Taiwan, China, Hong Kong, Japan, Korea, the United States, Europe, and internationally. It manufactures and sells integrated circuits. The company offers circuit design; mask tooling; wafer fabrication; and assembly and testing services for communication devices, consumer electronics, computer, and other applications."
UNH,2026-10-10,340.5,23.9,16.8,3.49,2.47,0.4,61.5,19.7,7.1,14.2,0.61,1.6,481.72,buy,25.0,2026-10-13,2026-06-30,390000.0,"UnitedHealth Group Incorporated operates as a health care company in the United States and internationally. It operates through four segments: Optum Health, Optum Insight, Optum Rx; and UnitedHealthcare. The Optum Health segment provides care delivery, care management, wellness and consumer engagement, and health financial services with patients, consumers, care delivery systems, providers, employ"
UNP,2026-10-10,165.4,22.6,19.6,8.0,2.04,11.5,6.6,56.3,41.0,39.7,0.95,5.1,328.17,buy,24.0,2026-10-22,2026-06-30,28716.0,"Union Pacific Corporation, through its subsidiary, Union Pacific Railroad Company, operates in the railroad business in the United States. It offers transportation services for grain and grain products, fertilizers, food and refrigerated products, and coal and renewables to grain processors, animal feeders, and ethanol and renewable biofuel producers; and construction products, industrial chemical"
UPS,2026-10-10,80.5,17.5,11.7,5.34,7.11,7.6,-53.0,22.4,9.1,29.6,1.05,3.4,114.27,buy,26.0,2026-10-27,2026-06-30,460000.0,"United Parcel Service, Inc., a package delivery and logistics provider, offers transportation and delivery services. It operates through two segments, U.S. Domestic Package and International Package. The U.S. Domestic Package segment offers time-definite delivery services for express letters, documents, packages and palletized freight through air and ground services. The International Package segm"
URI,2026-10-10,65.8,25.4,18.4,7.14,0.75,11.8,25.5,38.5,26.0,28.9,1.83,2.8,1265.95,buy,21.0,2026-10-21,2026-06-30,28500.0,"United Rentals, Inc., through its subsidiaries, operates as an equipment rental company in the United States, Canada, Europe, Australia, and New Zealand. It operates through two segments, General Rentals and Specialty. The General Rentals segment rents general construction and industrial equipment, such as backhoes, skid-steer loaders, forklifts, earthmoving equipment, and material handling equipm"
USB,2026-10-10,88.9,11.4,9.8,1.47,3.79,10.4,21.6,0.0,39.6,12.6,1.02,1.5,69.0,buy,22.0,2026-10-15,2026-06-30,70000.0,"U.S. Bancorp, a financial services holding company, provides various financial services to individuals, businesses, institutional organizations, governmental entities, and other financial institutions in the United States. The company operates through Wealth, Corporate, Commercial and Institutional Banking; Consumer and Business Banking; Payment Services; and Treasury and Corporate Support segment"
USO,2026-10-10,,44.8,,2.14,0.0,,,,,,,,,,,,,,"USO seeks to achieve its investment objective by investing primarily in futures contracts for light, sweet crude oil, other types of crude oil, diesel-heating oil, gasoline, natural gas, and other petroleum-based fuels."
V,2026-10-10,723.6,32.8,25.7,20.43,0.71,14.4,10.2,97.7,66.1,61.2,0.77,1.1,419.36,strong_buy,37.0,2026-10-27,2026-06-30,34100.0,"Visa Inc. operates as a payment technology company in the United States and internationally. The company operates VisaNet, a transaction processing network that enables authorization, clearing, and settlement of payment transactions. It also offers credit, debit, and prepaid card products; tap to pay, tokenization, and click to pay services; Visa Direct, a platform which facilitates money movement"
VEEV,2026-10-10,47.9,46.7,28.9,6.61,0.0,17.6,39.5,75.0,29.6,14.4,0.93,3.4,295.27,buy,26.0,2026-11-25,2026-07-31,7928.0,"Veeva Systems Inc. provides cloud-based software for the life sciences industry in North America, Europe, the Asia Pacific, the Middle East, Africa, and Latin America. The company offers Veeva Commercial Cloud comprising Veeva Vault CRM Suite for pharmaceutical and biotechnology companies; Veeva Medical that provides source of medical content across multiple channels and geographies; Veeva PromoMa"
VICI,2026-10-10,25.2,8.9,7.7,0.86,8.07,5.7,-41.4,99.3,70.2,9.8,0.67,2.8,31.58,buy,24.0,2026-10-28,2026-06-30,28.0,"VICI Properties Inc. is an S&P 500 experiential real estate investment trust that owns one of the largest portfolios of market-leading gaming, hospitality, wellness, entertainment and leisure destinations, including Caesars Palace Las Vegas, MGM Grand and the Venetian Resort Las Vegas, three of the most iconic entertainment facilities on the Las Vegas Strip. VICI Properties owns 103 experiential a"
VLO,2026-10-10,124.9,18.1,10.1,5.0,1.13,51.7,453.5,16.1,12.3,27.6,0.59,3.9,380.0,buy,19.0,2026-10-22,2026-06-30,9785.0,"Valero Energy Corporation manufactures, markets, and sells petroleum-based and low-carbon liquid transportation fuels and petrochemical products in the United States, Canada, the United Kingdom, Ireland, Latin America, Mexico, Peru, and internationally. It operates through three segments: Refining, Renewable Diesel, and Ethanol. The company produces California Reformulated Gasoline Blendstock for "
VLTO,2026-10-10,23.6,24.4,20.3,7.64,0.54,7.5,10.1,60.2,21.4,34.3,0.78,3.1,114.0,buy,15.0,2026-10-21,2026-07-03,17000.0,"Veralto Corporation provides water analytics, water treatment, marking and coding, and packaging and color solutions worldwide. It operates through two segments, Water Quality (WQ) and Product Quality & Innovation (PQI). The WQ segment offers precision instrumentation and water treatment technologies to measure, analyze, and treat water in residential, commercial, municipal, industrial, research, "
VMC,2026-10-10,31.7,28.8,23.4,3.74,0.85,2.5,2.7,27.5,21.6,13.2,1.05,4.9,315.22,buy,23.0,2026-10-29,2026-06-30,11548.0,"Vulcan Materials Company produces and supplies construction aggregates in the United States. It operates through three segments: Aggregates, Asphalt, and Concrete. The company provides crushed stone, sand and gravel, sand, and other aggregates for use in construction and maintenance of highways, streets, and other public works, as well as in the construction of housing and commercial, industrial, "
VMRK,2026-10-10,47.3,23.4,41.6,,4.68,3.3,,62.3,29.5,8.5,0.57,2.7,73.44,buy,19.0,2026-11-04,2026-06-30,,"Vivmark Residential focused on building, buying, and managing high-quality apartment communities across major U.S. metro areas. The company owns or held investments in more than 184,000 rental apartments across premier U.S. markets and over 11,100 apartments under construction. Vivmark Residential based in Chicago, Illinois."
VNQ,2026-10-10,,28.4,,1.56,3.8,,,,,,,,,,,,,,"The fund invests at least 80% of its net assets, plus the amount of any borrowings for investment purposes, in the stocks that make up the Target Index. The advisor attempts to track the index by investing all, or substantially all, of its assets-either directly or indirectly through a wholly owned subsidiary. The fund is non-diversified."
VOO,2026-10-10,,25.2,,1.83,1.06,,,,,,,,,,,,,,"The fund manager employs an indexing investment approach designed to track the performance of the Standard & Poor's 500 Index, a widely recognized benchmark of U.S. stock market performance that is dominated by the stocks of large U.S. companies. The advisor attempts to replicate the target index by investing all, or substantially all, of its assets in the stocks that make up the index, holding ea"
VRSK,2026-10-10,23.3,27.3,20.4,-19.93,1.14,4.4,-3.4,70.2,45.1,,0.69,4.1,234.76,buy,17.0,2026-11-05,2026-06-30,8000.0,"Verisk Analytics, Inc. engages in the provision of data analytics and technology solutions to the insurance industry in the United States and internationally. The company offers underwriting solutions, including forms, rules, and loss costs services that provides policy language, prospective loss costs, policy writing and rating rules, and underwriting solutions for risk selection and segmentation"
VRSN,2026-10-10,27.5,33.0,27.5,-12.18,1.09,6.0,7.7,88.5,68.2,,0.69,2.2,324.4,buy,5.0,2026-10-22,2026-06-30,926.0,"VeriSign, Inc., together with its subsidiaries, provides internet infrastructure and domain name registry services that enables internet navigation for various recognized domain names worldwide. The company provides root zone maintainer services, operating two of thirteen internet root servers; and offering registration services and authoritative resolution for the .com and .net domains, which sup"
VRT,2026-10-10,93.5,54.9,26.5,19.64,10.0,24.1,53.0,38.0,20.4,43.9,2.05,3.7,337.43,strong_buy,28.0,2026-10-21,2026-06-30,34000.0,"Vertiv Holdings Co designs, manufactures, and services critical digital infrastructure technologies and life cycle services for data centers, communication networks, and commercial and industrial environments in the Americas, the Asia Pacific, Europe, the Middle East, and Africa. The company offers AC and DC power management products, low/medium voltage switchgear, busbar, thermal management produ"
VRTX,2026-10-10,129.2,29.7,25.4,6.38,0.0,12.5,8.0,55.0,38.1,23.5,0.28,2.1,571.39,buy,28.0,2026-11-02,2026-06-30,6400.0,"Vertex Pharmaceuticals Incorporated operates as a biotechnology company in the United States, Europe, and internationally. The company offers transformative medicines for people with serious diseases with a focus on specialty markets, such as cystic fibrosis (CF), sickle cell disease (SCD), transfusion dependent beta thalassemia (TDT), and acute pain. It markets TRIKAFTA/KAFTRIO for people with CF"
VST,2026-10-10,54.2,27.2,15.5,18.05,0.59,-5.5,-6.2,38.3,13.8,43.0,1.38,3.4,210.25,strong_buy,20.0,2026-11-06,2026-06-30,6390.0,"Vistra Corp., together with its subsidiaries, operates as an integrated retail electricity and power generation company in the United States. The company operates through five segments: Retail, Texas, East, West, and Asset Closure. The company retails electricity and natural gas to residential, commercial, and industrial customers across states in the United States and the District of Columbia. It"
VTI,2026-10-10,,24.5,,2.74,1.06,,,,,,,,,,,,,,"The fund manager employs an indexing investment approach designed to track the performance of the CRSP U.S. Total Market Index (the “Target Index”), which represents 100% of the investable U.S. stock market, as determined by the index provider. Under normal circumstances, the fund invests at least 80% of its net assets, plus the amount of any borrowings for investment purposes, in the stocks that "
VTR,2026-10-10,42.1,151.9,103.8,2.87,2.54,21.7,-6.7,40.0,14.8,2.0,0.74,4.4,101.82,buy,22.0,2026-10-27,2026-06-30,542.0,"Ventas, Inc. is an S&P 500 company enabling exceptional environments that benefit a large and growing aging population. With approximately 1,450 properties in North America and the United Kingdom, Ventas occupies an essential role in the longevity economy. The Company's growth is fueled by its more than 900 senior housing communities, which provide valuable services to residents and enable them to"
VTRS,2026-10-10,20.3,,6.6,1.4,2.75,4.9,,40.3,12.6,-2.8,0.86,3.6,19.7,buy,10.0,2026-11-05,2026-06-30,30000.0,"Viatris Inc., together with its subsidiaries, operates as a healthcare company in North America, Europe, China, Taiwan, Hong Kong, Japan, Australia, New Zealand, rest of Asia, Africa, Latin America, and the Middle East. It operates in four segments: Developed Markets, Greater China, JANZ, and Emerging Markets. The company offers prescription brand drugs, generic drugs, complex generic drugs, and b"
VYLR,2026-10-10,52.0,104.5,18.0,1.94,,-1.2,-9.9,49.5,30.1,4.3,0.58,,50.66,buy,4.0,2026-11-11,2026-06-30,21500.0,"Vylor Inc. operates as a seed and genetics company. It delivers a pipeline in the industry's elite germplasm and transformative sciences, such as biotechnology and gene editing. The company was founded in 1802 and is based in Johnston, Iowa."
VYM,2026-10-10,,19.9,,,2.37,,,,,,,,,,,,,,"The fund employs an indexing investment approach designed to track the performance of the the Target Index, which consists of common stocks of companies that pay dividends that generally are higher than average (excluding real estate investment trusts (“REITs”)). Under normal circumstances, it invests at least 80% of its net assets, plus the amount of any borrowings for investment purposes, in the"
VZ,2026-10-10,173.0,10.8,7.9,1.67,6.11,-0.7,-22.0,59.5,23.0,15.8,0.25,2.0,51.12,buy,23.0,2026-10-26,2026-06-30,97600.0,"Verizon Communications Inc., through its subsidiaries, engages in the provision of communications, technology, information, and streaming products and services to consumers, businesses, and governmental entities worldwide. It operates in two segments, Verizon Consumer Group (Consumer) and Verizon Business Group (Business). The Consumer segment provides wireless services across the wireless network"
WAB,2026-10-10,48.2,37.8,22.9,4.3,0.44,17.5,18.9,35.7,19.2,11.6,0.92,2.8,330.25,strong_buy,12.0,2026-10-21,2026-06-30,31000.0,"Westinghouse Air Brake Technologies Corporation provides locomotives, equipment, systems, and services for the freight rail and passenger transit industries worldwide. It operates in two segments, Freight and Transit. It offers diesel-electric and liquid natural gas-powered locomotives; engines, electric motors, and propulsion systems; and marine and mining products. The company also offers positi"
WAT,2026-10-10,42.6,108.7,26.2,2.8,0.0,113.4,,56.3,9.4,1.9,1.15,3.4,455.0,buy,23.0,2026-11-03,2026-07-04,16000.0,"Waters Corporation provides analytical workflow solutions in Asia, the Americas, and Europe. The company operates through two segments, Waters and TA. The company designs, manufactures, sells, and services liquid chromatography, as well as mass spectrometry (MS) technology systems and supports products, including chromatography columns, and other consumable products. It also designs, manufactures,"
WBD,2026-10-07,77.6,,21643.4,2.36,0.0,-11.2,-90.6,47.8,5.1,-8.8,1.54,2.4,30.17,hold,12.0,2026-11-05,2026-06-30,35500.0,"Warner Bros. Discovery, Inc. operates as a media and entertainment company worldwide. It operates through three segments: Streaming, Studios, and Global Linear Networks. The Streaming segment offers streaming services, such as HBO Max and discovery+, and premium pay-TV services, including HBO and certain premium sports streaming products for mobile and connected TV devices. The Studios segment is "
WDAY,2026-10-10,45.0,38.0,14.1,6.96,0.0,12.8,206.0,75.8,11.8,16.0,1.07,8.3,208.0,buy,38.0,2026-08-27,2026-07-31,20896.0,"Workday, Inc. provides enterprise cloud applications in the United States and internationally. The company offers a suite of financial management applications to maintain accounting information; manage financial processes, such as payables and receivables; identify real-time financial, operational, and management insights; perform financial consolidation; reduce time-to-close; promote internal con"
WDC,2026-10-10,148.7,14.8,12.4,18.99,15.0,43.8,984.1,48.9,43.6,130.9,2.17,5.4,673.5,buy,24.0,2026-10-22,2026-07-03,40000.0,"Western Digital Corporation engages in the development, manufacture, and sale of data storage devices and solutions based on hard disk drive (HDD) technology in the United States, Asia, Europe, the Middle East, and Africa. The company offers internal HDDs, data center drives, data center platforms, external drives, portable drives, NAS for home and office, and accessories. It sells its data storag"
WEC,2026-10-10,33.8,20.1,17.3,2.48,3.69,2.6,19.7,41.9,21.8,12.0,0.44,4.8,120.26,buy,17.0,2026-10-29,2026-06-30,7000.0,"WEC Energy Group, Inc., through its subsidiaries, provides regulated natural gas and electricity, and renewable and nonregulated renewable energy services in the United States. The company operates through Wisconsin, Illinois, Other States, Electric Transmission, and Non-Utility Energy Infrastructure segments. It generates and distributes electricity from coal, natural gas, oil, and nuclear, as we"
WELL,2026-10-10,162.5,101.1,70.9,3.49,1.52,39.1,35.6,39.6,16.6,3.8,0.75,2.8,262.05,buy,22.0,2026-10-26,2026-06-30,712.0,"Welltower Inc., an S&P 500 company, is positioned at the center of the silver economy, focusing on rental housing for aging seniors across the United States, United Kingdom, and Canada. Their portfolio of 2,500+ seniors and wellness housing communities are positioned at the intersection of housing and hospitality, creating vibrant communities for mature renters and older adults. They believe our r"
WFC,2026-10-10,252.7,12.1,10.4,1.53,2.44,9.5,25.0,0.0,37.4,12.6,0.95,1.2,99.02,buy,24.0,2026-10-13,2026-06-30,197466.0,"Wells Fargo & Company, a financial services company, provides diversified banking, investment, mortgage, and consumer and commercial finance products and services in the United States and internationally. It operates through four segments: Consumer Banking and Lending; Commercial Banking; Corporate and Investment Banking; and Wealth and Investment Management. The company's financial products and s"
WM,2026-10-10,83.5,29.7,23.0,8.42,1.8,4.0,8.3,40.6,19.0,29.8,0.43,1.5,257.56,buy,25.0,2026-10-27,2026-06-30,60500.0,"Waste Management, Inc., through its subsidiaries, provides environmental solutions to residential, commercial, industrial, and municipal customers in the United States, Canada, Western Europe, and internationally. It offers collection services, including picking up and transporting waste and recyclable materials from where it was generated to a transfer station, recovery facility, or disposal site"
WMB,2026-10-10,88.9,28.8,27.5,6.76,2.9,7.8,51.2,63.6,39.5,21.5,0.66,2.2,85.46,strong_buy,24.0,2026-11-02,2026-06-30,5987.0,"The Williams Companies, Inc., together with its subsidiaries, operates as an energy infrastructure company primarily in the United States. It operates through Transmission, Power & Gulf, Northeast G&P, West, and Gas & NGL Marketing Services segments. The Transmission, Power & Gulf segment comprises Transco, NWP, and Mountain West interstate natural gas pipelines, and their related natural gas stor"
WMT,2026-10-10,883.4,40.3,34.5,9.0,0.92,5.9,-9.1,24.8,3.5,22.3,0.58,1.8,126.78,buy,40.0,2026-11-19,2026-07-31,2100000.0,"Walmart Inc. engages in the operation of retail and wholesale stores and clubs, ecommerce websites, and mobile applications worldwide. The company operates through three segments: Walmart U.S., Walmart International, and Sam's Club U.S. It operates supercenters, supermarkets, warehouse clubs, cash and carry stores, and discount stores under Walmart and Walmart Neighborhood Market brands; membershi"
WRB,2026-10-10,26.7,14.8,14.7,2.88,0.57,1.2,15.0,43.8,16.4,20.2,0.27,6.6,69.0,hold,17.0,2026-10-19,2026-06-30,8804.0,"W. R. Berkley Corporation, an insurance holding company, operates as a commercial line writer worldwide. The company operates through Insurance and Reinsurance & Monoline Excess segments. The Insurance segment underwrites commercial insurance business, including excess and surplus lines, admitted lines, and specialty personal lines. This segment also provides accident and health insurance and rein"
WSM,2026-10-10,28.5,24.8,23.0,15.23,1.27,6.7,42.0,45.7,17.3,55.0,1.47,4.9,247.85,buy,20.0,2026-11-18,2026-08-02,19800.0,"Williams-Sonoma, Inc. operates as an omni-channel specialty retailer of various products for home the United States and internationally. The company provides cooking, dining, and entertaining products, such as cookware, tools, electrics, cutlery, tabletop and bar, outdoor, furniture, and a library of cookbooks. It offers home furnishings, home decor products and accessories, bedding, lighting, rug"
WST,2026-10-10,25.8,46.9,36.7,8.62,24.0,13.8,18.1,36.8,22.5,19.1,1.12,4.0,412.25,strong_buy,16.0,2026-10-29,2026-06-30,10800.0,"West Pharmaceutical Services, Inc. designs, manufactures, and sells containment and delivery systems for injectable drugs and healthcare products in the Americas, Europe, the Middle East, Africa, and the Asia Pacific. It operates in two segments, Proprietary Products and Contract-Manufactured Products. The Proprietary Products segment offers stoppers and seals for injectable packaging systems; syr"
WTW,2026-10-10,27.5,18.4,13.0,3.58,1.29,9.1,-26.8,42.5,17.6,19.8,0.47,3.0,374.84,buy,19.0,2026-10-29,2026-06-30,48100.0,"Willis Towers Watson Public Limited Company operates as an advisory, broking, and solutions company worldwide. The company operates through two segments: Health, Wealth & Career and Risk & Broking. It offers strategy and design consulting, plan management service and support, broking and administration services for health, wellbeing, and other group benefit programs, including medical, dental, dis"
WY,2026-10-10,13.8,29.4,29.9,1.46,4.52,-0.9,87.1,14.5,8.0,5.0,0.93,4.5,29.91,buy,11.0,2026-10-29,2026-06-30,9500.0,"Weyerhaeuser Company, one of the world's largest private owners of timberlands, began operations in 1900 and today owns or controls more than 10 million acres of timberlands in the U.S., as well as additional public timberlands managed under long-term licenses in Canada. Weyerhaeuser has been a global leader in sustainability for more than a century and manages 100 percent of its timberlands on a "
WYNN,2026-10-10,7.7,18.0,14.7,-45.19,1.33,6.9,106.1,68.3,16.5,,0.95,10.2,131.35,strong_buy,20.0,2026-11-05,2026-06-30,28500.0,"Wynn Resorts, Limited designs, develops, and operates integrated resorts. It operates in four segments: Wynn Palace, Wynn Macau, Las Vegas Operations, and Encore Boston Harbor. The Wynn Palace segment operates casino space, private gaming salons, and sky casinos; a luxury hotel tower with suites and villas, as well as a health club, spa, salon, and pool; food and beverage outlets; retail space; me"
XEL,2026-10-10,46.1,20.2,16.3,1.91,3.27,-5.1,24.0,46.8,22.7,9.9,0.37,7.5,90.61,strong_buy,18.0,2026-10-29,2026-06-30,11534.0,"Xcel Energy Inc., through its subsidiaries, operates as an electric and natural gas delivery company in the United States. It operates through Regulated Electric Utility and Regulated Natural Gas Utility segments. The company generates, purchases, transmits, distributes, and sells electricity through its energy portfolio, including wind, nuclear, hydroelectric, biomass, and solar power from both o"
XLB,2026-10-10,,23.1,,0.62,1.77,,,,,,,,,,,,,,"In seeking to track the performance of the index, the fund employs a replication strategy. It generally invests substantially all, but at least 95%, of its total assets in the securities comprising the index. The index includes securities of companies from the following industries: chemicals; metals and mining; paper and forest products; containers and packaging; and construction materials. The fu"
XLC,2026-10-10,,15.2,,,1.24,,,,,,,,,,,,,,"Normally, the fund generally invests substantially all, but at least 95%, of its total assets in the securities comprising the index. The index includes companies that have been identified as Communication Services companies by the GICS®, including securities of companies from the following industries: diversified telecommunication services; wireless telecommunication services; media; entertainmen"
XLE,2026-10-10,,18.1,,1.25,2.48,,,,,,,,,,,,,,"In seeking to track the performance of the index, the fund employs a replication strategy. It generally invests substantially all, but at least 95%, of its total assets in the securities comprising the index. The index includes companies that have been identified as Energy companies by the GICS®, including securities of companies from the following industries: oil, gas and consumable fuels; and en"
XLF,2026-10-10,,15.5,,1.61,1.55,,,,,,,,,,,,,,"The fund generally invests substantially all, but at least 95%, of its total assets in the securities comprising the index. The index includes companies that have been identified as Financial companies by the Global Industry Classification Standard, including securities of companies from the following industries: financial services; insurance; banks; capital markets; mortgage real estate investmen"
XLI,2026-10-10,,27.5,,1.72,1.13,,,,,,,,,,,,,,"Under normal market conditions, the fund generally invests substantially all, but at least 95%, of its total assets in the securities comprising the index. The index includes companies that have been identified as Industrial companies by the Global Industry Classification Standard, including securities of companies from the following industries: aerospace and defense; industrial conglomerates; mar"
XLK,2026-10-10,,35.2,,1.33,0.43,,,,,,,,,,,,,,"In seeking to track the performance of the index, the fund employs a replication strategy, which means that the fund typically invests in substantially all of the securities represented in the index in approximately the same proportions as the index. It generally invests substantially all, but at least 95%, of its total assets in the securities comprising the index. The fund is non-diversified."
XLP,2026-10-10,,24.7,,1.22,2.73,,,,,,,,,,,,,,"In seeking to track the performance of the index, the fund employs a replication strategy. It generally invests substantially all, but at least 95%, of its total assets in the securities comprising the index. The index includes companies that have been identified as Consumer Staples companies by the GICS®. It is non-diversified."
XLRE,2026-10-10,,29.7,,,3.53,,,,,,,,,,,,,,"Under normal market conditions, the fund generally invests substantially all, but at least 95%, of its total assets in the securities comprising the index. The index includes companies that have been identified as Real Estate companies by the Global Industry Classification Standard (GICS®). The fund is non-diversified."
XLU,2026-10-10,,18.6,,0.65,3.07,,,,,,,,,,,,,,"In seeking to track the performance of the index, the fund employs a replication strategy. It generally invests substantially all, but at least 95%, of its total assets in the securities comprising the index. The index includes securities of companies from the following industries: electric utilities; water utilities; multi-utilities; independent power and renewable electricity producers; and gas "
XLV,2026-10-10,,30.5,,1.34,1.52,,,,,,,,,,,,,,"In seeking to track the performance of the index, the fund employs a replication strategy. It generally invests substantially all, but at least 95%, of its total assets in the securities comprising the index. The index includes companies from the following industries: pharmaceuticals; health care equipment & supplies; health care providers & services; biotechnology; life sciences tools & services;"
XLY,2026-10-10,,24.7,,0.67,0.86,,,,,,,,,,,,,,"The Advisor employs a replication strategy. The fund generally invests substantially all, but at least 95%, of its total assets in the securities comprising the index. The index includes companies that have been identified as Consumer Discretionary companies by the Global Industry Classification Standard (GICS®). It is non-diversified."
XOM,2026-10-10,694.7,21.7,14.8,2.68,2.51,44.1,112.8,29.8,15.9,12.6,0.21,1.1,173.64,buy,22.0,2026-10-30,2026-06-30,57900.0,"ExxonMobil Holdings Corporation engages in the exploration and production of crude oil and natural gas in the United States, Canada, and internationally. The company operates through Upstream, Energy Products, Chemical Products, and Specialty Products segments. Its Upstream segment explores for and produces crude oil and natural gas. The Energy Products segment offers fuels, aromatics, and catalys"
XYL,2026-10-10,24.0,24.5,16.5,2.3,1.69,1.5,19.5,39.2,17.0,9.2,0.99,6.0,151.31,buy,16.0,2026-10-27,2026-06-30,22000.0,"Xylem Inc., together with its subsidiaries, engages in the design, manufacture, and servicing of engineered products and solutions for utility, industrial, and residential and commercial building services settings worldwide. It operates through Water Infrastructure; Applied Water; Measurement and Control Solutions; and Water Solutions and Services segments. The company offers water, wastewater, an"
XYZ,2026-10-10,46.4,137.9,14.9,2.1,0.0,9.3,-83.3,46.6,7.0,1.6,2.55,2.9,98.39,buy,42.0,2026-11-03,2026-06-30,10205.0,"Block, Inc., together with its subsidiaries, builds ecosystems focused on commerce and financial products and services in the United States and internationally. It operates through two segments: Square and Cash App. The Square segment offers managed payment services; software solutions; hardware products, such as registers, terminals, stands, and readers for contactless and chips; banking services"
YUM,2026-10-10,39.5,18.2,20.8,-5.49,2.1,12.2,131.6,45.3,32.8,,0.55,4.1,171.06,buy,22.0,2026-11-03,2026-06-30,49000.0,"Yum! Brands, Inc., together with its subsidiaries, develops, operates, and franchises traditional and non-traditional quick service restaurants in the United States, China, and internationally. The company operates in four segments: KFC Division, Taco Bell Division, Pizza Hut Division, and Habit Burger & Grill Division. It also operates restaurants under the KFC, Pizza Hut, Taco Bell, and Habit Bu"
ZBH,2026-10-10,17.0,21.6,9.8,1.35,1.08,4.8,33.8,69.5,18.0,6.4,0.48,5.9,107.23,buy,22.0,2026-11-04,2026-06-30,17000.0,"Zimmer Biomet Holdings, Inc., together with its subsidiaries, operates as a medical technology company worldwide. The company designs, manufactures, and markets orthopedic reconstructive products, such as knee and hip products; S.E.T. products, including sports medicine, biologics, foot and ankle, upper extremities, and trauma and CMFT products; sports medicine products for the repair of soft tiss"
ZBRA,2026-10-10,18.4,35.0,17.4,5.34,0.0,20.4,121.5,49.6,21.3,15.3,1.58,4.6,413.85,buy,15.0,2026-11-03,2026-07-04,10700.0,"Zebra Technologies Corporation, together with its subsidiaries, operates in the automatic identification and data capture solutions industry worldwide. It operates in two segments, Connected Frontline, and Asset Visibility and Automation. The company designs, manufactures, and sells printers that produce labels, wristbands, tickets, receipts, and plastic cards; dye-sublimination thermal card print"
ZTS,2026-10-10,30.9,12.3,11.4,9.54,2.9,-0.2,1.2,71.7,40.7,64.9,0.74,4.8,96.0,buy,14.0,2026-11-05,2026-06-30,14500.0,"Zoetis Inc. engages in the discovery, development, manufacture, and commercialization of medicines, vaccines, diagnostic products and services, biodevices, genetic tests, and precision animal health solutions for the animal health industry in the United States and internationally. The company commercializes products primarily across companion animals comprising dogs, cats, and horses; and species,"
